#include "lvgl.h"

const LV_ATTRIBUTE_MEM_ALIGN uint8_t ui_img_haibao_png_data[] = {
    0x08, 0x08, 0x00, 0x00, 0x08, 0x08, 0x00, 0x00, 0x08, 0x08, 0x00, 0x00, 0x08, 0x08, 0x00, 0x00,
    0x08, 0x08, 0x00, 0x00, 0x08, 0x08, 0x00, 0x00, 0x08, 0x08, 0x00, 0x00, 0x08, 0x0C, 0x08, 0x00,
    0x08, 0x0C, 0x08, 0x00, 0x08, 0x08, 0x00, 0x00, 0x08, 0x08, 0x00, 0x00, 0x08, 0x08, 0x00, 0x00,
    0x08, 0x0C, 0x08, 0x00, 0x08, 0x10, 0x08, 0x00, 0x10, 0x18, 0x08, 0x00, 0x18, 0x1C, 0x10, 0x00,
    0x21, 0x20, 0x10, 0x00, 0x21, 0x24, 0x18, 0x00, 0x21, 0x20, 0x18, 0x00, 0x18, 0x20, 0x10, 0x00,
    0x18, 0x20, 0x10, 0x00, 0x18, 0x20, 0x10, 0x00, 0x00, 0x00, 0x00, 0x00, 0x4A, 0x51, 0x4A, 0x00,
    0xEF, 0xFF, 0xFF, 0x00, 0x63, 0x61, 0x63, 0x00, 0x94, 0x9E, 0x9C, 0x00, 0x21, 0x24, 0x18, 0x00,
    0x08, 0x08, 0x00, 0x00, 0x73, 0x82, 0x7B, 0x00, 0xEF, 0xFF, 0xFF, 0x00, 0x7B, 0x8A, 0x84, 0x00,
    0x21, 0x20, 0x10, 0x00, 0x29, 0x2C, 0x21, 0x00, 0x21, 0x28, 0x18, 0x00, 0x21, 0x1C, 0x10, 0x00,
    0x21, 0x1C, 0x10, 0x07, 0x21, 0x20, 0x18, 0x28, 0x21, 0x20, 0x18, 0x54, 0x18, 0x10, 0x08, 0x7D,
    0x6B, 0x79, 0x6B, 0x9A, 0xEF, 0xFF, 0xFF, 0xB6, 0x63, 0x71, 0x6B, 0xCC, 0xA5, 0xB6, 0xB5, 0xDE,
    0x84, 0x8E, 0x8C, 0xE9, 0x08, 0x00, 0x00, 0xF1, 0x18, 0x20, 0x18, 0xF3, 0x18, 0x1C, 0x10, 0xF0,
    0x00, 0x00, 0x00, 0xE9, 0x5A, 0x61, 0x5A, 0xDE, 0x7B, 0x86, 0x84, 0xCC, 0x00, 0x00, 0x00, 0xB6,
    0x08, 0x0C, 0x00, 0x9A, 0x52, 0x55, 0x52, 0x7D, 0x6B, 0x75, 0x73, 0x54, 0x10, 0x10, 0x00, 0x28,
    0x08, 0x04, 0x00, 0x07, 0xA5, 0xB6, 0xB5, 0x00, 0xD6, 0xE7, 0xE7, 0x00, 0x73, 0x75, 0x73, 0x00,
    0x31, 0x34, 0x29, 0x00, 0x84, 0x92, 0x8C, 0x00, 0xE7, 0xFF, 0xFF, 0x00, 0x42, 0x45, 0x39, 0x00,
    0x10, 0x10, 0x00, 0x00, 0x29, 0x2C, 0x21, 0x00, 0x31, 0x30, 0x21, 0x00, 0x31, 0x34, 0x21, 0x00,
    0x42, 0x49, 0x31, 0x00, 0x5A, 0x5D, 0x42, 0x00, 0x5A, 0x65, 0x4A, 0x00, 0x4A, 0x4D, 0x39, 0x00,
    0x39, 0x3C, 0x29, 0x00, 0x29, 0x2C, 0x18, 0x00, 0x21, 0x24, 0x10, 0x00, 0x18, 0x1C, 0x10, 0x00,
    0x10, 0x18, 0x08, 0x00, 0x10, 0x18, 0x10, 0x00, 0x18, 0x18, 0x10, 0x00, 0x10, 0x18, 0x08, 0x00,
    0x10, 0x14, 0x08, 0x00, 0x10, 0x14, 0x08, 0x00, 0x10, 0x14, 0x08, 0x00, 0x10, 0x18, 0x08, 0x00,
    0x10, 0x14, 0x08, 0x00, 0x08, 0x10, 0x08, 0x00, 0x08, 0x10, 0x08, 0x00, 0x10, 0x10, 0x08, 0x00,
    0x10, 0x14, 0x08, 0x00, 0x10, 0x14, 0x08, 0x00, 0x10, 0x18, 0x08, 0x00, 0x10, 0x18, 0x08, 0x00,
    0x10, 0x18, 0x08, 0x00, 0x08, 0x08, 0x00, 0x00, 0x08, 0x08, 0x08, 0x00, 0x08, 0x08, 0x08, 0x00,
    0x08, 0x08, 0x00, 0x00, 0x08, 0x08, 0x00, 0x00, 0x08, 0x08, 0x00, 0x00, 0x08, 0x08, 0x00, 0x00,
    0x08, 0x08, 0x00, 0x00, 0x08, 0x0C, 0x08, 0x00, 0x08, 0x0C, 0x08, 0x00, 0x08, 0x0C, 0x08, 0x00,
    0x08, 0x0C, 0x08, 0x00, 0x08, 0x0C, 0x08, 0x00, 0x08, 0x10, 0x08, 0x00, 0x10, 0x14, 0x08, 0x00,
    0x18, 0x1C, 0x10, 0x00, 0x21, 0x28, 0x18, 0x00, 0x21, 0x28, 0x18, 0x00, 0x21, 0x20, 0x18, 0x00,
    0x21, 0x20, 0x18, 0x00, 0x21, 0x20, 0x18, 0x00, 0x18, 0x20, 0x10, 0x00, 0x21, 0x20, 0x10, 0x00,
    0x00, 0x00, 0x00, 0x00, 0x94, 0xAA, 0xA5, 0x00, 0xFF, 0xFF, 0xFF, 0x00, 0x42, 0x45, 0x42, 0x00,
    0x00, 0x00, 0x00, 0x00, 0x21, 0x1C, 0x08, 0x00, 0x7B, 0x82, 0x7B, 0x00, 0xEF, 0xFF, 0xFF, 0x00,
    0x7B, 0x82, 0x7B, 0x00, 0x18, 0x14, 0x08, 0x00, 0x21, 0x20, 0x18, 0x30, 0x21, 0x20, 0x18, 0x73,
    0x21, 0x24, 0x18, 0xAA, 0x29, 0x28, 0x21, 0xE0, 0x29, 0x2C, 0x21, 0xFF, 0x29, 0x28, 0x18, 0xFF,
    0x18, 0x18, 0x08, 0xFF, 0x6B, 0x75, 0x6B, 0xFF, 0xEF, 0xFF, 0xFF, 0xFF, 0x6B, 0x75, 0x6B, 0xFF,
    0xAD, 0xBE, 0xBD, 0xFF, 0x84, 0x92, 0x8C, 0xFF, 0x00, 0x00, 0x00, 0xFF, 0x18, 0x1C, 0x10, 0xFF,
    0x18, 0x1C, 0x10, 0xFF, 0x00, 0x04, 0x00, 0xFF, 0x63, 0x6D, 0x6B, 0xFF, 0x84, 0x8E, 0x8C, 0xFF,
    0x08, 0x00, 0x00, 0xFF, 0x10, 0x0C, 0x00, 0xFF, 0x4A, 0x4D, 0x4A, 0xFF, 0x63, 0x6D, 0x63, 0xFF,
    0x10, 0x10, 0x00, 0xFF, 0x31, 0x34, 0x29, 0xE0, 0x10, 0x0C, 0x00, 0xAA, 0xC6, 0xD3, 0xCE, 0x73,
    0xF7, 0xFF, 0xFF, 0x30, 0x21, 0x1C, 0x18, 0x00, 0xA5, 0xB2, 0xAD, 0x00, 0xCE, 0xE7, 0xE7, 0x00,
    0x31, 0x30, 0x29, 0x00, 0x18, 0x14, 0x08, 0x00, 0x29, 0x28, 0x18, 0x00, 0x31, 0x30, 0x21, 0x00,
    0x31, 0x30, 0x21, 0x00, 0x39, 0x3C, 0x29, 0x00, 0x39, 0x3C, 0x29, 0x00, 0x31, 0x34, 0x21, 0x00,
    0x21, 0x24, 0x10, 0x00, 0x10, 0x14, 0x00, 0x00, 0x10, 0x18, 0x08, 0x00, 0x18, 0x1C, 0x10, 0x00,
    0x18, 0x18, 0x10, 0x00, 0x10, 0x14, 0x08, 0x00, 0x10, 0x10, 0x08, 0x00, 0x10, 0x10, 0x08, 0x00,
    0x10, 0x14, 0x08, 0x00, 0x10, 0x14, 0x08, 0x00, 0x10, 0x14, 0x08, 0x00, 0x10, 0x18, 0x08, 0x00,
    0x10, 0x18, 0x08, 0x00, 0x10, 0x18, 0x08, 0x00, 0x10, 0x10, 0x08, 0x00, 0x08, 0x10, 0x08, 0x00,
    0x10, 0x10, 0x08, 0x00, 0x10, 0x10, 0x08, 0x00, 0x10, 0x14, 0x08, 0x00, 0x10, 0x14, 0x08, 0x00,
    0x10, 0x18, 0x08, 0x00, 0x10, 0x18, 0x10, 0x00, 0x08, 0x08, 0x00, 0x00, 0x08, 0x08, 0x08, 0x00,
    0x08, 0x08, 0x08, 0x00, 0x08, 0x08, 0x08, 0x00, 0x08, 0x08, 0x08, 0x00, 0x08, 0x08, 0x00, 0x00,
    0x08, 0x08, 0x00, 0x00, 0x08, 0x08, 0x00, 0x00, 0x08, 0x0C, 0x08, 0x00, 0x08, 0x0C, 0x08, 0x00,
    0x08, 0x0C, 0x08, 0x00, 0x08, 0x10, 0x08, 0x00, 0x08, 0x10, 0x08, 0x00, 0x08, 0x10, 0x08, 0x00,
    0x10, 0x14, 0x10, 0x00, 0x21, 0x20, 0x10, 0x00, 0x21, 0x28, 0x18, 0x00, 0x21, 0x24, 0x18, 0x00,
    0x21, 0x20, 0x18, 0x00, 0x21, 0x20, 0x18, 0x00, 0x21, 0x20, 0x18, 0x00, 0x21, 0x20, 0x18, 0x00,
    0x21, 0x24, 0x18, 0x00, 0x00, 0x00, 0x00, 0x00, 0x73, 0x7D, 0x73, 0x00, 0xC6, 0xDB, 0xD6, 0x00,
    0x10, 0x0C, 0x00, 0x00, 0x29, 0x2C, 0x18, 0x00, 0x18, 0x14, 0x08, 0x00, 0x6B, 0x75, 0x6B, 0x00,
    0xEF, 0xFF, 0xFF, 0x32, 0x84, 0x8E, 0x84, 0x86, 0x10, 0x10, 0x08, 0xCD, 0x21, 0x20, 0x18, 0xFF,
    0x29, 0x28, 0x18, 0xFF, 0x31, 0x30, 0x21, 0xFF, 0x31, 0x34, 0x29, 0xFF, 0x31, 0x30, 0x21, 0xFF,
    0x29, 0x28, 0x18, 0xFF, 0x18, 0x10, 0x00, 0xFF, 0x73, 0x86, 0x7B, 0xFF, 0xFF, 0xFF, 0xFF, 0xFF,
    0x6B, 0x6D, 0x63, 0xFF, 0xBD, 0xCF, 0xCE, 0xFF, 0x8C, 0x9E, 0x9C, 0xFF, 0x00, 0x00, 0x00, 0xFF,
    0x18, 0x18, 0x10, 0xFF, 0x18, 0x18, 0x10, 0xFF, 0x08, 0x04, 0x00, 0xFF, 0x52, 0x5D, 0x5A, 0xFF,
    0x73, 0x79, 0x73, 0xFF, 0x08, 0x00, 0x00, 0xFF, 0x10, 0x0C, 0x08, 0xFF, 0x8C, 0x92, 0x8C, 0xFF,
    0xBD, 0xC7, 0xC6, 0xFF, 0x29, 0x2C, 0x21, 0xFF, 0x39, 0x34, 0x29, 0xFF, 0x29, 0x24, 0x18, 0xFF,
    0x29, 0x28, 0x21, 0xFF, 0xAD, 0xBE, 0xBD, 0xFF, 0x39, 0x41, 0x39, 0xCD, 0xA5, 0xBA, 0xB5, 0x86,
    0xCE, 0xE7, 0xDE, 0x32, 0x29, 0x2C, 0x21, 0x00, 0x18, 0x14, 0x08, 0x00, 0x29, 0x28, 0x18, 0x00,
    0x31, 0x30, 0x21, 0x00, 0x31, 0x2C, 0x21, 0x00, 0x29, 0x2C, 0x21, 0x00, 0x52, 0x55, 0x42, 0x00,
    0x5A, 0x61, 0x52, 0x00, 0x42, 0x49, 0x39, 0x00, 0x4A, 0x51, 0x42, 0x00, 0x52, 0x55, 0x4A, 0x00,
    0x21, 0x24, 0x21, 0x00, 0x08, 0x10, 0x08, 0x00, 0x10, 0x10, 0x08, 0x00, 0x10, 0x10, 0x08, 0x00,
    0x08, 0x10, 0x08, 0x00, 0x08, 0x10, 0x08, 0x00, 0x10, 0x10, 0x08, 0x00, 0x10, 0x14, 0x08, 0x00,
    0x10, 0x18, 0x08, 0x00, 0x10, 0x18, 0x08, 0x00, 0x10, 0x14, 0x08, 0x00, 0x10, 0x14, 0x08, 0x00,
    0x10, 0x10, 0x08, 0x00, 0x10, 0x10, 0x08, 0x00, 0x10, 0x10, 0x08, 0x00, 0x10, 0x10, 0x08, 0x00,
    0x10, 0x14, 0x08, 0x00, 0x10, 0x14, 0x08, 0x00, 0x10, 0x18, 0x10, 0x00, 0x08, 0x08, 0x00, 0x00,
    0x08, 0x08, 0x00, 0x00, 0x08, 0x08, 0x00, 0x00, 0x08, 0x08, 0x08, 0x00, 0x08, 0x0C, 0x00, 0x00,
    0x08, 0x0C, 0x00, 0x00, 0x08, 0x08, 0x00, 0x00, 0x08, 0x08, 0x00, 0x00, 0x08, 0x0C, 0x08, 0x00,
    0x08, 0x0C, 0x08, 0x00, 0x08, 0x0C, 0x08, 0x00, 0x10, 0x10, 0x08, 0x00, 0x08, 0x10, 0x08, 0x00,
    0x08, 0x10, 0x08, 0x00, 0x10, 0x18, 0x10, 0x00, 0x21, 0x20, 0x10, 0x00, 0x21, 0x24, 0x18, 0x00,
    0x21, 0x24, 0x18, 0x00, 0x21, 0x20, 0x18, 0x00, 0x21, 0x20, 0x18, 0x00, 0x18, 0x20, 0x18, 0x00,
    0x21, 0x20, 0x18, 0x00, 0x21, 0x24, 0x18, 0x00, 0x08, 0x08, 0x00, 0x00, 0x7B, 0x86, 0x7B, 0x00,
    0xBD, 0xCB, 0xCE, 0x00, 0x10, 0x14, 0x08, 0x00, 0x29, 0x30, 0x21, 0x0E, 0x18, 0x18, 0x08, 0x67,
    0x4A, 0x51, 0x4A, 0xC4, 0xE7, 0xFF, 0xFF, 0xFF, 0xAD, 0xBA, 0xB5, 0xFF, 0x18, 0x1C, 0x10, 0xFF,
    0x21, 0x20, 0x18, 0xFF, 0x31, 0x30, 0x21, 0xFF, 0x39, 0x38, 0x29, 0xFF, 0x31, 0x34, 0x29, 0xFF,
    0x29, 0x2C, 0x21, 0xFF, 0x21, 0x20, 0x10, 0xFF, 0x21, 0x24, 0x18, 0xFF, 0xAD, 0xC3, 0xBD, 0xFF,
    0xC6, 0xDF, 0xDE, 0xFF, 0x31, 0x30, 0x29, 0xFF, 0x39, 0x41, 0x39, 0xFF, 0x31, 0x30, 0x31, 0xFF,
    0x08, 0x08, 0x00, 0xFF, 0x08, 0x08, 0x08, 0xFF, 0x08, 0x0C, 0x08, 0xFF, 0x10, 0x14, 0x10, 0xFF,
    0x18, 0x18, 0x18, 0xFF, 0x21, 0x20, 0x18, 0xFF, 0x18, 0x14, 0x10, 0xFF, 0x21, 0x20, 0x18, 0xFF,
    0x63, 0x6D, 0x63, 0xFF, 0x84, 0x8A, 0x84, 0xFF, 0x52, 0x55, 0x4A, 0xFF, 0x31, 0x34, 0x29, 0xFF,
    0x39, 0x3C, 0x29, 0xFF, 0x18, 0x18, 0x08, 0xFF, 0x21, 0x20, 0x18, 0xFF, 0x29, 0x24, 0x21, 0xFF,
    0x9C, 0xAE, 0xAD, 0xFF, 0xDE, 0xF7, 0xF7, 0xFF, 0x39, 0x38, 0x31, 0xC4, 0x18, 0x14, 0x08, 0x67,
    0x29, 0x28, 0x18, 0x0E, 0x31, 0x2C, 0x21, 0x00, 0x29, 0x2C, 0x21, 0x00, 0x21, 0x28, 0x18, 0x00,
    0x4A, 0x51, 0x42, 0x00, 0x9C, 0xAE, 0xAD, 0x00, 0xDE, 0xF7, 0xF7, 0x00, 0xBD, 0xD7, 0xD6, 0x00,
    0x63, 0x71, 0x6B, 0x00, 0x18, 0x20, 0x18, 0x00, 0x08, 0x0C, 0x00, 0x00, 0x10, 0x10, 0x08, 0x00,
    0x10, 0x0C, 0x08, 0x00, 0x10, 0x10, 0x08, 0x00, 0x10, 0x10, 0x08, 0x00, 0x10, 0x10, 0x08, 0x00,
    0x10, 0x14, 0x08, 0x00, 0x10, 0x14, 0x08, 0x00, 0x10, 0x18, 0x08, 0x00, 0x10, 0x14, 0x08, 0x00,
    0x10, 0x14, 0x08, 0x00, 0x10, 0x10, 0x08, 0x00, 0x08, 0x10, 0x08, 0x00, 0x08, 0x10, 0x08, 0x00,
    0x10, 0x14, 0x08, 0x00, 0x18, 0x18, 0x08, 0x00, 0x18, 0x18, 0x10, 0x00, 0x18, 0x18, 0x10, 0x00,
    0x08, 0x08, 0x00, 0x00, 0x08, 0x08, 0x00, 0x00, 0x08, 0x08, 0x00, 0x00, 0x08, 0x08, 0x00, 0x00,
    0x08, 0x08, 0x00, 0x00, 0x08, 0x08, 0x00, 0x00, 0x08, 0x08, 0x00, 0x00, 0x08, 0x08, 0x00, 0x00,
    0x08, 0x0C, 0x08, 0x00, 0x08, 0x0C, 0x08, 0x00, 0x10, 0x10, 0x08, 0x00, 0x10, 0x14, 0x08, 0x00,
    0x10, 0x10, 0x08, 0x00, 0x10, 0x14, 0x08, 0x00, 0x18, 0x18, 0x10, 0x00, 0x21, 0x24, 0x10, 0x00,
    0x21, 0x28, 0x18, 0x00, 0x21, 0x24, 0x18, 0x00, 0x21, 0x20, 0x18, 0x00, 0x21, 0x20, 0x18, 0x00,
    0x21, 0x20, 0x18, 0x00, 0x21, 0x24, 0x18, 0x00, 0x29, 0x2C, 0x21, 0x00, 0x00, 0x00, 0x00, 0x00,
    0x73, 0x82, 0x7B, 0x00, 0xCE, 0xE3, 0xE7, 0x16, 0x08, 0x00, 0x00, 0x80, 0x29, 0x24, 0x18, 0xE4,
    0x29, 0x24, 0x18, 0xFF, 0x21, 0x24, 0x18, 0xFF, 0xB5, 0xC7, 0xC6, 0xFF, 0xE7, 0xFF, 0xFF, 0xFF,
    0x39, 0x41, 0x39, 0xFF, 0x18, 0x14, 0x08, 0xFF, 0x31, 0x34, 0x29, 0xFF, 0x31, 0x34, 0x29, 0xFF,
    0x31, 0x30, 0x21, 0xFF, 0x29, 0x2C, 0x21, 0xFF, 0x21, 0x20, 0x18, 0xFF, 0x39, 0x38, 0x31, 0xFF,
    0x4A, 0x4D, 0x4A, 0xFF, 0x08, 0x0C, 0x08, 0xFF, 0x00, 0x00, 0x00, 0xFF, 0x00, 0x00, 0x00, 0xFF,
    0x00, 0x00, 0x00, 0xFF, 0x10, 0x10, 0x08, 0xFF, 0x08, 0x08, 0x08, 0xFF, 0x08, 0x08, 0x08, 0xFF,
    0x08, 0x0C, 0x08, 0xFF, 0x08, 0x08, 0x00, 0xFF, 0x08, 0x08, 0x00, 0xFF, 0x21, 0x1C, 0x18, 0xFF,
    0x21, 0x20, 0x18, 0xFF, 0x00, 0x00, 0x00, 0xFF, 0x00, 0x00, 0x00, 0xFF, 0x18, 0x20, 0x10, 0xFF,
    0x29, 0x28, 0x21, 0xFF, 0x21, 0x24, 0x18, 0xFF, 0x29, 0x28, 0x18, 0xFF, 0x18, 0x18, 0x08, 0xFF,
    0x08, 0x08, 0x00, 0xFF, 0x6B, 0x79, 0x73, 0xFF, 0xF7, 0xFF, 0xFF, 0xFF, 0x63, 0x71, 0x6B, 0xFF,
    0x08, 0x00, 0x00, 0xFF, 0x29, 0x2C, 0x18, 0xE4, 0x29, 0x2C, 0x21, 0x80, 0x29, 0x28, 0x18, 0x16,
    0x21, 0x24, 0x18, 0x00, 0x08, 0x08, 0x00, 0x00, 0x42, 0x4D, 0x42, 0x00, 0xF7, 0xFF, 0xFF, 0x00,
    0x8C, 0x9E, 0x9C, 0x00, 0x00, 0x00, 0x00, 0x00, 0x08, 0x0C, 0x00, 0x00, 0x10, 0x14, 0x08, 0x00,
    0x10, 0x10, 0x08, 0x00, 0x10, 0x10, 0x08, 0x00, 0x10, 0x10, 0x08, 0x00, 0x10, 0x10, 0x08, 0x00,
    0x08, 0x10, 0x08, 0x00, 0x10, 0x14, 0x08, 0x00, 0x10, 0x14, 0x08, 0x00, 0x10, 0x10, 0x08, 0x00,
    0x10, 0x10, 0x08, 0x00, 0x10, 0x10, 0x08, 0x00, 0x08, 0x10, 0x08, 0x00, 0x08, 0x0C, 0x08, 0x00,
    0x08, 0x10, 0x08, 0x00, 0x10, 0x14, 0x10, 0x00, 0x18, 0x18, 0x10, 0x00, 0x18, 0x18, 0x10, 0x00,
    0x18, 0x1C, 0x10, 0x00, 0x08, 0x08, 0x00, 0x00, 0x08, 0x08, 0x00, 0x00, 0x08, 0x08, 0x00, 0x00,
    0x08, 0x08, 0x00, 0x00, 0x08, 0x0C, 0x08, 0x00, 0x08, 0x08, 0x00, 0x00, 0x08, 0x08, 0x00, 0x00,
    0x08, 0x08, 0x00, 0x00, 0x08, 0x0C, 0x08, 0x00, 0x08, 0x0C, 0x08, 0x00, 0x10, 0x14, 0x08, 0x00,
    0x10, 0x14, 0x08, 0x00, 0x10, 0x10, 0x08, 0x00, 0x10, 0x14, 0x08, 0x00, 0x18, 0x18, 0x10, 0x00,
    0x21, 0x24, 0x18, 0x00, 0x21, 0x28, 0x18, 0x00, 0x21, 0x28, 0x18, 0x00, 0x21, 0x24, 0x18, 0x00,
    0x21, 0x24, 0x18, 0x00, 0x21, 0x20, 0x18, 0x00, 0x21, 0x24, 0x18, 0x00, 0x18, 0x20, 0x10, 0x00,
    0x39, 0x41, 0x39, 0x06, 0xBD, 0xCF, 0xCE, 0x7A, 0xF7, 0xFF, 0xFF, 0xEE, 0x73, 0x75, 0x73, 0xFF,
    0x21, 0x24, 0x18, 0xFF, 0x21, 0x20, 0x10, 0xFF, 0x18, 0x18, 0x08, 0xFF, 0x52, 0x5D, 0x52, 0xFF,
    0xEF, 0xFF, 0xFF, 0xFF, 0xA5, 0xBA, 0xB5, 0xFF, 0x18, 0x18, 0x08, 0xFF, 0x18, 0x18, 0x08, 0xFF,
    0x31, 0x30, 0x21, 0xFF, 0x31, 0x30, 0x21, 0xFF, 0x21, 0x20, 0x18, 0xFF, 0x21, 0x1C, 0x18, 0xFF,
    0x10, 0x14, 0x10, 0xFF, 0x00, 0x00, 0x00, 0xFF, 0x00, 0x00, 0x00, 0xFF, 0x10, 0x10, 0x08, 0xFF,
    0x08, 0x0C, 0x08, 0xFF, 0x00, 0x00, 0x00, 0xFF, 0x00, 0x04, 0x00, 0xFF, 0x10, 0x0C, 0x08, 0xFF,
    0x10, 0x10, 0x10, 0xFF, 0x10, 0x0C, 0x08, 0xFF, 0x08, 0x0C, 0x08, 0xFF, 0x08, 0x08, 0x08, 0xFF,
    0x08, 0x0C, 0x08, 0xFF, 0x18, 0x14, 0x10, 0xFF, 0x18, 0x18, 0x10, 0xFF, 0x18, 0x1C, 0x10, 0xFF,
    0x18, 0x1C, 0x18, 0xFF, 0x18, 0x14, 0x10, 0xFF, 0x10, 0x10, 0x08, 0xFF, 0x18, 0x1C, 0x10, 0xFF,
    0x21, 0x24, 0x18, 0xFF, 0x18, 0x18, 0x10, 0xFF, 0x21, 0x28, 0x21, 0xFF, 0xCE, 0xE7, 0xE7, 0xFF,
    0xD6, 0xEB, 0xE7, 0xFF, 0x21, 0x20, 0x18, 0xFF, 0x10, 0x10, 0x00, 0xFF, 0x29, 0x24, 0x18, 0xFF,
    0x21, 0x24, 0x18, 0xEE, 0x21, 0x20, 0x18, 0x7A, 0x08, 0x04, 0x00, 0x06, 0x21, 0x28, 0x18, 0x00,
    0xD6, 0xEB, 0xEF, 0x00, 0x73, 0x7D, 0x7B, 0x00, 0x00, 0x00, 0x00, 0x00, 0x10, 0x10, 0x08, 0x00,
    0x10, 0x14, 0x08, 0x00, 0x10, 0x10, 0x08, 0x00, 0x10, 0x10, 0x08, 0x00, 0x10, 0x10, 0x08, 0x00,
    0x10, 0x10, 0x08, 0x00, 0x10, 0x14, 0x08, 0x00, 0x10, 0x14, 0x08, 0x00, 0x10, 0x14, 0x10, 0x00,
    0x10, 0x14, 0x10, 0x00, 0x10, 0x14, 0x08, 0x00, 0x10, 0x10, 0x08, 0x00, 0x08, 0x0C, 0x08, 0x00,
    0x08, 0x0C, 0x08, 0x00, 0x10, 0x10, 0x08, 0x00, 0x10, 0x18, 0x10, 0x00, 0x18, 0x18, 0x08, 0x00,
    0x10, 0x18, 0x08, 0x00, 0x10, 0x18, 0x08, 0x00, 0x08, 0x08, 0x00, 0x00, 0x08, 0x08, 0x00, 0x00,
    0x08, 0x08, 0x00, 0x00, 0x08, 0x08, 0x00, 0x00, 0x08, 0x0C, 0x08, 0x00, 0x08, 0x08, 0x00, 0x00,
    0x08, 0x08, 0x00, 0x00, 0x08, 0x08, 0x00, 0x00, 0x08, 0x0C, 0x08, 0x00, 0x08, 0x10, 0x08, 0x00,
    0x10, 0x10, 0x08, 0x00, 0x10, 0x10, 0x08, 0x00, 0x08, 0x10, 0x08, 0x00, 0x08, 0x10, 0x08, 0x00,
    0x18, 0x18, 0x10, 0x00, 0x21, 0x20, 0x18, 0x00, 0x21, 0x24, 0x18, 0x00, 0x29, 0x2C, 0x18, 0x00,
    0x29, 0x2C, 0x18, 0x00, 0x21, 0x28, 0x18, 0x00, 0x21, 0x24, 0x18, 0x00, 0x21, 0x20, 0x18, 0x00,
    0x18, 0x1C, 0x10, 0x54, 0x52, 0x55, 0x4A, 0xDA, 0x5A, 0x5D, 0x5A, 0xFF, 0x4A, 0x51, 0x4A, 0xFF,
    0x63, 0x65, 0x5A, 0xFF, 0x29, 0x30, 0x21, 0xFF, 0x21, 0x28, 0x18, 0xFF, 0x29, 0x2C, 0x21, 0xFF,
    0x18, 0x1C, 0x10, 0xFF, 0x6B, 0x79, 0x73, 0xFF, 0xE7, 0xFB, 0xF7, 0xFF, 0xA5, 0xB2, 0xAD, 0xFF,
    0x4A, 0x51, 0x4A, 0xFF, 0x29, 0x2C, 0x21, 0xFF, 0x10, 0x14, 0x08, 0xFF, 0x08, 0x08, 0x08, 0xFF,
    0x08, 0x08, 0x08, 0xFF, 0x08, 0x08, 0x08, 0xFF, 0x10, 0x10, 0x08, 0xFF, 0x10, 0x10, 0x08, 0xFF,
    0x10, 0x10, 0x08, 0xFF, 0x18, 0x18, 0x10, 0xFF, 0x10, 0x10, 0x10, 0xFF, 0x08, 0x0C, 0x08, 0xFF,
    0x10, 0x0C, 0x08, 0xFF, 0x08, 0x0C, 0x08, 0xFF, 0x10, 0x10, 0x08, 0xFF, 0x10, 0x14, 0x10, 0xFF,
    0x10, 0x14, 0x10, 0xFF, 0x10, 0x10, 0x08, 0xFF, 0x10, 0x10, 0x08, 0xFF, 0x10, 0x10, 0x10, 0xFF,
    0x18, 0x1C, 0x18, 0xFF, 0x21, 0x1C, 0x10, 0xFF, 0x31, 0x30, 0x21, 0xFF, 0x29, 0x24, 0x18, 0xFF,
    0x21, 0x1C, 0x10, 0xFF, 0x21, 0x24, 0x18, 0xFF, 0x21, 0x24, 0x18, 0xFF, 0x10, 0x0C, 0x00, 0xFF,
    0x42, 0x4D, 0x42, 0xFF, 0xE7, 0xFF, 0xFF, 0xFF, 0xC6, 0xD7, 0xD6, 0xFF, 0x31, 0x3C, 0x31, 0xFF,
    0x10, 0x0C, 0x00, 0xFF, 0x10, 0x0C, 0x00, 0xFF, 0x08, 0x0C, 0x00, 0xFF, 0x00, 0x00, 0x00, 0xDA,
    0x39, 0x45, 0x42, 0x54, 0xEF, 0xFF, 0xFF, 0x00, 0x7B, 0x86, 0x84, 0x00, 0x00, 0x00, 0x00, 0x00,
    0x10, 0x10, 0x08, 0x00, 0x10, 0x14, 0x08, 0x00, 0x10, 0x10, 0x08, 0x00, 0x10, 0x14, 0x08, 0x00,
    0x10, 0x14, 0x08, 0x00, 0x10, 0x14, 0x10, 0x00, 0x18, 0x1C, 0x10, 0x00, 0x21, 0x20, 0x10, 0x00,
    0x21, 0x24, 0x10, 0x00, 0x21, 0x24, 0x10, 0x00, 0x21, 0x20, 0x10, 0x00, 0x10, 0x14, 0x08, 0x00,
    0x08, 0x0C, 0x08, 0x00, 0x08, 0x0C, 0x08, 0x00, 0x10, 0x10, 0x08, 0x00, 0x10, 0x14, 0x10, 0x00,
    0x10, 0x14, 0x08, 0x00, 0x10, 0x14, 0x08, 0x00, 0x10, 0x14, 0x08, 0x00, 0x08, 0x08, 0x00, 0x00,
    0x08, 0x08, 0x00, 0x00, 0x08, 0x08, 0x00, 0x00, 0x08, 0x0C, 0x08, 0x00, 0x08, 0x0C, 0x08, 0x00,
    0x08, 0x0C, 0x08, 0x00, 0x08, 0x0C, 0x08, 0x00, 0x08, 0x0C, 0x08, 0x00, 0x08, 0x0C, 0x08, 0x00,
    0x08, 0x0C, 0x08, 0x00, 0x08, 0x0C, 0x08, 0x00, 0x08, 0x10, 0x08, 0x00, 0x08, 0x0C, 0x08, 0x00,
    0x08, 0x0C, 0x08, 0x00, 0x18, 0x18, 0x10, 0x00, 0x21, 0x20, 0x10, 0x00, 0x21, 0x24, 0x18, 0x00,
    0x29, 0x2C, 0x18, 0x00, 0x29, 0x2C, 0x21, 0x00, 0x21, 0x28, 0x18, 0x00, 0x21, 0x20, 0x18, 0x21,
    0x21, 0x24, 0x18, 0xB4, 0x21, 0x24, 0x18, 0xFF, 0x10, 0x10, 0x08, 0xFF, 0x08, 0x04, 0x00, 0xFF,
    0x08, 0x08, 0x00, 0xFF, 0x10, 0x0C, 0x00, 0xFF, 0x29, 0x28, 0x18, 0xFF, 0x31, 0x34, 0x29, 0xFF,
    0x31, 0x34, 0x29, 0xFF, 0x31, 0x2C, 0x21, 0xFF, 0x18, 0x18, 0x08, 0xFF, 0x5A, 0x61, 0x5A, 0xFF,
    0xC6, 0xDB, 0xD6, 0xFF, 0x73, 0x82, 0x7B, 0xFF, 0x00, 0x04, 0x00, 0xFF, 0x00, 0x00, 0x00, 0xFF,
    0x00, 0x08, 0x00, 0xFF, 0x00, 0x08, 0x00, 0xFF, 0x08, 0x08, 0x00, 0xFF, 0x10, 0x0C, 0x08, 0xFF,
    0x10, 0x0C, 0x08, 0xFF, 0x10, 0x14, 0x10, 0xFF, 0x10, 0x14, 0x10, 0xFF, 0x10, 0x10, 0x08, 0xFF,
    0x08, 0x0C, 0x08, 0xFF, 0x08, 0x08, 0x08, 0xFF, 0x08, 0x0C, 0x08, 0xFF, 0x10, 0x0C, 0x08, 0xFF,
    0x10, 0x10, 0x08, 0xFF, 0x18, 0x14, 0x10, 0xFF, 0x18, 0x18, 0x10, 0xFF, 0x21, 0x24, 0x18, 0xFF,
    0x21, 0x20, 0x18, 0xFF, 0x31, 0x2C, 0x21, 0xFF, 0x29, 0x28, 0x21, 0xFF, 0x29, 0x28, 0x18, 0xFF,
    0x39, 0x38, 0x29, 0xFF, 0x31, 0x34, 0x29, 0xFF, 0x29, 0x2C, 0x21, 0xFF, 0x29, 0x28, 0x18, 0xFF,
    0x21, 0x20, 0x18, 0xFF, 0x08, 0x08, 0x00, 0xFF, 0x42, 0x4D, 0x42, 0xFF, 0xC6, 0xD7, 0xD6, 0xFF,
    0xCE, 0xDB, 0xD6, 0xFF, 0x7B, 0x92, 0x8C, 0xFF, 0x63, 0x69, 0x63, 0xFF, 0x5A, 0x65, 0x5A, 0xFF,
    0x73, 0x82, 0x7B, 0xFF, 0xB5, 0xCB, 0xC6, 0xFF, 0xB5, 0xC7, 0xC6, 0xB4, 0x39, 0x45, 0x39, 0x21,
    0x08, 0x10, 0x00, 0x00, 0x18, 0x18, 0x08, 0x00, 0x10, 0x14, 0x08, 0x00, 0x10, 0x14, 0x08, 0x00,
    0x18, 0x18, 0x10, 0x00, 0x18, 0x1C, 0x10, 0x00, 0x21, 0x24, 0x10, 0x00, 0x21, 0x28, 0x18, 0x00,
    0x31, 0x30, 0x21, 0x00, 0x31, 0x34, 0x21, 0x00, 0x29, 0x30, 0x21, 0x00, 0x29, 0x30, 0x21, 0x00,
    0x21, 0x24, 0x18, 0x00, 0x10, 0x14, 0x08, 0x00, 0x08, 0x0C, 0x08, 0x00, 0x08, 0x10, 0x08, 0x00,
    0x10, 0x14, 0x08, 0x00, 0x10, 0x14, 0x08, 0x00, 0x10, 0x10, 0x08, 0x00, 0x10, 0x14, 0x08, 0x00,
    0x08, 0x08, 0x00, 0x00, 0x08, 0x08, 0x00, 0x00, 0x08, 0x08, 0x00, 0x00, 0x08, 0x0C, 0x08, 0x00,
    0x08, 0x0C, 0x08, 0x00, 0x08, 0x0C, 0x08, 0x00, 0x08, 0x0C, 0x08, 0x00, 0x08, 0x0C, 0x08, 0x00,
    0x08, 0x0C, 0x08, 0x00, 0x08, 0x0C, 0x08, 0x00, 0x08, 0x0C, 0x08, 0x00, 0x08, 0x0C, 0x08, 0x00,
    0x08, 0x0C, 0x08, 0x00, 0x10, 0x10, 0x08, 0x00, 0x18, 0x18, 0x10, 0x00, 0x21, 0x20, 0x18, 0x00,
    0x21, 0x28, 0x18, 0x00, 0x29, 0x2C, 0x18, 0x00, 0x29, 0x30, 0x21, 0x00, 0x29, 0x2C, 0x18, 0x61,
    0x21, 0x24, 0x18, 0xF0, 0x21, 0x24, 0x18, 0xFF, 0x21, 0x20, 0x18, 0xFF, 0x21, 0x20, 0x18, 0xFF,
    0x21, 0x20, 0x18, 0xFF, 0x21, 0x20, 0x18, 0xFF, 0x29, 0x2C, 0x21, 0xFF, 0x31, 0x30, 0x21, 0xFF,
    0x31, 0x30, 0x21, 0xFF, 0x31, 0x34, 0x29, 0xFF, 0x29, 0x2C, 0x21, 0xFF, 0x29, 0x28, 0x18, 0xFF,
    0x21, 0x20, 0x10, 0xFF, 0x18, 0x20, 0x18, 0xFF, 0x00, 0x04, 0x00, 0xFF, 0x00, 0x00, 0x00, 0xFF,
    0x08, 0x08, 0x08, 0xFF, 0x10, 0x0C, 0x08, 0xFF, 0x10, 0x0C, 0x08, 0xFF, 0x10, 0x10, 0x08, 0xFF,
    0x10, 0x14, 0x10, 0xFF, 0x18, 0x18, 0x10, 0xFF, 0x18, 0x18, 0x10, 0xFF, 0x08, 0x0C, 0x08, 0xFF,
    0x00, 0x00, 0x00, 0xFF, 0x00, 0x04, 0x00, 0xFF, 0x00, 0x04, 0x00, 0xFF, 0x08, 0x08, 0x08, 0xFF,
    0x10, 0x10, 0x10, 0xFF, 0x10, 0x14, 0x10, 0xFF, 0x18, 0x18, 0x10, 0xFF, 0x18, 0x1C, 0x10, 0xFF,
    0x21, 0x24, 0x18, 0xFF, 0x31, 0x30, 0x21, 0xFF, 0x39, 0x34, 0x29, 0xFF, 0x42, 0x41, 0x31, 0xFF,
    0x39, 0x34, 0x29, 0xFF, 0x29, 0x2C, 0x21, 0xFF, 0x39, 0x38, 0x29, 0xFF, 0x39, 0x38, 0x29, 0xFF,
    0x42, 0x41, 0x31, 0xFF, 0x31, 0x30, 0x29, 0xFF, 0x21, 0x1C, 0x10, 0xFF, 0x10, 0x10, 0x00, 0xFF,
    0x21, 0x24, 0x18, 0xFF, 0x5A, 0x65, 0x5A, 0xFF, 0x7B, 0x8A, 0x84, 0xFF, 0x84, 0x8E, 0x8C, 0xFF,
    0x84, 0x8E, 0x8C, 0xFF, 0x84, 0x8E, 0x84, 0xFF, 0x63, 0x69, 0x63, 0xFF, 0x21, 0x24, 0x18, 0xFF,
    0x18, 0x1C, 0x10, 0xF0, 0x21, 0x24, 0x18, 0x61, 0x18, 0x20, 0x10, 0x00, 0x18, 0x1C, 0x10, 0x00,
    0x18, 0x1C, 0x10, 0x00, 0x21, 0x20, 0x10, 0x00, 0x21, 0x28, 0x18, 0x00, 0x29, 0x30, 0x18, 0x00,
    0x42, 0x45, 0x31, 0x00, 0x52, 0x59, 0x42, 0x00, 0x4A, 0x51, 0x39, 0x00, 0x39, 0x45, 0x29, 0x00,
    0x31, 0x34, 0x21, 0x00, 0x29, 0x30, 0x21, 0x00, 0x18, 0x1C, 0x10, 0x00, 0x08, 0x0C, 0x08, 0x00,
    0x08, 0x08, 0x08, 0x00, 0x08, 0x10, 0x08, 0x00, 0x10, 0x14, 0x08, 0x00, 0x10, 0x14, 0x08, 0x00,
    0x18, 0x18, 0x10, 0x00, 0x08, 0x08, 0x00, 0x00, 0x08, 0x08, 0x00, 0x00, 0x08, 0x0C, 0x08, 0x00,
    0x08, 0x0C, 0x08, 0x00, 0x10, 0x10, 0x08, 0x00, 0x08, 0x10, 0x08, 0x00, 0x08, 0x10, 0x08, 0x00,
    0x08, 0x0C, 0x08, 0x00, 0x08, 0x0C, 0x08, 0x00, 0x08, 0x08, 0x00, 0x00, 0x08, 0x08, 0x00, 0x00,
    0x08, 0x0C, 0x08, 0x00, 0x08, 0x10, 0x08, 0x00, 0x10, 0x14, 0x08, 0x00, 0x18, 0x18, 0x10, 0x00,
    0x21, 0x20, 0x18, 0x00, 0x29, 0x2C, 0x18, 0x00, 0x29, 0x30, 0x21, 0x04, 0x29, 0x30, 0x21, 0x99,
    0x29, 0x30, 0x21, 0xFF, 0x29, 0x28, 0x18, 0xFF, 0x21, 0x28, 0x18, 0xFF, 0x21, 0x24, 0x18, 0xFF,
    0x21, 0x20, 0x18, 0xFF, 0x21, 0x20, 0x18, 0xFF, 0x21, 0x20, 0x18, 0xFF, 0x21, 0x28, 0x18, 0xFF,
    0x29, 0x2C, 0x21, 0xFF, 0x31, 0x30, 0x21, 0xFF, 0x31, 0x30, 0x21, 0xFF, 0x31, 0x30, 0x21, 0xFF,
    0x29, 0x2C, 0x21, 0xFF, 0x18, 0x14, 0x10, 0xFF, 0x00, 0x00, 0x00, 0xFF, 0x00, 0x00, 0x00, 0xFF,
    0x08, 0x0C, 0x08, 0xFF, 0x08, 0x0C, 0x08, 0xFF, 0x10, 0x10, 0x08, 0xFF, 0x18, 0x14, 0x10, 0xFF,
    0x10, 0x14, 0x08, 0xFF, 0x18, 0x14, 0x10, 0xFF, 0x18, 0x18, 0x10, 0xFF, 0x08, 0x0C, 0x08, 0xFF,
    0x08, 0x08, 0x00, 0xFF, 0x00, 0x00, 0x00, 0xFF, 0x00, 0x00, 0x00, 0xFF, 0x00, 0x04, 0x00, 0xFF,
    0x08, 0x08, 0x00, 0xFF, 0x10, 0x0C, 0x08, 0xFF, 0x18, 0x18, 0x10, 0xFF, 0x21, 0x24, 0x18, 0xFF,
    0x29, 0x28, 0x21, 0xFF, 0x29, 0x2C, 0x29, 0xFF, 0x31, 0x3C, 0x39, 0xFF, 0x29, 0x30, 0x31, 0xFF,
    0x29, 0x2C, 0x29, 0xFF, 0x42, 0x41, 0x39, 0xFF, 0x29, 0x24, 0x21, 0xFF, 0x21, 0x1C, 0x10, 0xFF,
    0x31, 0x30, 0x21, 0xFF, 0x39, 0x38, 0x29, 0xFF, 0x29, 0x2C, 0x21, 0xFF, 0x21, 0x24, 0x18, 0xFF,
    0x29, 0x24, 0x18, 0xFF, 0x21, 0x20, 0x10, 0xFF, 0x10, 0x14, 0x08, 0xFF, 0x18, 0x14, 0x08, 0xFF,
    0x21, 0x20, 0x10, 0xFF, 0x21, 0x20, 0x10, 0xFF, 0x18, 0x18, 0x10, 0xFF, 0x18, 0x18, 0x08, 0xFF,
    0x21, 0x20, 0x10, 0xFF, 0x29, 0x2C, 0x21, 0xFF, 0x29, 0x28, 0x18, 0xFF, 0x21, 0x20, 0x18, 0x99,
    0x21, 0x20, 0x18, 0x04, 0x21, 0x20, 0x18, 0x00, 0x21, 0x24, 0x18, 0x00, 0x39, 0x3C, 0x29, 0x00,
    0x4A, 0x51, 0x39, 0x00, 0x5A, 0x69, 0x52, 0x00, 0x6B, 0x75, 0x5A, 0x00, 0x5A, 0x65, 0x4A, 0x00,
    0x52, 0x59, 0x42, 0x00, 0x39, 0x41, 0x29, 0x00, 0x31, 0x34, 0x21, 0x00, 0x21, 0x24, 0x18, 0x00,
    0x08, 0x10, 0x08, 0x00, 0x08, 0x0C, 0x00, 0x00, 0x08, 0x0C, 0x08, 0x00, 0x10, 0x14, 0x10, 0x00,
    0x18, 0x1C, 0x10, 0x00, 0x18, 0x20, 0x10, 0x00, 0x08, 0x08, 0x00, 0x00, 0x08, 0x08, 0x00, 0x00,
    0x08, 0x0C, 0x08, 0x00, 0x08, 0x0C, 0x08, 0x00, 0x08, 0x10, 0x08, 0x00, 0x10, 0x10, 0x08, 0x00,
    0x08, 0x10, 0x08, 0x00, 0x08, 0x10, 0x08, 0x00, 0x08, 0x0C, 0x08, 0x00, 0x08, 0x0C, 0x08, 0x00,
    0x08, 0x0C, 0x08, 0x00, 0x08, 0x0C, 0x08, 0x00, 0x08, 0x10, 0x08, 0x00, 0x10, 0x14, 0x08, 0x00,
    0x18, 0x1C, 0x10, 0x00, 0x21, 0x20, 0x18, 0x00, 0x29, 0x28, 0x18, 0x1D, 0x29, 0x30, 0x21, 0xC7,
    0x29, 0x30, 0x21, 0xFF, 0x29, 0x30, 0x21, 0xFF, 0x29, 0x2C, 0x21, 0xFF, 0x21, 0x28, 0x18, 0xFF,
    0x21, 0x24, 0x18, 0xFF, 0x21, 0x20, 0x18, 0xFF, 0x18, 0x1C, 0x10, 0xFF, 0x21, 0x20, 0x18, 0xFF,
    0x21, 0x20, 0x18, 0xFF, 0x21, 0x24, 0x18, 0xFF, 0x29, 0x2C, 0x21, 0xFF, 0x31, 0x34, 0x21, 0xFF,
    0x29, 0x28, 0x21, 0xFF, 0x08, 0x0C, 0x08, 0xFF, 0x00, 0x00, 0x00, 0xFF, 0x00, 0x04, 0x00, 0xFF,
    0x00, 0x08, 0x08, 0xFF, 0x08, 0x0C, 0x08, 0xFF, 0x10, 0x14, 0x08, 0xFF, 0x18, 0x18, 0x10, 0xFF,
    0x10, 0x14, 0x10, 0xFF, 0x10, 0x10, 0x08, 0xFF, 0x10, 0x10, 0x08, 0xFF, 0x10, 0x10, 0x08, 0xFF,
    0x10, 0x10, 0x08, 0xFF, 0x10, 0x14, 0x08, 0xFF, 0x10, 0x14, 0x10, 0xFF, 0x00, 0x08, 0x00, 0xFF,
    0x08, 0x08, 0x08, 0xFF, 0x10, 0x14, 0x10, 0xFF, 0x10, 0x10, 0x08, 0xFF, 0x10, 0x0C, 0x08, 0xFF,
    0x31, 0x30, 0x29, 0xFF, 0x4A, 0x49, 0x4A, 0xFF, 0x31, 0x34, 0x39, 0xFF, 0x39, 0x49, 0x52, 0xFF,
    0x42, 0x51, 0x63, 0xFF, 0x29, 0x34, 0x42, 0xFF, 0x21, 0x28, 0x29, 0xFF, 0x18, 0x20, 0x21, 0xFF,
    0x08, 0x10, 0x10, 0xFF, 0x18, 0x18, 0x18, 0xFF, 0x21, 0x20, 0x18, 0xFF, 0x21, 0x20, 0x18, 0xFF,
    0x21, 0x24, 0x18, 0xFF, 0x29, 0x28, 0x18, 0xFF, 0x29, 0x28, 0x18, 0xFF, 0x29, 0x24, 0x18, 0xFF,
    0x21, 0x24, 0x18, 0xFF, 0x29, 0x28, 0x18, 0xFF, 0x21, 0x28, 0x18, 0xFF, 0x29, 0x28, 0x18, 0xFF,
    0x29, 0x2C, 0x21, 0xFF, 0x31, 0x30, 0x21, 0xFF, 0x31, 0x30, 0x21, 0xFF, 0x29, 0x2C, 0x21, 0xFF,
    0x21, 0x24, 0x18, 0xFF, 0x21, 0x20, 0x18, 0xC7, 0x21, 0x20, 0x18, 0x1D, 0x31, 0x34, 0x21, 0x00,
    0x52, 0x5D, 0x42, 0x00, 0x63, 0x6D, 0x52, 0x00, 0x73, 0x79, 0x63, 0x00, 0x84, 0x8A, 0x73, 0x00,
    0x73, 0x82, 0x63, 0x00, 0x63, 0x6D, 0x5A, 0x00, 0x4A, 0x51, 0x39, 0x00, 0x31, 0x3C, 0x21, 0x00,
    0x21, 0x28, 0x18, 0x00, 0x10, 0x14, 0x08, 0x00, 0x08, 0x10, 0x08, 0x00, 0x10, 0x10, 0x08, 0x00,
    0x18, 0x1C, 0x10, 0x00, 0x21, 0x20, 0x10, 0x00, 0x18, 0x20, 0x10, 0x00, 0x08, 0x08, 0x00, 0x00,
    0x08, 0x08, 0x00, 0x00, 0x08, 0x0C, 0x08, 0x00, 0x08, 0x0C, 0x08, 0x00, 0x08, 0x0C, 0x08, 0x00,
    0x10, 0x10, 0x08, 0x00, 0x10, 0x10, 0x08, 0x00, 0x08, 0x10, 0x08, 0x00, 0x08, 0x0C, 0x08, 0x00,
    0x08, 0x0C, 0x08, 0x00, 0x08, 0x0C, 0x08, 0x00, 0x08, 0x0C, 0x08, 0x00, 0x08, 0x10, 0x08, 0x00,
    0x10, 0x14, 0x08, 0x00, 0x18, 0x18, 0x10, 0x00, 0x18, 0x1C, 0x10, 0x38, 0x21, 0x20, 0x18, 0xE8,
    0x29, 0x28, 0x18, 0xFF, 0x29, 0x28, 0x18, 0xFF, 0x29, 0x28, 0x21, 0xFF, 0x29, 0x2C, 0x21, 0xFF,
    0x21, 0x28, 0x18, 0xFF, 0x21, 0x24, 0x18, 0xFF, 0x21, 0x24, 0x18, 0xFF, 0x29, 0x28, 0x21, 0xFF,
    0x21, 0x24, 0x18, 0xFF, 0x21, 0x24, 0x18, 0xFF, 0x29, 0x28, 0x21, 0xFF, 0x31, 0x2C, 0x21, 0xFF,
    0x29, 0x28, 0x21, 0xFF, 0x08, 0x0C, 0x08, 0xFF, 0x00, 0x04, 0x00, 0xFF, 0x08, 0x08, 0x00, 0xFF,
    0x08, 0x0C, 0x08, 0xFF, 0x10, 0x10, 0x08, 0xFF, 0x10, 0x10, 0x08, 0xFF, 0x10, 0x10, 0x08, 0xFF,
    0x08, 0x0C, 0x08, 0xFF, 0x08, 0x0C, 0x08, 0xFF, 0x08, 0x0C, 0x08, 0xFF, 0x10, 0x0C, 0x08, 0xFF,
    0x10, 0x10, 0x08, 0xFF, 0x10, 0x10, 0x08, 0xFF, 0x10, 0x14, 0x10, 0xFF, 0x18, 0x18, 0x10, 0xFF,
    0x10, 0x14, 0x10, 0xFF, 0x08, 0x0C, 0x08, 0xFF, 0x10, 0x10, 0x08, 0xFF, 0x21, 0x20, 0x18, 0xFF,
    0x29, 0x28, 0x21, 0xFF, 0x31, 0x30, 0x31, 0xFF, 0x39, 0x3C, 0x39, 0xFF, 0x29, 0x34, 0x31, 0xFF,
    0x31, 0x3C, 0x42, 0xFF, 0x42, 0x4D, 0x63, 0xFF, 0x39, 0x49, 0x63, 0xFF, 0x21, 0x30, 0x39, 0xFF,
    0x29, 0x34, 0x39, 0xFF, 0x18, 0x20, 0x21, 0xFF, 0x00, 0x00, 0x00, 0xFF, 0x10, 0x14, 0x10, 0xFF,
    0x21, 0x20, 0x21, 0xFF, 0x21, 0x20, 0x18, 0xFF, 0x29, 0x28, 0x18, 0xFF, 0x29, 0x24, 0x18, 0xFF,
    0x29, 0x28, 0x18, 0xFF, 0x29, 0x24, 0x18, 0xFF, 0x29, 0x28, 0x18, 0xFF, 0x29, 0x28, 0x21, 0xFF,
    0x29, 0x2C, 0x21, 0xFF, 0x31, 0x30, 0x21, 0xFF, 0x31, 0x34, 0x21, 0xFF, 0x29, 0x30, 0x21, 0xFF,
    0x29, 0x28, 0x18, 0xFF, 0x21, 0x24, 0x18, 0xFF, 0x21, 0x20, 0x18, 0xFF, 0x21, 0x28, 0x18, 0xE8,
    0x39, 0x3C, 0x29, 0x38, 0x52, 0x5D, 0x42, 0x00, 0x63, 0x6D, 0x52, 0x00, 0x73, 0x79, 0x63, 0x00,
    0x8C, 0x92, 0x7B, 0x00, 0x8C, 0x96, 0x84, 0x00, 0x84, 0x8E, 0x73, 0x00, 0x6B, 0x71, 0x5A, 0x00,
    0x42, 0x49, 0x31, 0x00, 0x29, 0x2C, 0x18, 0x00, 0x18, 0x1C, 0x10, 0x00, 0x10, 0x14, 0x08, 0x00,
    0x10, 0x14, 0x08, 0x00, 0x18, 0x20, 0x10, 0x00, 0x18, 0x20, 0x10, 0x00, 0x18, 0x1C, 0x10, 0x00,
    0x08, 0x08, 0x00, 0x00, 0x08, 0x08, 0x00, 0x00, 0x08, 0x0C, 0x08, 0x00, 0x08, 0x0C, 0x08, 0x00,
    0x08, 0x0C, 0x08, 0x00, 0x08, 0x10, 0x08, 0x00, 0x10, 0x10, 0x08, 0x00, 0x08, 0x10, 0x08, 0x00,
    0x08, 0x10, 0x08, 0x00, 0x08, 0x10, 0x08, 0x00, 0x08, 0x10, 0x08, 0x00, 0x08, 0x10, 0x08, 0x00,
    0x08, 0x10, 0x08, 0x00, 0x10, 0x14, 0x10, 0x00, 0x18, 0x18, 0x10, 0x47, 0x18, 0x1C, 0x10, 0xFC,
    0x18, 0x1C, 0x10, 0xFF, 0x21, 0x20, 0x18, 0xFF, 0x21, 0x28, 0x18, 0xFF, 0x29, 0x28, 0x18, 0xFF,
    0x21, 0x28, 0x18, 0xFF, 0x21, 0x28, 0x18, 0xFF, 0x29, 0x28, 0x18, 0xFF, 0x29, 0x28, 0x21, 0xFF,
    0x29, 0x28, 0x21, 0xFF, 0x21, 0x20, 0x18, 0xFF, 0x21, 0x24, 0x18, 0xFF, 0x29, 0x2C, 0x21, 0xFF,
    0x29, 0x2C, 0x21, 0xFF, 0x10, 0x14, 0x08, 0xFF, 0x08, 0x04, 0x00, 0xFF, 0x08, 0x0C, 0x08, 0xFF,
    0x08, 0x0C, 0x08, 0xFF, 0x08, 0x0C, 0x08, 0xFF, 0x08, 0x0C, 0x08, 0xFF, 0x08, 0x08, 0x00, 0xFF,
    0x00, 0x04, 0x00, 0xFF, 0x00, 0x04, 0x00, 0xFF, 0x00, 0x04, 0x00, 0xFF, 0x00, 0x00, 0x00, 0xFF,
    0x00, 0x00, 0x00, 0xFF, 0x08, 0x08, 0x00, 0xFF, 0x08, 0x0C, 0x08, 0xFF, 0x10, 0x10, 0x08, 0xFF,
    0x18, 0x14, 0x10, 0xFF, 0x21, 0x1C, 0x18, 0xFF, 0x18, 0x18, 0x10, 0xFF, 0x10, 0x10, 0x08, 0xFF,
    0x21, 0x1C, 0x18, 0xFF, 0x42, 0x41, 0x39, 0xFF, 0x39, 0x41, 0x42, 0xFF, 0x21, 0x2C, 0x31, 0xFF,
    0x29, 0x30, 0x31, 0xFF, 0x29, 0x2C, 0x39, 0xFF, 0x4A, 0x59, 0x73, 0xFF, 0x63, 0x75, 0x94, 0xFF,
    0x4A, 0x59, 0x73, 0xFF, 0x42, 0x49, 0x63, 0xFF, 0x52, 0x61, 0x7B, 0xFF, 0x31, 0x3C, 0x4A, 0xFF,
    0x08, 0x0C, 0x10, 0xFF, 0x08, 0x0C, 0x08, 0xFF, 0x18, 0x20, 0x18, 0xFF, 0x21, 0x28, 0x21, 0xFF,
    0x29, 0x28, 0x18, 0xFF, 0x29, 0x28, 0x18, 0xFF, 0x29, 0x24, 0x18, 0xFF, 0x21, 0x24, 0x18, 0xFF,
    0x29, 0x28, 0x18, 0xFF, 0x29, 0x2C, 0x21, 0xFF, 0x29, 0x2C, 0x21, 0xFF, 0x29, 0x2C, 0x21, 0xFF,
    0x29, 0x28, 0x21, 0xFF, 0x21, 0x28, 0x18, 0xFF, 0x21, 0x20, 0x18, 0xFF, 0x21, 0x20, 0x18, 0xFF,
    0x29, 0x28, 0x18, 0xFF, 0x31, 0x38, 0x21, 0xFC, 0x42, 0x4D, 0x39, 0x47, 0x63, 0x6D, 0x52, 0x00,
    0x73, 0x82, 0x63, 0x00, 0x84, 0x8E, 0x73, 0x00, 0x94, 0x9A, 0x84, 0x00, 0x94, 0x9E, 0x8C, 0x00,
    0x7B, 0x86, 0x6B, 0x00, 0x4A, 0x55, 0x42, 0x00, 0x39, 0x3C, 0x29, 0x00, 0x29, 0x2C, 0x18, 0x00,
    0x18, 0x1C, 0x10, 0x00, 0x10, 0x14, 0x08, 0x00, 0x18, 0x1C, 0x10, 0x00, 0x21, 0x20, 0x18, 0x00,
    0x21, 0x20, 0x10, 0x00, 0x08, 0x08, 0x00, 0x00, 0x08, 0x0C, 0x08, 0x00, 0x08, 0x0C, 0x08, 0x00,
    0x08, 0x0C, 0x08, 0x00, 0x08, 0x0C, 0x08, 0x00, 0x08, 0x10, 0x08, 0x00, 0x10, 0x10, 0x08, 0x00,
    0x08, 0x10, 0x08, 0x00, 0x10, 0x10, 0x08, 0x00, 0x10, 0x10, 0x08, 0x00, 0x10, 0x10, 0x08, 0x00,
    0x08, 0x10, 0x00, 0x00, 0x08, 0x10, 0x08, 0x00, 0x10, 0x14, 0x10, 0x4B, 0x18, 0x18, 0x10, 0xFF,
    0x18, 0x1C, 0x10, 0xFF, 0x18, 0x1C, 0x10, 0xFF, 0x21, 0x20, 0x18, 0xFF, 0x21, 0x28, 0x18, 0xFF,
    0x21, 0x28, 0x18, 0xFF, 0x21, 0x24, 0x18, 0xFF, 0x29, 0x28, 0x18, 0xFF, 0x21, 0x24, 0x18, 0xFF,
    0x18, 0x1C, 0x10, 0xFF, 0x18, 0x1C, 0x10, 0xFF, 0x21, 0x20, 0x18, 0xFF, 0x21, 0x24, 0x18, 0xFF,
    0x21, 0x24, 0x18, 0xFF, 0x10, 0x18, 0x10, 0xFF, 0x08, 0x08, 0x00, 0xFF, 0x00, 0x08, 0x00, 0xFF,
    0x00, 0x04, 0x00, 0xFF, 0x00, 0x00, 0x00, 0xFF, 0x00, 0x04, 0x00, 0xFF, 0x00, 0x04, 0x00, 0xFF,
    0x00, 0x08, 0x00, 0xFF, 0x08, 0x0C, 0x08, 0xFF, 0x10, 0x0C, 0x08, 0xFF, 0x10, 0x0C, 0x08, 0xFF,
    0x10, 0x10, 0x08, 0xFF, 0x08, 0x0C, 0x08, 0xFF, 0x08, 0x0C, 0x08, 0xFF, 0x08, 0x0C, 0x08, 0xFF,
    0x10, 0x0C, 0x08, 0xFF, 0x10, 0x14, 0x08, 0xFF, 0x18, 0x14, 0x10, 0xFF, 0x18, 0x14, 0x10, 0xFF,
    0x21, 0x20, 0x18, 0xFF, 0x31, 0x30, 0x31, 0xFF, 0x39, 0x38, 0x39, 0xFF, 0x29, 0x30, 0x31, 0xFF,
    0x29, 0x30, 0x31, 0xFF, 0x31, 0x3C, 0x39, 0xFF, 0x31, 0x34, 0x42, 0xFF, 0x4A, 0x55, 0x73, 0xFF,
    0x73, 0x92, 0xB5, 0xFF, 0x8C, 0xA2, 0xC6, 0xFF, 0x7B, 0x92, 0xB5, 0xFF, 0x7B, 0x8E, 0xAD, 0xFF,
    0x7B, 0x96, 0xBD, 0xFF, 0x63, 0x79, 0x94, 0xFF, 0x39, 0x49, 0x52, 0xFF, 0x08, 0x10, 0x10, 0xFF,
    0x18, 0x1C, 0x18, 0xFF, 0x21, 0x28, 0x18, 0xFF, 0x29, 0x24, 0x18, 0xFF, 0x21, 0x24, 0x18, 0xFF,
    0x21, 0x24, 0x18, 0xFF, 0x21, 0x24, 0x18, 0xFF, 0x21, 0x24, 0x18, 0xFF, 0x21, 0x24, 0x18, 0xFF,
    0x21, 0x20, 0x18, 0xFF, 0x21, 0x20, 0x18, 0xFF, 0x21, 0x20, 0x18, 0xFF, 0x21, 0x20, 0x18, 0xFF,
    0x18, 0x1C, 0x10, 0xFF, 0x21, 0x24, 0x18, 0xFF, 0x29, 0x30, 0x18, 0xFF, 0x39, 0x45, 0x31, 0xFF,
    0x63, 0x6D, 0x5A, 0x4B, 0x84, 0x8A, 0x73, 0x00, 0x8C, 0x92, 0x7B, 0x00, 0x9C, 0x9E, 0x8C, 0x00,
    0x9C, 0xA2, 0x8C, 0x00, 0x84, 0x8E, 0x7B, 0x00, 0x63, 0x71, 0x5A, 0x00, 0x52, 0x5D, 0x42, 0x00,
    0x42, 0x49, 0x31, 0x00, 0x29, 0x2C, 0x18, 0x00, 0x18, 0x18, 0x08, 0x00, 0x18, 0x18, 0x10, 0x00,
    0x21, 0x20, 0x18, 0x00, 0x21, 0x20, 0x18, 0x00, 0x08, 0x0C, 0x08, 0x00, 0x08, 0x0C, 0x08, 0x00,
    0x08, 0x10, 0x08, 0x00, 0x08, 0x10, 0x08, 0x00, 0x08, 0x10, 0x08, 0x00, 0x08, 0x10, 0x08, 0x00,
    0x08, 0x0C, 0x08, 0x00, 0x08, 0x10, 0x08, 0x00, 0x10, 0x14, 0x08, 0x00, 0x10, 0x14, 0x08, 0x00,
    0x10, 0x14, 0x08, 0x00, 0x10, 0x14, 0x08, 0x00, 0x08, 0x10, 0x08, 0x43, 0x10, 0x14, 0x08, 0xFF,
    0x18, 0x18, 0x10, 0xFF, 0x18, 0x1C, 0x10, 0xFF, 0x21, 0x20, 0x18, 0xFF, 0x21, 0x24, 0x18, 0xFF,
    0x21, 0x20, 0x18, 0xFF, 0x21, 0x20, 0x18, 0xFF, 0x21, 0x24, 0x18, 0xFF, 0x18, 0x1C, 0x18, 0xFF,
    0x18, 0x1C, 0x10, 0xFF, 0x18, 0x20, 0x10, 0xFF, 0x21, 0x20, 0x18, 0xFF, 0x29, 0x28, 0x21, 0xFF,
    0x21, 0x20, 0x18, 0xFF, 0x08, 0x0C, 0x08, 0xFF, 0x00, 0x04, 0x00, 0xFF, 0x00, 0x04, 0x00, 0xFF,
    0x00, 0x00, 0x00, 0xFF, 0x00, 0x00, 0x00, 0xFF, 0x00, 0x00, 0x00, 0xFF, 0x00, 0x08, 0x00, 0xFF,
    0x08, 0x08, 0x00, 0xFF, 0x08, 0x08, 0x08, 0xFF, 0x08, 0x0C, 0x08, 0xFF, 0x10, 0x10, 0x08, 0xFF,
    0x10, 0x0C, 0x08, 0xFF, 0x10, 0x10, 0x08, 0xFF, 0x18, 0x18, 0x10, 0xFF, 0x18, 0x18, 0x10, 0xFF,
    0x18, 0x18, 0x10, 0xFF, 0x18, 0x18, 0x10, 0xFF, 0x10, 0x14, 0x10, 0xFF, 0x10, 0x14, 0x10, 0xFF,
    0x18, 0x1C, 0x18, 0xFF, 0x18, 0x20, 0x18, 0xFF, 0x29, 0x2C, 0x29, 0xFF, 0x31, 0x38, 0x39, 0xFF,
    0x18, 0x18, 0x18, 0xFF, 0x21, 0x24, 0x29, 0xFF, 0x31, 0x34, 0x39, 0xFF, 0x63, 0x71, 0x84, 0xFF,
    0x63, 0x71, 0x8C, 0xFF, 0x63, 0x7D, 0x9C, 0xFF, 0x94, 0xAE, 0xD6, 0xFF, 0xAD, 0xC7, 0xE7, 0xFF,
    0xBD, 0xD3, 0xEF, 0xFF, 0xBD, 0xD3, 0xEF, 0xFF, 0xAD, 0xC7, 0xE7, 0xFF, 0xAD, 0xC7, 0xEF, 0xFF,
    0x63, 0x71, 0x84, 0xFF, 0x00, 0x08, 0x00, 0xFF, 0x21, 0x20, 0x18, 0xFF, 0x21, 0x24, 0x21, 0xFF,
    0x21, 0x24, 0x18, 0xFF, 0x21, 0x20, 0x18, 0xFF, 0x21, 0x20, 0x18, 0xFF, 0x21, 0x20, 0x18, 0xFF,
    0x18, 0x20, 0x10, 0xFF, 0x21, 0x20, 0x10, 0xFF, 0x18, 0x20, 0x10, 0xFF, 0x18, 0x20, 0x10, 0xFF,
    0x18, 0x1C, 0x10, 0xFF, 0x18, 0x1C, 0x10, 0xFF, 0x21, 0x20, 0x18, 0xFF, 0x21, 0x28, 0x18, 0xFF,
    0x39, 0x45, 0x29, 0xFF, 0x63, 0x69, 0x52, 0xFF, 0x7B, 0x82, 0x6B, 0x43, 0x8C, 0x92, 0x7B, 0x00,
    0x9C, 0x9E, 0x8C, 0x00, 0xA5, 0xA6, 0x94, 0x00, 0x94, 0x9A, 0x8C, 0x00, 0x73, 0x82, 0x63, 0x00,
    0x5A, 0x69, 0x52, 0x00, 0x4A, 0x55, 0x42, 0x00, 0x31, 0x38, 0x21, 0x00, 0x21, 0x24, 0x10, 0x00,
    0x10, 0x14, 0x08, 0x00, 0x18, 0x18, 0x10, 0x00, 0x18, 0x1C, 0x10, 0x00, 0x08, 0x0C, 0x08, 0x00,
    0x08, 0x0C, 0x08, 0x00, 0x10, 0x10, 0x08, 0x00, 0x10, 0x14, 0x08, 0x00, 0x10, 0x14, 0x08, 0x00,
    0x10, 0x10, 0x08, 0x00, 0x08, 0x0C, 0x08, 0x00, 0x08, 0x10, 0x08, 0x00, 0x10, 0x10, 0x08, 0x00,
    0x10, 0x14, 0x08, 0x00, 0x10, 0x14, 0x08, 0x00, 0x10, 0x10, 0x08, 0x35, 0x08, 0x10, 0x08, 0xFD,
    0x10, 0x14, 0x10, 0xFF, 0x18, 0x18, 0x10, 0xFF, 0x18, 0x1C, 0x10, 0xFF, 0x21, 0x20, 0x10, 0xFF,
    0x21, 0x24, 0x18, 0xFF, 0x21, 0x20, 0x18, 0xFF, 0x18, 0x20, 0x10, 0xFF, 0x18, 0x18, 0x10, 0xFF,
    0x18, 0x18, 0x10, 0xFF, 0x18, 0x1C, 0x10, 0xFF, 0x18, 0x1C, 0x10, 0xFF, 0x21, 0x24, 0x18, 0xFF,
    0x31, 0x30, 0x21, 0xFF, 0x18, 0x18, 0x10, 0xFF, 0x00, 0x00, 0x00, 0xFF, 0x00, 0x04, 0x00, 0xFF,
    0x00, 0x04, 0x00, 0xFF, 0x00, 0x04, 0x00, 0xFF, 0x00, 0x04, 0x00, 0xFF, 0x08, 0x08, 0x00, 0xFF,
    0x08, 0x08, 0x08, 0xFF, 0x08, 0x0C, 0x08, 0xFF, 0x10, 0x0C, 0x08, 0xFF, 0x08, 0x0C, 0x08, 0xFF,
    0x10, 0x0C, 0x08, 0xFF, 0x10, 0x10, 0x08, 0xFF, 0x10, 0x10, 0x08, 0xFF, 0x10, 0x0C, 0x08, 0xFF,
    0x10, 0x10, 0x08, 0xFF, 0x10, 0x10, 0x08, 0xFF, 0x18, 0x18, 0x10, 0xFF, 0x18, 0x1C, 0x18, 0xFF,
    0x18, 0x18, 0x10, 0xFF, 0x18, 0x1C, 0x18, 0xFF, 0x31, 0x30, 0x31, 0xFF, 0x31, 0x30, 0x31, 0xFF,
    0x21, 0x20, 0x21, 0xFF, 0x21, 0x24, 0x29, 0xFF, 0x21, 0x24, 0x29, 0xFF, 0x00, 0x08, 0x08, 0xFF,
    0x42, 0x51, 0x5A, 0xFF, 0xA5, 0xB6, 0xD6, 0xFF, 0xA5, 0xBA, 0xD6, 0xFF, 0xBD, 0xD3, 0xE7, 0xFF,
    0xAD, 0xBE, 0xD6, 0xFF, 0xA5, 0xB6, 0xCE, 0xFF, 0x84, 0x92, 0xA5, 0xFF, 0x52, 0x61, 0x7B, 0xFF,
    0x84, 0x96, 0xB5, 0xFF, 0xD6, 0xE7, 0xFF, 0xFF, 0x4A, 0x55, 0x5A, 0xFF, 0x00, 0x08, 0x00, 0xFF,
    0x21, 0x24, 0x21, 0xFF, 0x21, 0x20, 0x18, 0xFF, 0x18, 0x1C, 0x18, 0xFF, 0x18, 0x1C, 0x18, 0xFF,
    0x18, 0x1C, 0x10, 0xFF, 0x18, 0x18, 0x10, 0xFF, 0x18, 0x1C, 0x10, 0xFF, 0x18, 0x1C, 0x10, 0xFF,
    0x18, 0x18, 0x10, 0xFF, 0x10, 0x14, 0x08, 0xFF, 0x18, 0x18, 0x10, 0xFF, 0x18, 0x1C, 0x10, 0xFF,
    0x21, 0x24, 0x18, 0xFF, 0x31, 0x34, 0x21, 0xFF, 0x4A, 0x51, 0x39, 0xFF, 0x63, 0x69, 0x52, 0xFD,
    0x73, 0x7D, 0x63, 0x34, 0x8C, 0x96, 0x84, 0x00, 0x9C, 0xA6, 0x94, 0x00, 0x94, 0x9A, 0x84, 0x00,
    0x73, 0x7D, 0x63, 0x00, 0x63, 0x6D, 0x52, 0x00, 0x4A, 0x55, 0x42, 0x00, 0x31, 0x38, 0x29, 0x00,
    0x21, 0x24, 0x18, 0x00, 0x08, 0x0C, 0x08, 0x00, 0x08, 0x10, 0x08, 0x00, 0x10, 0x14, 0x08, 0x00,
    0x08, 0x0C, 0x08, 0x00, 0x08, 0x0C, 0x08, 0x00, 0x08, 0x10, 0x08, 0x00, 0x10, 0x14, 0x08, 0x00,
    0x10, 0x14, 0x08, 0x00, 0x10, 0x10, 0x08, 0x00, 0x10, 0x10, 0x08, 0x00, 0x08, 0x10, 0x08, 0x00,
    0x08, 0x10, 0x08, 0x00, 0x10, 0x14, 0x08, 0x00, 0x10, 0x14, 0x08, 0x1A, 0x10, 0x10, 0x08, 0xED,
    0x10, 0x10, 0x08, 0xFF, 0x10, 0x14, 0x08, 0xFF, 0x18, 0x18, 0x10, 0xFF, 0x21, 0x20, 0x10, 0xFF,
    0x18, 0x20, 0x10, 0xFF, 0x18, 0x1C, 0x10, 0xFF, 0x10, 0x18, 0x10, 0xFF, 0x10, 0x14, 0x08, 0xFF,
    0x10, 0x14, 0x10, 0xFF, 0x18, 0x18, 0x10, 0xFF, 0x18, 0x1C, 0x10, 0xFF, 0x29, 0x2C, 0x21, 0xFF,
    0x31, 0x34, 0x29, 0xFF, 0x21, 0x24, 0x18, 0xFF, 0x08, 0x04, 0x00, 0xFF, 0x00, 0x04, 0x00, 0xFF,
    0x08, 0x08, 0x08, 0xFF, 0x08, 0x0C, 0x08, 0xFF, 0x08, 0x0C, 0x08, 0xFF, 0x08, 0x0C, 0x08, 0xFF,
    0x08, 0x0C, 0x08, 0xFF, 0x08, 0x0C, 0x08, 0xFF, 0x10, 0x10, 0x08, 0xFF, 0x10, 0x0C, 0x08, 0xFF,
    0x08, 0x0C, 0x08, 0xFF, 0x08, 0x0C, 0x08, 0xFF, 0x18, 0x14, 0x10, 0xFF, 0x18, 0x18, 0x10, 0xFF,
    0x10, 0x10, 0x10, 0xFF, 0x10, 0x0C, 0x08, 0xFF, 0x10, 0x0C, 0x08, 0xFF, 0x10, 0x10, 0x08, 0xFF,
    0x18, 0x1C, 0x10, 0xFF, 0x29, 0x28, 0x21, 0xFF, 0x21, 0x24, 0x21, 0xFF, 0x31, 0x34, 0x31, 0xFF,
    0x4A, 0x4D, 0x4A, 0xFF, 0x29, 0x2C, 0x29, 0xFF, 0x18, 0x1C, 0x21, 0xFF, 0x39, 0x45, 0x52, 0xFF,
    0x31, 0x3C, 0x4A, 0xFF, 0x00, 0x04, 0x10, 0xFF, 0x52, 0x61, 0x7B, 0xFF, 0xAD, 0xC3, 0xDE, 0xFF,
    0xBD, 0xCF, 0xE7, 0xFF, 0x84, 0x9A, 0xB5, 0xFF, 0x39, 0x51, 0x6B, 0xFF, 0x21, 0x2C, 0x42, 0xFF,
    0x10, 0x24, 0x39, 0xFF, 0x4A, 0x61, 0x84, 0xFF, 0xC6, 0xDF, 0xFF, 0xFF, 0xB5, 0xC7, 0xDE, 0xFF,
    0x00, 0x0C, 0x10, 0xFF, 0x08, 0x10, 0x08, 0xFF, 0x18, 0x24, 0x18, 0xFF, 0x18, 0x1C, 0x18, 0xFF,
    0x18, 0x18, 0x10, 0xFF, 0x10, 0x18, 0x10, 0xFF, 0x10, 0x14, 0x10, 0xFF, 0x10, 0x14, 0x10, 0xFF,
    0x18, 0x14, 0x10, 0xFF, 0x10, 0x14, 0x10, 0xFF, 0x10, 0x14, 0x10, 0xFF, 0x10, 0x14, 0x10, 0xFF,
    0x18, 0x1C, 0x10, 0xFF, 0x21, 0x20, 0x18, 0xFF, 0x29, 0x30, 0x21, 0xFF, 0x39, 0x3C, 0x29, 0xFF,
    0x4A, 0x51, 0x39, 0xFF, 0x5A, 0x61, 0x4A, 0xEC, 0x73, 0x82, 0x63, 0x1A, 0x8C, 0x92, 0x7B, 0x00,
    0x8C, 0x92, 0x7B, 0x00, 0x84, 0x8E, 0x73, 0x00, 0x73, 0x79, 0x63, 0x00, 0x52, 0x59, 0x42, 0x00,
    0x39, 0x38, 0x29, 0x00, 0x21, 0x20, 0x10, 0x00, 0x08, 0x0C, 0x08, 0x00, 0x08, 0x0C, 0x08, 0x00,
    0x10, 0x10, 0x08, 0x00, 0x08, 0x0C, 0x08, 0x00, 0x08, 0x0C, 0x08, 0x00, 0x08, 0x0C, 0x08, 0x00,
    0x08, 0x10, 0x08, 0x00, 0x10, 0x10, 0x08, 0x00, 0x10, 0x10, 0x08, 0x00, 0x08, 0x10, 0x08, 0x00,
    0x08, 0x10, 0x08, 0x00, 0x08, 0x10, 0x08, 0x00, 0x10, 0x10, 0x08, 0x01, 0x10, 0x14, 0x08, 0xCE,
    0x10, 0x10, 0x08, 0xFF, 0x10, 0x14, 0x08, 0xFF, 0x10, 0x14, 0x08, 0xFF, 0x18, 0x18, 0x10, 0xFF,
    0x18, 0x1C, 0x10, 0xFF, 0x18, 0x1C, 0x10, 0xFF, 0x10, 0x14, 0x08, 0xFF, 0x08, 0x10, 0x08, 0xFF,
    0x08, 0x0C, 0x08, 0xFF, 0x10, 0x10, 0x08, 0xFF, 0x18, 0x18, 0x10, 0xFF, 0x29, 0x28, 0x18, 0xFF,
    0x29, 0x30, 0x21, 0xFF, 0x29, 0x2C, 0x21, 0xFF, 0x10, 0x14, 0x10, 0xFF, 0x00, 0x04, 0x00, 0xFF,
    0x08, 0x0C, 0x08, 0xFF, 0x08, 0x0C, 0x08, 0xFF, 0x08, 0x08, 0x08, 0xFF, 0x08, 0x0C, 0x08, 0xFF,
    0x08, 0x08, 0x08, 0xFF, 0x08, 0x0C, 0x08, 0xFF, 0x08, 0x08, 0x08, 0xFF, 0x00, 0x04, 0x00, 0xFF,
    0x00, 0x08, 0x00, 0xFF, 0x08, 0x08, 0x08, 0xFF, 0x08, 0x04, 0x00, 0xFF, 0x08, 0x0C, 0x08, 0xFF,
    0x18, 0x14, 0x10, 0xFF, 0x18, 0x1C, 0x18, 0xFF, 0x18, 0x1C, 0x18, 0xFF, 0x18, 0x18, 0x10, 0xFF,
    0x18, 0x1C, 0x10, 0xFF, 0x10, 0x14, 0x10, 0xFF, 0x18, 0x1C, 0x18, 0xFF, 0x39, 0x3C, 0x39, 0xFF,
    0x31, 0x30, 0x29, 0xFF, 0x39, 0x38, 0x31, 0xFF, 0x39, 0x41, 0x39, 0xFF, 0x29, 0x2C, 0x31, 0xFF,
    0x21, 0x30, 0x42, 0xFF, 0x73, 0x86, 0x9C, 0xFF, 0x52, 0x5D, 0x73, 0xFF, 0x21, 0x30, 0x42, 0xFF,
    0x52, 0x65, 0x7B, 0xFF, 0x94, 0x9E, 0xAD, 0xFF, 0x6B, 0x79, 0x8C, 0xFF, 0x73, 0x86, 0x9C, 0xFF,
    0xA5, 0xB6, 0xD6, 0xFF, 0x8C, 0xA2, 0xBD, 0xFF, 0x73, 0x8E, 0xAD, 0xFF, 0x94, 0xAA, 0xCE, 0xFF,
    0xDE, 0xEF, 0xFF, 0xFF, 0x84, 0x92, 0x9C, 0xFF, 0x00, 0x08, 0x00, 0xFF, 0x00, 0x00, 0x00, 0xFF,
    0x00, 0x00, 0x00, 0xFF, 0x00, 0x04, 0x00, 0xFF, 0x08, 0x10, 0x08, 0xFF, 0x10, 0x14, 0x10, 0xFF,
    0x10, 0x14, 0x10, 0xFF, 0x10, 0x14, 0x08, 0xFF, 0x10, 0x14, 0x10, 0xFF, 0x10, 0x14, 0x10, 0xFF,
    0x10, 0x14, 0x10, 0xFF, 0x18, 0x18, 0x10, 0xFF, 0x18, 0x1C, 0x10, 0xFF, 0x21, 0x28, 0x18, 0xFF,
    0x31, 0x38, 0x21, 0xFF, 0x42, 0x49, 0x31, 0xFF, 0x52, 0x59, 0x42, 0xFF, 0x5A, 0x65, 0x4A, 0xCE,
    0x63, 0x6D, 0x52, 0x01, 0x7B, 0x7D, 0x6B, 0x00, 0x7B, 0x86, 0x6B, 0x00, 0x63, 0x71, 0x52, 0x00,
    0x52, 0x59, 0x42, 0x00, 0x39, 0x3C, 0x29, 0x00, 0x21, 0x20, 0x10, 0x00, 0x08, 0x0C, 0x08, 0x00,
    0x08, 0x08, 0x08, 0x00, 0x10, 0x14, 0x08, 0x00, 0x10, 0x10, 0x08, 0x00, 0x08, 0x0C, 0x08, 0x00,
    0x08, 0x0C, 0x08, 0x00, 0x08, 0x0C, 0x08, 0x00, 0x08, 0x0C, 0x08, 0x00, 0x08, 0x0C, 0x08, 0x00,
    0x08, 0x0C, 0x08, 0x00, 0x08, 0x10, 0x08, 0x00, 0x08, 0x0C, 0x08, 0x00, 0x10, 0x10, 0x08, 0x9E,
    0x10, 0x14, 0x08, 0xFF, 0x10, 0x14, 0x08, 0xFF, 0x10, 0x14, 0x08, 0xFF, 0x10, 0x14, 0x08, 0xFF,
    0x18, 0x18, 0x10, 0xFF, 0x21, 0x20, 0x10, 0xFF, 0x21, 0x20, 0x18, 0xFF, 0x18, 0x20, 0x10, 0xFF,
    0x10, 0x14, 0x08, 0xFF, 0x08, 0x0C, 0x08, 0xFF, 0x10, 0x14, 0x08, 0xFF, 0x21, 0x20, 0x10, 0xFF,
    0x21, 0x24, 0x18, 0xFF, 0x29, 0x28, 0x18, 0xFF, 0x21, 0x20, 0x18, 0xFF, 0x10, 0x10, 0x08, 0xFF,
    0x08, 0x0C, 0x08, 0xFF, 0x08, 0x0C, 0x08, 0xFF, 0x00, 0x04, 0x00, 0xFF, 0x08, 0x08, 0x00, 0xFF,
    0x08, 0x08, 0x08, 0xFF, 0x08, 0x0C, 0x08, 0xFF, 0x08, 0x08, 0x08, 0xFF, 0x10, 0x0C, 0x08, 0xFF,
    0x08, 0x0C, 0x08, 0xFF, 0x10, 0x10, 0x08, 0xFF, 0x18, 0x14, 0x10, 0xFF, 0x18, 0x18, 0x10, 0xFF,
    0x18, 0x14, 0x10, 0xFF, 0x18, 0x18, 0x10, 0xFF, 0x21, 0x20, 0x18, 0xFF, 0x18, 0x18, 0x18, 0xFF,
    0x21, 0x20, 0x18, 0xFF, 0x21, 0x24, 0x18, 0xFF, 0x29, 0x24, 0x21, 0xFF, 0x29, 0x2C, 0x21, 0xFF,
    0x39, 0x3C, 0x31, 0xFF, 0x29, 0x24, 0x21, 0xFF, 0x18, 0x20, 0x18, 0xFF, 0x29, 0x28, 0x29, 0xFF,
    0x52, 0x55, 0x5A, 0xFF, 0x63, 0x69, 0x7B, 0xFF, 0x52, 0x5D, 0x7B, 0xFF, 0x5A, 0x75, 0x8C, 0xFF,
    0x4A, 0x61, 0x7B, 0xFF, 0x42, 0x55, 0x6B, 0xFF, 0x63, 0x75, 0x84, 0xFF, 0xA5, 0xB6, 0xC6, 0xFF,
    0xCE, 0xDB, 0xEF, 0xFF, 0xC6, 0xD7, 0xEF, 0xFF, 0xBD, 0xD3, 0xEF, 0xFF, 0xAD, 0xC3, 0xE7, 0xFF,
    0x9C, 0xB6, 0xDE, 0xFF, 0xC6, 0xD7, 0xEF, 0xFF, 0xE7, 0xEF, 0xFF, 0xFF, 0xA5, 0xB2, 0xC6, 0xFF,
    0x63, 0x71, 0x84, 0xFF, 0x4A, 0x55, 0x63, 0xFF, 0x31, 0x38, 0x39, 0xFF, 0x10, 0x18, 0x18, 0xFF,
    0x00, 0x00, 0x00, 0xFF, 0x00, 0x00, 0x00, 0xFF, 0x00, 0x00, 0x00, 0xFF, 0x00, 0x08, 0x00, 0xFF,
    0x10, 0x18, 0x10, 0xFF, 0x10, 0x14, 0x10, 0xFF, 0x10, 0x14, 0x08, 0xFF, 0x10, 0x18, 0x10, 0xFF,
    0x18, 0x1C, 0x10, 0xFF, 0x29, 0x28, 0x18, 0xFF, 0x31, 0x38, 0x29, 0xFF, 0x42, 0x4D, 0x31, 0xFF,
    0x4A, 0x55, 0x39, 0xFF, 0x52, 0x5D, 0x42, 0x9E, 0x52, 0x5D, 0x4A, 0x00, 0x4A, 0x55, 0x42, 0x00,
    0x42, 0x4D, 0x31, 0x00, 0x39, 0x45, 0x29, 0x00, 0x31, 0x34, 0x21, 0x00, 0x21, 0x24, 0x18, 0x00,
    0x10, 0x14, 0x08, 0x00, 0x08, 0x0C, 0x08, 0x00, 0x10, 0x18, 0x10, 0x00, 0x10, 0x14, 0x08, 0x00,
    0x08, 0x0C, 0x08, 0x00, 0x08, 0x08, 0x00, 0x00, 0x08, 0x08, 0x00, 0x00, 0x08, 0x0C, 0x08, 0x00,
    0x08, 0x0C, 0x08, 0x00, 0x08, 0x0C, 0x08, 0x00, 0x08, 0x10, 0x08, 0x00, 0x08, 0x0C, 0x08, 0x59,
    0x10, 0x10, 0x08, 0xFF, 0x10, 0x14, 0x08, 0xFF, 0x10, 0x10, 0x08, 0xFF, 0x10, 0x10, 0x08, 0xFF,
    0x10, 0x14, 0x08, 0xFF, 0x18, 0x18, 0x10, 0xFF, 0x21, 0x20, 0x18, 0xFF, 0x29, 0x28, 0x18, 0xFF,
    0x29, 0x28, 0x18, 0xFF, 0x18, 0x20, 0x10, 0xFF, 0x10, 0x18, 0x10, 0xFF, 0x18, 0x1C, 0x10, 0xFF,
    0x18, 0x1C, 0x10, 0xFF, 0x29, 0x28, 0x18, 0xFF, 0x29, 0x28, 0x21, 0xFF, 0x10, 0x10, 0x08, 0xFF,
    0x00, 0x04, 0x00, 0xFF, 0x00, 0x08, 0x00, 0xFF, 0x00, 0x04, 0x00, 0xFF, 0x00, 0x00, 0x00, 0xFF,
    0x00, 0x04, 0x00, 0xFF, 0x00, 0x04, 0x00, 0xFF, 0x00, 0x08, 0x00, 0xFF, 0x08, 0x08, 0x00, 0xFF,
    0x00, 0x04, 0x00, 0xFF, 0x08, 0x08, 0x08, 0xFF, 0x10, 0x0C, 0x08, 0xFF, 0x10, 0x10, 0x08, 0xFF,
    0x18, 0x1C, 0x18, 0xFF, 0x21, 0x20, 0x18, 0xFF, 0x29, 0x28, 0x21, 0xFF, 0x21, 0x20, 0x18, 0xFF,
    0x21, 0x20, 0x18, 0xFF, 0x29, 0x2C, 0x21, 0xFF, 0x21, 0x20, 0x10, 0xFF, 0x21, 0x24, 0x18, 0xFF,
    0x42, 0x41, 0x31, 0xFF, 0x42, 0x41, 0x31, 0xFF, 0x29, 0x28, 0x21, 0xFF, 0x08, 0x0C, 0x08, 0xFF,
    0x10, 0x18, 0x18, 0xFF, 0x4A, 0x59, 0x63, 0xFF, 0xAD, 0xC3, 0xDE, 0xFF, 0x9C, 0xAE, 0xC6, 0xFF,
    0x7B, 0x8E, 0xAD, 0xFF, 0x7B, 0x92, 0xAD, 0xFF, 0x7B, 0x8A, 0xA5, 0xFF, 0x8C, 0xA2, 0xB5, 0xFF,
    0xC6, 0xD3, 0xE7, 0xFF, 0xBD, 0xCF, 0xE7, 0xFF, 0xBD, 0xD3, 0xEF, 0xFF, 0xCE, 0xDB, 0xF7, 0xFF,
    0x8C, 0x9E, 0xBD, 0xFF, 0x63, 0x7D, 0x94, 0xFF, 0xAD, 0xBE, 0xD6, 0xFF, 0xBD, 0xD3, 0xEF, 0xFF,
    0xCE, 0xE3, 0xFF, 0xFF, 0xCE, 0xE7, 0xFF, 0xFF, 0xCE, 0xDF, 0xFF, 0xFF, 0xC6, 0xD3, 0xEF, 0xFF,
    0xAD, 0xB6, 0xCE, 0xFF, 0x84, 0x92, 0x9C, 0xFF, 0x73, 0x7D, 0x8C, 0xFF, 0x5A, 0x65, 0x6B, 0xFF,
    0x18, 0x1C, 0x21, 0xFF, 0x00, 0x00, 0x00, 0xFF, 0x10, 0x18, 0x10, 0xFF, 0x10, 0x18, 0x10, 0xFF,
    0x10, 0x18, 0x10, 0xFF, 0x18, 0x18, 0x10, 0xFF, 0x21, 0x24, 0x18, 0xFF, 0x29, 0x30, 0x21, 0xFF,
    0x31, 0x38, 0x21, 0xFF, 0x39, 0x41, 0x29, 0xFF, 0x4A, 0x55, 0x39, 0xFF, 0x52, 0x59, 0x42, 0x59,
    0x42, 0x4D, 0x39, 0x00, 0x31, 0x3C, 0x29, 0x00, 0x31, 0x38, 0x21, 0x00, 0x31, 0x34, 0x21, 0x00,
    0x21, 0x24, 0x18, 0x00, 0x10, 0x14, 0x10, 0x00, 0x08, 0x0C, 0x00, 0x00, 0x10, 0x18, 0x10, 0x00,
    0x10, 0x10, 0x08, 0x00, 0x08, 0x0C, 0x08, 0x00, 0x08, 0x0C, 0x08, 0x00, 0x08, 0x0C, 0x08, 0x00,
    0x08, 0x0C, 0x08, 0x00, 0x08, 0x0C, 0x08, 0x00, 0x08, 0x0C, 0x08, 0x00, 0x08, 0x10, 0x08, 0x16,
    0x10, 0x10, 0x08, 0xFA, 0x10, 0x10, 0x08, 0xFF, 0x10, 0x10, 0x08, 0xFF, 0x10, 0x10, 0x08, 0xFF,
    0x10, 0x10, 0x08, 0xFF, 0x10, 0x10, 0x08, 0xFF, 0x18, 0x18, 0x10, 0xFF, 0x21, 0x20, 0x18, 0xFF,
    0x29, 0x2C, 0x18, 0xFF, 0x29, 0x2C, 0x18, 0xFF, 0x21, 0x28, 0x18, 0xFF, 0x21, 0x20, 0x18, 0xFF,
    0x18, 0x20, 0x18, 0xFF, 0x21, 0x24, 0x18, 0xFF, 0x29, 0x30, 0x21, 0xFF, 0x18, 0x1C, 0x10, 0xFF,
    0x08, 0x08, 0x00, 0xFF, 0x08, 0x08, 0x00, 0xFF, 0x08, 0x04, 0x00, 0xFF, 0x00, 0x04, 0x00, 0xFF,
    0x00, 0x04, 0x00, 0xFF, 0x00, 0x04, 0x00, 0xFF, 0x00, 0x04, 0x00, 0xFF, 0x08, 0x08, 0x00, 0xFF,
    0x08, 0x08, 0x08, 0xFF, 0x08, 0x08, 0x08, 0xFF, 0x10, 0x10, 0x08, 0xFF, 0x10, 0x14, 0x10, 0xFF,
    0x18, 0x14, 0x10, 0xFF, 0x10, 0x14, 0x10, 0xFF, 0x21, 0x20, 0x18, 0xFF, 0x31, 0x34, 0x29, 0xFF,
    0x29, 0x2C, 0x21, 0xFF, 0x29, 0x24, 0x18, 0xFF, 0x31, 0x30, 0x29, 0xFF, 0x39, 0x38, 0x29, 0xFF,
    0x18, 0x1C, 0x10, 0xFF, 0x21, 0x20, 0x18, 0xFF, 0x29, 0x24, 0x18, 0xFF, 0x21, 0x20, 0x18, 0xFF,
    0x10, 0x14, 0x10, 0xFF, 0x10, 0x18, 0x18, 0xFF, 0x31, 0x38, 0x4A, 0xFF, 0x8C, 0x9E, 0xBD, 0xFF,
    0xBD, 0xD7, 0xEF, 0xFF, 0xAD, 0xBE, 0xDE, 0xFF, 0xA5, 0xB6, 0xD6, 0xFF, 0x9C, 0xAE, 0xC6, 0xFF,
    0xAD, 0xBE, 0xD6, 0xFF, 0xAD, 0xC3, 0xDE, 0xFF, 0xAD, 0xBE, 0xDE, 0xFF, 0x94, 0xAA, 0xC6, 0xFF,
    0x6B, 0x79, 0x94, 0xFF, 0x42, 0x59, 0x73, 0xFF, 0x42, 0x55, 0x73, 0xFF, 0x8C, 0xA6, 0xC6, 0xFF,
    0xAD, 0xCB, 0xE7, 0xFF, 0xAD, 0xBE, 0xDE, 0xFF, 0xB5, 0xC7, 0xDE, 0xFF, 0xBD, 0xCF, 0xE7, 0xFF,
    0xBD, 0xCF, 0xE7, 0xFF, 0xBD, 0xD3, 0xEF, 0xFF, 0xC6, 0xDB, 0xF7, 0xFF, 0xCE, 0xE3, 0xFF, 0xFF,
    0xDE, 0xF3, 0xFF, 0xFF, 0xBD, 0xCF, 0xE7, 0xFF, 0x29, 0x34, 0x39, 0xFF, 0x00, 0x04, 0x00, 0xFF,
    0x18, 0x1C, 0x10, 0xFF, 0x18, 0x1C, 0x10, 0xFF, 0x18, 0x20, 0x10, 0xFF, 0x21, 0x28, 0x18, 0xFF,
    0x29, 0x30, 0x21, 0xFF, 0x31, 0x38, 0x21, 0xFF, 0x39, 0x3C, 0x29, 0xFF, 0x39, 0x45, 0x31, 0xFF,
    0x4A, 0x55, 0x42, 0xFA, 0x52, 0x55, 0x42, 0x15, 0x39, 0x45, 0x29, 0x00, 0x39, 0x3C, 0x29, 0x00,
    0x31, 0x34, 0x21, 0x00, 0x21, 0x28, 0x18, 0x00, 0x10, 0x18, 0x08, 0x00, 0x08, 0x0C, 0x08, 0x00,
    0x10, 0x18, 0x10, 0x00, 0x10, 0x10, 0x08, 0x00, 0x10, 0x10, 0x08, 0x00, 0x10, 0x10, 0x08, 0x00,
    0x08, 0x0C, 0x08, 0x00, 0x08, 0x08, 0x00, 0x00, 0x08, 0x0C, 0x08, 0x00, 0x08, 0x0C, 0x08, 0x00,
    0x08, 0x10, 0x08, 0xBB, 0x10, 0x14, 0x08, 0xFF, 0x10, 0x10, 0x08, 0xFF, 0x10, 0x10, 0x08, 0xFF,
    0x10, 0x14, 0x08, 0xFF, 0x10, 0x14, 0x08, 0xFF, 0x10, 0x14, 0x08, 0xFF, 0x18, 0x18, 0x10, 0xFF,
    0x21, 0x20, 0x18, 0xFF, 0x29, 0x2C, 0x21, 0xFF, 0x29, 0x30, 0x21, 0xFF, 0x29, 0x30, 0x21, 0xFF,
    0x21, 0x24, 0x18, 0xFF, 0x18, 0x1C, 0x10, 0xFF, 0x29, 0x2C, 0x21, 0xFF, 0x29, 0x28, 0x18, 0xFF,
    0x10, 0x14, 0x08, 0xFF, 0x08, 0x0C, 0x08, 0xFF, 0x08, 0x08, 0x00, 0xFF, 0x00, 0x08, 0x00, 0xFF,
    0x00, 0x04, 0x00, 0xFF, 0x00, 0x04, 0x00, 0xFF, 0x08, 0x08, 0x08, 0xFF, 0x08, 0x08, 0x08, 0xFF,
    0x08, 0x0C, 0x08, 0xFF, 0x08, 0x08, 0x08, 0xFF, 0x18, 0x14, 0x10, 0xFF, 0x18, 0x18, 0x10, 0xFF,
    0x18, 0x1C, 0x10, 0xFF, 0x18, 0x18, 0x10, 0xFF, 0x18, 0x1C, 0x18, 0xFF, 0x21, 0x24, 0x18, 0xFF,
    0x39, 0x3C, 0x31, 0xFF, 0x39, 0x38, 0x29, 0xFF, 0x29, 0x28, 0x18, 0xFF, 0x29, 0x28, 0x21, 0xFF,
    0x39, 0x3C, 0x31, 0xFF, 0x29, 0x2C, 0x21, 0xFF, 0x08, 0x08, 0x00, 0xFF, 0x08, 0x08, 0x08, 0xFF,
    0x10, 0x14, 0x10, 0xFF, 0x10, 0x14, 0x10, 0xFF, 0x10, 0x14, 0x18, 0xFF, 0x29, 0x38, 0x4A, 0xFF,
    0x73, 0x86, 0xA5, 0xFF, 0xAD, 0xC3, 0xDE, 0xFF, 0xA5, 0xB6, 0xCE, 0xFF, 0x9C, 0xAE, 0xCE, 0xFF,
    0x9C, 0xB6, 0xCE, 0xFF, 0xA5, 0xBA, 0xD6, 0xFF, 0x9C, 0xAE, 0xCE, 0xFF, 0x84, 0x9E, 0xC6, 0xFF,
    0x63, 0x79, 0x9C, 0xFF, 0x6B, 0x7D, 0x9C, 0xFF, 0x84, 0x9E, 0xBD, 0xFF, 0x9C, 0xB6, 0xD6, 0xFF,
    0xA5, 0xBE, 0xDE, 0xFF, 0xA5, 0xBA, 0xD6, 0xFF, 0xA5, 0xBA, 0xDE, 0xFF, 0xBD, 0xCB, 0xDE, 0xFF,
    0xCE, 0xDB, 0xE7, 0xFF, 0xBD, 0xCF, 0xDE, 0xFF, 0x94, 0xAE, 0xCE, 0xFF, 0x94, 0xAA, 0xCE, 0xFF,
    0xAD, 0xBA, 0xD6, 0xFF, 0xD6, 0xE3, 0xEF, 0xFF, 0xDE, 0xEF, 0xFF, 0xFF, 0x94, 0xAA, 0xC6, 0xFF,
    0x08, 0x10, 0x10, 0xFF, 0x10, 0x14, 0x08, 0xFF, 0x18, 0x1C, 0x10, 0xFF, 0x18, 0x20, 0x10, 0xFF,
    0x29, 0x2C, 0x18, 0xFF, 0x31, 0x34, 0x21, 0xFF, 0x31, 0x38, 0x21, 0xFF, 0x31, 0x38, 0x21, 0xFF,
    0x31, 0x38, 0x21, 0xFF, 0x39, 0x45, 0x31, 0xFF, 0x42, 0x4D, 0x31, 0xBA, 0x42, 0x45, 0x31, 0x00,
    0x39, 0x3C, 0x29, 0x00, 0x31, 0x30, 0x21, 0x00, 0x21, 0x24, 0x18, 0x00, 0x10, 0x18, 0x08, 0x00,
    0x10, 0x14, 0x08, 0x00, 0x10, 0x14, 0x10, 0x00, 0x10, 0x14, 0x10, 0x00, 0x10, 0x14, 0x10, 0x00,
    0x10, 0x14, 0x10, 0x00, 0x08, 0x10, 0x08, 0x00, 0x08, 0x0C, 0x08, 0x00, 0x08, 0x0C, 0x08, 0x00,
    0x08, 0x0C, 0x08, 0x51, 0x08, 0x10, 0x08, 0xFF, 0x10, 0x14, 0x08, 0xFF, 0x10, 0x14, 0x08, 0xFF,
    0x10, 0x14, 0x08, 0xFF, 0x10, 0x14, 0x08, 0xFF, 0x10, 0x14, 0x08, 0xFF, 0x10, 0x18, 0x10, 0xFF,
    0x18, 0x1C, 0x10, 0xFF, 0x21, 0x20, 0x18, 0xFF, 0x29, 0x2C, 0x18, 0xFF, 0x29, 0x30, 0x21, 0xFF,
    0x29, 0x2C, 0x21, 0xFF, 0x21, 0x28, 0x18, 0xFF, 0x21, 0x24, 0x18, 0xFF, 0x29, 0x2C, 0x21, 0xFF,
    0x18, 0x1C, 0x10, 0xFF, 0x08, 0x08, 0x00, 0xFF, 0x10, 0x10, 0x08, 0xFF, 0x08, 0x08, 0x08, 0xFF,
    0x00, 0x04, 0x00, 0xFF, 0x00, 0x00, 0x00, 0xFF, 0x00, 0x00, 0x00, 0xFF, 0x00, 0x04, 0x00, 0xFF,
    0x00, 0x04, 0x00, 0xFF, 0x00, 0x08, 0x00, 0xFF, 0x10, 0x0C, 0x08, 0xFF, 0x18, 0x14, 0x10, 0xFF,
    0x21, 0x20, 0x18, 0xFF, 0x18, 0x1C, 0x10, 0xFF, 0x21, 0x20, 0x18, 0xFF, 0x21, 0x20, 0x21, 0xFF,
    0x21, 0x1C, 0x18, 0xFF, 0x31, 0x30, 0x21, 0xFF, 0x42, 0x45, 0x39, 0xFF, 0x31, 0x30, 0x21, 0xFF,
    0x29, 0x24, 0x18, 0xFF, 0x21, 0x20, 0x18, 0xFF, 0x21, 0x24, 0x18, 0xFF, 0x10, 0x14, 0x10, 0xFF,
    0x08, 0x0C, 0x08, 0xFF, 0x10, 0x10, 0x10, 0xFF, 0x10, 0x10, 0x08, 0xFF, 0x18, 0x20, 0x21, 0xFF,
    0x31, 0x41, 0x52, 0xFF, 0x7B, 0x92, 0xAD, 0xFF, 0xAD, 0xBE, 0xDE, 0xFF, 0xA5, 0xB6, 0xD6, 0xFF,
    0xA5, 0xB2, 0xCE, 0xFF, 0xA5, 0xBA, 0xD6, 0xFF, 0xAD, 0xC3, 0xDE, 0xFF, 0xAD, 0xC3, 0xDE, 0xFF,
    0xA5, 0xBA, 0xCE, 0xFF, 0xBD, 0xCF, 0xE7, 0xFF, 0xCE, 0xDB, 0xF7, 0xFF, 0xAD, 0xC3, 0xDE, 0xFF,
    0xAD, 0xC3, 0xDE, 0xFF, 0xAD, 0xC3, 0xDE, 0xFF, 0xAD, 0xC3, 0xDE, 0xFF, 0xAD, 0xC3, 0xDE, 0xFF,
    0xBD, 0xCF, 0xE7, 0xFF, 0xD6, 0xE3, 0xEF, 0xFF, 0xBD, 0xCB, 0xDE, 0xFF, 0x9C, 0xAE, 0xCE, 0xFF,
    0x9C, 0xAE, 0xCE, 0xFF, 0xC6, 0xD3, 0xE7, 0xFF, 0xDE, 0xEB, 0xF7, 0xFF, 0xA5, 0xC7, 0xE7, 0xFF,
    0x94, 0xB2, 0xCE, 0xFF, 0x21, 0x24, 0x21, 0xFF, 0x10, 0x10, 0x08, 0xFF, 0x18, 0x1C, 0x10, 0xFF,
    0x18, 0x1C, 0x10, 0xFF, 0x21, 0x28, 0x18, 0xFF, 0x31, 0x34, 0x21, 0xFF, 0x31, 0x38, 0x21, 0xFF,
    0x31, 0x38, 0x21, 0xFF, 0x31, 0x38, 0x21, 0xFF, 0x31, 0x38, 0x21, 0xFF, 0x31, 0x38, 0x21, 0xFF,
    0x29, 0x34, 0x21, 0x51, 0x29, 0x2C, 0x21, 0x00, 0x21, 0x24, 0x18, 0x00, 0x18, 0x20, 0x10, 0x00,
    0x18, 0x1C, 0x10, 0x00, 0x18, 0x1C, 0x10, 0x00, 0x10, 0x18, 0x10, 0x00, 0x18, 0x1C, 0x10, 0x00,
    0x18, 0x18, 0x10, 0x00, 0x10, 0x18, 0x08, 0x00, 0x10, 0x10, 0x08, 0x00, 0x08, 0x0C, 0x08, 0x00,
    0x08, 0x08, 0x00, 0x02, 0x08, 0x08, 0x00, 0xE6, 0x08, 0x0C, 0x08, 0xFF, 0x10, 0x10, 0x08, 0xFF,
    0x10, 0x10, 0x08, 0xFF, 0x10, 0x10, 0x08, 0xFF, 0x10, 0x10, 0x08, 0xFF, 0x10, 0x14, 0x08, 0xFF,
    0x10, 0x18, 0x10, 0xFF, 0x18, 0x20, 0x18, 0xFF, 0x21, 0x24, 0x18, 0xFF, 0x21, 0x28, 0x18, 0xFF,
    0x29, 0x2C, 0x21, 0xFF, 0x29, 0x2C, 0x21, 0xFF, 0x29, 0x28, 0x18, 0xFF, 0x29, 0x28, 0x21, 0xFF,
    0x29, 0x28, 0x18, 0xFF, 0x10, 0x10, 0x08, 0xFF, 0x00, 0x04, 0x00, 0xFF, 0x08, 0x08, 0x08, 0xFF,
    0x08, 0x08, 0x08, 0xFF, 0x00, 0x00, 0x00, 0xFF, 0x00, 0x04, 0x00, 0xFF, 0x00, 0x04, 0x00, 0xFF,
    0x00, 0x04, 0x00, 0xFF, 0x08, 0x0C, 0x08, 0xFF, 0x00, 0x08, 0x00, 0xFF, 0x08, 0x08, 0x08, 0xFF,
    0x18, 0x18, 0x10, 0xFF, 0x29, 0x28, 0x21, 0xFF, 0x29, 0x2C, 0x21, 0xFF, 0x21, 0x20, 0x18, 0xFF,
    0x29, 0x2C, 0x21, 0xFF, 0x21, 0x20, 0x18, 0xFF, 0x21, 0x20, 0x18, 0xFF, 0x31, 0x30, 0x29, 0xFF,
    0x39, 0x38, 0x29, 0xFF, 0x31, 0x30, 0x29, 0xFF, 0x18, 0x1C, 0x10, 0xFF, 0x10, 0x14, 0x08, 0xFF,
    0x18, 0x18, 0x10, 0xFF, 0x10, 0x10, 0x10, 0xFF, 0x08, 0x0C, 0x08, 0xFF, 0x10, 0x10, 0x08, 0xFF,
    0x18, 0x24, 0x29, 0xFF, 0x39, 0x49, 0x5A, 0xFF, 0x8C, 0xA2, 0xC6, 0xFF, 0xA5, 0xBA, 0xD6, 0xFF,
    0xA5, 0xB6, 0xD6, 0xFF, 0xA5, 0xBA, 0xD6, 0xFF, 0xBD, 0xCB, 0xDE, 0xFF, 0xCE, 0xDB, 0xEF, 0xFF,
    0xD6, 0xE3, 0xEF, 0xFF, 0xCE, 0xDF, 0xEF, 0xFF, 0xC6, 0xD7, 0xE7, 0xFF, 0xBD, 0xCF, 0xDE, 0xFF,
    0xBD, 0xCF, 0xE7, 0xFF, 0xBD, 0xCB, 0xE7, 0xFF, 0xB5, 0xC7, 0xE7, 0xFF, 0xB5, 0xCB, 0xE7, 0xFF,
    0xB5, 0xCB, 0xE7, 0xFF, 0xBD, 0xCF, 0xE7, 0xFF, 0xC6, 0xD7, 0xE7, 0xFF, 0xA5, 0xB6, 0xD6, 0xFF,
    0x94, 0xAA, 0xCE, 0xFF, 0xAD, 0xC3, 0xDE, 0xFF, 0xD6, 0xE7, 0xFF, 0xFF, 0x6B, 0x82, 0x9C, 0xFF,
    0x29, 0x45, 0x6B, 0xFF, 0x4A, 0x69, 0x7B, 0xFF, 0x10, 0x18, 0x10, 0xFF, 0x18, 0x18, 0x10, 0xFF,
    0x18, 0x1C, 0x10, 0xFF, 0x18, 0x1C, 0x10, 0xFF, 0x18, 0x1C, 0x10, 0xFF, 0x29, 0x28, 0x18, 0xFF,
    0x31, 0x34, 0x21, 0xFF, 0x31, 0x38, 0x29, 0xFF, 0x31, 0x38, 0x29, 0xFF, 0x31, 0x34, 0x21, 0xFF,
    0x29, 0x30, 0x21, 0xFF, 0x21, 0x28, 0x18, 0xE6, 0x21, 0x24, 0x18, 0x02, 0x18, 0x20, 0x18, 0x00,
    0x18, 0x20, 0x10, 0x00, 0x18, 0x20, 0x10, 0x00, 0x18, 0x1C, 0x10, 0x00, 0x18, 0x1C, 0x10, 0x00,
    0x18, 0x1C, 0x10, 0x00, 0x18, 0x1C, 0x10, 0x00, 0x18, 0x1C, 0x10, 0x00, 0x10, 0x14, 0x10, 0x00,
    0x08, 0x0C, 0x08, 0x00, 0x08, 0x08, 0x00, 0x76, 0x08, 0x08, 0x00, 0xFF, 0x08, 0x0C, 0x08, 0xFF,
    0x08, 0x0C, 0x08, 0xFF, 0x08, 0x0C, 0x08, 0xFF, 0x08, 0x10, 0x08, 0xFF, 0x08, 0x10, 0x08, 0xFF,
    0x10, 0x10, 0x08, 0xFF, 0x10, 0x14, 0x10, 0xFF, 0x18, 0x1C, 0x10, 0xFF, 0x21, 0x24, 0x18, 0xFF,
    0x21, 0x24, 0x18, 0xFF, 0x21, 0x28, 0x18, 0xFF, 0x29, 0x2C, 0x18, 0xFF, 0x29, 0x2C, 0x18, 0xFF,
    0x29, 0x2C, 0x18, 0xFF, 0x21, 0x24, 0x18, 0xFF, 0x08, 0x0C, 0x08, 0xFF, 0x00, 0x08, 0x00, 0xFF,
    0x00, 0x04, 0x00, 0xFF, 0x00, 0x04, 0x00, 0xFF, 0x00, 0x04, 0x00, 0xFF, 0x00, 0x04, 0x00, 0xFF,
    0x00, 0x08, 0x00, 0xFF, 0x08, 0x08, 0x08, 0xFF, 0x10, 0x10, 0x10, 0xFF, 0x18, 0x1C, 0x18, 0xFF,
    0x10, 0x0C, 0x08, 0xFF, 0x10, 0x10, 0x08, 0xFF, 0x29, 0x28, 0x21, 0xFF, 0x29, 0x2C, 0x29, 0xFF,
    0x21, 0x24, 0x21, 0xFF, 0x31, 0x30, 0x21, 0xFF, 0x29, 0x2C, 0x21, 0xFF, 0x18, 0x14, 0x10, 0xFF,
    0x21, 0x20, 0x21, 0xFF, 0x29, 0x2C, 0x21, 0xFF, 0x31, 0x30, 0x21, 0xFF, 0x29, 0x28, 0x21, 0xFF,
    0x10, 0x14, 0x10, 0xFF, 0x10, 0x14, 0x10, 0xFF, 0x10, 0x10, 0x10, 0xFF, 0x10, 0x14, 0x10, 0xFF,
    0x10, 0x14, 0x10, 0xFF, 0x21, 0x24, 0x29, 0xFF, 0x52, 0x61, 0x7B, 0xFF, 0x94, 0xA6, 0xCE, 0xFF,
    0x9C, 0xB6, 0xD6, 0xFF, 0x9C, 0xB6, 0xD6, 0xFF, 0xA5, 0xBE, 0xD6, 0xFF, 0xB5, 0xC7, 0xDE, 0xFF,
    0xCE, 0xD7, 0xE7, 0xFF, 0xD6, 0xDF, 0xEF, 0xFF, 0xCE, 0xDB, 0xE7, 0xFF, 0xCE, 0xD7, 0xE7, 0xFF,
    0xCE, 0xDB, 0xEF, 0xFF, 0xCE, 0xDB, 0xE7, 0xFF, 0xCE, 0xD3, 0xE7, 0xFF, 0xC6, 0xD3, 0xE7, 0xFF,
    0xBD, 0xCF, 0xE7, 0xFF, 0xBD, 0xCB, 0xDE, 0xFF, 0xBD, 0xCF, 0xE7, 0xFF, 0xB5, 0xCF, 0xE7, 0xFF,
    0x94, 0xA6, 0xC6, 0xFF, 0x84, 0x9E, 0xC6, 0xFF, 0xA5, 0xBE, 0xDE, 0xFF, 0x8C, 0xA6, 0xC6, 0xFF,
    0x00, 0x14, 0x39, 0xFF, 0x10, 0x24, 0x4A, 0xFF, 0x21, 0x30, 0x42, 0xFF, 0x10, 0x14, 0x08, 0xFF,
    0x18, 0x1C, 0x10, 0xFF, 0x18, 0x1C, 0x10, 0xFF, 0x18, 0x18, 0x10, 0xFF, 0x18, 0x14, 0x10, 0xFF,
    0x18, 0x18, 0x10, 0xFF, 0x21, 0x24, 0x18, 0xFF, 0x29, 0x28, 0x18, 0xFF, 0x29, 0x2C, 0x18, 0xFF,
    0x21, 0x28, 0x18, 0xFF, 0x21, 0x24, 0x18, 0xFF, 0x29, 0x28, 0x18, 0xFF, 0x21, 0x28, 0x18, 0x76,
    0x21, 0x28, 0x18, 0x00, 0x21, 0x24, 0x18, 0x00, 0x21, 0x24, 0x18, 0x00, 0x21, 0x20, 0x18, 0x00,
    0x18, 0x20, 0x10, 0x00, 0x18, 0x20, 0x10, 0x00, 0x18, 0x1C, 0x10, 0x00, 0x18, 0x20, 0x10, 0x00,
    0x18, 0x1C, 0x10, 0x00, 0x10, 0x14, 0x08, 0x0C, 0x08, 0x0C, 0x08, 0xF3, 0x08, 0x08, 0x00, 0xFF,
    0x08, 0x0C, 0x08, 0xFF, 0x08, 0x0C, 0x08, 0xFF, 0x08, 0x0C, 0x08, 0xFF, 0x08, 0x10, 0x08, 0xFF,
    0x08, 0x0C, 0x08, 0xFF, 0x08, 0x10, 0x08, 0xFF, 0x10, 0x14, 0x08, 0xFF, 0x18, 0x18, 0x10, 0xFF,
    0x18, 0x20, 0x18, 0xFF, 0x21, 0x20, 0x18, 0xFF, 0x21, 0x24, 0x18, 0xFF, 0x29, 0x2C, 0x21, 0xFF,
    0x29, 0x2C, 0x18, 0xFF, 0x21, 0x24, 0x18, 0xFF, 0x21, 0x28, 0x18, 0xFF, 0x08, 0x0C, 0x08, 0xFF,
    0x00, 0x04, 0x00, 0xFF, 0x00, 0x08, 0x00, 0xFF, 0x00, 0x04, 0x00, 0xFF, 0x00, 0x00, 0x00, 0xFF,
    0x00, 0x00, 0x00, 0xFF, 0x00, 0x04, 0x00, 0xFF, 0x08, 0x08, 0x08, 0xFF, 0x08, 0x08, 0x08, 0xFF,
    0x18, 0x1C, 0x10, 0xFF, 0x29, 0x2C, 0x21, 0xFF, 0x10, 0x10, 0x08, 0xFF, 0x18, 0x18, 0x10, 0xFF,
    0x31, 0x30, 0x29, 0xFF, 0x29, 0x28, 0x21, 0xFF, 0x21, 0x20, 0x10, 0xFF, 0x29, 0x28, 0x21, 0xFF,
    0x21, 0x1C, 0x18, 0xFF, 0x10, 0x10, 0x08, 0xFF, 0x18, 0x1C, 0x18, 0xFF, 0x21, 0x20, 0x18, 0xFF,
    0x29, 0x24, 0x21, 0xFF, 0x21, 0x1C, 0x18, 0xFF, 0x10, 0x14, 0x10, 0xFF, 0x10, 0x14, 0x10, 0xFF,
    0x18, 0x18, 0x18, 0xFF, 0x21, 0x28, 0x21, 0xFF, 0x21, 0x24, 0x29, 0xFF, 0x63, 0x75, 0x8C, 0xFF,
    0xA5, 0xBA, 0xDE, 0xFF, 0x9C, 0xB2, 0xD6, 0xFF, 0x9C, 0xAE, 0xCE, 0xFF, 0x9C, 0xB6, 0xD6, 0xFF,
    0xAD, 0xBA, 0xD6, 0xFF, 0xB5, 0xC7, 0xDE, 0xFF, 0xBD, 0xCF, 0xDE, 0xFF, 0xC6, 0xD7, 0xE7, 0xFF,
    0xD6, 0xE3, 0xEF, 0xFF, 0xDE, 0xEB, 0xF7, 0xFF, 0xDE, 0xEB, 0xF7, 0xFF, 0xD6, 0xE3, 0xEF, 0xFF,
    0xCE, 0xDB, 0xEF, 0xFF, 0xC6, 0xD7, 0xE7, 0xFF, 0xC6, 0xD3, 0xE7, 0xFF, 0xC6, 0xCF, 0xE7, 0xFF,
    0xBD, 0xD3, 0xEF, 0xFF, 0x94, 0xA6, 0xCE, 0xFF, 0x4A, 0x61, 0x8C, 0xFF, 0x4A, 0x69, 0x9C, 0xFF,
    0x52, 0x71, 0x9C, 0xFF, 0x7B, 0x92, 0xB5, 0xFF, 0x52, 0x69, 0x8C, 0xFF, 0x00, 0x0C, 0x10, 0xFF,
    0x10, 0x14, 0x08, 0xFF, 0x18, 0x1C, 0x10, 0xFF, 0x18, 0x18, 0x10, 0xFF, 0x18, 0x18, 0x10, 0xFF,
    0x10, 0x14, 0x10, 0xFF, 0x10, 0x14, 0x08, 0xFF, 0x10, 0x18, 0x08, 0xFF, 0x10, 0x1C, 0x10, 0xFF,
    0x18, 0x1C, 0x10, 0xFF, 0x18, 0x1C, 0x10, 0xFF, 0x18, 0x20, 0x10, 0xFF, 0x21, 0x24, 0x18, 0xFF,
    0x21, 0x28, 0x18, 0xF3, 0x21, 0x28, 0x18, 0x0C, 0x21, 0x24, 0x18, 0x00, 0x21, 0x24, 0x18, 0x00,
    0x21, 0x20, 0x18, 0x00, 0x21, 0x20, 0x18, 0x00, 0x18, 0x20, 0x10, 0x00, 0x18, 0x20, 0x18, 0x00,
    0x18, 0x20, 0x18, 0x00, 0x18, 0x20, 0x10, 0x00, 0x10, 0x18, 0x10, 0x7C, 0x10, 0x10, 0x08, 0xFF,
    0x08, 0x08, 0x00, 0xFF, 0x08, 0x0C, 0x08, 0xFF, 0x08, 0x0C, 0x08, 0xFF, 0x08, 0x0C, 0x08, 0xFF,
    0x08, 0x10, 0x08, 0xFF, 0x08, 0x10, 0x08, 0xFF, 0x08, 0x10, 0x08, 0xFF, 0x10, 0x14, 0x08, 0xFF,
    0x18, 0x18, 0x10, 0xFF, 0x18, 0x20, 0x10, 0xFF, 0x21, 0x20, 0x18, 0xFF, 0x29, 0x2C, 0x21, 0xFF,
    0x31, 0x34, 0x21, 0xFF, 0x29, 0x2C, 0x18, 0xFF, 0x21, 0x20, 0x18, 0xFF, 0x18, 0x1C, 0x10, 0xFF,
    0x08, 0x08, 0x08, 0xFF, 0x00, 0x00, 0x00, 0xFF, 0x08, 0x08, 0x08, 0xFF, 0x08, 0x08, 0x08, 0xFF,
    0x00, 0x04, 0x00, 0xFF, 0x00, 0x00, 0x00, 0xFF, 0x00, 0x04, 0x00, 0xFF, 0x08, 0x08, 0x00, 0xFF,
    0x08, 0x0C, 0x08, 0xFF, 0x10, 0x14, 0x10, 0xFF, 0x31, 0x34, 0x29, 0xFF, 0x31, 0x30, 0x29, 0xFF,
    0x10, 0x10, 0x08, 0xFF, 0x29, 0x2C, 0x21, 0xFF, 0x31, 0x30, 0x29, 0xFF, 0x18, 0x18, 0x10, 0xFF,
    0x18, 0x18, 0x10, 0xFF, 0x21, 0x20, 0x18, 0xFF, 0x10, 0x10, 0x08, 0xFF, 0x10, 0x14, 0x08, 0xFF,
    0x18, 0x1C, 0x18, 0xFF, 0x21, 0x20, 0x18, 0xFF, 0x29, 0x28, 0x21, 0xFF, 0x21, 0x20, 0x18, 0xFF,
    0x21, 0x24, 0x21, 0xFF, 0x21, 0x24, 0x21, 0xFF, 0x29, 0x30, 0x29, 0xFF, 0x31, 0x3C, 0x42, 0xFF,
    0x5A, 0x69, 0x73, 0xFF, 0x8C, 0xA2, 0xBD, 0xFF, 0x9C, 0xAE, 0xD6, 0xFF, 0x94, 0xAA, 0xD6, 0xFF,
    0x94, 0xAA, 0xCE, 0xFF, 0x9C, 0xB2, 0xCE, 0xFF, 0xA5, 0xBA, 0xD6, 0xFF, 0xAD, 0xBE, 0xDE, 0xFF,
    0xB5, 0xC7, 0xDE, 0xFF, 0xBD, 0xCB, 0xDE, 0xFF, 0xBD, 0xCF, 0xE7, 0xFF, 0xC6, 0xD3, 0xE7, 0xFF,
    0xBD, 0xCF, 0xE7, 0xFF, 0xBD, 0xCB, 0xE7, 0xFF, 0xC6, 0xD3, 0xE7, 0xFF, 0xBD, 0xD3, 0xE7, 0xFF,
    0xBD, 0xCF, 0xE7, 0xFF, 0xB5, 0xCB, 0xE7, 0xFF, 0xB5, 0xCB, 0xE7, 0xFF, 0x5A, 0x71, 0x9C, 0xFF,
    0x18, 0x28, 0x63, 0xFF, 0x73, 0x8E, 0xB5, 0xFF, 0xD6, 0xE7, 0xFF, 0xFF, 0xB5, 0xC7, 0xE7, 0xFF,
    0x39, 0x49, 0x52, 0xFF, 0x00, 0x00, 0x00, 0xFF, 0x10, 0x18, 0x10, 0xFF, 0x18, 0x1C, 0x10, 0xFF,
    0x18, 0x18, 0x10, 0xFF, 0x10, 0x18, 0x10, 0xFF, 0x10, 0x18, 0x10, 0xFF, 0x18, 0x1C, 0x10, 0xFF,
    0x18, 0x1C, 0x10, 0xFF, 0x18, 0x1C, 0x10, 0xFF, 0x18, 0x1C, 0x10, 0xFF, 0x18, 0x20, 0x10, 0xFF,
    0x21, 0x24, 0x18, 0xFF, 0x21, 0x24, 0x18, 0xFF, 0x21, 0x24, 0x18, 0x7C, 0x21, 0x24, 0x18, 0x00,
    0x21, 0x24, 0x18, 0x00, 0x21, 0x24, 0x18, 0x00, 0x21, 0x20, 0x18, 0x00, 0x21, 0x24, 0x18, 0x00,
    0x21, 0x28, 0x18, 0x00, 0x21, 0x24, 0x18, 0x00, 0x18, 0x1C, 0x10, 0x08, 0x18, 0x1C, 0x10, 0xEB,
    0x10, 0x14, 0x08, 0xFF, 0x08, 0x0C, 0x08, 0xFF, 0x08, 0x0C, 0x08, 0xFF, 0x08, 0x0C, 0x08, 0xFF,
    0x08, 0x0C, 0x08, 0xFF, 0x10, 0x10, 0x08, 0xFF, 0x08, 0x10, 0x08, 0xFF, 0x10, 0x10, 0x08, 0xFF,
    0x10, 0x14, 0x08, 0xFF, 0x10, 0x18, 0x10, 0xFF, 0x18, 0x1C, 0x10, 0xFF, 0x21, 0x24, 0x18, 0xFF,
    0x29, 0x34, 0x21, 0xFF, 0x31, 0x3C, 0x29, 0xFF, 0x29, 0x30, 0x21, 0xFF, 0x10, 0x18, 0x10, 0xFF,
    0x08, 0x08, 0x08, 0xFF, 0x08, 0x0C, 0x08, 0xFF, 0x00, 0x00, 0x00, 0xFF, 0x00, 0x04, 0x00, 0xFF,
    0x08, 0x08, 0x00, 0xFF, 0x08, 0x08, 0x08, 0xFF, 0x08, 0x0C, 0x08, 0xFF, 0x08, 0x0C, 0x08, 0xFF,
    0x00, 0x08, 0x00, 0xFF, 0x08, 0x0C, 0x08, 0xFF, 0x18, 0x14, 0x10, 0xFF, 0x21, 0x24, 0x18, 0xFF,
    0x42, 0x45, 0x39, 0xFF, 0x31, 0x30, 0x29, 0xFF, 0x08, 0x0C, 0x08, 0xFF, 0x21, 0x20, 0x18, 0xFF,
    0x29, 0x28, 0x21, 0xFF, 0x18, 0x18, 0x10, 0xFF, 0x18, 0x1C, 0x18, 0xFF, 0x18, 0x1C, 0x18, 0xFF,
    0x10, 0x10, 0x08, 0xFF, 0x21, 0x24, 0x21, 0xFF, 0x29, 0x28, 0x21, 0xFF, 0x21, 0x24, 0x18, 0xFF,
    0x39, 0x38, 0x31, 0xFF, 0x31, 0x34, 0x31, 0xFF, 0x29, 0x30, 0x29, 0xFF, 0x29, 0x30, 0x31, 0xFF,
    0x39, 0x41, 0x42, 0xFF, 0x4A, 0x55, 0x5A, 0xFF, 0x52, 0x65, 0x73, 0xFF, 0x84, 0x96, 0xB5, 0xFF,
    0x94, 0xAA, 0xCE, 0xFF, 0x8C, 0xA6, 0xC6, 0xFF, 0x94, 0xAA, 0xCE, 0xFF, 0x9C, 0xAE, 0xCE, 0xFF,
    0x9C, 0xB2, 0xD6, 0xFF, 0xA5, 0xB6, 0xD6, 0xFF, 0xA5, 0xB6, 0xD6, 0xFF, 0xA5, 0xBA, 0xD6, 0xFF,
    0xA5, 0xB6, 0xD6, 0xFF, 0x9C, 0xB2, 0xD6, 0xFF, 0xA5, 0xBA, 0xD6, 0xFF, 0xAD, 0xBE, 0xDE, 0xFF,
    0xAD, 0xC3, 0xDE, 0xFF, 0xB5, 0xC7, 0xDE, 0xFF, 0xB5, 0xCB, 0xE7, 0xFF, 0xB5, 0xCB, 0xE7, 0xFF,
    0xAD, 0xC3, 0xE7, 0xFF, 0x9C, 0xAE, 0xCE, 0xFF, 0xAD, 0xC3, 0xDE, 0xFF, 0xAD, 0xC3, 0xDE, 0xFF,
    0xC6, 0xDB, 0xEF, 0xFF, 0xC6, 0xDB, 0xEF, 0xFF, 0x52, 0x61, 0x73, 0xFF, 0x08, 0x14, 0x10, 0xFF,
    0x10, 0x18, 0x08, 0xFF, 0x18, 0x18, 0x10, 0xFF, 0x18, 0x18, 0x10, 0xFF, 0x18, 0x18, 0x10, 0xFF,
    0x10, 0x18, 0x10, 0xFF, 0x10, 0x18, 0x10, 0xFF, 0x18, 0x1C, 0x10, 0xFF, 0x18, 0x1C, 0x10, 0xFF,
    0x18, 0x1C, 0x10, 0xFF, 0x18, 0x20, 0x10, 0xFF, 0x18, 0x20, 0x18, 0xFF, 0x21, 0x24, 0x18, 0xEB,
    0x21, 0x24, 0x18, 0x08, 0x21, 0x24, 0x18, 0x00, 0x21, 0x24, 0x18, 0x00, 0x18, 0x20, 0x10, 0x00,
    0x21, 0x24, 0x18, 0x00, 0x21, 0x20, 0x18, 0x00, 0x18, 0x20, 0x10, 0x00, 0x18, 0x1C, 0x10, 0x61,
    0x18, 0x1C, 0x10, 0xFF, 0x10, 0x18, 0x10, 0xFF, 0x10, 0x10, 0x08, 0xFF, 0x08, 0x0C, 0x08, 0xFF,
    0x08, 0x0C, 0x08, 0xFF, 0x08, 0x0C, 0x08, 0xFF, 0x10, 0x10, 0x08, 0xFF, 0x10, 0x10, 0x08, 0xFF,
    0x10, 0x14, 0x08, 0xFF, 0x10, 0x14, 0x10, 0xFF, 0x10, 0x18, 0x10, 0xFF, 0x10, 0x1C, 0x10, 0xFF,
    0x21, 0x24, 0x18, 0xFF, 0x31, 0x34, 0x21, 0xFF, 0x31, 0x38, 0x29, 0xFF, 0x29, 0x2C, 0x21, 0xFF,
    0x10, 0x10, 0x08, 0xFF, 0x00, 0x04, 0x00, 0xFF, 0x08, 0x08, 0x08, 0xFF, 0x00, 0x04, 0x00, 0xFF,
    0x00, 0x00, 0x00, 0xFF, 0x08, 0x08, 0x08, 0xFF, 0x08, 0x08, 0x00, 0xFF, 0x08, 0x0C, 0x08, 0xFF,
    0x08, 0x0C, 0x08, 0xFF, 0x08, 0x10, 0x08, 0xFF, 0x10, 0x10, 0x08, 0xFF, 0x08, 0x0C, 0x08, 0xFF,
    0x08, 0x08, 0x00, 0xFF, 0x21, 0x24, 0x18, 0xFF, 0x39, 0x3C, 0x31, 0xFF, 0x18, 0x1C, 0x18, 0xFF,
    0x10, 0x10, 0x08, 0xFF, 0x18, 0x1C, 0x18, 0xFF, 0x18, 0x18, 0x10, 0xFF, 0x10, 0x10, 0x08, 0xFF,
    0x29, 0x28, 0x21, 0xFF, 0x21, 0x20, 0x18, 0xFF, 0x18, 0x18, 0x10, 0xFF, 0x29, 0x28, 0x21, 0xFF,
    0x21, 0x20, 0x18, 0xFF, 0x31, 0x34, 0x31, 0xFF, 0x31, 0x34, 0x31, 0xFF, 0x29, 0x2C, 0x29, 0xFF,
    0x31, 0x34, 0x39, 0xFF, 0x29, 0x30, 0x31, 0xFF, 0x31, 0x41, 0x42, 0xFF, 0x31, 0x41, 0x4A, 0xFF,
    0x4A, 0x5D, 0x73, 0xFF, 0x8C, 0xA2, 0xC6, 0xFF, 0x94, 0xAA, 0xCE, 0xFF, 0x8C, 0xA6, 0xC6, 0xFF,
    0x94, 0xAA, 0xCE, 0xFF, 0x94, 0xAA, 0xCE, 0xFF, 0x94, 0xAE, 0xCE, 0xFF, 0x9C, 0xAE, 0xCE, 0xFF,
    0x9C, 0xB2, 0xD6, 0xFF, 0x94, 0xAE, 0xCE, 0xFF, 0x9C, 0xB2, 0xD6, 0xFF, 0x9C, 0xB6, 0xD6, 0xFF,
    0xA5, 0xB6, 0xD6, 0xFF, 0xAD, 0xBE, 0xDE, 0xFF, 0xB5, 0xCB, 0xDE, 0xFF, 0xBD, 0xCF, 0xE7, 0xFF,
    0xB5, 0xC7, 0xDE, 0xFF, 0xAD, 0xC7, 0xDE, 0xFF, 0xC6, 0xD7, 0xEF, 0xFF, 0xC6, 0xD3, 0xE7, 0xFF,
    0xB5, 0xC7, 0xDE, 0xFF, 0xBD, 0xCB, 0xD6, 0xFF, 0xBD, 0xCF, 0xEF, 0xFF, 0xC6, 0xDB, 0xFF, 0xFF,
    0x52, 0x61, 0x6B, 0xFF, 0x00, 0x04, 0x00, 0xFF, 0x18, 0x1C, 0x10, 0xFF, 0x18, 0x1C, 0x10, 0xFF,
    0x18, 0x1C, 0x10, 0xFF, 0x10, 0x1C, 0x10, 0xFF, 0x10, 0x18, 0x10, 0xFF, 0x10, 0x14, 0x10, 0xFF,
    0x10, 0x18, 0x10, 0xFF, 0x10, 0x18, 0x10, 0xFF, 0x18, 0x18, 0x10, 0xFF, 0x18, 0x1C, 0x10, 0xFF,
    0x18, 0x20, 0x10, 0xFF, 0x18, 0x20, 0x10, 0x61, 0x18, 0x20, 0x10, 0x00, 0x18, 0x20, 0x10, 0x00,
    0x18, 0x1C, 0x10, 0x00, 0x18, 0x1C, 0x10, 0x00, 0x18, 0x1C, 0x10, 0x00, 0x18, 0x1C, 0x10, 0x00,
    0x18, 0x1C, 0x10, 0xC9, 0x18, 0x1C, 0x10, 0xFF, 0x18, 0x1C, 0x10, 0xFF, 0x10, 0x14, 0x08, 0xFF,
    0x08, 0x0C, 0x08, 0xFF, 0x08, 0x0C, 0x08, 0xFF, 0x08, 0x0C, 0x08, 0xFF, 0x08, 0x0C, 0x08, 0xFF,
    0x10, 0x10, 0x08, 0xFF, 0x10, 0x10, 0x08, 0xFF, 0x10, 0x10, 0x08, 0xFF, 0x10, 0x14, 0x10, 0xFF,
    0x10, 0x18, 0x08, 0xFF, 0x18, 0x20, 0x10, 0xFF, 0x29, 0x30, 0x21, 0xFF, 0x31, 0x34, 0x21, 0xFF,
    0x21, 0x20, 0x18, 0xFF, 0x08, 0x08, 0x08, 0xFF, 0x00, 0x04, 0x00, 0xFF, 0x08, 0x08, 0x00, 0xFF,
    0x08, 0x08, 0x08, 0xFF, 0x00, 0x04, 0x00, 0xFF, 0x00, 0x04, 0x00, 0xFF, 0x08, 0x08, 0x00, 0xFF,
    0x00, 0x04, 0x00, 0xFF, 0x00, 0x08, 0x00, 0xFF, 0x08, 0x0C, 0x08, 0xFF, 0x10, 0x10, 0x08, 0xFF,
    0x08, 0x0C, 0x08, 0xFF, 0x08, 0x08, 0x08, 0xFF, 0x10, 0x0C, 0x08, 0xFF, 0x21, 0x20, 0x18, 0xFF,
    0x21, 0x24, 0x18, 0xFF, 0x18, 0x14, 0x10, 0xFF, 0x18, 0x18, 0x10, 0xFF, 0x10, 0x10, 0x10, 0xFF,
    0x18, 0x1C, 0x18, 0xFF, 0x29, 0x28, 0x29, 0xFF, 0x21, 0x24, 0x21, 0xFF, 0x21, 0x20, 0x21, 0xFF,
    0x31, 0x34, 0x31, 0xFF, 0x39, 0x3C, 0x39, 0xFF, 0x29, 0x34, 0x31, 0xFF, 0x29, 0x2C, 0x29, 0xFF,
    0x29, 0x30, 0x31, 0xFF, 0x29, 0x30, 0x31, 0xFF, 0x29, 0x30, 0x31, 0xFF, 0x29, 0x2C, 0x31, 0xFF,
    0x31, 0x38, 0x42, 0xFF, 0x31, 0x3C, 0x4A, 0xFF, 0x73, 0x86, 0xA5, 0xFF, 0x94, 0xAA, 0xCE, 0xFF,
    0x8C, 0xA6, 0xC6, 0xFF, 0x8C, 0xAA, 0xCE, 0xFF, 0x8C, 0xA6, 0xCE, 0xFF, 0x94, 0xAA, 0xCE, 0xFF,
    0x94, 0xAE, 0xCE, 0xFF, 0x9C, 0xB2, 0xCE, 0xFF, 0x9C, 0xB6, 0xD6, 0xFF, 0x9C, 0xB6, 0xD6, 0xFF,
    0xA5, 0xBA, 0xD6, 0xFF, 0xAD, 0xBE, 0xDE, 0xFF, 0xAD, 0xC3, 0xDE, 0xFF, 0xB5, 0xCB, 0xDE, 0xFF,
    0xBD, 0xCB, 0xDE, 0xFF, 0xB5, 0xCB, 0xDE, 0xFF, 0xBD, 0xCF, 0xDE, 0xFF, 0xBD, 0xCB, 0xDE, 0xFF,
    0xBD, 0xCB, 0xDE, 0xFF, 0xBD, 0xCB, 0xDE, 0xFF, 0xC6, 0xD7, 0xE7, 0xFF, 0x94, 0xAA, 0xC6, 0xFF,
    0x84, 0x96, 0xCE, 0xFF, 0x31, 0x45, 0x5A, 0xFF, 0x00, 0x00, 0x00, 0xFF, 0x18, 0x20, 0x18, 0xFF,
    0x18, 0x18, 0x10, 0xFF, 0x18, 0x1C, 0x10, 0xFF, 0x18, 0x1C, 0x10, 0xFF, 0x18, 0x18, 0x10, 0xFF,
    0x10, 0x14, 0x10, 0xFF, 0x10, 0x14, 0x10, 0xFF, 0x10, 0x14, 0x10, 0xFF, 0x10, 0x14, 0x10, 0xFF,
    0x10, 0x18, 0x10, 0xFF, 0x10, 0x18, 0x10, 0xFF, 0x18, 0x18, 0x10, 0xC9, 0x18, 0x1C, 0x10, 0x00,
    0x18, 0x1C, 0x10, 0x00, 0x18, 0x1C, 0x10, 0x00, 0x10, 0x18, 0x10, 0x00, 0x18, 0x1C, 0x10, 0x00,
    0x18, 0x1C, 0x10, 0x2E, 0x18, 0x1C, 0x10, 0xFF, 0x18, 0x20, 0x10, 0xFF, 0x18, 0x18, 0x10, 0xFF,
    0x10, 0x14, 0x08, 0xFF, 0x10, 0x10, 0x08, 0xFF, 0x08, 0x0C, 0x08, 0xFF, 0x08, 0x0C, 0x08, 0xFF,
    0x08, 0x0C, 0x08, 0xFF, 0x10, 0x10, 0x08, 0xFF, 0x10, 0x10, 0x08, 0xFF, 0x10, 0x10, 0x08, 0xFF,
    0x10, 0x14, 0x10, 0xFF, 0x10, 0x18, 0x10, 0xFF, 0x10, 0x18, 0x10, 0xFF, 0x18, 0x20, 0x10, 0xFF,
    0x21, 0x28, 0x18, 0xFF, 0x18, 0x1C, 0x10, 0xFF, 0x00, 0x08, 0x08, 0xFF, 0x00, 0x04, 0x00, 0xFF,
    0x08, 0x08, 0x08, 0xFF, 0x08, 0x0C, 0x08, 0xFF, 0x08, 0x08, 0x08, 0xFF, 0x00, 0x04, 0x00, 0xFF,
    0x00, 0x08, 0x00, 0xFF, 0x08, 0x08, 0x08, 0xFF, 0x08, 0x0C, 0x08, 0xFF, 0x08, 0x0C, 0x08, 0xFF,
    0x10, 0x0C, 0x08, 0xFF, 0x08, 0x0C, 0x08, 0xFF, 0x10, 0x0C, 0x08, 0xFF, 0x10, 0x10, 0x10, 0xFF,
    0x10, 0x10, 0x08, 0xFF, 0x18, 0x14, 0x10, 0xFF, 0x10, 0x14, 0x10, 0xFF, 0x10, 0x14, 0x08, 0xFF,
    0x08, 0x0C, 0x08, 0xFF, 0x10, 0x14, 0x10, 0xFF, 0x18, 0x1C, 0x18, 0xFF, 0x29, 0x2C, 0x29, 0xFF,
    0x29, 0x2C, 0x29, 0xFF, 0x29, 0x30, 0x29, 0xFF, 0x31, 0x34, 0x31, 0xFF, 0x29, 0x2C, 0x29, 0xFF,
    0x21, 0x2C, 0x31, 0xFF, 0x21, 0x2C, 0x31, 0xFF, 0x18, 0x20, 0x21, 0xFF, 0x21, 0x28, 0x29, 0xFF,
    0x31, 0x34, 0x39, 0xFF, 0x21, 0x2C, 0x31, 0xFF, 0x29, 0x34, 0x39, 0xFF, 0x4A, 0x5D, 0x73, 0xFF,
    0x7B, 0x92, 0xB5, 0xFF, 0x84, 0xA2, 0xC6, 0xFF, 0x84, 0xA2, 0xC6, 0xFF, 0x8C, 0xA6, 0xC6, 0xFF,
    0x94, 0xAA, 0xCE, 0xFF, 0x94, 0xAE, 0xCE, 0xFF, 0x9C, 0xB2, 0xD6, 0xFF, 0xA5, 0xBA, 0xD6, 0xFF,
    0xA5, 0xBA, 0xD6, 0xFF, 0xAD, 0xC3, 0xDE, 0xFF, 0xB5, 0xC7, 0xDE, 0xFF, 0xB5, 0xCB, 0xDE, 0xFF,
    0xB5, 0xC7, 0xDE, 0xFF, 0xB5, 0xCB, 0xDE, 0xFF, 0xBD, 0xCB, 0xDE, 0xFF, 0xC6, 0xD3, 0xE7, 0xFF,
    0xC6, 0xD3, 0xE7, 0xFF, 0xBD, 0xCB, 0xDE, 0xFF, 0xB5, 0xCB, 0xDE, 0xFF, 0x84, 0x9E, 0xBD, 0xFF,
    0x6B, 0x75, 0xAD, 0xFF, 0x84, 0x86, 0xC6, 0xFF, 0x84, 0x8A, 0xAD, 0xFF, 0x31, 0x38, 0x39, 0xFF,
    0x08, 0x10, 0x08, 0xFF, 0x18, 0x18, 0x10, 0xFF, 0x18, 0x18, 0x10, 0xFF, 0x18, 0x1C, 0x10, 0xFF,
    0x18, 0x18, 0x10, 0xFF, 0x10, 0x18, 0x10, 0xFF, 0x10, 0x14, 0x10, 0xFF, 0x10, 0x14, 0x10, 0xFF,
    0x10, 0x14, 0x10, 0xFF, 0x10, 0x18, 0x10, 0xFF, 0x10, 0x14, 0x10, 0xFF, 0x10, 0x14, 0x10, 0xFF,
    0x10, 0x18, 0x10, 0x2E, 0x10, 0x18, 0x10, 0x00, 0x10, 0x18, 0x10, 0x00, 0x10, 0x18, 0x08, 0x00,
    0x18, 0x1C, 0x10, 0x00, 0x18, 0x1C, 0x10, 0x86, 0x18, 0x1C, 0x10, 0xFF, 0x18, 0x1C, 0x10, 0xFF,
    0x10, 0x18, 0x10, 0xFF, 0x10, 0x14, 0x08, 0xFF, 0x10, 0x10, 0x08, 0xFF, 0x08, 0x0C, 0x08, 0xFF,
    0x08, 0x0C, 0x08, 0xFF, 0x08, 0x0C, 0x08, 0xFF, 0x10, 0x10, 0x08, 0xFF, 0x10, 0x10, 0x08, 0xFF,
    0x10, 0x14, 0x08, 0xFF, 0x10, 0x14, 0x08, 0xFF, 0x10, 0x10, 0x10, 0xFF, 0x10, 0x14, 0x10, 0xFF,
    0x10, 0x18, 0x08, 0xFF, 0x10, 0x18, 0x10, 0xFF, 0x18, 0x18, 0x10, 0xFF, 0x10, 0x10, 0x08, 0xFF,
    0x00, 0x00, 0x00, 0xFF, 0x08, 0x08, 0x00, 0xFF, 0x08, 0x08, 0x08, 0xFF, 0x00, 0x08, 0x00, 0xFF,
    0x08, 0x0C, 0x08, 0xFF, 0x08, 0x0C, 0x08, 0xFF, 0x00, 0x08, 0x00, 0xFF, 0x08, 0x0C, 0x08, 0xFF,
    0x10, 0x14, 0x10, 0xFF, 0x18, 0x18, 0x10, 0xFF, 0x18, 0x18, 0x10, 0xFF, 0x08, 0x0C, 0x08, 0xFF,
    0x10, 0x14, 0x10, 0xFF, 0x08, 0x0C, 0x08, 0xFF, 0x08, 0x08, 0x08, 0xFF, 0x10, 0x14, 0x10, 0xFF,
    0x18, 0x18, 0x10, 0xFF, 0x18, 0x1C, 0x18, 0xFF, 0x10, 0x14, 0x10, 0xFF, 0x10, 0x14, 0x10, 0xFF,
    0x21, 0x28, 0x29, 0xFF, 0x21, 0x28, 0x29, 0xFF, 0x10, 0x18, 0x18, 0xFF, 0x08, 0x10, 0x08, 0xFF,
    0x10, 0x18, 0x18, 0xFF, 0x21, 0x2C, 0x31, 0xFF, 0x21, 0x2C, 0x39, 0xFF, 0x29, 0x30, 0x42, 0xFF,
    0x18, 0x24, 0x31, 0xFF, 0x21, 0x2C, 0x31, 0xFF, 0x29, 0x34, 0x39, 0xFF, 0x29, 0x30, 0x39, 0xFF,
    0x31, 0x3C, 0x4A, 0xFF, 0x5A, 0x71, 0x94, 0xFF, 0x84, 0x9A, 0xBD, 0xFF, 0x7B, 0x9A, 0xBD, 0xFF,
    0x84, 0xA2, 0xC6, 0xFF, 0x94, 0xAA, 0xC6, 0xFF, 0x94, 0xAE, 0xCE, 0xFF, 0x9C, 0xAE, 0xCE, 0xFF,
    0xA5, 0xBA, 0xD6, 0xFF, 0xAD, 0xC3, 0xDE, 0xFF, 0xAD, 0xC3, 0xDE, 0xFF, 0xBD, 0xCF, 0xE7, 0xFF,
    0xBD, 0xCB, 0xDE, 0xFF, 0xBD, 0xCF, 0xDE, 0xFF, 0xC6, 0xCF, 0xE7, 0xFF, 0xC6, 0xD3, 0xE7, 0xFF,
    0xC6, 0xD3, 0xE7, 0xFF, 0xC6, 0xD7, 0xE7, 0xFF, 0xC6, 0xD3, 0xE7, 0xFF, 0x9C, 0xB2, 0xCE, 0xFF,
    0x6B, 0x82, 0xA5, 0xFF, 0x9C, 0xA2, 0xCE, 0xFF, 0xC6, 0xD3, 0xEF, 0xFF, 0xD6, 0xE7, 0xFF, 0xFF,
    0x6B, 0x7D, 0x9C, 0xFF, 0x00, 0x04, 0x00, 0xFF, 0x10, 0x14, 0x10, 0xFF, 0x18, 0x18, 0x10, 0xFF,
    0x18, 0x1C, 0x10, 0xFF, 0x18, 0x18, 0x10, 0xFF, 0x10, 0x18, 0x10, 0xFF, 0x10, 0x18, 0x10, 0xFF,
    0x10, 0x14, 0x10, 0xFF, 0x10, 0x14, 0x10, 0xFF, 0x10, 0x18, 0x10, 0xFF, 0x10, 0x14, 0x10, 0xFF,
    0x10, 0x14, 0x10, 0xFF, 0x10, 0x14, 0x10, 0x86, 0x10, 0x18, 0x10, 0x00, 0x18, 0x1C, 0x10, 0x00,
    0x10, 0x18, 0x10, 0x00, 0x18, 0x1C, 0x10, 0x00, 0x18, 0x1C, 0x10, 0xD6, 0x18, 0x1C, 0x10, 0xFF,
    0x10, 0x18, 0x10, 0xFF, 0x10, 0x14, 0x10, 0xFF, 0x10, 0x14, 0x08, 0xFF, 0x10, 0x10, 0x08, 0xFF,
    0x08, 0x0C, 0x08, 0xFF, 0x08, 0x0C, 0x08, 0xFF, 0x08, 0x0C, 0x08, 0xFF, 0x10, 0x10, 0x08, 0xFF,
    0x10, 0x10, 0x08, 0xFF, 0x10, 0x14, 0x08, 0xFF, 0x10, 0x10, 0x08, 0xFF, 0x10, 0x10, 0x08, 0xFF,
    0x10, 0x14, 0x10, 0xFF, 0x10, 0x18, 0x10, 0xFF, 0x10, 0x18, 0x10, 0xFF, 0x10, 0x14, 0x10, 0xFF,
    0x10, 0x10, 0x10, 0xFF, 0x00, 0x08, 0x00, 0xFF, 0x00, 0x04, 0x00, 0xFF, 0x08, 0x08, 0x08, 0xFF,
    0x00, 0x04, 0x00, 0xFF, 0x08, 0x08, 0x00, 0xFF, 0x08, 0x08, 0x08, 0xFF, 0x10, 0x14, 0x10, 0xFF,
    0x08, 0x0C, 0x08, 0xFF, 0x08, 0x0C, 0x08, 0xFF, 0x18, 0x1C, 0x18, 0xFF, 0x18, 0x18, 0x10, 0xFF,
    0x10, 0x0C, 0x08, 0xFF, 0x08, 0x0C, 0x08, 0xFF, 0x18, 0x18, 0x18, 0xFF, 0x10, 0x10, 0x10, 0xFF,
    0x18, 0x14, 0x10, 0xFF, 0x21, 0x20, 0x18, 0xFF, 0x18, 0x1C, 0x18, 0xFF, 0x10, 0x14, 0x10, 0xFF,
    0x18, 0x1C, 0x18, 0xFF, 0x18, 0x20, 0x21, 0xFF, 0x08, 0x14, 0x10, 0xFF, 0x29, 0x38, 0x42, 0xFF,
    0x52, 0x5D, 0x6B, 0xFF, 0x73, 0x7D, 0x94, 0xFF, 0x73, 0x7D, 0x94, 0xFF, 0x4A, 0x5D, 0x73, 0xFF,
    0x42, 0x59, 0x6B, 0xFF, 0x42, 0x51, 0x6B, 0xFF, 0x31, 0x3C, 0x52, 0xFF, 0x21, 0x2C, 0x39, 0xFF,
    0x21, 0x28, 0x31, 0xFF, 0x31, 0x3C, 0x4A, 0xFF, 0x4A, 0x5D, 0x7B, 0xFF, 0x6B, 0x86, 0xA5, 0xFF,
    0x7B, 0x9A, 0xBD, 0xFF, 0x84, 0xA2, 0xC6, 0xFF, 0x8C, 0xA2, 0xC6, 0xFF, 0x94, 0xAA, 0xCE, 0xFF,
    0x9C, 0xAE, 0xCE, 0xFF, 0xA5, 0xB6, 0xD6, 0xFF, 0xAD, 0xBE, 0xDE, 0xFF, 0xAD, 0xC3, 0xDE, 0xFF,
    0xBD, 0xCB, 0xDE, 0xFF, 0xBD, 0xCB, 0xDE, 0xFF, 0xC6, 0xCF, 0xE7, 0xFF, 0xC6, 0xD3, 0xE7, 0xFF,
    0xC6, 0xD3, 0xE7, 0xFF, 0xC6, 0xD3, 0xE7, 0xFF, 0xC6, 0xD7, 0xE7, 0xFF, 0xBD, 0xCF, 0xDE, 0xFF,
    0x9C, 0xB6, 0xCE, 0xFF, 0xA5, 0xBA, 0xD6, 0xFF, 0xBD, 0xCF, 0xDE, 0xFF, 0xA5, 0xB6, 0xCE, 0xFF,
    0x7B, 0x9A, 0xBD, 0xFF, 0x29, 0x49, 0x63, 0xFF, 0x08, 0x08, 0x00, 0xFF, 0x18, 0x18, 0x10, 0xFF,
    0x18, 0x18, 0x10, 0xFF, 0x18, 0x1C, 0x10, 0xFF, 0x10, 0x18, 0x10, 0xFF, 0x10, 0x14, 0x10, 0xFF,
    0x10, 0x18, 0x08, 0xFF, 0x10, 0x18, 0x10, 0xFF, 0x18, 0x18, 0x10, 0xFF, 0x10, 0x18, 0x10, 0xFF,
    0x10, 0x18, 0x10, 0xFF, 0x18, 0x1C, 0x10, 0xFF, 0x18, 0x1C, 0x10, 0xD6, 0x18, 0x1C, 0x10, 0x00,
    0x18, 0x1C, 0x10, 0x00, 0x10, 0x18, 0x10, 0x00, 0x18, 0x1C, 0x10, 0x2C, 0x18, 0x1C, 0x10, 0xFF,
    0x18, 0x18, 0x10, 0xFF, 0x10, 0x14, 0x10, 0xFF, 0x10, 0x14, 0x10, 0xFF, 0x10, 0x14, 0x08, 0xFF,
    0x08, 0x10, 0x08, 0xFF, 0x08, 0x0C, 0x08, 0xFF, 0x08, 0x0C, 0x08, 0xFF, 0x08, 0x0C, 0x08, 0xFF,
    0x08, 0x0C, 0x08, 0xFF, 0x10, 0x10, 0x08, 0xFF, 0x10, 0x10, 0x08, 0xFF, 0x08, 0x10, 0x08, 0xFF,
    0x10, 0x10, 0x08, 0xFF, 0x10, 0x10, 0x08, 0xFF, 0x10, 0x14, 0x08, 0xFF, 0x10, 0x14, 0x10, 0xFF,
    0x10, 0x10, 0x08, 0xFF, 0x08, 0x08, 0x08, 0xFF, 0x08, 0x08, 0x08, 0xFF, 0x00, 0x04, 0x00, 0xFF,
    0x00, 0x00, 0x00, 0xFF, 0x00, 0x04, 0x00, 0xFF, 0x08, 0x08, 0x08, 0xFF, 0x08, 0x0C, 0x08, 0xFF,
    0x10, 0x18, 0x10, 0xFF, 0x21, 0x20, 0x18, 0xFF, 0x10, 0x14, 0x10, 0xFF, 0x10, 0x10, 0x08, 0xFF,
    0x10, 0x14, 0x10, 0xFF, 0x08, 0x0C, 0x08, 0xFF, 0x10, 0x10, 0x10, 0xFF, 0x10, 0x14, 0x10, 0xFF,
    0x18, 0x18, 0x10, 0xFF, 0x18, 0x18, 0x10, 0xFF, 0x21, 0x1C, 0x18, 0xFF, 0x18, 0x14, 0x10, 0xFF,
    0x08, 0x10, 0x10, 0xFF, 0x08, 0x10, 0x10, 0xFF, 0x10, 0x18, 0x21, 0xFF, 0x63, 0x71, 0x8C, 0xFF,
    0xAD, 0xC3, 0xDE, 0xFF, 0x9C, 0xB6, 0xD6, 0xFF, 0xAD, 0xCB, 0xEF, 0xFF, 0xBD, 0xDB, 0xF7, 0xFF,
    0x94, 0xA6, 0xC6, 0xFF, 0x52, 0x69, 0x8C, 0xFF, 0x42, 0x51, 0x73, 0xFF, 0x52, 0x5D, 0x73, 0xFF,
    0x39, 0x45, 0x5A, 0xFF, 0x21, 0x2C, 0x39, 0xFF, 0x31, 0x41, 0x4A, 0xFF, 0x39, 0x51, 0x6B, 0xFF,
    0x5A, 0x75, 0x94, 0xFF, 0x8C, 0xA6, 0xC6, 0xFF, 0x84, 0x9E, 0xBD, 0xFF, 0x84, 0x9A, 0xBD, 0xFF,
    0x8C, 0xA2, 0xC6, 0xFF, 0x9C, 0xB2, 0xCE, 0xFF, 0x9C, 0xB6, 0xD6, 0xFF, 0xA5, 0xBA, 0xD6, 0xFF,
    0xAD, 0xBE, 0xDE, 0xFF, 0xAD, 0xC3, 0xDE, 0xFF, 0xB5, 0xCB, 0xE7, 0xFF, 0xBD, 0xCF, 0xDE, 0xFF,
    0xBD, 0xCF, 0xDE, 0xFF, 0xC6, 0xD3, 0xE7, 0xFF, 0xC6, 0xD3, 0xE7, 0xFF, 0xCE, 0xD7, 0xE7, 0xFF,
    0xC6, 0xD3, 0xE7, 0xFF, 0xB5, 0xCB, 0xDE, 0xFF, 0xAD, 0xC7, 0xDE, 0xFF, 0xA5, 0xBE, 0xD6, 0xFF,
    0x9C, 0xB6, 0xD6, 0xFF, 0x94, 0xAE, 0xD6, 0xFF, 0x73, 0x8E, 0xAD, 0xFF, 0x08, 0x0C, 0x10, 0xFF,
    0x08, 0x08, 0x00, 0xFF, 0x18, 0x20, 0x10, 0xFF, 0x18, 0x18, 0x10, 0xFF, 0x10, 0x18, 0x10, 0xFF,
    0x10, 0x18, 0x10, 0xFF, 0x10, 0x18, 0x10, 0xFF, 0x10, 0x18, 0x10, 0xFF, 0x18, 0x18, 0x10, 0xFF,
    0x18, 0x1C, 0x10, 0xFF, 0x18, 0x1C, 0x10, 0xFF, 0x18, 0x1C, 0x10, 0xFF, 0x18, 0x1C, 0x10, 0xFF,
    0x18, 0x1C, 0x10, 0x2C, 0x18, 0x1C, 0x10, 0x00, 0x10, 0x18, 0x10, 0x00, 0x18, 0x18, 0x10, 0x72,
    0x18, 0x18, 0x10, 0xFF, 0x10, 0x18, 0x10, 0xFF, 0x10, 0x18, 0x10, 0xFF, 0x10, 0x18, 0x08, 0xFF,
    0x10, 0x14, 0x10, 0xFF, 0x08, 0x10, 0x08, 0xFF, 0x08, 0x0C, 0x08, 0xFF, 0x08, 0x0C, 0x08, 0xFF,
    0x08, 0x0C, 0x08, 0xFF, 0x08, 0x0C, 0x08, 0xFF, 0x08, 0x10, 0x08, 0xFF, 0x08, 0x10, 0x08, 0xFF,
    0x08, 0x10, 0x08, 0xFF, 0x08, 0x10, 0x08, 0xFF, 0x08, 0x0C, 0x08, 0xFF, 0x08, 0x10, 0x08, 0xFF,
    0x10, 0x10, 0x10, 0xFF, 0x10, 0x10, 0x08, 0xFF, 0x08, 0x08, 0x08, 0xFF, 0x08, 0x08, 0x08, 0xFF,
    0x00, 0x08, 0x00, 0xFF, 0x00, 0x00, 0x00, 0xFF, 0x00, 0x04, 0x00, 0xFF, 0x08, 0x08, 0x08, 0xFF,
    0x10, 0x10, 0x08, 0xFF, 0x08, 0x10, 0x08, 0xFF, 0x18, 0x1C, 0x18, 0xFF, 0x29, 0x28, 0x21, 0xFF,
    0x10, 0x14, 0x10, 0xFF, 0x18, 0x14, 0x10, 0xFF, 0x18, 0x18, 0x10, 0xFF, 0x10, 0x14, 0x10, 0xFF,
    0x08, 0x0C, 0x08, 0xFF, 0x18, 0x18, 0x10, 0xFF, 0x10, 0x14, 0x10, 0xFF, 0x21, 0x1C, 0x18, 0xFF,
    0x18, 0x1C, 0x18, 0xFF, 0x10, 0x14, 0x10, 0xFF, 0x08, 0x10, 0x10, 0xFF, 0x4A, 0x65, 0x7B, 0xFF,
    0xA5, 0xC3, 0xEF, 0xFF, 0x4A, 0x61, 0x8C, 0xFF, 0x08, 0x14, 0x42, 0xFF, 0x18, 0x28, 0x5A, 0xFF,
    0x84, 0x9E, 0xC6, 0xFF, 0x94, 0xB6, 0xDE, 0xFF, 0x52, 0x69, 0x8C, 0xFF, 0x4A, 0x61, 0x84, 0xFF,
    0x4A, 0x5D, 0x7B, 0xFF, 0x4A, 0x59, 0x7B, 0xFF, 0x39, 0x45, 0x5A, 0xFF, 0x29, 0x34, 0x42, 0xFF,
    0x52, 0x65, 0x7B, 0xFF, 0x7B, 0x96, 0xB5, 0xFF, 0x84, 0x9A, 0xBD, 0xFF, 0x7B, 0x96, 0xB5, 0xFF,
    0x7B, 0x96, 0xBD, 0xFF, 0x84, 0x9E, 0xC6, 0xFF, 0x8C, 0xA6, 0xC6, 0xFF, 0x9C, 0xB2, 0xCE, 0xFF,
    0xA5, 0xB6, 0xD6, 0xFF, 0xA5, 0xBA, 0xD6, 0xFF, 0xA5, 0xBE, 0xDE, 0xFF, 0xAD, 0xC3, 0xDE, 0xFF,
    0xAD, 0xC3, 0xDE, 0xFF, 0xB5, 0xCB, 0xDE, 0xFF, 0xBD, 0xCF, 0xDE, 0xFF, 0xBD, 0xCB, 0xDE, 0xFF,
    0xBD, 0xCB, 0xDE, 0xFF, 0xBD, 0xCF, 0xDE, 0xFF, 0xBD, 0xCF, 0xDE, 0xFF, 0xBD, 0xCB, 0xDE, 0xFF,
    0xAD, 0xC3, 0xD6, 0xFF, 0xA5, 0xBE, 0xD6, 0xFF, 0xA5, 0xB6, 0xD6, 0xFF, 0xB5, 0xCF, 0xEF, 0xFF,
    0x7B, 0x8A, 0x9C, 0xFF, 0x08, 0x08, 0x00, 0xFF, 0x08, 0x0C, 0x00, 0xFF, 0x18, 0x1C, 0x10, 0xFF,
    0x10, 0x1C, 0x08, 0xFF, 0x18, 0x18, 0x10, 0xFF, 0x18, 0x18, 0x10, 0xFF, 0x18, 0x18, 0x10, 0xFF,
    0x18, 0x1C, 0x10, 0xFF, 0x18, 0x1C, 0x10, 0xFF, 0x18, 0x1C, 0x10, 0xFF, 0x18, 0x1C, 0x10, 0xFF,
    0x18, 0x1C, 0x10, 0xFF, 0x18, 0x1C, 0x10, 0x72, 0x18, 0x1C, 0x10, 0x00, 0x10, 0x18, 0x10, 0x00,
    0x18, 0x18, 0x10, 0xAE, 0x18, 0x18, 0x10, 0xFF, 0x10, 0x18, 0x10, 0xFF, 0x18, 0x1C, 0x10, 0xFF,
    0x10, 0x18, 0x10, 0xFF, 0x10, 0x14, 0x10, 0xFF, 0x10, 0x10, 0x08, 0xFF, 0x08, 0x0C, 0x08, 0xFF,
    0x08, 0x0C, 0x08, 0xFF, 0x08, 0x0C, 0x08, 0xFF, 0x08, 0x0C, 0x08, 0xFF, 0x08, 0x0C, 0x08, 0xFF,
    0x08, 0x10, 0x08, 0xFF, 0x08, 0x10, 0x08, 0xFF, 0x08, 0x0C, 0x08, 0xFF, 0x08, 0x10, 0x08, 0xFF,
    0x10, 0x10, 0x08, 0xFF, 0x10, 0x14, 0x10, 0xFF, 0x10, 0x14, 0x08, 0xFF, 0x08, 0x08, 0x08, 0xFF,
    0x08, 0x0C, 0x08, 0xFF, 0x08, 0x0C, 0x08, 0xFF, 0x00, 0x04, 0x00, 0xFF, 0x00, 0x04, 0x00, 0xFF,
    0x08, 0x0C, 0x08, 0xFF, 0x10, 0x10, 0x10, 0xFF, 0x08, 0x0C, 0x08, 0xFF, 0x10, 0x10, 0x10, 0xFF,
    0x21, 0x20, 0x18, 0xFF, 0x18, 0x1C, 0x18, 0xFF, 0x10, 0x10, 0x10, 0xFF, 0x18, 0x14, 0x10, 0xFF,
    0x10, 0x14, 0x10, 0xFF, 0x10, 0x14, 0x10, 0xFF, 0x10, 0x10, 0x08, 0xFF, 0x10, 0x10, 0x08, 0xFF,
    0x18, 0x18, 0x18, 0xFF, 0x21, 0x24, 0x21, 0xFF, 0x18, 0x20, 0x18, 0xFF, 0x18, 0x1C, 0x21, 0xFF,
    0x73, 0x8A, 0xB5, 0xFF, 0x84, 0x9E, 0xC6, 0xFF, 0x5A, 0x65, 0x8C, 0xFF, 0x42, 0x49, 0x73, 0xFF,
    0x29, 0x30, 0x52, 0xFF, 0x21, 0x30, 0x5A, 0xFF, 0x6B, 0x8E, 0xB5, 0xFF, 0x73, 0x96, 0xBD, 0xFF,
    0xA5, 0xBA, 0xDE, 0xFF, 0x84, 0x9A, 0xB5, 0xFF, 0x6B, 0x82, 0xA5, 0xFF, 0x63, 0x75, 0x94, 0xFF,
    0x4A, 0x5D, 0x7B, 0xFF, 0x6B, 0x86, 0xA5, 0xFF, 0x7B, 0x92, 0xB5, 0xFF, 0x73, 0x8E, 0xAD, 0xFF,
    0x6B, 0x8A, 0xAD, 0xFF, 0x73, 0x8E, 0xB5, 0xFF, 0x7B, 0x9A, 0xBD, 0xFF, 0x84, 0xA2, 0xC6, 0xFF,
    0x8C, 0xA6, 0xCE, 0xFF, 0x9C, 0xB2, 0xD6, 0xFF, 0xA5, 0xBA, 0xD6, 0xFF, 0xA5, 0xBA, 0xD6, 0xFF,
    0xA5, 0xB6, 0xD6, 0xFF, 0xA5, 0xBE, 0xD6, 0xFF, 0xAD, 0xC3, 0xD6, 0xFF, 0xA5, 0xBE, 0xD6, 0xFF,
    0xA5, 0xBE, 0xD6, 0xFF, 0xA5, 0xBE, 0xD6, 0xFF, 0xA5, 0xBE, 0xD6, 0xFF, 0xAD, 0xC7, 0xDE, 0xFF,
    0xB5, 0xC7, 0xDE, 0xFF, 0xB5, 0xC7, 0xDE, 0xFF, 0xAD, 0xC3, 0xD6, 0xFF, 0xAD, 0xC3, 0xD6, 0xFF,
    0xB5, 0xC7, 0xDE, 0xFF, 0xCE, 0xE7, 0xFF, 0xFF, 0x84, 0x9E, 0xB5, 0xFF, 0x10, 0x14, 0x10, 0xFF,
    0x08, 0x10, 0x00, 0xFF, 0x18, 0x1C, 0x10, 0xFF, 0x18, 0x1C, 0x10, 0xFF, 0x18, 0x1C, 0x10, 0xFF,
    0x18, 0x1C, 0x10, 0xFF, 0x18, 0x1C, 0x10, 0xFF, 0x18, 0x1C, 0x10, 0xFF, 0x18, 0x1C, 0x10, 0xFF,
    0x18, 0x1C, 0x10, 0xFF, 0x18, 0x1C, 0x10, 0xFF, 0x18, 0x18, 0x10, 0xAE, 0x10, 0x18, 0x10, 0x00,
    0x18, 0x1C, 0x10, 0x03, 0x18, 0x1C, 0x10, 0xE3, 0x18, 0x1C, 0x10, 0xFF, 0x18, 0x1C, 0x10, 0xFF,
    0x18, 0x1C, 0x10, 0xFF, 0x10, 0x18, 0x10, 0xFF, 0x10, 0x14, 0x10, 0xFF, 0x10, 0x10, 0x08, 0xFF,
    0x08, 0x10, 0x08, 0xFF, 0x08, 0x0C, 0x08, 0xFF, 0x08, 0x0C, 0x08, 0xFF, 0x08, 0x0C, 0x08, 0xFF,
    0x08, 0x0C, 0x08, 0xFF, 0x08, 0x0C, 0x08, 0xFF, 0x08, 0x10, 0x08, 0xFF, 0x08, 0x0C, 0x08, 0xFF,
    0x08, 0x10, 0x08, 0xFF, 0x08, 0x10, 0x08, 0xFF, 0x10, 0x14, 0x10, 0xFF, 0x10, 0x14, 0x08, 0xFF,
    0x08, 0x0C, 0x08, 0xFF, 0x08, 0x0C, 0x08, 0xFF, 0x08, 0x0C, 0x08, 0xFF, 0x08, 0x0C, 0x08, 0xFF,
    0x08, 0x08, 0x08, 0xFF, 0x08, 0x08, 0x00, 0xFF, 0x08, 0x0C, 0x08, 0xFF, 0x08, 0x0C, 0x08, 0xFF,
    0x08, 0x0C, 0x08, 0xFF, 0x18, 0x1C, 0x10, 0xFF, 0x18, 0x1C, 0x18, 0xFF, 0x18, 0x18, 0x10, 0xFF,
    0x10, 0x10, 0x10, 0xFF, 0x10, 0x14, 0x10, 0xFF, 0x18, 0x18, 0x10, 0xFF, 0x10, 0x10, 0x08, 0xFF,
    0x10, 0x10, 0x10, 0xFF, 0x18, 0x14, 0x10, 0xFF, 0x18, 0x18, 0x10, 0xFF, 0x21, 0x24, 0x18, 0xFF,
    0x10, 0x18, 0x21, 0xFF, 0x63, 0x7D, 0xA5, 0xFF, 0x8C, 0xAE, 0xD6, 0xFF, 0xD6, 0xE3, 0xEF, 0xFF,
    0xE7, 0xEF, 0xFF, 0xFF, 0x63, 0x75, 0x9C, 0xFF, 0x08, 0x18, 0x39, 0xFF, 0x42, 0x5D, 0x8C, 0xFF,
    0x4A, 0x69, 0x94, 0xFF, 0xB5, 0xCF, 0xEF, 0xFF, 0xC6, 0xDF, 0xF7, 0xFF, 0x7B, 0x92, 0xB5, 0xFF,
    0x73, 0x92, 0xB5, 0xFF, 0x73, 0x8E, 0xAD, 0xFF, 0x6B, 0x86, 0xAD, 0xFF, 0x63, 0x7D, 0xA5, 0xFF,
    0x6B, 0x86, 0xA5, 0xFF, 0x6B, 0x86, 0xAD, 0xFF, 0x73, 0x8E, 0xB5, 0xFF, 0x73, 0x92, 0xB5, 0xFF,
    0x7B, 0x9A, 0xBD, 0xFF, 0x84, 0x9E, 0xC6, 0xFF, 0x8C, 0xA6, 0xC6, 0xFF, 0x94, 0xB2, 0xD6, 0xFF,
    0x9C, 0xB2, 0xD6, 0xFF, 0x9C, 0xB2, 0xD6, 0xFF, 0x9C, 0xB6, 0xD6, 0xFF, 0x9C, 0xB6, 0xD6, 0xFF,
    0x9C, 0xB2, 0xCE, 0xFF, 0x94, 0xAE, 0xCE, 0xFF, 0x94, 0xAE, 0xCE, 0xFF, 0x9C, 0xB2, 0xCE, 0xFF,
    0xA5, 0xBA, 0xD6, 0xFF, 0xAD, 0xC3, 0xD6, 0xFF, 0xB5, 0xCB, 0xDE, 0xFF, 0xBD, 0xCF, 0xDE, 0xFF,
    0xC6, 0xCF, 0xDE, 0xFF, 0xBD, 0xCF, 0xDE, 0xFF, 0xB5, 0xCF, 0xDE, 0xFF, 0xBD, 0xDB, 0xFF, 0xFF,
    0x5A, 0x75, 0x84, 0xFF, 0x00, 0x08, 0x00, 0xFF, 0x18, 0x1C, 0x10, 0xFF, 0x18, 0x1C, 0x10, 0xFF,
    0x18, 0x1C, 0x10, 0xFF, 0x18, 0x1C, 0x10, 0xFF, 0x18, 0x1C, 0x10, 0xFF, 0x18, 0x1C, 0x10, 0xFF,
    0x18, 0x1C, 0x10, 0xFF, 0x18, 0x1C, 0x10, 0xFF, 0x18, 0x1C, 0x10, 0xFF, 0x10, 0x18, 0x10, 0xE3,
    0x10, 0x14, 0x10, 0x04, 0x18, 0x20, 0x10, 0x27, 0x18, 0x1C, 0x10, 0xFF, 0x18, 0x1C, 0x10, 0xFF,
    0x18, 0x1C, 0x10, 0xFF, 0x18, 0x18, 0x10, 0xFF, 0x10, 0x14, 0x10, 0xFF, 0x10, 0x14, 0x10, 0xFF,
    0x10, 0x14, 0x10, 0xFF, 0x08, 0x10, 0x08, 0xFF, 0x08, 0x0C, 0x08, 0xFF, 0x08, 0x0C, 0x08, 0xFF,
    0x08, 0x0C, 0x08, 0xFF, 0x08, 0x0C, 0x08, 0xFF, 0x08, 0x0C, 0x08, 0xFF, 0x08, 0x0C, 0x08, 0xFF,
    0x08, 0x0C, 0x08, 0xFF, 0x08, 0x10, 0x08, 0xFF, 0x10, 0x10, 0x08, 0xFF, 0x10, 0x10, 0x08, 0xFF,
    0x10, 0x10, 0x08, 0xFF, 0x10, 0x10, 0x08, 0xFF, 0x08, 0x0C, 0x08, 0xFF, 0x08, 0x0C, 0x08, 0xFF,
    0x08, 0x0C, 0x08, 0xFF, 0x08, 0x08, 0x08, 0xFF, 0x08, 0x08, 0x08, 0xFF, 0x00, 0x04, 0x00, 0xFF,
    0x00, 0x08, 0x00, 0xFF, 0x00, 0x08, 0x00, 0xFF, 0x00, 0x08, 0x00, 0xFF, 0x10, 0x14, 0x10, 0xFF,
    0x18, 0x18, 0x10, 0xFF, 0x21, 0x1C, 0x18, 0xFF, 0x18, 0x14, 0x10, 0xFF, 0x10, 0x0C, 0x08, 0xFF,
    0x10, 0x14, 0x10, 0xFF, 0x10, 0x14, 0x10, 0xFF, 0x18, 0x14, 0x10, 0xFF, 0x10, 0x10, 0x10, 0xFF,
    0x18, 0x1C, 0x18, 0xFF, 0x10, 0x14, 0x18, 0xFF, 0x39, 0x51, 0x73, 0xFF, 0x84, 0xA2, 0xDE, 0xFF,
    0xAD, 0xBE, 0xDE, 0xFF, 0xEF, 0xFF, 0xFF, 0xFF, 0x63, 0x71, 0x94, 0xFF, 0x39, 0x49, 0x73, 0xFF,
    0x42, 0x5D, 0x8C, 0xFF, 0x00, 0x04, 0x21, 0xFF, 0x21, 0x34, 0x52, 0xFF, 0x9C, 0xBE, 0xE7, 0xFF,
    0x73, 0x92, 0xBD, 0xFF, 0x42, 0x5D, 0x8C, 0xFF, 0x63, 0x79, 0x9C, 0xFF, 0x63, 0x79, 0x9C, 0xFF,
    0x5A, 0x75, 0x9C, 0xFF, 0x5A, 0x71, 0x94, 0xFF, 0x63, 0x79, 0x9C, 0xFF, 0x6B, 0x82, 0xA5, 0xFF,
    0x6B, 0x8A, 0xAD, 0xFF, 0x73, 0x8E, 0xB5, 0xFF, 0x73, 0x92, 0xB5, 0xFF, 0x73, 0x92, 0xB5, 0xFF,
    0x84, 0xA2, 0xC6, 0xFF, 0x8C, 0xAA, 0xCE, 0xFF, 0x8C, 0xA6, 0xC6, 0xFF, 0x8C, 0xA6, 0xC6, 0xFF,
    0x8C, 0xAA, 0xCE, 0xFF, 0x8C, 0xA6, 0xC6, 0xFF, 0x8C, 0xA6, 0xC6, 0xFF, 0x8C, 0xAA, 0xC6, 0xFF,
    0x94, 0xAE, 0xCE, 0xFF, 0xA5, 0xBA, 0xD6, 0xFF, 0xAD, 0xC3, 0xD6, 0xFF, 0xB5, 0xC7, 0xDE, 0xFF,
    0xBD, 0xCF, 0xDE, 0xFF, 0xC6, 0xD7, 0xE7, 0xFF, 0xBD, 0xD3, 0xE7, 0xFF, 0xB5, 0xC7, 0xDE, 0xFF,
    0x9C, 0xBA, 0xD6, 0xFF, 0x84, 0xA2, 0xC6, 0xFF, 0x21, 0x28, 0x29, 0xFF, 0x10, 0x10, 0x00, 0xFF,
    0x18, 0x1C, 0x10, 0xFF, 0x18, 0x20, 0x10, 0xFF, 0x18, 0x20, 0x10, 0xFF, 0x18, 0x20, 0x10, 0xFF,
    0x18, 0x1C, 0x10, 0xFF, 0x18, 0x1C, 0x10, 0xFF, 0x18, 0x1C, 0x10, 0xFF, 0x18, 0x1C, 0x10, 0xFF,
    0x10, 0x18, 0x10, 0xFF, 0x10, 0x18, 0x08, 0x27, 0x18, 0x20, 0x18, 0x54, 0x18, 0x20, 0x18, 0xFF,
    0x18, 0x20, 0x10, 0xFF, 0x18, 0x1C, 0x10, 0xFF, 0x18, 0x1C, 0x10, 0xFF, 0x18, 0x18, 0x10, 0xFF,
    0x18, 0x18, 0x10, 0xFF, 0x10, 0x18, 0x10, 0xFF, 0x10, 0x10, 0x08, 0xFF, 0x08, 0x0C, 0x08, 0xFF,
    0x08, 0x0C, 0x08, 0xFF, 0x08, 0x0C, 0x08, 0xFF, 0x08, 0x08, 0x00, 0xFF, 0x08, 0x0C, 0x08, 0xFF,
    0x08, 0x08, 0x00, 0xFF, 0x08, 0x0C, 0x08, 0xFF, 0x08, 0x10, 0x08, 0xFF, 0x08, 0x10, 0x08, 0xFF,
    0x08, 0x10, 0x08, 0xFF, 0x10, 0x10, 0x08, 0xFF, 0x08, 0x0C, 0x08, 0xFF, 0x08, 0x0C, 0x08, 0xFF,
    0x08, 0x10, 0x08, 0xFF, 0x10, 0x10, 0x10, 0xFF, 0x00, 0x04, 0x00, 0xFF, 0x08, 0x08, 0x08, 0xFF,
    0x08, 0x0C, 0x08, 0xFF, 0x08, 0x0C, 0x08, 0xFF, 0x08, 0x08, 0x00, 0xFF, 0x00, 0x08, 0x00, 0xFF,
    0x10, 0x10, 0x08, 0xFF, 0x10, 0x10, 0x10, 0xFF, 0x10, 0x14, 0x10, 0xFF, 0x10, 0x14, 0x10, 0xFF,
    0x10, 0x0C, 0x08, 0xFF, 0x10, 0x10, 0x08, 0xFF, 0x08, 0x0C, 0x08, 0xFF, 0x18, 0x14, 0x10, 0xFF,
    0x10, 0x14, 0x10, 0xFF, 0x21, 0x20, 0x21, 0xFF, 0x10, 0x10, 0x08, 0xFF, 0x00, 0x10, 0x29, 0xFF,
    0x63, 0x86, 0xBD, 0xFF, 0x73, 0x8E, 0xCE, 0xFF, 0x84, 0x96, 0xC6, 0xFF, 0x9C, 0xB6, 0xD6, 0xFF,
    0xC6, 0xDB, 0xEF, 0xFF, 0x7B, 0x92, 0xAD, 0xFF, 0x31, 0x45, 0x6B, 0xFF, 0x31, 0x41, 0x63, 0xFF,
    0x21, 0x38, 0x63, 0xFF, 0x52, 0x65, 0x94, 0xFF, 0x42, 0x59, 0x84, 0xFF, 0x39, 0x55, 0x7B, 0xFF,
    0x4A, 0x65, 0x8C, 0xFF, 0x4A, 0x61, 0x84, 0xFF, 0x4A, 0x5D, 0x84, 0xFF, 0x4A, 0x61, 0x84, 0xFF,
    0x52, 0x6D, 0x8C, 0xFF, 0x52, 0x6D, 0x94, 0xFF, 0x63, 0x79, 0x9C, 0xFF, 0x63, 0x7D, 0xA5, 0xFF,
    0x63, 0x7D, 0xA5, 0xFF, 0x6B, 0x86, 0xAD, 0xFF, 0x6B, 0x8E, 0xB5, 0xFF, 0x73, 0x96, 0xBD, 0xFF,
    0x7B, 0x9E, 0xC6, 0xFF, 0x84, 0xA2, 0xC6, 0xFF, 0x84, 0xA2, 0xC6, 0xFF, 0x84, 0xA2, 0xC6, 0xFF,
    0x8C, 0xA6, 0xC6, 0xFF, 0x8C, 0xAA, 0xC6, 0xFF, 0x94, 0xAE, 0xCE, 0xFF, 0x9C, 0xB6, 0xD6, 0xFF,
    0x9C, 0xBA, 0xD6, 0xFF, 0x9C, 0xB6, 0xD6, 0xFF, 0xA5, 0xBA, 0xD6, 0xFF, 0xA5, 0xBA, 0xD6, 0xFF,
    0x9C, 0xB2, 0xCE, 0xFF, 0x94, 0xB2, 0xCE, 0xFF, 0x94, 0xB2, 0xD6, 0xFF, 0x39, 0x45, 0x42, 0xFF,
    0x08, 0x0C, 0x00, 0xFF, 0x21, 0x24, 0x18, 0xFF, 0x21, 0x24, 0x18, 0xFF, 0x21, 0x24, 0x18, 0xFF,
    0x21, 0x24, 0x18, 0xFF, 0x21, 0x24, 0x18, 0xFF, 0x21, 0x20, 0x18, 0xFF, 0x18, 0x20, 0x10, 0xFF,
    0x18, 0x1C, 0x10, 0xFF, 0x18, 0x1C, 0x10, 0xFF, 0x10, 0x18, 0x10, 0x54, 0x21, 0x24, 0x18, 0x7B,
    0x18, 0x20, 0x18, 0xFF, 0x18, 0x20, 0x18, 0xFF, 0x18, 0x1C, 0x10, 0xFF, 0x18, 0x1C, 0x10, 0xFF,
    0x18, 0x1C, 0x10, 0xFF, 0x18, 0x18, 0x10, 0xFF, 0x10, 0x18, 0x10, 0xFF, 0x10, 0x14, 0x10, 0xFF,
    0x10, 0x10, 0x08, 0xFF, 0x08, 0x10, 0x08, 0xFF, 0x08, 0x0C, 0x08, 0xFF, 0x08, 0x0C, 0x08, 0xFF,
    0x08, 0x0C, 0x08, 0xFF, 0x08, 0x0C, 0x08, 0xFF, 0x08, 0x0C, 0x08, 0xFF, 0x08, 0x0C, 0x08, 0xFF,
    0x08, 0x0C, 0x08, 0xFF, 0x08, 0x10, 0x08, 0xFF, 0x10, 0x10, 0x08, 0xFF, 0x08, 0x10, 0x08, 0xFF,
    0x08, 0x0C, 0x08, 0xFF, 0x08, 0x10, 0x08, 0xFF, 0x10, 0x10, 0x08, 0xFF, 0x08, 0x08, 0x08, 0xFF,
    0x00, 0x04, 0x00, 0xFF, 0x08, 0x0C, 0x08, 0xFF, 0x08, 0x08, 0x08, 0xFF, 0x08, 0x08, 0x08, 0xFF,
    0x08, 0x0C, 0x08, 0xFF, 0x08, 0x0C, 0x08, 0xFF, 0x10, 0x14, 0x10, 0xFF, 0x21, 0x1C, 0x18, 0xFF,
    0x18, 0x14, 0x10, 0xFF, 0x08, 0x0C, 0x08, 0xFF, 0x10, 0x10, 0x10, 0xFF, 0x10, 0x10, 0x08, 0xFF,
    0x10, 0x0C, 0x08, 0xFF, 0x10, 0x14, 0x10, 0xFF, 0x29, 0x2C, 0x29, 0xFF, 0x10, 0x18, 0x10, 0xFF,
    0x00, 0x04, 0x00, 0xFF, 0x18, 0x30, 0x52, 0xFF, 0x6B, 0x8A, 0xC6, 0xFF, 0x52, 0x69, 0xA5, 0xFF,
    0x52, 0x6D, 0xA5, 0xFF, 0x9C, 0xB6, 0xD6, 0xFF, 0xA5, 0xBA, 0xD6, 0xFF, 0xA5, 0xB6, 0xDE, 0xFF,
    0xBD, 0xCF, 0xEF, 0xFF, 0x8C, 0x9E, 0xBD, 0xFF, 0x84, 0x96, 0xBD, 0xFF, 0x52, 0x6D, 0x94, 0xFF,
    0x21, 0x38, 0x5A, 0xFF, 0x42, 0x55, 0x73, 0xFF, 0x39, 0x51, 0x73, 0xFF, 0x39, 0x51, 0x73, 0xFF,
    0x42, 0x55, 0x73, 0xFF, 0x42, 0x59, 0x7B, 0xFF, 0x42, 0x5D, 0x84, 0xFF, 0x4A, 0x61, 0x84, 0xFF,
    0x4A, 0x65, 0x8C, 0xFF, 0x52, 0x69, 0x8C, 0xFF, 0x4A, 0x69, 0x8C, 0xFF, 0x4A, 0x6D, 0x94, 0xFF,
    0x5A, 0x75, 0x9C, 0xFF, 0x6B, 0x86, 0xAD, 0xFF, 0x6B, 0x8E, 0xB5, 0xFF, 0x6B, 0x8E, 0xB5, 0xFF,
    0x6B, 0x8E, 0xB5, 0xFF, 0x6B, 0x8A, 0xAD, 0xFF, 0x63, 0x86, 0xAD, 0xFF, 0x63, 0x86, 0xA5, 0xFF,
    0x63, 0x86, 0xAD, 0xFF, 0x6B, 0x8A, 0xAD, 0xFF, 0x6B, 0x8E, 0xAD, 0xFF, 0x6B, 0x8A, 0xAD, 0xFF,
    0x6B, 0x8E, 0xAD, 0xFF, 0x73, 0x92, 0xAD, 0xFF, 0x73, 0x92, 0xB5, 0xFF, 0x5A, 0x79, 0x9C, 0xFF,
    0x29, 0x30, 0x29, 0xFF, 0x18, 0x1C, 0x08, 0xFF, 0x21, 0x28, 0x18, 0xFF, 0x21, 0x28, 0x18, 0xFF,
    0x21, 0x24, 0x18, 0xFF, 0x21, 0x24, 0x18, 0xFF, 0x21, 0x24, 0x18, 0xFF, 0x21, 0x24, 0x18, 0xFF,
    0x21, 0x24, 0x18, 0xFF, 0x18, 0x20, 0x10, 0xFF, 0x18, 0x1C, 0x10, 0xFF, 0x18, 0x18, 0x10, 0x7B,
    0x21, 0x24, 0x18, 0x9D, 0x21, 0x24, 0x18, 0xFF, 0x21, 0x24, 0x18, 0xFF, 0x18, 0x20, 0x10, 0xFF,
    0x18, 0x1C, 0x10, 0xFF, 0x18, 0x1C, 0x18, 0xFF, 0x18, 0x1C, 0x10, 0xFF, 0x10, 0x18, 0x10, 0xFF,
    0x10, 0x14, 0x10, 0xFF, 0x10, 0x10, 0x08, 0xFF, 0x10, 0x10, 0x08, 0xFF, 0x10, 0x10, 0x08, 0xFF,
    0x08, 0x0C, 0x08, 0xFF, 0x08, 0x08, 0x00, 0xFF, 0x08, 0x0C, 0x08, 0xFF, 0x08, 0x0C, 0x08, 0xFF,
    0x08, 0x10, 0x08, 0xFF, 0x10, 0x10, 0x08, 0xFF, 0x10, 0x10, 0x08, 0xFF, 0x08, 0x10, 0x08, 0xFF,
    0x10, 0x10, 0x08, 0xFF, 0x08, 0x0C, 0x08, 0xFF, 0x08, 0x0C, 0x08, 0xFF, 0x08, 0x0C, 0x08, 0xFF,
    0x08, 0x0C, 0x08, 0xFF, 0x08, 0x08, 0x08, 0xFF, 0x08, 0x0C, 0x08, 0xFF, 0x08, 0x08, 0x00, 0xFF,
    0x00, 0x08, 0x00, 0xFF, 0x08, 0x0C, 0x08, 0xFF, 0x08, 0x0C, 0x08, 0xFF, 0x08, 0x0C, 0x08, 0xFF,
    0x10, 0x14, 0x10, 0xFF, 0x18, 0x14, 0x10, 0xFF, 0x08, 0x0C, 0x08, 0xFF, 0x10, 0x10, 0x10, 0xFF,
    0x10, 0x14, 0x10, 0xFF, 0x10, 0x10, 0x10, 0xFF, 0x18, 0x14, 0x10, 0xFF, 0x21, 0x20, 0x21, 0xFF,
    0x10, 0x14, 0x10, 0xFF, 0x08, 0x10, 0x10, 0xFF, 0x10, 0x18, 0x29, 0xFF, 0x31, 0x45, 0x6B, 0xFF,
    0x6B, 0x82, 0xAD, 0xFF, 0x5A, 0x6D, 0x9C, 0xFF, 0x52, 0x65, 0x9C, 0xFF, 0x84, 0x9E, 0xCE, 0xFF,
    0x9C, 0xAE, 0xD6, 0xFF, 0x94, 0xAE, 0xD6, 0xFF, 0xAD, 0xCB, 0xE7, 0xFF, 0xB5, 0xD3, 0xF7, 0xFF,
    0xAD, 0xC7, 0xE7, 0xFF, 0x5A, 0x69, 0x8C, 0xFF, 0x21, 0x38, 0x63, 0xFF, 0x31, 0x4D, 0x73, 0xFF,
    0x31, 0x49, 0x6B, 0xFF, 0x31, 0x49, 0x63, 0xFF, 0x39, 0x4D, 0x6B, 0xFF, 0x39, 0x51, 0x73, 0xFF,
    0x39, 0x51, 0x73, 0xFF, 0x39, 0x4D, 0x73, 0xFF, 0x39, 0x4D, 0x6B, 0xFF, 0x39, 0x4D, 0x73, 0xFF,
    0x39, 0x4D, 0x73, 0xFF, 0x39, 0x51, 0x73, 0xFF, 0x39, 0x59, 0x7B, 0xFF, 0x39, 0x59, 0x84, 0xFF,
    0x39, 0x59, 0x7B, 0xFF, 0x39, 0x59, 0x7B, 0xFF, 0x39, 0x59, 0x7B, 0xFF, 0x31, 0x51, 0x73, 0xFF,
    0x31, 0x49, 0x6B, 0xFF, 0x29, 0x4D, 0x6B, 0xFF, 0x31, 0x4D, 0x6B, 0xFF, 0x31, 0x51, 0x73, 0xFF,
    0x31, 0x55, 0x7B, 0xFF, 0x31, 0x55, 0x73, 0xFF, 0x39, 0x55, 0x7B, 0xFF, 0x39, 0x5D, 0x7B, 0xFF,
    0x29, 0x3C, 0x39, 0xFF, 0x18, 0x1C, 0x08, 0xFF, 0x21, 0x28, 0x18, 0xFF, 0x21, 0x28, 0x18, 0xFF,
    0x29, 0x2C, 0x21, 0xFF, 0x21, 0x28, 0x18, 0xFF, 0x21, 0x28, 0x18, 0xFF, 0x21, 0x28, 0x18, 0xFF,
    0x21, 0x24, 0x18, 0xFF, 0x21, 0x24, 0x18, 0xFF, 0x18, 0x20, 0x18, 0xFF, 0x18, 0x1C, 0x10, 0xFF,
    0x18, 0x18, 0x10, 0x9C, 0x21, 0x28, 0x18, 0xB7, 0x21, 0x28, 0x18, 0xFF, 0x21, 0x28, 0x18, 0xFF,
    0x21, 0x24, 0x18, 0xFF, 0x18, 0x1C, 0x18, 0xFF, 0x18, 0x1C, 0x10, 0xFF, 0x18, 0x1C, 0x10, 0xFF,
    0x18, 0x18, 0x10, 0xFF, 0x10, 0x14, 0x10, 0xFF, 0x10, 0x10, 0x08, 0xFF, 0x10, 0x10, 0x08, 0xFF,
    0x10, 0x10, 0x08, 0xFF, 0x08, 0x10, 0x08, 0xFF, 0x08, 0x0C, 0x08, 0xFF, 0x08, 0x10, 0x08, 0xFF,
    0x10, 0x10, 0x08, 0xFF, 0x10, 0x14, 0x10, 0xFF, 0x10, 0x14, 0x10, 0xFF, 0x10, 0x10, 0x08, 0xFF,
    0x08, 0x10, 0x08, 0xFF, 0x10, 0x10, 0x08, 0xFF, 0x08, 0x10, 0x08, 0xFF, 0x08, 0x0C, 0x08, 0xFF,
    0x08, 0x08, 0x08, 0xFF, 0x08, 0x0C, 0x08, 0xFF, 0x08, 0x0C, 0x08, 0xFF, 0x08, 0x08, 0x08, 0xFF,
    0x08, 0x0C, 0x08, 0xFF, 0x08, 0x08, 0x00, 0xFF, 0x08, 0x08, 0x00, 0xFF, 0x08, 0x0C, 0x08, 0xFF,
    0x08, 0x08, 0x00, 0xFF, 0x08, 0x08, 0x08, 0xFF, 0x10, 0x10, 0x10, 0xFF, 0x10, 0x10, 0x10, 0xFF,
    0x08, 0x10, 0x08, 0xFF, 0x10, 0x10, 0x10, 0xFF, 0x10, 0x14, 0x10, 0xFF, 0x18, 0x14, 0x10, 0xFF,
    0x18, 0x14, 0x10, 0xFF, 0x10, 0x14, 0x10, 0xFF, 0x10, 0x14, 0x18, 0xFF, 0x21, 0x2C, 0x39, 0xFF,
    0x21, 0x30, 0x42, 0xFF, 0x18, 0x2C, 0x4A, 0xFF, 0x4A, 0x5D, 0x7B, 0xFF, 0x6B, 0x82, 0xA5, 0xFF,
    0x8C, 0xA6, 0xCE, 0xFF, 0x84, 0xA2, 0xCE, 0xFF, 0x7B, 0x9A, 0xC6, 0xFF, 0x94, 0xAE, 0xD6, 0xFF,
    0xA5, 0xBE, 0xE7, 0xFF, 0xDE, 0xF3, 0xFF, 0xFF, 0x7B, 0x92, 0xB5, 0xFF, 0x18, 0x2C, 0x52, 0xFF,
    0x31, 0x45, 0x6B, 0xFF, 0x31, 0x45, 0x6B, 0xFF, 0x31, 0x49, 0x63, 0xFF, 0x31, 0x45, 0x63, 0xFF,
    0x31, 0x49, 0x63, 0xFF, 0x31, 0x49, 0x63, 0xFF, 0x31, 0x45, 0x63, 0xFF, 0x31, 0x45, 0x63, 0xFF,
    0x31, 0x49, 0x63, 0xFF, 0x31, 0x45, 0x63, 0xFF, 0x29, 0x41, 0x63, 0xFF, 0x29, 0x3C, 0x63, 0xFF,
    0x29, 0x3C, 0x63, 0xFF, 0x29, 0x41, 0x63, 0xFF, 0x29, 0x41, 0x63, 0xFF, 0x29, 0x41, 0x63, 0xFF,
    0x29, 0x41, 0x63, 0xFF, 0x29, 0x3C, 0x5A, 0xFF, 0x29, 0x41, 0x5A, 0xFF, 0x29, 0x3C, 0x5A, 0xFF,
    0x21, 0x38, 0x5A, 0xFF, 0x21, 0x3C, 0x5A, 0xFF, 0x29, 0x45, 0x63, 0xFF, 0x31, 0x4D, 0x73, 0xFF,
    0x31, 0x45, 0x4A, 0xFF, 0x21, 0x24, 0x10, 0xFF, 0x21, 0x24, 0x10, 0xFF, 0x21, 0x28, 0x18, 0xFF,
    0x21, 0x28, 0x18, 0xFF, 0x29, 0x2C, 0x21, 0xFF, 0x29, 0x2C, 0x21, 0xFF, 0x29, 0x2C, 0x21, 0xFF,
    0x21, 0x28, 0x18, 0xFF, 0x21, 0x24, 0x18, 0xFF, 0x21, 0x24, 0x18, 0xFF, 0x18, 0x20, 0x18, 0xFF,
    0x18, 0x1C, 0x10, 0xFF, 0x18, 0x1C, 0x10, 0xB6, 0x21, 0x28, 0x18, 0xCC, 0x21, 0x28, 0x18, 0xFF,
    0x21, 0x28, 0x18, 0xFF, 0x21, 0x28, 0x18, 0xFF, 0x18, 0x20, 0x10, 0xFF, 0x18, 0x1C, 0x10, 0xFF,
    0x18, 0x1C, 0x10, 0xFF, 0x18, 0x18, 0x10, 0xFF, 0x10, 0x18, 0x10, 0xFF, 0x10, 0x14, 0x10, 0xFF,
    0x10, 0x14, 0x10, 0xFF, 0x10, 0x14, 0x10, 0xFF, 0x10, 0x14, 0x08, 0xFF, 0x10, 0x14, 0x10, 0xFF,
    0x10, 0x14, 0x10, 0xFF, 0x10, 0x18, 0x10, 0xFF, 0x18, 0x18, 0x10, 0xFF, 0x18, 0x1C, 0x10, 0xFF,
    0x10, 0x14, 0x10, 0xFF, 0x10, 0x10, 0x08, 0xFF, 0x10, 0x10, 0x08, 0xFF, 0x08, 0x0C, 0x08, 0xFF,
    0x08, 0x08, 0x00, 0xFF, 0x08, 0x08, 0x08, 0xFF, 0x08, 0x0C, 0x08, 0xFF, 0x08, 0x0C, 0x08, 0xFF,
    0x08, 0x08, 0x00, 0xFF, 0x08, 0x08, 0x00, 0xFF, 0x08, 0x08, 0x08, 0xFF, 0x00, 0x08, 0x00, 0xFF,
    0x08, 0x0C, 0x08, 0xFF, 0x08, 0x0C, 0x08, 0xFF, 0x00, 0x04, 0x00, 0xFF, 0x00, 0x08, 0x00, 0xFF,
    0x10, 0x10, 0x10, 0xFF, 0x10, 0x14, 0x10, 0xFF, 0x10, 0x10, 0x08, 0xFF, 0x10, 0x14, 0x10, 0xFF,
    0x10, 0x14, 0x10, 0xFF, 0x10, 0x18, 0x10, 0xFF, 0x18, 0x18, 0x10, 0xFF, 0x10, 0x14, 0x10, 0xFF,
    0x18, 0x20, 0x21, 0xFF, 0x31, 0x3C, 0x52, 0xFF, 0x29, 0x3C, 0x5A, 0xFF, 0x18, 0x28, 0x42, 0xFF,
    0x18, 0x2C, 0x4A, 0xFF, 0x29, 0x3C, 0x63, 0xFF, 0x39, 0x4D, 0x73, 0xFF, 0x4A, 0x65, 0x94, 0xFF,
    0x73, 0x92, 0xBD, 0xFF, 0x94, 0xAE, 0xD6, 0xFF, 0x6B, 0x86, 0xAD, 0xFF, 0x31, 0x45, 0x6B, 0xFF,
    0x31, 0x45, 0x63, 0xFF, 0x31, 0x45, 0x63, 0xFF, 0x31, 0x49, 0x6B, 0xFF, 0x31, 0x49, 0x6B, 0xFF,
    0x31, 0x49, 0x6B, 0xFF, 0x31, 0x45, 0x63, 0xFF, 0x31, 0x45, 0x63, 0xFF, 0x31, 0x49, 0x6B, 0xFF,
    0x31, 0x49, 0x6B, 0xFF, 0x31, 0x49, 0x6B, 0xFF, 0x31, 0x49, 0x6B, 0xFF, 0x31, 0x49, 0x6B, 0xFF,
    0x31, 0x49, 0x6B, 0xFF, 0x31, 0x49, 0x6B, 0xFF, 0x31, 0x4D, 0x6B, 0xFF, 0x31, 0x49, 0x6B, 0xFF,
    0x31, 0x4D, 0x6B, 0xFF, 0x31, 0x4D, 0x6B, 0xFF, 0x39, 0x4D, 0x6B, 0xFF, 0x31, 0x49, 0x63, 0xFF,
    0x29, 0x41, 0x63, 0xFF, 0x29, 0x41, 0x5A, 0xFF, 0x31, 0x4D, 0x6B, 0xFF, 0x31, 0x51, 0x6B, 0xFF,
    0x29, 0x38, 0x39, 0xFF, 0x21, 0x20, 0x10, 0xFF, 0x21, 0x20, 0x10, 0xFF, 0x21, 0x28, 0x18, 0xFF,
    0x21, 0x28, 0x18, 0xFF, 0x21, 0x28, 0x18, 0xFF, 0x21, 0x28, 0x18, 0xFF, 0x29, 0x2C, 0x21, 0xFF,
    0x21, 0x28, 0x18, 0xFF, 0x21, 0x28, 0x18, 0xFF, 0x21, 0x24, 0x18, 0xFF, 0x21, 0x24, 0x18, 0xFF,
    0x21, 0x24, 0x18, 0xFF, 0x18, 0x20, 0x10, 0xFF, 0x18, 0x1C, 0x10, 0xCC, 0x21, 0x24, 0x18, 0xDD,
    0x21, 0x24, 0x18, 0xFF, 0x21, 0x28, 0x18, 0xFF, 0x21, 0x28, 0x18, 0xFF, 0x18, 0x20, 0x18, 0xFF,
    0x18, 0x1C, 0x10, 0xFF, 0x18, 0x1C, 0x10, 0xFF, 0x18, 0x1C, 0x18, 0xFF, 0x18, 0x1C, 0x10, 0xFF,
    0x18, 0x1C, 0x10, 0xFF, 0x18, 0x1C, 0x10, 0xFF, 0x18, 0x18, 0x10, 0xFF, 0x10, 0x18, 0x10, 0xFF,
    0x18, 0x18, 0x10, 0xFF, 0x18, 0x1C, 0x18, 0xFF, 0x18, 0x1C, 0x18, 0xFF, 0x18, 0x1C, 0x10, 0xFF,
    0x18, 0x20, 0x10, 0xFF, 0x18, 0x1C, 0x10, 0xFF, 0x10, 0x18, 0x10, 0xFF, 0x10, 0x10, 0x08, 0xFF,
    0x08, 0x10, 0x08, 0xFF, 0x08, 0x0C, 0x08, 0xFF, 0x08, 0x08, 0x08, 0xFF, 0x08, 0x08, 0x08, 0xFF,
    0x08, 0x0C, 0x08, 0xFF, 0x08, 0x10, 0x08, 0xFF, 0x08, 0x08, 0x08, 0xFF, 0x00, 0x04, 0x00, 0xFF,
    0x08, 0x08, 0x08, 0xFF, 0x08, 0x08, 0x08, 0xFF, 0x08, 0x08, 0x08, 0xFF, 0x08, 0x0C, 0x08, 0xFF,
    0x10, 0x10, 0x08, 0xFF, 0x08, 0x10, 0x08, 0xFF, 0x10, 0x14, 0x10, 0xFF, 0x10, 0x14, 0x10, 0xFF,
    0x18, 0x14, 0x10, 0xFF, 0x18, 0x18, 0x10, 0xFF, 0x10, 0x14, 0x10, 0xFF, 0x18, 0x1C, 0x18, 0xFF,
    0x18, 0x1C, 0x18, 0xFF, 0x10, 0x18, 0x18, 0xFF, 0x21, 0x2C, 0x39, 0xFF, 0x31, 0x41, 0x5A, 0xFF,
    0x31, 0x45, 0x63, 0xFF, 0x29, 0x41, 0x63, 0xFF, 0x21, 0x34, 0x52, 0xFF, 0x18, 0x2C, 0x52, 0xFF,
    0x18, 0x2C, 0x52, 0xFF, 0x21, 0x38, 0x63, 0xFF, 0x29, 0x41, 0x63, 0xFF, 0x21, 0x2C, 0x4A, 0xFF,
    0x29, 0x3C, 0x5A, 0xFF, 0x39, 0x55, 0x73, 0xFF, 0x39, 0x4D, 0x6B, 0xFF, 0x31, 0x49, 0x6B, 0xFF,
    0x31, 0x49, 0x6B, 0xFF, 0x31, 0x49, 0x6B, 0xFF, 0x31, 0x49, 0x6B, 0xFF, 0x31, 0x45, 0x6B, 0xFF,
    0x31, 0x49, 0x6B, 0xFF, 0x39, 0x4D, 0x6B, 0xFF, 0x39, 0x49, 0x73, 0xFF, 0x31, 0x49, 0x6B, 0xFF,
    0x39, 0x4D, 0x6B, 0xFF, 0x39, 0x4D, 0x6B, 0xFF, 0x31, 0x4D, 0x6B, 0xFF, 0x31, 0x49, 0x6B, 0xFF,
    0x31, 0x49, 0x63, 0xFF, 0x31, 0x45, 0x63, 0xFF, 0x29, 0x45, 0x63, 0xFF, 0x29, 0x45, 0x63, 0xFF,
    0x29, 0x41, 0x5A, 0xFF, 0x29, 0x45, 0x63, 0xFF, 0x31, 0x55, 0x7B, 0xFF, 0x29, 0x4D, 0x63, 0xFF,
    0x21, 0x28, 0x21, 0xFF, 0x21, 0x1C, 0x08, 0xFF, 0x21, 0x24, 0x18, 0xFF, 0x21, 0x28, 0x18, 0xFF,
    0x21, 0x24, 0x18, 0xFF, 0x21, 0x28, 0x18, 0xFF, 0x21, 0x28, 0x18, 0xFF, 0x21, 0x28, 0x18, 0xFF,
    0x21, 0x28, 0x18, 0xFF, 0x21, 0x28, 0x18, 0xFF, 0x21, 0x24, 0x18, 0xFF, 0x21, 0x24, 0x18, 0xFF,
    0x21, 0x24, 0x18, 0xFF, 0x21, 0x24, 0x18, 0xFF, 0x21, 0x24, 0x18, 0xFF, 0x21, 0x24, 0x18, 0xDE,
    0x18, 0x20, 0x18, 0xEA, 0x21, 0x24, 0x18, 0xFF, 0x21, 0x24, 0x18, 0xFF, 0x21, 0x28, 0x18, 0xFF,
    0x21, 0x24, 0x18, 0xFF, 0x18, 0x20, 0x10, 0xFF, 0x18, 0x20, 0x10, 0xFF, 0x18, 0x1C, 0x10, 0xFF,
    0x18, 0x1C, 0x10, 0xFF, 0x18, 0x1C, 0x10, 0xFF, 0x18, 0x1C, 0x10, 0xFF, 0x18, 0x1C, 0x10, 0xFF,
    0x18, 0x1C, 0x10, 0xFF, 0x18, 0x1C, 0x10, 0xFF, 0x18, 0x1C, 0x18, 0xFF, 0x18, 0x1C, 0x18, 0xFF,
    0x18, 0x20, 0x10, 0xFF, 0x18, 0x20, 0x10, 0xFF, 0x18, 0x20, 0x10, 0xFF, 0x18, 0x20, 0x10, 0xFF,
    0x18, 0x18, 0x10, 0xFF, 0x08, 0x10, 0x08, 0xFF, 0x08, 0x0C, 0x08, 0xFF, 0x08, 0x0C, 0x08, 0xFF,
    0x08, 0x08, 0x08, 0xFF, 0x08, 0x08, 0x08, 0xFF, 0x08, 0x0C, 0x08, 0xFF, 0x08, 0x10, 0x08, 0xFF,
    0x08, 0x0C, 0x08, 0xFF, 0x00, 0x04, 0x00, 0xFF, 0x00, 0x04, 0x00, 0xFF, 0x08, 0x08, 0x08, 0xFF,
    0x08, 0x0C, 0x08, 0xFF, 0x10, 0x10, 0x10, 0xFF, 0x08, 0x0C, 0x08, 0xFF, 0x10, 0x10, 0x10, 0xFF,
    0x10, 0x14, 0x10, 0xFF, 0x10, 0x10, 0x10, 0xFF, 0x10, 0x14, 0x10, 0xFF, 0x10, 0x14, 0x10, 0xFF,
    0x18, 0x1C, 0x18, 0xFF, 0x29, 0x24, 0x21, 0xFF, 0x18, 0x1C, 0x21, 0xFF, 0x18, 0x20, 0x29, 0xFF,
    0x29, 0x34, 0x42, 0xFF, 0x31, 0x41, 0x5A, 0xFF, 0x31, 0x41, 0x5A, 0xFF, 0x31, 0x45, 0x63, 0xFF,
    0x31, 0x45, 0x63, 0xFF, 0x29, 0x41, 0x5A, 0xFF, 0x29, 0x3C, 0x5A, 0xFF, 0x31, 0x41, 0x5A, 0xFF,
    0x31, 0x41, 0x5A, 0xFF, 0x39, 0x4D, 0x6B, 0xFF, 0x42, 0x59, 0x7B, 0xFF, 0x42, 0x51, 0x73, 0xFF,
    0x39, 0x51, 0x6B, 0xFF, 0x39, 0x4D, 0x6B, 0xFF, 0x39, 0x4D, 0x6B, 0xFF, 0x39, 0x4D, 0x6B, 0xFF,
    0x39, 0x49, 0x6B, 0xFF, 0x31, 0x49, 0x6B, 0xFF, 0x39, 0x4D, 0x6B, 0xFF, 0x39, 0x4D, 0x73, 0xFF,
    0x39, 0x4D, 0x6B, 0xFF, 0x39, 0x51, 0x6B, 0xFF, 0x39, 0x4D, 0x6B, 0xFF, 0x39, 0x4D, 0x6B, 0xFF,
    0x39, 0x51, 0x6B, 0xFF, 0x31, 0x49, 0x63, 0xFF, 0x29, 0x41, 0x5A, 0xFF, 0x29, 0x41, 0x5A, 0xFF,
    0x29, 0x41, 0x5A, 0xFF, 0x29, 0x49, 0x63, 0xFF, 0x31, 0x59, 0x84, 0xFF, 0x29, 0x45, 0x5A, 0xFF,
    0x18, 0x20, 0x10, 0xFF, 0x21, 0x1C, 0x08, 0xFF, 0x21, 0x24, 0x18, 0xFF, 0x21, 0x24, 0x18, 0xFF,
    0x21, 0x24, 0x18, 0xFF, 0x21, 0x24, 0x18, 0xFF, 0x21, 0x24, 0x18, 0xFF, 0x21, 0x24, 0x18, 0xFF,
    0x21, 0x24, 0x18, 0xFF, 0x21, 0x24, 0x18, 0xFF, 0x21, 0x24, 0x18, 0xFF, 0x21, 0x24, 0x18, 0xFF,
    0x21, 0x24, 0x18, 0xFF, 0x21, 0x28, 0x18, 0xFF, 0x21, 0x28, 0x18, 0xFF, 0x21, 0x24, 0x18, 0xFF,
    0x21, 0x24, 0x18, 0xEA, 0x21, 0x20, 0x18, 0xF1, 0x18, 0x20, 0x10, 0xFF, 0x21, 0x24, 0x18, 0xFF,
    0x21, 0x24, 0x18, 0xFF, 0x21, 0x24, 0x18, 0xFF, 0x21, 0x24, 0x18, 0xFF, 0x21, 0x24, 0x18, 0xFF,
    0x21, 0x24, 0x18, 0xFF, 0x18, 0x20, 0x10, 0xFF, 0x18, 0x20, 0x10, 0xFF, 0x18, 0x20, 0x10, 0xFF,
    0x18, 0x1C, 0x10, 0xFF, 0x18, 0x18, 0x10, 0xFF, 0x18, 0x18, 0x10, 0xFF, 0x18, 0x18, 0x10, 0xFF,
    0x18, 0x1C, 0x10, 0xFF, 0x18, 0x1C, 0x10, 0xFF, 0x18, 0x1C, 0x10, 0xFF, 0x18, 0x20, 0x18, 0xFF,
    0x18, 0x20, 0x18, 0xFF, 0x18, 0x1C, 0x10, 0xFF, 0x10, 0x14, 0x10, 0xFF, 0x08, 0x0C, 0x08, 0xFF,
    0x08, 0x0C, 0x08, 0xFF, 0x08, 0x0C, 0x08, 0xFF, 0x00, 0x04, 0x00, 0xFF, 0x08, 0x0C, 0x08, 0xFF,
    0x08, 0x0C, 0x08, 0xFF, 0x10, 0x10, 0x08, 0xFF, 0x08, 0x0C, 0x08, 0xFF, 0x00, 0x04, 0x00, 0xFF,
    0x08, 0x08, 0x08, 0xFF, 0x08, 0x08, 0x08, 0xFF, 0x08, 0x08, 0x08, 0xFF, 0x10, 0x10, 0x08, 0xFF,
    0x10, 0x10, 0x10, 0xFF, 0x10, 0x14, 0x10, 0xFF, 0x18, 0x14, 0x10, 0xFF, 0x10, 0x10, 0x10, 0xFF,
    0x10, 0x10, 0x10, 0xFF, 0x18, 0x18, 0x10, 0xFF, 0x21, 0x20, 0x18, 0xFF, 0x18, 0x24, 0x21, 0xFF,
    0x10, 0x20, 0x29, 0xFF, 0x21, 0x2C, 0x39, 0xFF, 0x29, 0x38, 0x4A, 0xE4, 0x31, 0x41, 0x52, 0xC4,
    0x39, 0x49, 0x63, 0xFF, 0x39, 0x4D, 0x6B, 0xFF, 0x39, 0x4D, 0x6B, 0xFF, 0x42, 0x51, 0x73, 0xFF,
    0x4A, 0x5D, 0x7B, 0xFF, 0x63, 0x79, 0x9C, 0xFF, 0x4A, 0x5D, 0x7B, 0xFF, 0x4A, 0x59, 0x7B, 0xFF,
    0x4A, 0x5D, 0x7B, 0xFF, 0x42, 0x59, 0x7B, 0xFF, 0x42, 0x55, 0x73, 0xFF, 0x42, 0x55, 0x73, 0xFF,
    0x39, 0x51, 0x73, 0xFF, 0x39, 0x51, 0x73, 0xFF, 0x39, 0x4D, 0x73, 0xFF, 0x39, 0x51, 0x73, 0xFF,
    0x42, 0x55, 0x73, 0xFF, 0x42, 0x59, 0x73, 0xFF, 0x42, 0x55, 0x73, 0xFF, 0x42, 0x55, 0x73, 0xFF,
    0x42, 0x55, 0x73, 0xFF, 0x39, 0x55, 0x73, 0xFF, 0x39, 0x4D, 0x6B, 0xFF, 0x31, 0x49, 0x63, 0xFF,
    0x31, 0x49, 0x63, 0xFF, 0x31, 0x4D, 0x73, 0xFF, 0x39, 0x5D, 0x84, 0xFF, 0x29, 0x3C, 0x4A, 0xFF,
    0x10, 0x14, 0x08, 0xFF, 0x18, 0x18, 0x08, 0xFF, 0x18, 0x20, 0x18, 0xFF, 0x21, 0x24, 0x18, 0xFF,
    0x21, 0x24, 0x18, 0xFF, 0x18, 0x20, 0x18, 0xFF, 0x18, 0x20, 0x10, 0xFF, 0x18, 0x20, 0x18, 0xFF,
    0x21, 0x24, 0x18, 0xFF, 0x21, 0x24, 0x18, 0xFF, 0x18, 0x20, 0x18, 0xFF, 0x18, 0x20, 0x18, 0xFF,
    0x21, 0x24, 0x18, 0xFF, 0x21, 0x24, 0x18, 0xFF, 0x21, 0x24, 0x18, 0xFF, 0x21, 0x24, 0x18, 0xFF,
    0x21, 0x24, 0x18, 0xFF, 0x21, 0x24, 0x18, 0xF1, 0x18, 0x20, 0x18, 0xF4, 0x18, 0x1C, 0x10, 0xFF,
    0x18, 0x20, 0x10, 0xFF, 0x21, 0x24, 0x18, 0xFF, 0x21, 0x24, 0x18, 0xFF, 0x21, 0x24, 0x18, 0xFF,
    0x21, 0x24, 0x18, 0xFF, 0x21, 0x24, 0x18, 0xFF, 0x21, 0x24, 0x18, 0xFF, 0x18, 0x1C, 0x10, 0xFF,
    0x18, 0x1C, 0x10, 0xFF, 0x18, 0x1C, 0x10, 0xFF, 0x18, 0x18, 0x10, 0xFF, 0x10, 0x14, 0x10, 0xFF,
    0x10, 0x14, 0x10, 0xFF, 0x10, 0x18, 0x10, 0xFF, 0x10, 0x18, 0x10, 0xFF, 0x10, 0x18, 0x10, 0xFF,
    0x18, 0x1C, 0x10, 0xFF, 0x18, 0x1C, 0x18, 0xFF, 0x18, 0x20, 0x10, 0xFF, 0x18, 0x1C, 0x10, 0xFF,
    0x10, 0x10, 0x10, 0xFF, 0x08, 0x08, 0x08, 0xFF, 0x08, 0x0C, 0x08, 0xFF, 0x08, 0x08, 0x08, 0xFF,
    0x08, 0x08, 0x00, 0xFF, 0x08, 0x0C, 0x08, 0xFF, 0x08, 0x08, 0x08, 0xFF, 0x10, 0x10, 0x10, 0xFF,
    0x08, 0x10, 0x08, 0xFF, 0x08, 0x08, 0x08, 0xFF, 0x08, 0x08, 0x08, 0xFF, 0x08, 0x08, 0x08, 0xFF,
    0x08, 0x0C, 0x08, 0xFF, 0x08, 0x0C, 0x08, 0xFF, 0x10, 0x14, 0x10, 0xFF, 0x10, 0x14, 0x10, 0xFF,
    0x10, 0x14, 0x10, 0xFF, 0x10, 0x14, 0x10, 0xFF, 0x18, 0x18, 0x10, 0xFF, 0x18, 0x1C, 0x18, 0xFF,
    0x18, 0x20, 0x18, 0xFF, 0x18, 0x24, 0x29, 0xFF, 0x18, 0x28, 0x39, 0xFF, 0x31, 0x3C, 0x52, 0x41,
    0x39, 0x51, 0x63, 0x00, 0x42, 0x55, 0x73, 0xCB, 0x42, 0x55, 0x73, 0xFF, 0x42, 0x55, 0x73, 0xFF,
    0x42, 0x4D, 0x6B, 0xFF, 0x52, 0x69, 0x8C, 0xFF, 0x94, 0xB2, 0xD6, 0xFF, 0x7B, 0x96, 0xB5, 0xFF,
    0x4A, 0x5D, 0x84, 0xFF, 0x52, 0x61, 0x84, 0xFF, 0x52, 0x65, 0x7B, 0xFF, 0x4A, 0x5D, 0x7B, 0xFF,
    0x4A, 0x5D, 0x7B, 0xFF, 0x42, 0x59, 0x7B, 0xFF, 0x42, 0x55, 0x7B, 0xFF, 0x42, 0x55, 0x73, 0xFF,
    0x42, 0x55, 0x73, 0xFF, 0x42, 0x59, 0x7B, 0xFF, 0x42, 0x59, 0x7B, 0xFF, 0x42, 0x59, 0x7B, 0xFF,
    0x42, 0x59, 0x7B, 0xFF, 0x42, 0x55, 0x73, 0xFF, 0x42, 0x55, 0x73, 0xFF, 0x39, 0x51, 0x73, 0xFF,
    0x31, 0x4D, 0x6B, 0xFF, 0x31, 0x4D, 0x6B, 0xFF, 0x42, 0x65, 0x8C, 0xFF, 0x31, 0x45, 0x52, 0xFF,
    0x10, 0x10, 0x00, 0xFF, 0x18, 0x14, 0x08, 0xFF, 0x18, 0x1C, 0x18, 0xFF, 0x18, 0x20, 0x10, 0xFF,
    0x18, 0x20, 0x10, 0xFF, 0x18, 0x20, 0x18, 0xFF, 0x18, 0x20, 0x18, 0xFF, 0x18, 0x1C, 0x10, 0xFF,
    0x18, 0x20, 0x18, 0xFF, 0x21, 0x24, 0x18, 0xFF, 0x18, 0x20, 0x10, 0xFF, 0x18, 0x1C, 0x10, 0xFF,
    0x18, 0x20, 0x10, 0xFF, 0x21, 0x24, 0x18, 0xFF, 0x21, 0x24, 0x18, 0xFF, 0x21, 0x24, 0x18, 0xFF,
    0x21, 0x24, 0x18, 0xFF, 0x21, 0x24, 0x18, 0xFF, 0x21, 0x24, 0x18, 0xF4, 0x10, 0x18, 0x10, 0xF1,
    0x18, 0x18, 0x10, 0xFF, 0x18, 0x1C, 0x18, 0xFF, 0x18, 0x20, 0x18, 0xFF, 0x21, 0x24, 0x18, 0xFF,
    0x21, 0x24, 0x18, 0xFF, 0x21, 0x24, 0x18, 0xFF, 0x21, 0x24, 0x18, 0xFF, 0x21, 0x24, 0x18, 0xFF,
    0x18, 0x20, 0x10, 0xFF, 0x18, 0x1C, 0x10, 0xFF, 0x18, 0x18, 0x10, 0xFF, 0x10, 0x18, 0x10, 0xFF,
    0x10, 0x18, 0x10, 0xFF, 0x10, 0x14, 0x10, 0xFF, 0x10, 0x14, 0x10, 0xFF, 0x10, 0x14, 0x10, 0xFF,
    0x10, 0x18, 0x10, 0xFF, 0x10, 0x18, 0x10, 0xFF, 0x18, 0x18, 0x10, 0xFF, 0x18, 0x20, 0x10, 0xFF,
    0x21, 0x24, 0x18, 0xFF, 0x18, 0x18, 0x10, 0xFF, 0x08, 0x08, 0x08, 0xFF, 0x08, 0x08, 0x08, 0xFF,
    0x08, 0x0C, 0x08, 0xFF, 0x00, 0x04, 0x00, 0xFF, 0x00, 0x04, 0x00, 0xFF, 0x00, 0x08, 0x00, 0xFF,
    0x08, 0x08, 0x08, 0xFF, 0x10, 0x14, 0x10, 0xFF, 0x10, 0x10, 0x10, 0xFF, 0x08, 0x0C, 0x08, 0xFF,
    0x08, 0x0C, 0x08, 0xFF, 0x08, 0x0C, 0x08, 0xFF, 0x08, 0x0C, 0x08, 0xFF, 0x08, 0x0C, 0x08, 0xFF,
    0x10, 0x10, 0x08, 0xFF, 0x10, 0x10, 0x10, 0xFF, 0x10, 0x14, 0x10, 0xFF, 0x18, 0x18, 0x10, 0xFF,
    0x21, 0x1C, 0x18, 0xFF, 0x21, 0x20, 0x21, 0xFF, 0x18, 0x24, 0x29, 0xFF, 0x18, 0x28, 0x31, 0xFF,
    0x29, 0x34, 0x42, 0x94, 0x39, 0x51, 0x63, 0x4D, 0x42, 0x59, 0x73, 0xE6, 0x42, 0x59, 0x73, 0xFF,
    0x42, 0x59, 0x73, 0xFF, 0x42, 0x59, 0x73, 0xFF, 0x73, 0x8A, 0xAD, 0xFF, 0x94, 0xB2, 0xD6, 0xFF,
    0x9C, 0xB2, 0xD6, 0xFF, 0x73, 0x8A, 0xAD, 0xFF, 0x4A, 0x61, 0x84, 0xFF, 0x52, 0x65, 0x84, 0xFF,
    0x52, 0x65, 0x84, 0xFF, 0x4A, 0x61, 0x7B, 0xFF, 0x42, 0x59, 0x7B, 0xFF, 0x42, 0x59, 0x7B, 0xFF,
    0x42, 0x59, 0x7B, 0xFF, 0x42, 0x59, 0x7B, 0xFF, 0x42, 0x59, 0x7B, 0xFF, 0x42, 0x59, 0x73, 0xFF,
    0x42, 0x59, 0x7B, 0xFF, 0x42, 0x55, 0x73, 0xFF, 0x42, 0x55, 0x73, 0xFF, 0x42, 0x59, 0x7B, 0xFF,
    0x42, 0x5D, 0x7B, 0xFF, 0x39, 0x55, 0x73, 0xFF, 0x42, 0x61, 0x84, 0xFF, 0x39, 0x51, 0x63, 0xFF,
    0x10, 0x10, 0x00, 0xFF, 0x18, 0x14, 0x08, 0xFF, 0x18, 0x1C, 0x18, 0xFF, 0x18, 0x1C, 0x10, 0xFF,
    0x18, 0x1C, 0x10, 0xFF, 0x18, 0x1C, 0x10, 0xFF, 0x18, 0x20, 0x10, 0xFF, 0x18, 0x20, 0x18, 0xFF,
    0x18, 0x1C, 0x10, 0xFF, 0x18, 0x20, 0x10, 0xFF, 0x18, 0x1C, 0x10, 0xFF, 0x18, 0x1C, 0x10, 0xFF,
    0x18, 0x1C, 0x10, 0xFF, 0x18, 0x20, 0x10, 0xFF, 0x21, 0x24, 0x18, 0xFF, 0x21, 0x24, 0x18, 0xFF,
    0x21, 0x24, 0x18, 0xFF, 0x21, 0x24, 0x18, 0xFF, 0x21, 0x24, 0x18, 0xFF, 0x21, 0x24, 0x18, 0xF0,
    0x10, 0x14, 0x10, 0xEA, 0x10, 0x14, 0x10, 0xFF, 0x18, 0x18, 0x10, 0xFF, 0x18, 0x1C, 0x18, 0xFF,
    0x18, 0x20, 0x10, 0xFF, 0x18, 0x20, 0x18, 0xFF, 0x21, 0x24, 0x18, 0xFF, 0x21, 0x24, 0x18, 0xFF,
    0x18, 0x20, 0x10, 0xFF, 0x18, 0x1C, 0x10, 0xFF, 0x10, 0x18, 0x10, 0xFF, 0x10, 0x14, 0x10, 0xFF,
    0x10, 0x10, 0x10, 0xFF, 0x10, 0x14, 0x08, 0xFF, 0x10, 0x14, 0x10, 0xFF, 0x10, 0x14, 0x10, 0xFF,
    0x10, 0x14, 0x10, 0xFF, 0x10, 0x14, 0x10, 0xFF, 0x10, 0x14, 0x10, 0xFF, 0x18, 0x18, 0x10, 0xFF,
    0x18, 0x20, 0x18, 0xFF, 0x21, 0x24, 0x18, 0xFF, 0x21, 0x24, 0x18, 0xFF, 0x10, 0x14, 0x10, 0xFF,
    0x08, 0x08, 0x08, 0xFF, 0x08, 0x0C, 0x08, 0xFF, 0x08, 0x08, 0x08, 0xFF, 0x00, 0x00, 0x00, 0xFF,
    0x00, 0x08, 0x00, 0xFF, 0x08, 0x08, 0x00, 0xFF, 0x00, 0x04, 0x00, 0xFF, 0x08, 0x0C, 0x08, 0xFF,
    0x08, 0x0C, 0x08, 0xFF, 0x08, 0x0C, 0x08, 0xFF, 0x08, 0x0C, 0x08, 0xFF, 0x08, 0x0C, 0x08, 0xFF,
    0x08, 0x10, 0x08, 0xFF, 0x10, 0x14, 0x10, 0xFF, 0x10, 0x18, 0x10, 0xFF, 0x10, 0x14, 0x10, 0xFF,
    0x18, 0x18, 0x18, 0xFF, 0x21, 0x20, 0x18, 0xFF, 0x21, 0x20, 0x21, 0xFF, 0x18, 0x20, 0x29, 0xFF,
    0x21, 0x2C, 0x31, 0xFF, 0x29, 0x38, 0x4A, 0xFF, 0x39, 0x45, 0x5A, 0xFF, 0x42, 0x55, 0x6B, 0xFF,
    0x42, 0x55, 0x73, 0xFF, 0x42, 0x55, 0x73, 0xFF, 0x5A, 0x71, 0x94, 0xFF, 0x84, 0xA6, 0xC6, 0xFF,
    0x8C, 0xAA, 0xCE, 0xFF, 0x94, 0xAE, 0xD6, 0xFF, 0x9C, 0xB6, 0xD6, 0xFF, 0x73, 0x8E, 0xAD, 0xFF,
    0x4A, 0x61, 0x84, 0xFF, 0x52, 0x61, 0x84, 0xFF, 0x52, 0x65, 0x84, 0xFF, 0x4A, 0x5D, 0x7B, 0xFF,
    0x4A, 0x59, 0x7B, 0xFF, 0x42, 0x59, 0x7B, 0xFF, 0x42, 0x59, 0x73, 0xFF, 0x42, 0x59, 0x7B, 0xFF,
    0x42, 0x59, 0x73, 0xFF, 0x42, 0x55, 0x73, 0xFF, 0x42, 0x55, 0x73, 0xFF, 0x42, 0x55, 0x73, 0xFF,
    0x42, 0x59, 0x7B, 0xFF, 0x42, 0x61, 0x7B, 0xFF, 0x42, 0x65, 0x84, 0xFF, 0x4A, 0x61, 0x7B, 0xFF,
    0x18, 0x20, 0x18, 0xFF, 0x10, 0x10, 0x00, 0xFF, 0x18, 0x1C, 0x18, 0xFF, 0x18, 0x1C, 0x18, 0xFF,
    0x18, 0x1C, 0x18, 0xFF, 0x18, 0x1C, 0x10, 0xFF, 0x18, 0x1C, 0x10, 0xFF, 0x18, 0x20, 0x18, 0xFF,
    0x21, 0x24, 0x18, 0xFF, 0x21, 0x24, 0x18, 0xFF, 0x18, 0x20, 0x18, 0xFF, 0x18, 0x1C, 0x10, 0xFF,
    0x18, 0x1C, 0x10, 0xFF, 0x18, 0x20, 0x10, 0xFF, 0x18, 0x20, 0x18, 0xFF, 0x21, 0x24, 0x18, 0xFF,
    0x21, 0x24, 0x18, 0xFF, 0x21, 0x24, 0x18, 0xFF, 0x21, 0x24, 0x18, 0xFF, 0x21, 0x20, 0x18, 0xFF,
    0x18, 0x20, 0x18, 0xEA, 0x10, 0x14, 0x10, 0xDE, 0x10, 0x14, 0x10, 0xFF, 0x10, 0x14, 0x10, 0xFF,
    0x18, 0x1C, 0x10, 0xFF, 0x18, 0x20, 0x18, 0xFF, 0x21, 0x24, 0x18, 0xFF, 0x21, 0x24, 0x18, 0xFF,
    0x21, 0x24, 0x18, 0xFF, 0x21, 0x20, 0x18, 0xFF, 0x18, 0x1C, 0x10, 0xFF, 0x10, 0x18, 0x10, 0xFF,
    0x10, 0x14, 0x10, 0xFF, 0x10, 0x10, 0x08, 0xFF, 0x10, 0x10, 0x08, 0xFF, 0x10, 0x14, 0x10, 0xFF,
    0x10, 0x14, 0x10, 0xFF, 0x10, 0x14, 0x10, 0xFF, 0x10, 0x14, 0x10, 0xFF, 0x18, 0x18, 0x10, 0xFF,
    0x18, 0x1C, 0x10, 0xFF, 0x21, 0x24, 0x18, 0xFF, 0x21, 0x24, 0x18, 0xFF, 0x21, 0x28, 0x18, 0xFF,
    0x21, 0x24, 0x18, 0xFF, 0x08, 0x08, 0x08, 0xFF, 0x00, 0x04, 0x00, 0xFF, 0x08, 0x0C, 0x08, 0xFF,
    0x08, 0x0C, 0x08, 0xFF, 0x00, 0x08, 0x00, 0xFF, 0x08, 0x08, 0x00, 0xFF, 0x00, 0x04, 0x00, 0xFF,
    0x00, 0x04, 0x00, 0xFF, 0x08, 0x0C, 0x08, 0xFF, 0x08, 0x0C, 0x08, 0xFF, 0x08, 0x0C, 0x08, 0xFF,
    0x08, 0x0C, 0x08, 0xFF, 0x08, 0x0C, 0x08, 0xFF, 0x10, 0x10, 0x08, 0xFF, 0x10, 0x14, 0x10, 0xFF,
    0x18, 0x18, 0x10, 0xFF, 0x18, 0x1C, 0x18, 0xFF, 0x21, 0x20, 0x18, 0xFF, 0x21, 0x24, 0x18, 0xFF,
    0x18, 0x24, 0x29, 0xFF, 0x21, 0x2C, 0x39, 0xFF, 0x29, 0x3C, 0x4A, 0xFF, 0x39, 0x45, 0x5A, 0xFF,
    0x42, 0x51, 0x6B, 0xFF, 0x42, 0x55, 0x73, 0xFF, 0x42, 0x55, 0x73, 0xFF, 0x63, 0x82, 0xA5, 0xFF,
    0x84, 0xA2, 0xC6, 0xFF, 0x8C, 0xAA, 0xC6, 0xFF, 0x94, 0xAA, 0xCE, 0xFF, 0xA5, 0xB6, 0xD6, 0xFF,
    0x9C, 0xB6, 0xD6, 0xFF, 0x6B, 0x86, 0xAD, 0xFF, 0x4A, 0x5D, 0x7B, 0xFF, 0x4A, 0x61, 0x84, 0xFF,
    0x4A, 0x61, 0x84, 0xFF, 0x4A, 0x61, 0x84, 0xFF, 0x42, 0x59, 0x7B, 0xFF, 0x42, 0x55, 0x73, 0xFF,
    0x42, 0x55, 0x73, 0xFF, 0x42, 0x59, 0x7B, 0xFF, 0x42, 0x59, 0x73, 0xFF, 0x42, 0x59, 0x73, 0xFF,
    0x42, 0x5D, 0x7B, 0xFF, 0x4A, 0x61, 0x7B, 0xFF, 0x42, 0x61, 0x7B, 0xFF, 0x4A, 0x6D, 0x8C, 0xFF,
    0x31, 0x49, 0x52, 0xFF, 0x10, 0x10, 0x00, 0xFF, 0x18, 0x18, 0x10, 0xFF, 0x18, 0x1C, 0x10, 0xFF,
    0x18, 0x1C, 0x18, 0xFF, 0x18, 0x1C, 0x18, 0xFF, 0x18, 0x20, 0x18, 0xFF, 0x21, 0x24, 0x18, 0xFF,
    0x21, 0x24, 0x18, 0xFF, 0x21, 0x28, 0x18, 0xFF, 0x21, 0x28, 0x18, 0xFF, 0x21, 0x28, 0x18, 0xFF,
    0x21, 0x20, 0x18, 0xFF, 0x18, 0x20, 0x10, 0xFF, 0x18, 0x20, 0x18, 0xFF, 0x21, 0x24, 0x18, 0xFF,
    0x21, 0x20, 0x18, 0xFF, 0x21, 0x20, 0x18, 0xFF, 0x21, 0x20, 0x18, 0xFF, 0x18, 0x20, 0x18, 0xFF,
    0x18, 0x20, 0x18, 0xFF, 0x18, 0x20, 0x18, 0xDE, 0x10, 0x18, 0x10, 0xCC, 0x10, 0x14, 0x10, 0xFF,
    0x10, 0x14, 0x10, 0xFF, 0x18, 0x1C, 0x18, 0xFF, 0x21, 0x24, 0x18, 0xFF, 0x21, 0x28, 0x18, 0xFF,
    0x21, 0x2C, 0x18, 0xFF, 0x21, 0x28, 0x18, 0xFF, 0x21, 0x24, 0x18, 0xFF, 0x18, 0x1C, 0x10, 0xFF,
    0x10, 0x18, 0x10, 0xFF, 0x10, 0x14, 0x10, 0xFF, 0x10, 0x14, 0x10, 0xFF, 0x10, 0x14, 0x10, 0xFF,
    0x10, 0x14, 0x10, 0xFF, 0x10, 0x18, 0x10, 0xFF, 0x18, 0x18, 0x10, 0xFF, 0x18, 0x1C, 0x10, 0xFF,
    0x18, 0x20, 0x18, 0xFF, 0x21, 0x24, 0x18, 0xFF, 0x21, 0x28, 0x18, 0xFF, 0x29, 0x2C, 0x18, 0xFF,
    0x29, 0x2C, 0x21, 0xFF, 0x29, 0x34, 0x21, 0xFF, 0x21, 0x24, 0x18, 0xFF, 0x00, 0x04, 0x00, 0xFF,
    0x00, 0x04, 0x00, 0xFF, 0x08, 0x08, 0x08, 0xFF, 0x08, 0x08, 0x08, 0xFF, 0x08, 0x0C, 0x08, 0xFF,
    0x08, 0x08, 0x08, 0xFF, 0x08, 0x08, 0x08, 0xFF, 0x00, 0x04, 0x00, 0xFF, 0x00, 0x04, 0x00, 0xFF,
    0x08, 0x08, 0x08, 0xFF, 0x10, 0x10, 0x10, 0xFF, 0x10, 0x14, 0x10, 0xFF, 0x10, 0x14, 0x10, 0xFF,
    0x10, 0x14, 0x10, 0xFF, 0x18, 0x18, 0x10, 0xFF, 0x18, 0x18, 0x18, 0xFF, 0x21, 0x20, 0x18, 0xFF,
    0x29, 0x24, 0x18, 0xFF, 0x21, 0x28, 0x29, 0xFF, 0x21, 0x2C, 0x39, 0xFF, 0x29, 0x34, 0x42, 0xFF,
    0x39, 0x45, 0x5A, 0xFF, 0x39, 0x51, 0x63, 0xFF, 0x39, 0x51, 0x6B, 0xFF, 0x4A, 0x61, 0x84, 0xFF,
    0x6B, 0x8A, 0xAD, 0xFF, 0x84, 0x9E, 0xBD, 0xFF, 0x8C, 0xA6, 0xC6, 0xFF, 0x94, 0xAE, 0xCE, 0xFF,
    0x9C, 0xB2, 0xD6, 0xFF, 0x9C, 0xB6, 0xD6, 0xFF, 0x94, 0xAE, 0xD6, 0xFF, 0x73, 0x86, 0xAD, 0xFF,
    0x4A, 0x65, 0x84, 0xFF, 0x4A, 0x61, 0x84, 0xFF, 0x52, 0x65, 0x84, 0xFF, 0x4A, 0x61, 0x84, 0xFF,
    0x4A, 0x5D, 0x7B, 0xFF, 0x42, 0x5D, 0x7B, 0xFF, 0x4A, 0x5D, 0x7B, 0xFF, 0x42, 0x5D, 0x7B, 0xFF,
    0x4A, 0x61, 0x7B, 0xFF, 0x4A, 0x65, 0x7B, 0xFF, 0x52, 0x6D, 0x84, 0xFF, 0x63, 0x79, 0x94, 0xFF,
    0x52, 0x71, 0x8C, 0xFF, 0x21, 0x28, 0x29, 0xFF, 0x10, 0x14, 0x08, 0xFF, 0x18, 0x1C, 0x18, 0xFF,
    0x18, 0x18, 0x10, 0xFF, 0x18, 0x18, 0x10, 0xFF, 0x18, 0x1C, 0x10, 0xFF, 0x18, 0x20, 0x18, 0xFF,
    0x21, 0x24, 0x18, 0xFF, 0x21, 0x28, 0x18, 0xFF, 0x21, 0x28, 0x18, 0xFF, 0x21, 0x28, 0x18, 0xFF,
    0x21, 0x28, 0x18, 0xFF, 0x21, 0x24, 0x18, 0xFF, 0x21, 0x24, 0x18, 0xFF, 0x21, 0x24, 0x18, 0xFF,
    0x21, 0x24, 0x18, 0xFF, 0x21, 0x20, 0x18, 0xFF, 0x21, 0x24, 0x18, 0xFF, 0x21, 0x24, 0x18, 0xFF,
    0x21, 0x20, 0x18, 0xFF, 0x18, 0x20, 0x18, 0xFF, 0x18, 0x1C, 0x18, 0xCC, 0x18, 0x18, 0x10, 0xB7,
    0x10, 0x14, 0x10, 0xFF, 0x18, 0x1C, 0x18, 0xFF, 0x21, 0x24, 0x18, 0xFF, 0x21, 0x28, 0x18, 0xFF,
    0x29, 0x2C, 0x21, 0xFF, 0x29, 0x2C, 0x21, 0xFF, 0x29, 0x2C, 0x21, 0xFF, 0x21, 0x28, 0x18, 0xFF,
    0x18, 0x20, 0x18, 0xFF, 0x18, 0x18, 0x10, 0xFF, 0x10, 0x14, 0x10, 0xFF, 0x10, 0x18, 0x10, 0xFF,
    0x10, 0x18, 0x10, 0xFF, 0x10, 0x14, 0x10, 0xFF, 0x18, 0x18, 0x10, 0xFF, 0x18, 0x1C, 0x10, 0xFF,
    0x18, 0x20, 0x18, 0xFF, 0x21, 0x24, 0x18, 0xFF, 0x21, 0x28, 0x18, 0xFF, 0x21, 0x2C, 0x18, 0xFF,
    0x29, 0x30, 0x21, 0xFF, 0x31, 0x34, 0x29, 0xFF, 0x31, 0x34, 0x29, 0xFF, 0x31, 0x38, 0x29, 0xFF,
    0x18, 0x1C, 0x10, 0xFF, 0x00, 0x04, 0x00, 0xFF, 0x00, 0x00, 0x00, 0xFF, 0x00, 0x00, 0x00, 0xFF,
    0x08, 0x08, 0x08, 0xFF, 0x08, 0x0C, 0x08, 0xFF, 0x08, 0x0C, 0x08, 0xFF, 0x08, 0x0C, 0x08, 0xFF,
    0x08, 0x08, 0x08, 0xFF, 0x08, 0x08, 0x08, 0xFF, 0x08, 0x0C, 0x08, 0xFF, 0x10, 0x14, 0x10, 0xFF,
    0x10, 0x14, 0x10, 0xFF, 0x10, 0x14, 0x10, 0xFF, 0x10, 0x14, 0x10, 0xFF, 0x18, 0x18, 0x18, 0xFF,
    0x21, 0x1C, 0x18, 0xFF, 0x29, 0x28, 0x21, 0xFF, 0x21, 0x28, 0x29, 0xFF, 0x21, 0x30, 0x42, 0xFF,
    0x29, 0x38, 0x4A, 0xFF, 0x31, 0x45, 0x5A, 0xFF, 0x39, 0x51, 0x6B, 0xFF, 0x42, 0x51, 0x6B, 0xFF,
    0x5A, 0x71, 0x94, 0xFF, 0x6B, 0x8E, 0xB5, 0xFF, 0x84, 0x9E, 0xC6, 0xFF, 0x8C, 0xA6, 0xCE, 0xFF,
    0x94, 0xB2, 0xCE, 0xFF, 0x9C, 0xB6, 0xD6, 0xFF, 0x9C, 0xB2, 0xD6, 0xFF, 0x9C, 0xB2, 0xD6, 0xFF,
    0x94, 0xB2, 0xD6, 0xFF, 0x7B, 0x96, 0xB5, 0xFF, 0x52, 0x69, 0x8C, 0xFF, 0x4A, 0x61, 0x84, 0xFF,
    0x52, 0x65, 0x84, 0xFF, 0x52, 0x65, 0x84, 0xFF, 0x52, 0x65, 0x7B, 0xFF, 0x52, 0x65, 0x7B, 0xFF,
    0x52, 0x61, 0x7B, 0xFF, 0x52, 0x65, 0x84, 0xFF, 0x52, 0x69, 0x84, 0xFF, 0x5A, 0x71, 0x8C, 0xFF,
    0x7B, 0x96, 0xAD, 0xFF, 0x5A, 0x75, 0x8C, 0xFF, 0x18, 0x20, 0x18, 0xFF, 0x18, 0x1C, 0x08, 0xFF,
    0x18, 0x1C, 0x18, 0xFF, 0x18, 0x18, 0x18, 0xFF, 0x18, 0x18, 0x18, 0xFF, 0x18, 0x1C, 0x10, 0xFF,
    0x21, 0x24, 0x18, 0xFF, 0x21, 0x28, 0x18, 0xFF, 0x21, 0x28, 0x18, 0xFF, 0x21, 0x24, 0x18, 0xFF,
    0x21, 0x24, 0x18, 0xFF, 0x21, 0x28, 0x18, 0xFF, 0x21, 0x28, 0x18, 0xFF, 0x21, 0x24, 0x18, 0xFF,
    0x21, 0x24, 0x18, 0xFF, 0x21, 0x24, 0x18, 0xFF, 0x21, 0x24, 0x21, 0xFF, 0x21, 0x24, 0x18, 0xFF,
    0x21, 0x24, 0x18, 0xFF, 0x18, 0x20, 0x18, 0xFF, 0x18, 0x1C, 0x18, 0xFF, 0x18, 0x1C, 0x18, 0xB6,
    0x18, 0x18, 0x18, 0x9D, 0x18, 0x1C, 0x18, 0xFF, 0x21, 0x24, 0x18, 0xFF, 0x21, 0x2C, 0x18, 0xFF,
    0x29, 0x2C, 0x21, 0xFF, 0x29, 0x2C, 0x21, 0xFF, 0x29, 0x2C, 0x21, 0xFF, 0x29, 0x2C, 0x21, 0xFF,
    0x21, 0x28, 0x18, 0xFF, 0x21, 0x24, 0x18, 0xFF, 0x18, 0x1C, 0x10, 0xFF, 0x18, 0x18, 0x10, 0xFF,
    0x18, 0x18, 0x10, 0xFF, 0x10, 0x18, 0x10, 0xFF, 0x10, 0x18, 0x10, 0xFF, 0x18, 0x18, 0x10, 0xFF,
    0x18, 0x1C, 0x10, 0xFF, 0x18, 0x20, 0x10, 0xFF, 0x21, 0x24, 0x18, 0xFF, 0x29, 0x2C, 0x18, 0xFF,
    0x29, 0x30, 0x21, 0xFF, 0x31, 0x34, 0x29, 0xFF, 0x31, 0x34, 0x29, 0xFF, 0x31, 0x34, 0x29, 0xFF,
    0x31, 0x38, 0x29, 0xFF, 0x31, 0x38, 0x29, 0xFF, 0x10, 0x14, 0x10, 0xFF, 0x00, 0x00, 0x00, 0xFF,
    0x00, 0x00, 0x00, 0xFF, 0x00, 0x00, 0x00, 0xFF, 0x00, 0x04, 0x00, 0xFF, 0x08, 0x0C, 0x08, 0xFF,
    0x08, 0x08, 0x08, 0xFF, 0x08, 0x08, 0x08, 0xFF, 0x08, 0x0C, 0x08, 0xFF, 0x08, 0x0C, 0x08, 0xFF,
    0x08, 0x0C, 0x08, 0xFF, 0x10, 0x10, 0x10, 0xFF, 0x08, 0x10, 0x08, 0xFF, 0x10, 0x10, 0x10, 0xFF,
    0x18, 0x18, 0x18, 0xFF, 0x21, 0x20, 0x18, 0xFF, 0x29, 0x2C, 0x21, 0xFF, 0x21, 0x28, 0x29, 0xFF,
    0x18, 0x24, 0x31, 0xFF, 0x29, 0x38, 0x4A, 0xFF, 0x31, 0x45, 0x63, 0xFF, 0x39, 0x4D, 0x6B, 0xFF,
    0x4A, 0x65, 0x84, 0xFF, 0x6B, 0x86, 0xA5, 0xFF, 0x73, 0x8E, 0xB5, 0xFF, 0x84, 0x9A, 0xBD, 0xFF,
    0x8C, 0xA6, 0xCE, 0xFF, 0x94, 0xB2, 0xD6, 0xFF, 0x9C, 0xB6, 0xD6, 0xFF, 0x9C, 0xB6, 0xD6, 0xFF,
    0x9C, 0xB6, 0xD6, 0xFF, 0x9C, 0xB6, 0xD6, 0xFF, 0x9C, 0xBA, 0xD6, 0xFF, 0x8C, 0xA2, 0xC6, 0xFF,
    0x5A, 0x71, 0x94, 0xFF, 0x4A, 0x5D, 0x7B, 0xFF, 0x52, 0x61, 0x7B, 0xFF, 0x52, 0x65, 0x7B, 0xFF,
    0x52, 0x65, 0x7B, 0xFF, 0x52, 0x65, 0x84, 0xFF, 0x4A, 0x5D, 0x7B, 0xFF, 0x4A, 0x5D, 0x73, 0xFF,
    0x5A, 0x71, 0x8C, 0xFF, 0x8C, 0xA2, 0xBD, 0xFF, 0x63, 0x82, 0x94, 0xFF, 0x18, 0x20, 0x18, 0xFF,
    0x18, 0x1C, 0x08, 0xFF, 0x18, 0x1C, 0x18, 0xFF, 0x18, 0x18, 0x18, 0xFF, 0x18, 0x18, 0x10, 0xFF,
    0x18, 0x20, 0x18, 0xFF, 0x21, 0x24, 0x18, 0xFF, 0x21, 0x28, 0x18, 0xFF, 0x21, 0x28, 0x18, 0xFF,
    0x21, 0x28, 0x18, 0xFF, 0x21, 0x28, 0x18, 0xFF, 0x29, 0x2C, 0x21, 0xFF, 0x21, 0x28, 0x18, 0xFF,
    0x21, 0x20, 0x18, 0xFF, 0x18, 0x20, 0x18, 0xFF, 0x21, 0x24, 0x18, 0xFF, 0x21, 0x24, 0x18, 0xFF,
    0x21, 0x24, 0x18, 0xFF, 0x18, 0x20, 0x18, 0xFF, 0x18, 0x1C, 0x18, 0xFF, 0x18, 0x18, 0x18, 0xFF,
    0x10, 0x18, 0x10, 0x9C, 0x18, 0x20, 0x18, 0x7B, 0x21, 0x28, 0x18, 0xFF, 0x29, 0x2C, 0x21, 0xFF,
    0x29, 0x2C, 0x21, 0xFF, 0x29, 0x2C, 0x21, 0xFF, 0x29, 0x30, 0x21, 0xFF, 0x29, 0x30, 0x21, 0xFF,
    0x29, 0x2C, 0x21, 0xFF, 0x29, 0x2C, 0x21, 0xFF, 0x21, 0x24, 0x18, 0xFF, 0x18, 0x20, 0x18, 0xFF,
    0x18, 0x1C, 0x10, 0xFF, 0x18, 0x18, 0x10, 0xFF, 0x10, 0x18, 0x10, 0xFF, 0x10, 0x18, 0x10, 0xFF,
    0x10, 0x18, 0x10, 0xFF, 0x18, 0x18, 0x10, 0xFF, 0x18, 0x20, 0x18, 0xFF, 0x21, 0x24, 0x18, 0xFF,
    0x29, 0x2C, 0x21, 0xFF, 0x31, 0x34, 0x29, 0xFF, 0x31, 0x38, 0x29, 0xFF, 0x39, 0x3C, 0x29, 0xFF,
    0x31, 0x38, 0x29, 0xFF, 0x31, 0x38, 0x29, 0xFF, 0x39, 0x41, 0x31, 0xFF, 0x39, 0x3C, 0x31, 0xFF,
    0x18, 0x18, 0x10, 0xFF, 0x00, 0x04, 0x00, 0xFF, 0x00, 0x00, 0x00, 0xFF, 0x00, 0x00, 0x00, 0xFF,
    0x08, 0x08, 0x08, 0xFF, 0x08, 0x08, 0x08, 0xFF, 0x08, 0x08, 0x08, 0xFF, 0x08, 0x08, 0x08, 0xFF,
    0x08, 0x08, 0x08, 0xFF, 0x08, 0x08, 0x08, 0xFF, 0x08, 0x10, 0x08, 0xFF, 0x10, 0x10, 0x08, 0xFF,
    0x10, 0x14, 0x10, 0xFF, 0x18, 0x18, 0x18, 0xFF, 0x21, 0x1C, 0x18, 0xFF, 0x21, 0x24, 0x21, 0xFF,
    0x21, 0x24, 0x21, 0xFF, 0x18, 0x24, 0x31, 0xFF, 0x29, 0x34, 0x4A, 0xFF, 0x31, 0x41, 0x5A, 0xFF,
    0x39, 0x51, 0x6B, 0xFF, 0x5A, 0x75, 0x94, 0xFF, 0x6B, 0x8A, 0xB5, 0xFF, 0x73, 0x92, 0xB5, 0xFF,
    0x7B, 0x9A, 0xBD, 0xFF, 0x8C, 0xA6, 0xC6, 0xFF, 0x94, 0xAA, 0xCE, 0xFF, 0x9C, 0xB6, 0xD6, 0xFF,
    0xA5, 0xB6, 0xD6, 0xFF, 0xA5, 0xBA, 0xD6, 0xFF, 0xA5, 0xBA, 0xD6, 0xFF, 0x9C, 0xB2, 0xD6, 0xFF,
    0x9C, 0xB6, 0xD6, 0xFF, 0x8C, 0xA2, 0xC6, 0xFF, 0x63, 0x7D, 0x9C, 0xFF, 0x5A, 0x69, 0x8C, 0xFF,
    0x5A, 0x6D, 0x8C, 0xFF, 0x5A, 0x71, 0x94, 0xFF, 0x5A, 0x75, 0x94, 0xFF, 0x6B, 0x7D, 0x9C, 0xFF,
    0x6B, 0x7D, 0x9C, 0xFF, 0x63, 0x79, 0x94, 0xFF, 0x84, 0x9E, 0xAD, 0xFF, 0x6B, 0x86, 0x9C, 0xFF,
    0x18, 0x24, 0x21, 0xFF, 0x18, 0x18, 0x08, 0xFF, 0x18, 0x1C, 0x18, 0xFF, 0x18, 0x1C, 0x18, 0xFF,
    0x18, 0x1C, 0x10, 0xFF, 0x21, 0x20, 0x18, 0xFF, 0x21, 0x24, 0x18, 0xFF, 0x29, 0x2C, 0x21, 0xFF,
    0x29, 0x2C, 0x21, 0xFF, 0x29, 0x2C, 0x21, 0xFF, 0x29, 0x30, 0x21, 0xFF, 0x29, 0x2C, 0x21, 0xFF,
    0x21, 0x28, 0x18, 0xFF, 0x18, 0x20, 0x18, 0xFF, 0x18, 0x1C, 0x18, 0xFF, 0x21, 0x20, 0x18, 0xFF,
    0x21, 0x24, 0x18, 0xFF, 0x18, 0x20, 0x18, 0xFF, 0x18, 0x1C, 0x18, 0xFF, 0x18, 0x1C, 0x18, 0xFF,
    0x10, 0x18, 0x10, 0xFF, 0x10, 0x14, 0x10, 0x7B, 0x21, 0x24, 0x21, 0x54, 0x29, 0x28, 0x21, 0xFF,
    0x29, 0x2C, 0x21, 0xFF, 0x29, 0x2C, 0x21, 0xFF, 0x29, 0x30, 0x21, 0xFF, 0x29, 0x34, 0x21, 0xFF,
    0x29, 0x30, 0x21, 0xFF, 0x29, 0x2C, 0x21, 0xFF, 0x29, 0x2C, 0x21, 0xFF, 0x21, 0x24, 0x18, 0xFF,
    0x18, 0x1C, 0x10, 0xFF, 0x10, 0x18, 0x10, 0xFF, 0x10, 0x18, 0x10, 0xFF, 0x10, 0x18, 0x10, 0xFF,
    0x10, 0x14, 0x10, 0xFF, 0x10, 0x14, 0x10, 0xFF, 0x18, 0x18, 0x10, 0xFF, 0x21, 0x20, 0x18, 0xFF,
    0x21, 0x28, 0x18, 0xFF, 0x29, 0x30, 0x21, 0xFF, 0x31, 0x38, 0x29, 0xFF, 0x39, 0x41, 0x29, 0xFF,
    0x39, 0x41, 0x31, 0xFF, 0x39, 0x3C, 0x31, 0xFF, 0x39, 0x3C, 0x31, 0xFF, 0x39, 0x3C, 0x31, 0xFF,
    0x42, 0x41, 0x31, 0xFF, 0x39, 0x3C, 0x31, 0xFF, 0x21, 0x24, 0x21, 0xFF, 0x10, 0x14, 0x10, 0xFF,
    0x08, 0x08, 0x08, 0xFF, 0x00, 0x00, 0x00, 0xFF, 0x00, 0x00, 0x00, 0xFF, 0x00, 0x04, 0x08, 0xFF,
    0x08, 0x08, 0x08, 0xFF, 0x08, 0x08, 0x08, 0xFF, 0x08, 0x0C, 0x08, 0xFF, 0x08, 0x0C, 0x08, 0xFF,
    0x08, 0x10, 0x08, 0xFF, 0x18, 0x18, 0x18, 0xFF, 0x18, 0x18, 0x10, 0xFF, 0x18, 0x1C, 0x18, 0xFF,
    0x21, 0x1C, 0x18, 0xFF, 0x21, 0x24, 0x29, 0xFF, 0x21, 0x2C, 0x39, 0xFF, 0x29, 0x34, 0x4A, 0xFF,
    0x31, 0x41, 0x5A, 0xFF, 0x4A, 0x5D, 0x7B, 0xFF, 0x63, 0x7D, 0xA5, 0xFF, 0x6B, 0x8A, 0xAD, 0xFF,
    0x73, 0x92, 0xB5, 0xFF, 0x7B, 0x9E, 0xBD, 0xFF, 0x8C, 0xA2, 0xC6, 0xFF, 0x94, 0xAA, 0xCE, 0xFF,
    0x9C, 0xB2, 0xD6, 0xFF, 0x9C, 0xB6, 0xD6, 0xFF, 0xA5, 0xB6, 0xD6, 0xFF, 0xA5, 0xBA, 0xD6, 0xFF,
    0x9C, 0xB6, 0xD6, 0xFF, 0x9C, 0xB2, 0xD6, 0xFF, 0x9C, 0xB2, 0xD6, 0xFF, 0x8C, 0xA6, 0xCE, 0xFF,
    0x7B, 0x92, 0xB5, 0xFF, 0x7B, 0x96, 0xBD, 0xFF, 0x7B, 0x96, 0xBD, 0xFF, 0x7B, 0x96, 0xB5, 0xFF,
    0x84, 0x9E, 0xBD, 0xFF, 0x84, 0x9E, 0xBD, 0xFF, 0x7B, 0x9A, 0xB5, 0xFF, 0x7B, 0x9A, 0xAD, 0xFF,
    0x6B, 0x8A, 0x9C, 0xFF, 0x29, 0x30, 0x31, 0xFF, 0x10, 0x14, 0x08, 0xFF, 0x18, 0x1C, 0x10, 0xFF,
    0x18, 0x1C, 0x18, 0xFF, 0x18, 0x20, 0x18, 0xFF, 0x21, 0x24, 0x18, 0xFF, 0x21, 0x28, 0x18, 0xFF,
    0x29, 0x2C, 0x21, 0xFF, 0x29, 0x2C, 0x21, 0xFF, 0x29, 0x2C, 0x21, 0xFF, 0x29, 0x2C, 0x21, 0xFF,
    0x29, 0x2C, 0x21, 0xFF, 0x21, 0x28, 0x18, 0xFF, 0x21, 0x20, 0x18, 0xFF, 0x18, 0x1C, 0x18, 0xFF,
    0x18, 0x1C, 0x18, 0xFF, 0x18, 0x20, 0x18, 0xFF, 0x18, 0x1C, 0x18, 0xFF, 0x10, 0x1C, 0x18, 0xFF,
    0x10, 0x18, 0x10, 0xFF, 0x10, 0x14, 0x10, 0xFF, 0x10, 0x14, 0x10, 0x54, 0x21, 0x28, 0x21, 0x27,
    0x29, 0x28, 0x21, 0xFF, 0x29, 0x2C, 0x21, 0xFF, 0x29, 0x30, 0x21, 0xFF, 0x29, 0x30, 0x29, 0xFF,
    0x29, 0x34, 0x21, 0xFF, 0x29, 0x30, 0x21, 0xFF, 0x29, 0x2C, 0x21, 0xFF, 0x21, 0x28, 0x18, 0xFF,
    0x21, 0x24, 0x18, 0xFF, 0x18, 0x1C, 0x10, 0xFF, 0x10, 0x14, 0x10, 0xFF, 0x10, 0x14, 0x10, 0xFF,
    0x10, 0x14, 0x10, 0xFF, 0x10, 0x10, 0x08, 0xFF, 0x10, 0x10, 0x08, 0xFF, 0x10, 0x14, 0x10, 0xFF,
    0x18, 0x20, 0x18, 0xFF, 0x21, 0x28, 0x18, 0xFF, 0x29, 0x30, 0x21, 0xFF, 0x31, 0x38, 0x29, 0xFF,
    0x39, 0x3C, 0x29, 0xFF, 0x39, 0x41, 0x31, 0xFF, 0x39, 0x41, 0x31, 0xFF, 0x31, 0x38, 0x31, 0xFF,
    0x31, 0x34, 0x29, 0xFF, 0x31, 0x34, 0x29, 0xFF, 0x39, 0x38, 0x31, 0xFF, 0x39, 0x3C, 0x31, 0xFF,
    0x31, 0x34, 0x29, 0xFF, 0x21, 0x24, 0x21, 0xFF, 0x10, 0x10, 0x10, 0xFF, 0x08, 0x08, 0x08, 0xFF,
    0x00, 0x04, 0x00, 0xFF, 0x00, 0x08, 0x00, 0xFF, 0x08, 0x08, 0x08, 0xFF, 0x08, 0x08, 0x00, 0xFF,
    0x08, 0x08, 0x08, 0xFF, 0x10, 0x14, 0x10, 0xFF, 0x10, 0x14, 0x10, 0xFF, 0x10, 0x18, 0x10, 0xFF,
    0x21, 0x1C, 0x18, 0xFF, 0x21, 0x1C, 0x18, 0xFF, 0x21, 0x24, 0x29, 0xFF, 0x18, 0x20, 0x31, 0xFF,
    0x21, 0x30, 0x42, 0xFF, 0x39, 0x4D, 0x6B, 0xFF, 0x52, 0x69, 0x8C, 0xFF, 0x5A, 0x79, 0x9C, 0xFF,
    0x63, 0x82, 0xA5, 0xFF, 0x6B, 0x8E, 0xB5, 0xFF, 0x7B, 0x9E, 0xBD, 0xFF, 0x84, 0xA2, 0xC6, 0xFF,
    0x8C, 0xAA, 0xCE, 0xFF, 0x94, 0xAE, 0xCE, 0xFF, 0x9C, 0xB2, 0xD6, 0xFF, 0xA5, 0xBA, 0xD6, 0xFF,
    0xA5, 0xBA, 0xD6, 0xFF, 0xA5, 0xBA, 0xD6, 0xFF, 0xA5, 0xBA, 0xD6, 0xFF, 0x9C, 0xB2, 0xD6, 0xFF,
    0x9C, 0xB2, 0xD6, 0xFF, 0x94, 0xAA, 0xCE, 0xFF, 0x84, 0x9E, 0xC6, 0xFF, 0x7B, 0x9A, 0xBD, 0xFF,
    0x7B, 0x96, 0xB5, 0xFF, 0x6B, 0x8E, 0xAD, 0xFF, 0x63, 0x82, 0xA5, 0xFF, 0x5A, 0x7D, 0xA5, 0xFF,
    0x6B, 0x8E, 0xAD, 0xFF, 0x7B, 0x96, 0xB5, 0xFF, 0x31, 0x41, 0x42, 0xFF, 0x10, 0x10, 0x08, 0xFF,
    0x18, 0x1C, 0x18, 0xFF, 0x18, 0x1C, 0x18, 0xFF, 0x18, 0x20, 0x10, 0xFF, 0x18, 0x20, 0x10, 0xFF,
    0x21, 0x24, 0x18, 0xFF, 0x29, 0x2C, 0x21, 0xFF, 0x29, 0x2C, 0x21, 0xFF, 0x29, 0x2C, 0x21, 0xFF,
    0x29, 0x2C, 0x21, 0xFF, 0x29, 0x2C, 0x21, 0xFF, 0x21, 0x2C, 0x21, 0xFF, 0x21, 0x24, 0x18, 0xFF,
    0x18, 0x20, 0x18, 0xFF, 0x18, 0x1C, 0x18, 0xFF, 0x18, 0x1C, 0x18, 0xFF, 0x18, 0x1C, 0x18, 0xFF,
    0x18, 0x1C, 0x10, 0xFF, 0x10, 0x18, 0x10, 0xFF, 0x10, 0x14, 0x10, 0xFF, 0x10, 0x14, 0x10, 0x27,
    0x21, 0x28, 0x18, 0x04, 0x21, 0x28, 0x21, 0xE3, 0x21, 0x28, 0x21, 0xFF, 0x29, 0x30, 0x21, 0xFF,
    0x29, 0x30, 0x21, 0xFF, 0x29, 0x2C, 0x21, 0xFF, 0x21, 0x28, 0x18, 0xFF, 0x21, 0x28, 0x18, 0xFF,
    0x21, 0x24, 0x18, 0xFF, 0x18, 0x20, 0x18, 0xFF, 0x18, 0x18, 0x10, 0xFF, 0x10, 0x14, 0x10, 0xFF,
    0x10, 0x14, 0x10, 0xFF, 0x10, 0x10, 0x08, 0xFF, 0x08, 0x0C, 0x08, 0xFF, 0x08, 0x0C, 0x08, 0xFF,
    0x08, 0x10, 0x08, 0xFF, 0x18, 0x1C, 0x10, 0xFF, 0x21, 0x28, 0x18, 0xFF, 0x31, 0x34, 0x29, 0xFF,
    0x31, 0x38, 0x29, 0xFF, 0x39, 0x41, 0x31, 0xFF, 0x39, 0x41, 0x31, 0xFF, 0x39, 0x41, 0x31, 0xFF,
    0x31, 0x38, 0x29, 0xFF, 0x31, 0x34, 0x29, 0xFF, 0x31, 0x30, 0x29, 0xFF, 0x31, 0x30, 0x29, 0xFF,
    0x31, 0x30, 0x29, 0xFF, 0x29, 0x2C, 0x21, 0xFF, 0x29, 0x24, 0x21, 0xFF, 0x18, 0x1C, 0x18, 0xFF,
    0x10, 0x18, 0x10, 0xFF, 0x10, 0x14, 0x10, 0xFF, 0x10, 0x14, 0x10, 0xFF, 0x10, 0x14, 0x10, 0xFF,
    0x10, 0x10, 0x10, 0xFF, 0x10, 0x10, 0x10, 0xFF, 0x18, 0x1C, 0x18, 0xFF, 0x10, 0x14, 0x10, 0xFF,
    0x10, 0x10, 0x08, 0xFF, 0x18, 0x1C, 0x18, 0xFF, 0x18, 0x18, 0x18, 0xFF, 0x10, 0x10, 0x10, 0xFF,
    0x18, 0x24, 0x31, 0xFF, 0x31, 0x45, 0x5A, 0xFF, 0x42, 0x55, 0x73, 0xFF, 0x52, 0x65, 0x8C, 0xFF,
    0x52, 0x6D, 0x94, 0xFF, 0x5A, 0x75, 0x9C, 0xFF, 0x63, 0x86, 0xAD, 0xFF, 0x73, 0x92, 0xB5, 0xFF,
    0x7B, 0x9A, 0xBD, 0xFF, 0x8C, 0xA6, 0xC6, 0xFF, 0x94, 0xAE, 0xCE, 0xFF, 0x9C, 0xB2, 0xD6, 0xFF,
    0x9C, 0xB6, 0xD6, 0xFF, 0xA5, 0xBA, 0xDE, 0xFF, 0xA5, 0xBA, 0xD6, 0xFF, 0xA5, 0xBA, 0xD6, 0xFF,
    0x9C, 0xB6, 0xD6, 0xFF, 0x94, 0xAE, 0xCE, 0xFF, 0x94, 0xAA, 0xCE, 0xFF, 0x84, 0xA6, 0xC6, 0xFF,
    0x84, 0x9A, 0xBD, 0xFF, 0x73, 0x92, 0xB5, 0xFF, 0x63, 0x82, 0xA5, 0xFF, 0x5A, 0x79, 0x9C, 0xFF,
    0x42, 0x69, 0x8C, 0xFF, 0x42, 0x65, 0x8C, 0xFF, 0x7B, 0x9A, 0xBD, 0xFF, 0x42, 0x51, 0x52, 0xFF,
    0x08, 0x10, 0x00, 0xFF, 0x18, 0x1C, 0x18, 0xFF, 0x18, 0x1C, 0x18, 0xFF, 0x18, 0x1C, 0x10, 0xFF,
    0x18, 0x1C, 0x10, 0xFF, 0x21, 0x24, 0x18, 0xFF, 0x21, 0x2C, 0x18, 0xFF, 0x29, 0x2C, 0x21, 0xFF,
    0x29, 0x2C, 0x21, 0xFF, 0x29, 0x2C, 0x21, 0xFF, 0x29, 0x2C, 0x21, 0xFF, 0x21, 0x2C, 0x21, 0xFF,
    0x21, 0x28, 0x18, 0xFF, 0x18, 0x20, 0x18, 0xFF, 0x18, 0x1C, 0x18, 0xFF, 0x18, 0x1C, 0x18, 0xFF,
    0x18, 0x1C, 0x18, 0xFF, 0x18, 0x1C, 0x18, 0xFF, 0x10, 0x18, 0x18, 0xFF, 0x10, 0x14, 0x10, 0xE3,
    0x10, 0x14, 0x10, 0x04, 0x21, 0x28, 0x21, 0x00, 0x21, 0x24, 0x21, 0xAE, 0x21, 0x24, 0x21, 0xFF,
    0x21, 0x28, 0x21, 0xFF, 0x21, 0x28, 0x21, 0xFF, 0x21, 0x24, 0x18, 0xFF, 0x21, 0x28, 0x18, 0xFF,
    0x21, 0x28, 0x18, 0xFF, 0x21, 0x24, 0x18, 0xFF, 0x18, 0x1C, 0x18, 0xFF, 0x18, 0x18, 0x10, 0xFF,
    0x10, 0x14, 0x10, 0xFF, 0x10, 0x14, 0x10, 0xFF, 0x10, 0x10, 0x08, 0xFF, 0x08, 0x10, 0x08, 0xFF,
    0x08, 0x0C, 0x08, 0xFF, 0x10, 0x10, 0x08, 0xFF, 0x18, 0x1C, 0x10, 0xFF, 0x29, 0x2C, 0x21, 0xFF,
    0x31, 0x34, 0x29, 0xFF, 0x31, 0x38, 0x29, 0xFF, 0x39, 0x3C, 0x31, 0xFF, 0x39, 0x41, 0x31, 0xFF,
    0x39, 0x3C, 0x31, 0xFF, 0x31, 0x38, 0x29, 0xFF, 0x31, 0x30, 0x29, 0xFF, 0x29, 0x2C, 0x29, 0xFF,
    0x29, 0x2C, 0x29, 0xFF, 0x29, 0x28, 0x21, 0xFF, 0x21, 0x24, 0x18, 0xFF, 0x21, 0x20, 0x18, 0xFF,
    0x18, 0x18, 0x18, 0xFF, 0x18, 0x18, 0x18, 0xFF, 0x10, 0x18, 0x10, 0xFF, 0x10, 0x18, 0x10, 0xFF,
    0x18, 0x18, 0x18, 0xFF, 0x18, 0x1C, 0x18, 0xFF, 0x18, 0x1C, 0x18, 0xFF, 0x18, 0x1C, 0x18, 0xFF,
    0x10, 0x14, 0x10, 0xFF, 0x08, 0x0C, 0x08, 0xFF, 0x08, 0x0C, 0x08, 0xFF, 0x08, 0x0C, 0x08, 0xFF,
    0x10, 0x1C, 0x21, 0xFF, 0x31, 0x41, 0x52, 0xFF, 0x39, 0x49, 0x6B, 0xFF, 0x42, 0x59, 0x73, 0xFF,
    0x4A, 0x69, 0x8C, 0xFF, 0x52, 0x6D, 0x94, 0xFF, 0x52, 0x71, 0x9C, 0xFF, 0x63, 0x82, 0xAD, 0xFF,
    0x73, 0x92, 0xB5, 0xFF, 0x7B, 0x9A, 0xC6, 0xFF, 0x84, 0xA6, 0xCE, 0xFF, 0x94, 0xAE, 0xD6, 0xFF,
    0x9C, 0xB6, 0xD6, 0xFF, 0x9C, 0xB6, 0xD6, 0xFF, 0xA5, 0xBA, 0xD6, 0xFF, 0xA5, 0xBA, 0xD6, 0xFF,
    0xA5, 0xB6, 0xD6, 0xFF, 0x9C, 0xB2, 0xCE, 0xFF, 0x8C, 0xA6, 0xC6, 0xFF, 0x84, 0xA2, 0xC6, 0xFF,
    0x84, 0x9E, 0xBD, 0xFF, 0x7B, 0x96, 0xBD, 0xFF, 0x73, 0x92, 0xB5, 0xFF, 0x6B, 0x86, 0xAD, 0xFF,
    0x63, 0x86, 0xA5, 0xFF, 0x63, 0x7D, 0x9C, 0xFF, 0x42, 0x69, 0x8C, 0xFF, 0x7B, 0xA2, 0xC6, 0xFF,
    0x4A, 0x55, 0x52, 0xFF, 0x08, 0x0C, 0x00, 0xFF, 0x18, 0x1C, 0x10, 0xFF, 0x18, 0x1C, 0x10, 0xFF,
    0x18, 0x18, 0x10, 0xFF, 0x10, 0x18, 0x10, 0xFF, 0x18, 0x20, 0x10, 0xFF, 0x21, 0x28, 0x18, 0xFF,
    0x29, 0x2C, 0x21, 0xFF, 0x29, 0x2C, 0x21, 0xFF, 0x29, 0x2C, 0x21, 0xFF, 0x21, 0x28, 0x21, 0xFF,
    0x21, 0x28, 0x18, 0xFF, 0x21, 0x24, 0x18, 0xFF, 0x18, 0x20, 0x18, 0xFF, 0x18, 0x1C, 0x18, 0xFF,
    0x18, 0x1C, 0x18, 0xFF, 0x18, 0x20, 0x18, 0xFF, 0x18, 0x1C, 0x18, 0xFF, 0x18, 0x1C, 0x18, 0xFF,
    0x10, 0x18, 0x18, 0xAF, 0x10, 0x14, 0x10, 0x00, 0x21, 0x24, 0x18, 0x00, 0x21, 0x24, 0x18, 0x72,
    0x18, 0x24, 0x18, 0xFF, 0x18, 0x20, 0x18, 0xFF, 0x21, 0x24, 0x18, 0xFF, 0x21, 0x24, 0x18, 0xFF,
    0x21, 0x28, 0x18, 0xFF, 0x21, 0x28, 0x18, 0xFF, 0x21, 0x24, 0x18, 0xFF, 0x21, 0x20, 0x18, 0xFF,
    0x18, 0x1C, 0x18, 0xFF, 0x10, 0x18, 0x10, 0xFF, 0x10, 0x14, 0x10, 0xFF, 0x10, 0x14, 0x10, 0xFF,
    0x10, 0x10, 0x08, 0xFF, 0x08, 0x0C, 0x08, 0xFF, 0x10, 0x10, 0x10, 0xFF, 0x18, 0x1C, 0x10, 0xFF,
    0x21, 0x28, 0x18, 0xFF, 0x29, 0x2C, 0x21, 0xFF, 0x31, 0x34, 0x29, 0xFF, 0x31, 0x38, 0x29, 0xFF,
    0x31, 0x38, 0x29, 0xFF, 0x31, 0x38, 0x29, 0xFF, 0x31, 0x34, 0x29, 0xFF, 0x29, 0x2C, 0x21, 0xFF,
    0x29, 0x28, 0x21, 0xFF, 0x29, 0x28, 0x21, 0xFF, 0x21, 0x24, 0x21, 0xFF, 0x21, 0x24, 0x21, 0xFF,
    0x21, 0x20, 0x21, 0xFF, 0x18, 0x1C, 0x18, 0xFF, 0x18, 0x18, 0x10, 0xFF, 0x10, 0x18, 0x10, 0xFF,
    0x10, 0x18, 0x10, 0xFF, 0x18, 0x18, 0x18, 0xFF, 0x18, 0x1C, 0x18, 0xFF, 0x18, 0x1C, 0x18, 0xFF,
    0x18, 0x18, 0x10, 0xFF, 0x10, 0x14, 0x10, 0xFF, 0x08, 0x10, 0x08, 0xFF, 0x08, 0x0C, 0x08, 0xFF,
    0x10, 0x18, 0x18, 0xFF, 0x31, 0x3C, 0x4A, 0xFF, 0x39, 0x49, 0x63, 0xFF, 0x42, 0x51, 0x6B, 0xFF,
    0x4A, 0x61, 0x7B, 0xFF, 0x52, 0x6D, 0x94, 0xFF, 0x5A, 0x75, 0x9C, 0xFF, 0x5A, 0x75, 0x9C, 0xFF,
    0x63, 0x7D, 0xA5, 0xFF, 0x73, 0x92, 0xB5, 0xFF, 0x7B, 0x9E, 0xBD, 0xFF, 0x8C, 0xA6, 0xC6, 0xFF,
    0x94, 0xAA, 0xCE, 0xFF, 0x94, 0xAE, 0xCE, 0xFF, 0x9C, 0xB2, 0xD6, 0xFF, 0xA5, 0xB6, 0xD6, 0xFF,
    0xA5, 0xB6, 0xD6, 0xFF, 0xA5, 0xBA, 0xD6, 0xFF, 0x9C, 0xB2, 0xD6, 0xFF, 0x8C, 0xA6, 0xC6, 0xFF,
    0x7B, 0x9A, 0xBD, 0xFF, 0x7B, 0x9A, 0xBD, 0xFF, 0x73, 0x96, 0xB5, 0xFF, 0x73, 0x92, 0xB5, 0xFF,
    0x73, 0x92, 0xB5, 0xFF, 0x73, 0x92, 0xB5, 0xFF, 0x5A, 0x82, 0xA5, 0xFF, 0x4A, 0x71, 0x9C, 0xFF,
    0x52, 0x71, 0x94, 0xFF, 0x29, 0x30, 0x29, 0xFF, 0x18, 0x1C, 0x08, 0xFF, 0x18, 0x20, 0x10, 0xFF,
    0x18, 0x20, 0x18, 0xFF, 0x18, 0x18, 0x10, 0xFF, 0x10, 0x14, 0x10, 0xFF, 0x18, 0x18, 0x10, 0xFF,
    0x21, 0x24, 0x18, 0xFF, 0x29, 0x2C, 0x21, 0xFF, 0x29, 0x2C, 0x21, 0xFF, 0x29, 0x2C, 0x21, 0xFF,
    0x21, 0x28, 0x21, 0xFF, 0x21, 0x28, 0x18, 0xFF, 0x21, 0x24, 0x18, 0xFF, 0x18, 0x1C, 0x18, 0xFF,
    0x18, 0x20, 0x18, 0xFF, 0x18, 0x20, 0x18, 0xFF, 0x18, 0x20, 0x18, 0xFF, 0x18, 0x1C, 0x18, 0xFF,
    0x18, 0x18, 0x18, 0xFF, 0x10, 0x18, 0x18, 0x72, 0x10, 0x14, 0x10, 0x00, 0x18, 0x1C, 0x18, 0x00,
    0x18, 0x1C, 0x18, 0x2C, 0x18, 0x1C, 0x18, 0xFF, 0x18, 0x1C, 0x18, 0xFF, 0x18, 0x20, 0x18, 0xFF,
    0x18, 0x24, 0x18, 0xFF, 0x21, 0x24, 0x18, 0xFF, 0x21, 0x24, 0x18, 0xFF, 0x21, 0x24, 0x18, 0xFF,
    0x21, 0x24, 0x18, 0xFF, 0x21, 0x24, 0x18, 0xFF, 0x18, 0x1C, 0x10, 0xFF, 0x10, 0x18, 0x10, 0xFF,
    0x10, 0x14, 0x10, 0xFF, 0x10, 0x10, 0x08, 0xFF, 0x08, 0x10, 0x08, 0xFF, 0x10, 0x10, 0x08, 0xFF,
    0x18, 0x1C, 0x10, 0xFF, 0x18, 0x20, 0x10, 0xFF, 0x21, 0x24, 0x18, 0xFF, 0x29, 0x2C, 0x21, 0xFF,
    0x29, 0x30, 0x21, 0xFF, 0x29, 0x30, 0x21, 0xFF, 0x29, 0x30, 0x21, 0xFF, 0x21, 0x28, 0x21, 0xFF,
    0x21, 0x24, 0x18, 0xFF, 0x21, 0x24, 0x18, 0xFF, 0x21, 0x20, 0x18, 0xFF, 0x21, 0x24, 0x21, 0xFF,
    0x21, 0x24, 0x21, 0xFF, 0x18, 0x20, 0x18, 0xFF, 0x18, 0x18, 0x18, 0xFF, 0x10, 0x14, 0x10, 0xFF,
    0x18, 0x18, 0x18, 0xFF, 0x18, 0x18, 0x18, 0xFF, 0x18, 0x18, 0x18, 0xFF, 0x18, 0x18, 0x18, 0xFF,
    0x18, 0x18, 0x18, 0xFF, 0x18, 0x1C, 0x18, 0xFF, 0x18, 0x18, 0x18, 0xFF, 0x08, 0x0C, 0x08, 0xFF,
    0x18, 0x18, 0x10, 0xFF, 0x29, 0x30, 0x39, 0xFF, 0x31, 0x45, 0x5A, 0xFF, 0x42, 0x4D, 0x63, 0xFF,
    0x4A, 0x5D, 0x7B, 0xFF, 0x52, 0x6D, 0x94, 0xFF, 0x63, 0x79, 0xA5, 0xFF, 0x63, 0x82, 0xAD, 0xFF,
    0x5A, 0x7D, 0xA5, 0xFF, 0x5A, 0x79, 0x9C, 0xFF, 0x63, 0x86, 0xAD, 0xFF, 0x73, 0x96, 0xB5, 0xFF,
    0x84, 0xA2, 0xC6, 0xFF, 0x8C, 0xA6, 0xC6, 0xFF, 0x8C, 0xA6, 0xC6, 0xFF, 0x94, 0xB2, 0xCE, 0xFF,
    0x9C, 0xB2, 0xD6, 0xFF, 0x9C, 0xB2, 0xD6, 0xFF, 0x9C, 0xB6, 0xD6, 0xFF, 0xA5, 0xB6, 0xD6, 0xFF,
    0x94, 0xAA, 0xCE, 0xFF, 0x84, 0x9E, 0xBD, 0xFF, 0x84, 0x9E, 0xBD, 0xFF, 0x73, 0x96, 0xB5, 0xFF,
    0x73, 0x96, 0xB5, 0xFF, 0x7B, 0x96, 0xB5, 0xFF, 0x84, 0xA2, 0xBD, 0xFF, 0x63, 0x8A, 0xAD, 0xFF,
    0x42, 0x65, 0x94, 0xFF, 0x29, 0x38, 0x4A, 0xFF, 0x21, 0x20, 0x10, 0xFF, 0x29, 0x2C, 0x21, 0xFF,
    0x29, 0x2C, 0x21, 0xFF, 0x21, 0x28, 0x18, 0xFF, 0x21, 0x24, 0x18, 0xFF, 0x18, 0x1C, 0x10, 0xFF,
    0x18, 0x18, 0x10, 0xFF, 0x18, 0x1C, 0x18, 0xFF, 0x21, 0x28, 0x21, 0xFF, 0x29, 0x2C, 0x21, 0xFF,
    0x29, 0x2C, 0x21, 0xFF, 0x29, 0x2C, 0x21, 0xFF, 0x21, 0x28, 0x21, 0xFF, 0x21, 0x24, 0x21, 0xFF,
    0x18, 0x20, 0x18, 0xFF, 0x18, 0x20, 0x18, 0xFF, 0x18, 0x20, 0x18, 0xFF, 0x18, 0x20, 0x18, 0xFF,
    0x18, 0x1C, 0x18, 0xFF, 0x18, 0x18, 0x18, 0xFF, 0x10, 0x14, 0x18, 0x2C, 0x10, 0x14, 0x10, 0x00,
    0x10, 0x14, 0x10, 0x00, 0x10, 0x18, 0x10, 0x00, 0x10, 0x18, 0x10, 0xD6, 0x18, 0x1C, 0x18, 0xFF,
    0x18, 0x20, 0x18, 0xFF, 0x18, 0x20, 0x18, 0xFF, 0x21, 0x24, 0x18, 0xFF, 0x21, 0x24, 0x18, 0xFF,
    0x21, 0x24, 0x18, 0xFF, 0x21, 0x28, 0x18, 0xFF, 0x21, 0x28, 0x18, 0xFF, 0x21, 0x24, 0x18, 0xFF,
    0x18, 0x1C, 0x18, 0xFF, 0x10, 0x14, 0x10, 0xFF, 0x10, 0x14, 0x10, 0xFF, 0x08, 0x10, 0x08, 0xFF,
    0x10, 0x10, 0x08, 0xFF, 0x18, 0x18, 0x10, 0xFF, 0x18, 0x20, 0x18, 0xFF, 0x21, 0x24, 0x18, 0xFF,
    0x21, 0x28, 0x18, 0xFF, 0x29, 0x2C, 0x21, 0xFF, 0x29, 0x2C, 0x21, 0xFF, 0x21, 0x28, 0x18, 0xFF,
    0x21, 0x20, 0x18, 0xFF, 0x18, 0x1C, 0x18, 0xFF, 0x18, 0x18, 0x18, 0xFF, 0x18, 0x18, 0x18, 0xFF,
    0x18, 0x1C, 0x18, 0xFF, 0x18, 0x1C, 0x18, 0xFF, 0x18, 0x1C, 0x18, 0xFF, 0x18, 0x1C, 0x18, 0xFF,
    0x10, 0x18, 0x10, 0xFF, 0x18, 0x18, 0x18, 0xFF, 0x18, 0x18, 0x18, 0xFF, 0x18, 0x1C, 0x18, 0xFF,
    0x18, 0x1C, 0x18, 0xFF, 0x18, 0x1C, 0x18, 0xFF, 0x18, 0x1C, 0x18, 0xFF, 0x18, 0x1C, 0x18, 0xFF,
    0x10, 0x14, 0x10, 0xFF, 0x18, 0x1C, 0x18, 0xFF, 0x31, 0x3C, 0x42, 0xFF, 0x31, 0x3C, 0x52, 0xFF,
    0x42, 0x51, 0x6B, 0xFF, 0x52, 0x6D, 0x94, 0xFF, 0x5A, 0x79, 0xA5, 0xFF, 0x6B, 0x86, 0xAD, 0xFF,
    0x63, 0x86, 0xAD, 0xFF, 0x63, 0x82, 0xAD, 0xFF, 0x63, 0x7D, 0xAD, 0xFF, 0x63, 0x86, 0xAD, 0xFF,
    0x73, 0x92, 0xB5, 0xFF, 0x84, 0x9E, 0xBD, 0xFF, 0x84, 0x9E, 0xC6, 0xFF, 0x84, 0xA6, 0xC6, 0xFF,
    0x8C, 0xAA, 0xCE, 0xFF, 0x94, 0xAE, 0xCE, 0xFF, 0x94, 0xAE, 0xCE, 0xFF, 0x9C, 0xB2, 0xD6, 0xFF,
    0x9C, 0xB6, 0xD6, 0xFF, 0x94, 0xAE, 0xCE, 0xFF, 0x8C, 0xA2, 0xC6, 0xFF, 0x84, 0x9A, 0xBD, 0xFF,
    0x7B, 0x96, 0xBD, 0xFF, 0x6B, 0x8E, 0xB5, 0xFF, 0x6B, 0x8E, 0xB5, 0xFF, 0x84, 0xA2, 0xC6, 0xFF,
    0x7B, 0x9A, 0xBD, 0xFF, 0x39, 0x59, 0x73, 0xFF, 0x21, 0x28, 0x21, 0xFF, 0x31, 0x30, 0x21, 0xFF,
    0x31, 0x34, 0x29, 0xFF, 0x31, 0x34, 0x29, 0xFF, 0x29, 0x30, 0x21, 0xFF, 0x29, 0x2C, 0x21, 0xFF,
    0x21, 0x24, 0x18, 0xFF, 0x18, 0x20, 0x18, 0xFF, 0x18, 0x1C, 0x10, 0xFF, 0x21, 0x28, 0x18, 0xFF,
    0x29, 0x2C, 0x21, 0xFF, 0x29, 0x2C, 0x21, 0xFF, 0x21, 0x2C, 0x21, 0xFF, 0x21, 0x28, 0x21, 0xFF,
    0x21, 0x28, 0x21, 0xFF, 0x21, 0x24, 0x21, 0xFF, 0x21, 0x24, 0x18, 0xFF, 0x18, 0x20, 0x18, 0xFF,
    0x18, 0x1C, 0x18, 0xFF, 0x18, 0x1C, 0x18, 0xFF, 0x10, 0x18, 0x18, 0xD6, 0x10, 0x14, 0x10, 0x00,
    0x10, 0x14, 0x10, 0x00, 0x10, 0x14, 0x10, 0x00, 0x10, 0x18, 0x18, 0x00, 0x18, 0x1C, 0x18, 0x86,
    0x18, 0x20, 0x18, 0xFF, 0x18, 0x20, 0x18, 0xFF, 0x18, 0x1C, 0x18, 0xFF, 0x21, 0x20, 0x18, 0xFF,
    0x21, 0x28, 0x21, 0xFF, 0x21, 0x28, 0x21, 0xFF, 0x21, 0x28, 0x21, 0xFF, 0x21, 0x28, 0x18, 0xFF,
    0x21, 0x28, 0x18, 0xFF, 0x21, 0x20, 0x18, 0xFF, 0x18, 0x18, 0x10, 0xFF, 0x10, 0x14, 0x10, 0xFF,
    0x08, 0x10, 0x08, 0xFF, 0x10, 0x10, 0x08, 0xFF, 0x18, 0x1C, 0x10, 0xFF, 0x21, 0x24, 0x18, 0xFF,
    0x21, 0x28, 0x18, 0xFF, 0x29, 0x2C, 0x21, 0xFF, 0x29, 0x30, 0x21, 0xFF, 0x29, 0x2C, 0x21, 0xFF,
    0x21, 0x28, 0x21, 0xFF, 0x21, 0x20, 0x18, 0xFF, 0x18, 0x18, 0x10, 0xFF, 0x10, 0x18, 0x10, 0xFF,
    0x18, 0x18, 0x18, 0xFF, 0x18, 0x18, 0x18, 0xFF, 0x18, 0x1C, 0x18, 0xFF, 0x18, 0x1C, 0x18, 0xFF,
    0x18, 0x1C, 0x18, 0xFF, 0x18, 0x1C, 0x18, 0xFF, 0x18, 0x18, 0x18, 0xFF, 0x18, 0x1C, 0x18, 0xFF,
    0x18, 0x1C, 0x18, 0xFF, 0x18, 0x1C, 0x18, 0xFF, 0x18, 0x1C, 0x18, 0xFF, 0x18, 0x1C, 0x18, 0xFF,
    0x21, 0x20, 0x18, 0xFF, 0x18, 0x18, 0x10, 0xFF, 0x18, 0x20, 0x21, 0xFF, 0x29, 0x34, 0x42, 0xFF,
    0x42, 0x51, 0x6B, 0xFF, 0x5A, 0x75, 0x9C, 0xFF, 0x5A, 0x75, 0xA5, 0xFF, 0x63, 0x82, 0xA5, 0xFF,
    0x6B, 0x8A, 0xAD, 0xFF, 0x6B, 0x8A, 0xAD, 0xFF, 0x63, 0x86, 0xB5, 0xFF, 0x63, 0x8A, 0xB5, 0xFF,
    0x6B, 0x8A, 0xAD, 0xFF, 0x73, 0x92, 0xB5, 0xFF, 0x7B, 0x9A, 0xBD, 0xFF, 0x84, 0x9E, 0xBD, 0xFF,
    0x84, 0x9E, 0xC6, 0xFF, 0x84, 0xA2, 0xC6, 0xFF, 0x8C, 0xA6, 0xC6, 0xFF, 0x94, 0xAE, 0xCE, 0xFF,
    0x9C, 0xB2, 0xCE, 0xFF, 0x9C, 0xB6, 0xCE, 0xFF, 0x9C, 0xAE, 0xCE, 0xFF, 0x8C, 0xA6, 0xC6, 0xFF,
    0x7B, 0x9E, 0xBD, 0xFF, 0x84, 0x9E, 0xBD, 0xFF, 0x7B, 0x9A, 0xBD, 0xFF, 0x73, 0x92, 0xB5, 0xFF,
    0x84, 0xA2, 0xBD, 0xFF, 0x7B, 0x9E, 0xC6, 0xFF, 0x31, 0x49, 0x52, 0xFF, 0x21, 0x24, 0x10, 0xFF,
    0x39, 0x38, 0x29, 0xFF, 0x31, 0x3C, 0x29, 0xFF, 0x31, 0x38, 0x29, 0xFF, 0x31, 0x38, 0x29, 0xFF,
    0x29, 0x34, 0x29, 0xFF, 0x29, 0x2C, 0x21, 0xFF, 0x21, 0x28, 0x18, 0xFF, 0x21, 0x24, 0x18, 0xFF,
    0x21, 0x28, 0x18, 0xFF, 0x21, 0x2C, 0x21, 0xFF, 0x29, 0x2C, 0x21, 0xFF, 0x29, 0x2C, 0x21, 0xFF,
    0x29, 0x2C, 0x29, 0xFF, 0x29, 0x2C, 0x21, 0xFF, 0x21, 0x24, 0x21, 0xFF, 0x18, 0x20, 0x21, 0xFF,
    0x18, 0x20, 0x18, 0xFF, 0x18, 0x1C, 0x18, 0xFF, 0x18, 0x18, 0x18, 0xFF, 0x10, 0x18, 0x18, 0x86,
    0x10, 0x10, 0x10, 0x00, 0x08, 0x10, 0x10, 0x00, 0x10, 0x14, 0x10, 0x00, 0x10, 0x18, 0x18, 0x00,
    0x18, 0x1C, 0x18, 0x2E, 0x18, 0x1C, 0x18, 0xFF, 0x18, 0x18, 0x18, 0xFF, 0x18, 0x1C, 0x18, 0xFF,
    0x18, 0x20, 0x18, 0xFF, 0x21, 0x24, 0x21, 0xFF, 0x21, 0x24, 0x21, 0xFF, 0x21, 0x24, 0x18, 0xFF,
    0x21, 0x28, 0x18, 0xFF, 0x21, 0x24, 0x18, 0xFF, 0x21, 0x24, 0x18, 0xFF, 0x18, 0x1C, 0x18, 0xFF,
    0x10, 0x14, 0x10, 0xFF, 0x10, 0x10, 0x08, 0xFF, 0x10, 0x14, 0x10, 0xFF, 0x18, 0x1C, 0x18, 0xFF,
    0x21, 0x24, 0x18, 0xFF, 0x21, 0x28, 0x18, 0xFF, 0x29, 0x2C, 0x21, 0xFF, 0x29, 0x2C, 0x21, 0xFF,
    0x29, 0x2C, 0x21, 0xFF, 0x21, 0x24, 0x18, 0xFF, 0x21, 0x20, 0x18, 0xFF, 0x18, 0x18, 0x18, 0xFF,
    0x10, 0x18, 0x10, 0xFF, 0x18, 0x18, 0x10, 0xFF, 0x18, 0x18, 0x18, 0xFF, 0x18, 0x1C, 0x18, 0xFF,
    0x18, 0x1C, 0x18, 0xFF, 0x18, 0x1C, 0x18, 0xFF, 0x18, 0x1C, 0x18, 0xFF, 0x18, 0x1C, 0x18, 0xFF,
    0x18, 0x1C, 0x18, 0xFF, 0x18, 0x1C, 0x18, 0xFF, 0x18, 0x1C, 0x18, 0xFF, 0x18, 0x1C, 0x18, 0xFF,
    0x21, 0x20, 0x18, 0xFF, 0x21, 0x1C, 0x18, 0xFF, 0x18, 0x14, 0x08, 0xFF, 0x31, 0x30, 0x39, 0xFF,
    0x52, 0x61, 0x84, 0xFF, 0x63, 0x8E, 0xBD, 0xFF, 0x6B, 0x8A, 0xBD, 0xFF, 0x63, 0x86, 0xAD, 0xFF,
    0x63, 0x86, 0xAD, 0xFF, 0x6B, 0x8E, 0xAD, 0xFF, 0x73, 0x92, 0xB5, 0xFF, 0x73, 0x96, 0xB5, 0xFF,
    0x73, 0x96, 0xB5, 0xFF, 0x6B, 0x8E, 0xAD, 0xFF, 0x73, 0x92, 0xB5, 0xFF, 0x73, 0x96, 0xB5, 0xFF,
    0x7B, 0x9A, 0xBD, 0xFF, 0x84, 0x9E, 0xC6, 0xFF, 0x84, 0xA2, 0xC6, 0xFF, 0x8C, 0xA2, 0xC6, 0xFF,
    0x94, 0xAA, 0xCE, 0xFF, 0x94, 0xAE, 0xCE, 0xFF, 0x94, 0xAE, 0xCE, 0xFF, 0x9C, 0xB2, 0xCE, 0xFF,
    0x8C, 0xA6, 0xC6, 0xFF, 0x7B, 0x96, 0xB5, 0xFF, 0x7B, 0x9A, 0xB5, 0xFF, 0x84, 0xA2, 0xC6, 0xFF,
    0x84, 0xA2, 0xBD, 0xFF, 0x9C, 0xBA, 0xD6, 0xFF, 0x84, 0xA2, 0xC6, 0xFF, 0x29, 0x30, 0x31, 0xFF,
    0x21, 0x28, 0x10, 0xFF, 0x39, 0x3C, 0x31, 0xFF, 0x39, 0x41, 0x31, 0xFF, 0x39, 0x41, 0x31, 0xFF,
    0x31, 0x3C, 0x31, 0xFF, 0x31, 0x38, 0x29, 0xFF, 0x29, 0x30, 0x21, 0xFF, 0x21, 0x2C, 0x21, 0xFF,
    0x21, 0x28, 0x18, 0xFF, 0x21, 0x28, 0x18, 0xFF, 0x21, 0x28, 0x21, 0xFF, 0x29, 0x2C, 0x21, 0xFF,
    0x29, 0x2C, 0x29, 0xFF, 0x29, 0x2C, 0x29, 0xFF, 0x21, 0x28, 0x21, 0xFF, 0x21, 0x24, 0x21, 0xFF,
    0x18, 0x1C, 0x21, 0xFF, 0x18, 0x1C, 0x18, 0xFF, 0x18, 0x1C, 0x18, 0xFF, 0x18, 0x18, 0x18, 0xFF,
    0x10, 0x14, 0x10, 0x2E, 0x08, 0x10, 0x10, 0x00, 0x08, 0x0C, 0x08, 0x00, 0x10, 0x10, 0x10, 0x00,
    0x10, 0x14, 0x10, 0x00, 0x10, 0x14, 0x10, 0x00, 0x10, 0x14, 0x10, 0xC9, 0x10, 0x18, 0x10, 0xFF,
    0x10, 0x18, 0x10, 0xFF, 0x18, 0x1C, 0x10, 0xFF, 0x21, 0x20, 0x18, 0xFF, 0x21, 0x24, 0x21, 0xFF,
    0x18, 0x24, 0x18, 0xFF, 0x21, 0x20, 0x18, 0xFF, 0x18, 0x20, 0x18, 0xFF, 0x18, 0x20, 0x18, 0xFF,
    0x18, 0x18, 0x10, 0xFF, 0x10, 0x10, 0x08, 0xFF, 0x10, 0x14, 0x10, 0xFF, 0x10, 0x18, 0x10, 0xFF,
    0x18, 0x18, 0x18, 0xFF, 0x21, 0x20, 0x18, 0xFF, 0x21, 0x28, 0x18, 0xFF, 0x21, 0x2C, 0x21, 0xFF,
    0x29, 0x2C, 0x21, 0xFF, 0x29, 0x28, 0x21, 0xFF, 0x21, 0x28, 0x18, 0xFF, 0x21, 0x24, 0x18, 0xFF,
    0x18, 0x1C, 0x18, 0xFF, 0x18, 0x18, 0x10, 0xFF, 0x10, 0x18, 0x10, 0xFF, 0x18, 0x18, 0x18, 0xFF,
    0x18, 0x1C, 0x18, 0xFF, 0x18, 0x1C, 0x18, 0xFF, 0x18, 0x1C, 0x18, 0xFF, 0x18, 0x1C, 0x18, 0xFF,
    0x18, 0x1C, 0x18, 0xFF, 0x18, 0x1C, 0x18, 0xFF, 0x18, 0x1C, 0x18, 0xFF, 0x18, 0x18, 0x18, 0xFF,
    0x18, 0x1C, 0x18, 0xFF, 0x21, 0x20, 0x21, 0xFF, 0x10, 0x0C, 0x08, 0xFF, 0x21, 0x24, 0x21, 0xFF,
    0x52, 0x6D, 0x8C, 0xFF, 0x6B, 0x9A, 0xBD, 0xFF, 0x73, 0x9A, 0xC6, 0xFF, 0x73, 0x96, 0xBD, 0xFF,
    0x73, 0x9A, 0xBD, 0xFF, 0x73, 0x92, 0xB5, 0xFF, 0x73, 0x92, 0xB5, 0xFF, 0x84, 0x9A, 0xBD, 0xFF,
    0x8C, 0xA6, 0xC6, 0xFF, 0x84, 0xA2, 0xC6, 0xFF, 0x73, 0x96, 0xB5, 0xFF, 0x73, 0x8E, 0xB5, 0xFF,
    0x73, 0x92, 0xB5, 0xFF, 0x7B, 0x96, 0xBD, 0xFF, 0x7B, 0x9A, 0xBD, 0xFF, 0x84, 0x9E, 0xBD, 0xFF,
    0x84, 0xA2, 0xBD, 0xFF, 0x8C, 0xA2, 0xC6, 0xFF, 0x94, 0xAA, 0xCE, 0xFF, 0x94, 0xAE, 0xCE, 0xFF,
    0x94, 0xAE, 0xCE, 0xFF, 0x84, 0xA2, 0xBD, 0xFF, 0x73, 0x92, 0xB5, 0xFF, 0x73, 0x92, 0xB5, 0xFF,
    0x73, 0x92, 0xAD, 0xFF, 0x73, 0x92, 0xB5, 0xFF, 0x94, 0xB2, 0xD6, 0xFF, 0x73, 0x8A, 0x9C, 0xFF,
    0x18, 0x1C, 0x10, 0xFF, 0x29, 0x30, 0x21, 0xFF, 0x39, 0x3C, 0x31, 0xFF, 0x39, 0x41, 0x31, 0xFF,
    0x39, 0x45, 0x31, 0xFF, 0x39, 0x41, 0x31, 0xFF, 0x31, 0x3C, 0x31, 0xFF, 0x29, 0x34, 0x29, 0xFF,
    0x21, 0x2C, 0x21, 0xFF, 0x21, 0x28, 0x21, 0xFF, 0x21, 0x24, 0x21, 0xFF, 0x21, 0x28, 0x21, 0xFF,
    0x21, 0x28, 0x21, 0xFF, 0x21, 0x28, 0x21, 0xFF, 0x21, 0x28, 0x21, 0xFF, 0x21, 0x28, 0x21, 0xFF,
    0x21, 0x20, 0x21, 0xFF, 0x18, 0x1C, 0x18, 0xFF, 0x18, 0x1C, 0x18, 0xFF, 0x18, 0x18, 0x18, 0xFF,
    0x10, 0x18, 0x18, 0xC9, 0x10, 0x14, 0x10, 0x00, 0x08, 0x0C, 0x08, 0x00, 0x08, 0x0C, 0x08, 0x00,
    0x08, 0x10, 0x10, 0x00, 0x10, 0x10, 0x10, 0x00, 0x10, 0x14, 0x10, 0x00, 0x10, 0x14, 0x10, 0x61,
    0x10, 0x14, 0x10, 0xFF, 0x10, 0x14, 0x10, 0xFF, 0x10, 0x14, 0x10, 0xFF, 0x18, 0x18, 0x10, 0xFF,
    0x18, 0x20, 0x18, 0xFF, 0x18, 0x20, 0x18, 0xFF, 0x18, 0x1C, 0x18, 0xFF, 0x18, 0x18, 0x18, 0xFF,
    0x18, 0x18, 0x10, 0xFF, 0x10, 0x18, 0x10, 0xFF, 0x10, 0x14, 0x10, 0xFF, 0x10, 0x14, 0x10, 0xFF,
    0x10, 0x14, 0x10, 0xFF, 0x18, 0x1C, 0x18, 0xFF, 0x21, 0x24, 0x18, 0xFF, 0x21, 0x2C, 0x21, 0xFF,
    0x29, 0x2C, 0x21, 0xFF, 0x29, 0x30, 0x21, 0xFF, 0x29, 0x2C, 0x21, 0xFF, 0x29, 0x2C, 0x21, 0xFF,
    0x29, 0x2C, 0x21, 0xFF, 0x21, 0x24, 0x21, 0xFF, 0x18, 0x1C, 0x18, 0xFF, 0x10, 0x18, 0x10, 0xFF,
    0x18, 0x18, 0x10, 0xFF, 0x18, 0x1C, 0x18, 0xFF, 0x18, 0x1C, 0x18, 0xFF, 0x18, 0x1C, 0x18, 0xFF,
    0x18, 0x1C, 0x18, 0xFF, 0x18, 0x1C, 0x18, 0xFF, 0x18, 0x1C, 0x18, 0xFF, 0x18, 0x1C, 0x18, 0xFF,
    0x18, 0x18, 0x18, 0xFF, 0x18, 0x1C, 0x18, 0xFF, 0x10, 0x0C, 0x00, 0xFF, 0x21, 0x20, 0x10, 0xFF,
    0x63, 0x79, 0x9C, 0xFF, 0x7B, 0x9E, 0xCE, 0xFF, 0x73, 0x9E, 0xC6, 0xFF, 0x7B, 0xA2, 0xC6, 0xFF,
    0x84, 0xAA, 0xCE, 0xFF, 0x8C, 0xAA, 0xCE, 0xFF, 0x84, 0x9E, 0xC6, 0xFF, 0x7B, 0x9A, 0xBD, 0xFF,
    0x8C, 0xA6, 0xC6, 0xFF, 0x94, 0xAE, 0xCE, 0xFF, 0x8C, 0xA6, 0xC6, 0xFF, 0x84, 0x9A, 0xBD, 0xFF,
    0x7B, 0x96, 0xB5, 0xFF, 0x7B, 0x92, 0xB5, 0xFF, 0x7B, 0x96, 0xB5, 0xFF, 0x7B, 0x9A, 0xB5, 0xFF,
    0x7B, 0x9A, 0xBD, 0xFF, 0x84, 0x9E, 0xBD, 0xFF, 0x84, 0xA2, 0xC6, 0xFF, 0x8C, 0xA6, 0xC6, 0xFF,
    0x94, 0xAA, 0xCE, 0xFF, 0x94, 0xAE, 0xCE, 0xFF, 0x84, 0xA2, 0xBD, 0xFF, 0x73, 0x92, 0xB5, 0xFF,
    0x6B, 0x8A, 0xAD, 0xFF, 0x63, 0x82, 0xA5, 0xFF, 0x5A, 0x79, 0x9C, 0xFF, 0x6B, 0x92, 0xBD, 0xFF,
    0x52, 0x61, 0x6B, 0xFF, 0x18, 0x14, 0x08, 0xFF, 0x31, 0x34, 0x29, 0xFF, 0x39, 0x3C, 0x31, 0xFF,
    0x39, 0x41, 0x31, 0xFF, 0x39, 0x45, 0x31, 0xFF, 0x39, 0x45, 0x31, 0xFF, 0x39, 0x3C, 0x31, 0xFF,
    0x29, 0x34, 0x29, 0xFF, 0x21, 0x28, 0x21, 0xFF, 0x21, 0x20, 0x21, 0xFF, 0x18, 0x20, 0x18, 0xFF,
    0x21, 0x24, 0x18, 0xFF, 0x21, 0x24, 0x21, 0xFF, 0x21, 0x24, 0x21, 0xFF, 0x21, 0x24, 0x21, 0xFF,
    0x21, 0x24, 0x21, 0xFF, 0x18, 0x20, 0x21, 0xFF, 0x18, 0x1C, 0x18, 0xFF, 0x18, 0x1C, 0x18, 0xFF,
    0x10, 0x18, 0x18, 0xFF, 0x10, 0x14, 0x10, 0x61, 0x08, 0x10, 0x10, 0x00, 0x08, 0x0C, 0x08, 0x00,
    0x08, 0x08, 0x08, 0x00, 0x10, 0x10, 0x10, 0x00, 0x10, 0x14, 0x10, 0x00, 0x10, 0x14, 0x10, 0x00,
    0x10, 0x14, 0x10, 0x08, 0x10, 0x14, 0x10, 0xEB, 0x18, 0x18, 0x18, 0xFF, 0x10, 0x18, 0x10, 0xFF,
    0x10, 0x14, 0x10, 0xFF, 0x18, 0x18, 0x10, 0xFF, 0x18, 0x1C, 0x18, 0xFF, 0x18, 0x1C, 0x18, 0xFF,
    0x18, 0x18, 0x10, 0xFF, 0x10, 0x18, 0x10, 0xFF, 0x10, 0x14, 0x10, 0xFF, 0x10, 0x14, 0x10, 0xFF,
    0x10, 0x14, 0x10, 0xFF, 0x10, 0x18, 0x10, 0xFF, 0x21, 0x20, 0x18, 0xFF, 0x21, 0x28, 0x18, 0xFF,
    0x21, 0x2C, 0x21, 0xFF, 0x29, 0x30, 0x21, 0xFF, 0x29, 0x34, 0x29, 0xFF, 0x31, 0x34, 0x29, 0xFF,
    0x31, 0x34, 0x29, 0xFF, 0x31, 0x30, 0x29, 0xFF, 0x21, 0x24, 0x21, 0xFF, 0x18, 0x1C, 0x18, 0xFF,
    0x18, 0x18, 0x10, 0xFF, 0x10, 0x14, 0x10, 0xFF, 0x18, 0x18, 0x10, 0xFF, 0x18, 0x20, 0x18, 0xFF,
    0x21, 0x20, 0x18, 0xFF, 0x21, 0x20, 0x18, 0xFF, 0x21, 0x20, 0x18, 0xFF, 0x18, 0x20, 0x18, 0xFF,
    0x08, 0x0C, 0x08, 0xFF, 0x00, 0x00, 0x00, 0xFF, 0x00, 0x00, 0x00, 0xFF, 0x18, 0x1C, 0x18, 0xFF,
    0x73, 0x86, 0x9C, 0xFF, 0x8C, 0xAE, 0xD6, 0xFF, 0x84, 0xA6, 0xCE, 0xFF, 0x8C, 0xAA, 0xCE, 0xFF,
    0x8C, 0xAE, 0xCE, 0xFF, 0x94, 0xB2, 0xD6, 0xFF, 0xA5, 0xBA, 0xD6, 0xFF, 0xA5, 0xB6, 0xD6, 0xFF,
    0x94, 0xAA, 0xC6, 0xFF, 0x94, 0xAE, 0xCE, 0xFF, 0x94, 0xAE, 0xC6, 0xFF, 0x94, 0xAA, 0xC6, 0xFF,
    0x8C, 0xA2, 0xC6, 0xFF, 0x7B, 0x9A, 0xBD, 0xFF, 0x7B, 0x96, 0xB5, 0xFF, 0x7B, 0x9A, 0xBD, 0xFF,
    0x7B, 0x9A, 0xB5, 0xFF, 0x7B, 0x9A, 0xBD, 0xFF, 0x84, 0xA2, 0xC6, 0xFF, 0x8C, 0xA6, 0xC6, 0xFF,
    0x8C, 0xAA, 0xC6, 0xFF, 0x94, 0xAA, 0xC6, 0xFF, 0x94, 0xAA, 0xC6, 0xFF, 0x8C, 0xA2, 0xC6, 0xFF,
    0x7B, 0x96, 0xB5, 0xFF, 0x6B, 0x8A, 0xAD, 0xFF, 0x5A, 0x7D, 0xA5, 0xFF, 0x52, 0x75, 0x9C, 0xFF,
    0x52, 0x71, 0x94, 0xFF, 0x31, 0x34, 0x31, 0xFF, 0x21, 0x20, 0x10, 0xFF, 0x29, 0x34, 0x29, 0xFF,
    0x31, 0x3C, 0x31, 0xFF, 0x39, 0x41, 0x31, 0xFF, 0x39, 0x41, 0x31, 0xFF, 0x39, 0x41, 0x31, 0xFF,
    0x31, 0x3C, 0x31, 0xFF, 0x29, 0x34, 0x29, 0xFF, 0x21, 0x24, 0x21, 0xFF, 0x18, 0x20, 0x18, 0xFF,
    0x18, 0x1C, 0x18, 0xFF, 0x18, 0x20, 0x18, 0xFF, 0x18, 0x20, 0x18, 0xFF, 0x18, 0x20, 0x21, 0xFF,
    0x18, 0x20, 0x21, 0xFF, 0x18, 0x20, 0x21, 0xFF, 0x18, 0x20, 0x18, 0xFF, 0x18, 0x1C, 0x18, 0xFF,
    0x18, 0x18, 0x18, 0xFF, 0x10, 0x14, 0x10, 0xEB, 0x10, 0x10, 0x10, 0x08, 0x08, 0x0C, 0x08, 0x00,
    0x08, 0x0C, 0x08, 0x00, 0x08, 0x08, 0x08, 0x00, 0x10, 0x14, 0x10, 0x00, 0x10, 0x14, 0x10, 0x00,
    0x10, 0x14, 0x10, 0x00, 0x10, 0x18, 0x18, 0x00, 0x18, 0x1C, 0x18, 0x7C, 0x18, 0x1C, 0x18, 0xFF,
    0x18, 0x1C, 0x18, 0xFF, 0x10, 0x18, 0x18, 0xFF, 0x10, 0x18, 0x10, 0xFF, 0x18, 0x1C, 0x10, 0xFF,
    0x18, 0x1C, 0x18, 0xFF, 0x18, 0x18, 0x18, 0xFF, 0x10, 0x18, 0x10, 0xFF, 0x10, 0x14, 0x10, 0xFF,
    0x10, 0x14, 0x10, 0xFF, 0x10, 0x14, 0x08, 0xFF, 0x18, 0x18, 0x10, 0xFF, 0x18, 0x20, 0x18, 0xFF,
    0x18, 0x24, 0x18, 0xFF, 0x29, 0x28, 0x18, 0xFF, 0x29, 0x30, 0x21, 0xFF, 0x31, 0x38, 0x29, 0xFF,
    0x31, 0x3C, 0x29, 0xFF, 0x31, 0x38, 0x31, 0xFF, 0x31, 0x38, 0x31, 0xFF, 0x29, 0x2C, 0x29, 0xFF,
    0x18, 0x1C, 0x18, 0xFF, 0x10, 0x14, 0x10, 0xFF, 0x10, 0x14, 0x10, 0xFF, 0x10, 0x18, 0x10, 0xFF,
    0x18, 0x1C, 0x18, 0xFF, 0x21, 0x20, 0x18, 0xFF, 0x18, 0x1C, 0x18, 0xFF, 0x21, 0x20, 0x21, 0xFF,
    0x08, 0x0C, 0x08, 0xFF, 0x29, 0x28, 0x21, 0xFF, 0x5A, 0x5D, 0x5A, 0xFF, 0x39, 0x38, 0x39, 0xFF,
    0x7B, 0x8A, 0xA5, 0xFF, 0x8C, 0xB2, 0xDE, 0xFF, 0x7B, 0x9E, 0xC6, 0xFF, 0x84, 0xA6, 0xCE, 0xFF,
    0x8C, 0xAA, 0xCE, 0xFF, 0x94, 0xB2, 0xD6, 0xFF, 0xA5, 0xBA, 0xD6, 0xFF, 0xC6, 0xD3, 0xE7, 0xFF,
    0xD6, 0xDF, 0xEF, 0xFF, 0xCE, 0xD7, 0xE7, 0xFF, 0xB5, 0xC7, 0xDE, 0xFF, 0x9C, 0xB2, 0xCE, 0xFF,
    0x94, 0xAE, 0xCE, 0xFF, 0x94, 0xAA, 0xC6, 0xFF, 0x84, 0xA2, 0xBD, 0xFF, 0x7B, 0x9A, 0xBD, 0xFF,
    0x7B, 0x96, 0xB5, 0xFF, 0x7B, 0x9A, 0xBD, 0xFF, 0x7B, 0x9A, 0xBD, 0xFF, 0x84, 0x9E, 0xBD, 0xFF,
    0x8C, 0xA2, 0xBD, 0xFF, 0x8C, 0xAA, 0xC6, 0xFF, 0x94, 0xAA, 0xC6, 0xFF, 0x8C, 0xA6, 0xC6, 0xFF,
    0x8C, 0xA2, 0xBD, 0xFF, 0x73, 0x96, 0xB5, 0xFF, 0x63, 0x86, 0xAD, 0xFF, 0x5A, 0x7D, 0x9C, 0xFF,
    0x52, 0x79, 0xA5, 0xFF, 0x31, 0x49, 0x5A, 0xFF, 0x10, 0x10, 0x00, 0xFF, 0x21, 0x24, 0x18, 0xFF,
    0x29, 0x30, 0x29, 0xFF, 0x31, 0x38, 0x29, 0xFF, 0x39, 0x41, 0x31, 0xFF, 0x39, 0x41, 0x31, 0xFF,
    0x39, 0x3C, 0x31, 0xFF, 0x31, 0x3C, 0x29, 0xFF, 0x29, 0x30, 0x29, 0xFF, 0x21, 0x24, 0x21, 0xFF,
    0x18, 0x20, 0x18, 0xFF, 0x18, 0x1C, 0x18, 0xFF, 0x18, 0x1C, 0x18, 0xFF, 0x18, 0x1C, 0x18, 0xFF,
    0x18, 0x1C, 0x18, 0xFF, 0x18, 0x1C, 0x18, 0xFF, 0x18, 0x1C, 0x18, 0xFF, 0x18, 0x1C, 0x18, 0xFF,
    0x18, 0x18, 0x18, 0xFF, 0x10, 0x18, 0x18, 0xFF, 0x10, 0x14, 0x10, 0x7C, 0x08, 0x10, 0x10, 0x00,
    0x08, 0x0C, 0x08, 0x00, 0x08, 0x0C, 0x08, 0x00, 0x08, 0x08, 0x08, 0x00, 0x10, 0x14, 0x10, 0x00,
    0x10, 0x14, 0x10, 0x00, 0x18, 0x18, 0x18, 0x00, 0x18, 0x1C, 0x18, 0x00, 0x18, 0x1C, 0x18, 0x0C,
    0x18, 0x1C, 0x18, 0xF3, 0x18, 0x1C, 0x18, 0xFF, 0x18, 0x1C, 0x18, 0xFF, 0x18, 0x1C, 0x18, 0xFF,
    0x10, 0x18, 0x10, 0xFF, 0x10, 0x18, 0x10, 0xFF, 0x10, 0x18, 0x10, 0xFF, 0x10, 0x18, 0x10, 0xFF,
    0x10, 0x14, 0x10, 0xFF, 0x10, 0x14, 0x10, 0xFF, 0x10, 0x10, 0x08, 0xFF, 0x10, 0x14, 0x10, 0xFF,
    0x18, 0x1C, 0x18, 0xFF, 0x18, 0x20, 0x18, 0xFF, 0x21, 0x24, 0x18, 0xFF, 0x29, 0x2C, 0x21, 0xFF,
    0x31, 0x38, 0x29, 0xFF, 0x31, 0x3C, 0x31, 0xFF, 0x39, 0x3C, 0x31, 0xFF, 0x39, 0x38, 0x31, 0xFF,
    0x31, 0x38, 0x31, 0xFF, 0x21, 0x24, 0x21, 0xFF, 0x10, 0x10, 0x10, 0xFF, 0x10, 0x14, 0x10, 0xFF,
    0x10, 0x18, 0x10, 0xFF, 0x18, 0x1C, 0x18, 0xFF, 0x18, 0x1C, 0x18, 0xFF, 0x18, 0x20, 0x18, 0xFF,
    0x00, 0x04, 0x00, 0xFF, 0x29, 0x30, 0x29, 0xFF, 0xCE, 0xCF, 0xCE, 0xFF, 0xF7, 0xF7, 0xF7, 0xFF,
    0xDE, 0xE3, 0xE7, 0xFF, 0xD6, 0xDF, 0xE7, 0xFF, 0xCE, 0xCF, 0xDE, 0xFF, 0xC6, 0xCF, 0xDE, 0xFF,
    0xB5, 0xC7, 0xD6, 0xFF, 0xA5, 0xBA, 0xD6, 0xFF, 0xA5, 0xBA, 0xD6, 0xFF, 0xB5, 0xC7, 0xDE, 0xFF,
    0xC6, 0xD3, 0xE7, 0xFF, 0xD6, 0xDF, 0xE7, 0xFF, 0xCE, 0xDB, 0xE7, 0xFF, 0xBD, 0xCB, 0xDE, 0xFF,
    0xAD, 0xBE, 0xD6, 0xFF, 0x9C, 0xB2, 0xCE, 0xFF, 0x94, 0xAE, 0xCE, 0xFF, 0x8C, 0xA6, 0xBD, 0xFF,
    0x84, 0x9A, 0xBD, 0xFF, 0x7B, 0x96, 0xB5, 0xFF, 0x7B, 0x9A, 0xBD, 0xFF, 0x84, 0x9E, 0xBD, 0xFF,
    0x84, 0x9E, 0xBD, 0xFF, 0x8C, 0xA2, 0xBD, 0xFF, 0x8C, 0xA6, 0xC6, 0xFF, 0x94, 0xAA, 0xC6, 0xFF,
    0x8C, 0xA6, 0xC6, 0xFF, 0x84, 0xA2, 0xBD, 0xFF, 0x73, 0x92, 0xB5, 0xFF, 0x63, 0x82, 0xA5, 0xFF,
    0x5A, 0x79, 0x9C, 0xFF, 0x5A, 0x79, 0x9C, 0xFF, 0x29, 0x34, 0x39, 0xFF, 0x10, 0x0C, 0x00, 0xFF,
    0x18, 0x20, 0x18, 0xFF, 0x29, 0x2C, 0x21, 0xFF, 0x31, 0x38, 0x29, 0xFF, 0x31, 0x38, 0x29, 0xFF,
    0x31, 0x3C, 0x29, 0xFF, 0x31, 0x38, 0x31, 0xFF, 0x31, 0x38, 0x31, 0xFF, 0x29, 0x30, 0x29, 0xFF,
    0x21, 0x28, 0x21, 0xFF, 0x18, 0x20, 0x18, 0xFF, 0x18, 0x1C, 0x18, 0xFF, 0x10, 0x18, 0x18, 0xFF,
    0x10, 0x14, 0x18, 0xFF, 0x10, 0x14, 0x10, 0xFF, 0x10, 0x18, 0x18, 0xFF, 0x10, 0x18, 0x18, 0xFF,
    0x10, 0x14, 0x18, 0xFF, 0x10, 0x18, 0x18, 0xFF, 0x10, 0x14, 0x10, 0xF3, 0x10, 0x10, 0x10, 0x0C,
    0x08, 0x10, 0x10, 0x00, 0x08, 0x0C, 0x08, 0x00, 0x08, 0x0C, 0x08, 0x00, 0x08, 0x0C, 0x08, 0x00,
    0x10, 0x14, 0x10, 0x00, 0x10, 0x18, 0x18, 0x00, 0x18, 0x1C, 0x18, 0x00, 0x18, 0x20, 0x18, 0x00,
    0x18, 0x1C, 0x18, 0x00, 0x18, 0x1C, 0x18, 0x76, 0x18, 0x1C, 0x18, 0xFF, 0x18, 0x1C, 0x18, 0xFF,
    0x18, 0x18, 0x18, 0xFF, 0x10, 0x18, 0x10, 0xFF, 0x10, 0x18, 0x10, 0xFF, 0x10, 0x14, 0x10, 0xFF,
    0x10, 0x14, 0x10, 0xFF, 0x10, 0x14, 0x10, 0xFF, 0x10, 0x10, 0x08, 0xFF, 0x10, 0x10, 0x08, 0xFF,
    0x10, 0x10, 0x10, 0xFF, 0x10, 0x18, 0x10, 0xFF, 0x18, 0x1C, 0x18, 0xFF, 0x21, 0x24, 0x18, 0xFF,
    0x29, 0x30, 0x21, 0xFF, 0x31, 0x38, 0x29, 0xFF, 0x39, 0x3C, 0x31, 0xFF, 0x39, 0x3C, 0x31, 0xFF,
    0x39, 0x3C, 0x31, 0xFF, 0x39, 0x3C, 0x31, 0xFF, 0x29, 0x2C, 0x29, 0xFF, 0x10, 0x10, 0x10, 0xFF,
    0x10, 0x14, 0x10, 0xFF, 0x18, 0x18, 0x10, 0xFF, 0x18, 0x1C, 0x18, 0xFF, 0x18, 0x1C, 0x18, 0xFF,
    0x18, 0x18, 0x10, 0xFF, 0x00, 0x00, 0x00, 0xFF, 0x94, 0x92, 0x8C, 0xFF, 0xFF, 0xFF, 0xFF, 0xFF,
    0xDE, 0xDB, 0xDE, 0xFF, 0xE7, 0xE3, 0xE7, 0xFF, 0xE7, 0xE3, 0xDE, 0xFF, 0xEF, 0xE7, 0xE7, 0xFF,
    0xEF, 0xEB, 0xE7, 0xFF, 0xE7, 0xEB, 0xE7, 0xFF, 0xE7, 0xE3, 0xE7, 0xFF, 0xD6, 0xDB, 0xE7, 0xFF,
    0xC6, 0xD3, 0xDE, 0xFF, 0xB5, 0xC7, 0xD6, 0xFF, 0xB5, 0xC3, 0xD6, 0xFF, 0xB5, 0xC7, 0xD6, 0xFF,
    0xB5, 0xC7, 0xD6, 0xFF, 0xB5, 0xC3, 0xD6, 0xFF, 0xAD, 0xBE, 0xD6, 0xFF, 0xA5, 0xB6, 0xCE, 0xFF,
    0x94, 0xAA, 0xC6, 0xFF, 0x84, 0x9E, 0xBD, 0xFF, 0x84, 0x9A, 0xB5, 0xFF, 0x84, 0x9E, 0xBD, 0xFF,
    0x8C, 0xA2, 0xBD, 0xFF, 0x84, 0x9E, 0xBD, 0xFF, 0x8C, 0x9E, 0xBD, 0xFF, 0x8C, 0xA2, 0xC6, 0xFF,
    0x8C, 0xA2, 0xBD, 0xFF, 0x8C, 0xA6, 0xC6, 0xFF, 0x84, 0x9E, 0xBD, 0xFF, 0x73, 0x8E, 0xAD, 0xFF,
    0x63, 0x82, 0x9C, 0xFF, 0x63, 0x86, 0xA5, 0xFF, 0x4A, 0x65, 0x7B, 0xFF, 0x10, 0x14, 0x10, 0xFF,
    0x10, 0x18, 0x10, 0xFF, 0x18, 0x1C, 0x18, 0xFF, 0x21, 0x24, 0x18, 0xFF, 0x29, 0x30, 0x21, 0xFF,
    0x29, 0x34, 0x29, 0xFF, 0x31, 0x34, 0x29, 0xFF, 0x31, 0x34, 0x29, 0xFF, 0x29, 0x34, 0x29, 0xFF,
    0x29, 0x2C, 0x29, 0xFF, 0x21, 0x24, 0x21, 0xFF, 0x18, 0x1C, 0x18, 0xFF, 0x10, 0x18, 0x18, 0xFF,
    0x10, 0x14, 0x10, 0xFF, 0x10, 0x10, 0x10, 0xFF, 0x10, 0x10, 0x10, 0xFF, 0x10, 0x10, 0x10, 0xFF,
    0x10, 0x10, 0x10, 0xFF, 0x10, 0x10, 0x10, 0xFF, 0x10, 0x10, 0x10, 0xFF, 0x10, 0x10, 0x10, 0x76,
    0x08, 0x10, 0x10, 0x00, 0x08, 0x0C, 0x08, 0x00, 0x08, 0x0C, 0x08, 0x00, 0x08, 0x0C, 0x08, 0x00,
    0x08, 0x0C, 0x08, 0x00, 0x10, 0x14, 0x10, 0x00, 0x18, 0x18, 0x18, 0x00, 0x18, 0x1C, 0x18, 0x00,
    0x18, 0x1C, 0x18, 0x00, 0x18, 0x1C, 0x18, 0x00, 0x18, 0x1C, 0x18, 0x02, 0x18, 0x1C, 0x18, 0xE6,
    0x18, 0x18, 0x18, 0xFF, 0x10, 0x18, 0x18, 0xFF, 0x10, 0x18, 0x10, 0xFF, 0x10, 0x18, 0x10, 0xFF,
    0x10, 0x14, 0x10, 0xFF, 0x10, 0x14, 0x10, 0xFF, 0x08, 0x10, 0x10, 0xFF, 0x08, 0x0C, 0x08, 0xFF,
    0x08, 0x0C, 0x08, 0xFF, 0x10, 0x10, 0x08, 0xFF, 0x10, 0x10, 0x10, 0xFF, 0x10, 0x18, 0x10, 0xFF,
    0x18, 0x20, 0x18, 0xFF, 0x29, 0x2C, 0x21, 0xFF, 0x31, 0x38, 0x29, 0xFF, 0x39, 0x3C, 0x31, 0xFF,
    0x39, 0x3C, 0x31, 0xFF, 0x39, 0x3C, 0x31, 0xFF, 0x39, 0x3C, 0x31, 0xFF, 0x31, 0x30, 0x29, 0xFF,
    0x18, 0x1C, 0x18, 0xFF, 0x10, 0x14, 0x10, 0xFF, 0x18, 0x18, 0x18, 0xFF, 0x18, 0x1C, 0x18, 0xFF,
    0x18, 0x1C, 0x18, 0xFF, 0x00, 0x00, 0x00, 0xFF, 0x52, 0x59, 0x52, 0xFF, 0xEF, 0xEF, 0xEF, 0xFF,
    0xE7, 0xE3, 0xE7, 0xFF, 0xE7, 0xE3, 0xE7, 0xFF, 0xE7, 0xE7, 0xE7, 0xFF, 0xE7, 0xE3, 0xE7, 0xFF,
    0xE7, 0xE3, 0xE7, 0xFF, 0xDE, 0xDF, 0xDE, 0xFF, 0xDE, 0xDF, 0xDE, 0xFF, 0xE7, 0xE3, 0xE7, 0xFF,
    0xE7, 0xE7, 0xE7, 0xFF, 0xDE, 0xE3, 0xDE, 0xFF, 0xC6, 0xD3, 0xDE, 0xFF, 0xAD, 0xBA, 0xCE, 0xFF,
    0xA5, 0xBA, 0xCE, 0xFF, 0xAD, 0xC3, 0xD6, 0xFF, 0xB5, 0xC7, 0xD6, 0xFF, 0xB5, 0xC3, 0xD6, 0xFF,
    0xA5, 0xBA, 0xCE, 0xFF, 0x94, 0xAA, 0xC6, 0xFF, 0x84, 0x9E, 0xBD, 0xFF, 0x84, 0x9A, 0xB5, 0xFF,
    0x8C, 0x9E, 0xBD, 0xFF, 0x8C, 0xA2, 0xBD, 0xFF, 0x8C, 0x9E, 0xBD, 0xFF, 0x84, 0x9E, 0xBD, 0xFF,
    0x84, 0x9E, 0xBD, 0xFF, 0x84, 0x9E, 0xBD, 0xFF, 0x8C, 0xA2, 0xBD, 0xFF, 0x7B, 0x9A, 0xB5, 0xFF,
    0x6B, 0x8A, 0xAD, 0xFF, 0x63, 0x7D, 0x9C, 0xFF, 0x63, 0x86, 0xAD, 0xFF, 0x39, 0x49, 0x5A, 0xFF,
    0x10, 0x0C, 0x00, 0xFF, 0x18, 0x18, 0x10, 0xFF, 0x18, 0x1C, 0x18, 0xFF, 0x21, 0x24, 0x18, 0xFF,
    0x29, 0x2C, 0x21, 0xFF, 0x29, 0x30, 0x29, 0xFF, 0x29, 0x34, 0x29, 0xFF, 0x29, 0x30, 0x29, 0xFF,
    0x29, 0x30, 0x29, 0xFF, 0x21, 0x2C, 0x21, 0xFF, 0x21, 0x20, 0x21, 0xFF, 0x18, 0x1C, 0x18, 0xFF,
    0x10, 0x14, 0x10, 0xFF, 0x08, 0x10, 0x10, 0xFF, 0x08, 0x0C, 0x10, 0xFF, 0x08, 0x0C, 0x10, 0xFF,
    0x08, 0x10, 0x10, 0xFF, 0x08, 0x10, 0x10, 0xFF, 0x08, 0x10, 0x10, 0xFF, 0x08, 0x10, 0x10, 0xE6,
    0x08, 0x10, 0x10, 0x02, 0x08, 0x0C, 0x08, 0x00, 0x08, 0x0C, 0x08, 0x00, 0x08, 0x0C, 0x08, 0x00,
    0x08, 0x0C, 0x08, 0x00, 0x08, 0x08, 0x08, 0x00, 0x10, 0x18, 0x18, 0x00, 0x18, 0x18, 0x18, 0x00,
    0x18, 0x1C, 0x18, 0x00, 0x18, 0x20, 0x21, 0x00, 0x18, 0x20, 0x18, 0x00, 0x18, 0x1C, 0x18, 0x00,
    0x18, 0x18, 0x18, 0x51, 0x10, 0x18, 0x18, 0xFF, 0x10, 0x14, 0x10, 0xFF, 0x10, 0x14, 0x10, 0xFF,
    0x10, 0x14, 0x10, 0xFF, 0x10, 0x14, 0x10, 0xFF, 0x10, 0x10, 0x10, 0xFF, 0x08, 0x10, 0x08, 0xFF,
    0x08, 0x0C, 0x08, 0xFF, 0x08, 0x0C, 0x08, 0xFF, 0x08, 0x10, 0x08, 0xFF, 0x08, 0x10, 0x08, 0xFF,
    0x10, 0x14, 0x10, 0xFF, 0x18, 0x1C, 0x10, 0xFF, 0x21, 0x24, 0x21, 0xFF, 0x29, 0x30, 0x29, 0xFF,
    0x31, 0x38, 0x31, 0xFF, 0x31, 0x3C, 0x31, 0xFF, 0x39, 0x3C, 0x31, 0xFF, 0x39, 0x38, 0x31, 0xFF,
    0x31, 0x30, 0x29, 0xFF, 0x18, 0x1C, 0x18, 0xFF, 0x18, 0x18, 0x18, 0xFF, 0x18, 0x18, 0x18, 0xFF,
    0x08, 0x0C, 0x10, 0xFF, 0x00, 0x00, 0x00, 0xFF, 0x4A, 0x4D, 0x4A, 0xFF, 0xDE, 0xDF, 0xDE, 0xFF,
    0xDE, 0xDF, 0xDE, 0xFF, 0xAD, 0xAE, 0xB5, 0xFF, 0xB5, 0xB2, 0xB5, 0xFF, 0xBD, 0xBA, 0xBD, 0xFF,
    0xBD, 0xBE, 0xBD, 0xFF, 0xD6, 0xD7, 0xD6, 0xFF, 0xE7, 0xE3, 0xE7, 0xFF, 0xDE, 0xD7, 0xD6, 0xFF,
    0xD6, 0xDB, 0xDE, 0xFF, 0xD6, 0xD7, 0xD6, 0xFF, 0xDE, 0xDB, 0xDE, 0xFF, 0xE7, 0xE3, 0xDE, 0xFF,
    0xCE, 0xD7, 0xD6, 0xFF, 0xAD, 0xBA, 0xCE, 0xFF, 0xA5, 0xB6, 0xC6, 0xFF, 0xAD, 0xBE, 0xD6, 0xFF,
    0xAD, 0xBE, 0xCE, 0xFF, 0xA5, 0xB6, 0xCE, 0xFF, 0x94, 0xA6, 0xC6, 0xFF, 0x84, 0x9A, 0xB5, 0xFF,
    0x84, 0x9A, 0xB5, 0xFF, 0x84, 0x9A, 0xB5, 0xFF, 0x84, 0x9E, 0xBD, 0xFF, 0x84, 0x9E, 0xBD, 0xFF,
    0x7B, 0x96, 0xB5, 0xFF, 0x7B, 0x96, 0xB5, 0xFF, 0x84, 0x9A, 0xB5, 0xFF, 0x84, 0x9A, 0xB5, 0xFF,
    0x7B, 0x96, 0xB5, 0xFF, 0x6B, 0x86, 0xA5, 0xFF, 0x63, 0x7D, 0xA5, 0xFF, 0x52, 0x75, 0x94, 0xFF,
    0x18, 0x20, 0x21, 0xFF, 0x10, 0x10, 0x08, 0xFF, 0x18, 0x1C, 0x18, 0xFF, 0x18, 0x1C, 0x18, 0xFF,
    0x21, 0x24, 0x21, 0xFF, 0x29, 0x2C, 0x21, 0xFF, 0x29, 0x30, 0x29, 0xFF, 0x29, 0x34, 0x29, 0xFF,
    0x29, 0x30, 0x29, 0xFF, 0x29, 0x2C, 0x29, 0xFF, 0x21, 0x28, 0x29, 0xFF, 0x21, 0x20, 0x21, 0xFF,
    0x18, 0x1C, 0x18, 0xFF, 0x10, 0x14, 0x10, 0xFF, 0x08, 0x10, 0x10, 0xFF, 0x08, 0x0C, 0x08, 0xFF,
    0x08, 0x0C, 0x08, 0xFF, 0x08, 0x0C, 0x08, 0xFF, 0x08, 0x0C, 0x08, 0xFF, 0x08, 0x0C, 0x08, 0xFF,
    0x08, 0x0C, 0x10, 0x51, 0x08, 0x0C, 0x10, 0x00, 0x08, 0x0C, 0x08, 0x00, 0x08, 0x0C, 0x08, 0x00,
    0x08, 0x0C, 0x08, 0x00, 0x08, 0x0C, 0x08, 0x00, 0x08, 0x08, 0x08, 0x00, 0x18, 0x18, 0x18, 0x00,
    0x10, 0x18, 0x18, 0x00, 0x18, 0x1C, 0x18, 0x00, 0x18, 0x20, 0x21, 0x00, 0x18, 0x20, 0x21, 0x00,
    0x18, 0x1C, 0x18, 0x00, 0x10, 0x14, 0x10, 0x00, 0x10, 0x14, 0x10, 0xBB, 0x10, 0x14, 0x10, 0xFF,
    0x10, 0x10, 0x10, 0xFF, 0x10, 0x14, 0x10, 0xFF, 0x10, 0x10, 0x10, 0xFF, 0x08, 0x10, 0x10, 0xFF,
    0x08, 0x0C, 0x08, 0xFF, 0x08, 0x0C, 0x08, 0xFF, 0x08, 0x0C, 0x08, 0xFF, 0x08, 0x0C, 0x08, 0xFF,
    0x08, 0x0C, 0x08, 0xFF, 0x08, 0x0C, 0x08, 0xFF, 0x10, 0x14, 0x10, 0xFF, 0x21, 0x20, 0x21, 0xFF,
    0x29, 0x2C, 0x29, 0xFF, 0x29, 0x34, 0x29, 0xFF, 0x31, 0x34, 0x31, 0xFF, 0x31, 0x38, 0x31, 0xFF,
    0x31, 0x34, 0x31, 0xFF, 0x29, 0x2C, 0x29, 0xFF, 0x18, 0x1C, 0x18, 0xFF, 0x10, 0x10, 0x10, 0xFF,
    0x08, 0x08, 0x08, 0xFF, 0x21, 0x24, 0x21, 0xFF, 0x5A, 0x5D, 0x5A, 0xFF, 0xBD, 0xBE, 0xBD, 0xFF,
    0xCE, 0xCF, 0xCE, 0xFF, 0xA5, 0xA2, 0xA5, 0xFF, 0x84, 0x8A, 0x84, 0xFF, 0x7B, 0x7D, 0x7B, 0xFF,
    0x6B, 0x6D, 0x6B, 0xFF, 0x7B, 0x82, 0x7B, 0xFF, 0x8C, 0x8A, 0x8C, 0xFF, 0xB5, 0xB6, 0xBD, 0xFF,
    0xD6, 0xD7, 0xD6, 0xFF, 0xD6, 0xD7, 0xD6, 0xFF, 0xDE, 0xDB, 0xDE, 0xFF, 0xD6, 0xD3, 0xD6, 0xFF,
    0xD6, 0xD3, 0xD6, 0xFF, 0xDE, 0xDB, 0xD6, 0xFF, 0xD6, 0xD7, 0xD6, 0xFF, 0xBD, 0xC3, 0xC6, 0xFF,
    0xA5, 0xB2, 0xBD, 0xFF, 0x9C, 0xAE, 0xC6, 0xFF, 0x94, 0xAE, 0xC6, 0xFF, 0x94, 0xA6, 0xBD, 0xFF,
    0x84, 0x9E, 0xB5, 0xFF, 0x7B, 0x92, 0xAD, 0xFF, 0x73, 0x8E, 0xAD, 0xFF, 0x7B, 0x92, 0xAD, 0xFF,
    0x7B, 0x96, 0xB5, 0xFF, 0x7B, 0x92, 0xAD, 0xFF, 0x7B, 0x96, 0xB5, 0xFF, 0x7B, 0x96, 0xB5, 0xFF,
    0x84, 0x96, 0xB5, 0xFF, 0x73, 0x8E, 0xAD, 0xFF, 0x63, 0x82, 0xA5, 0xFF, 0x5A, 0x7D, 0xA5, 0xFF,
    0x52, 0x6D, 0x84, 0xFF, 0x31, 0x38, 0x31, 0xFF, 0x10, 0x14, 0x08, 0xFF, 0x08, 0x10, 0x08, 0xFF,
    0x18, 0x20, 0x18, 0xFF, 0x21, 0x24, 0x18, 0xFF, 0x21, 0x28, 0x21, 0xFF, 0x29, 0x2C, 0x29, 0xFF,
    0x29, 0x30, 0x29, 0xFF, 0x29, 0x30, 0x29, 0xFF, 0x29, 0x2C, 0x29, 0xFF, 0x21, 0x28, 0x29, 0xFF,
    0x21, 0x20, 0x21, 0xFF, 0x18, 0x1C, 0x18, 0xFF, 0x10, 0x14, 0x10, 0xFF, 0x08, 0x10, 0x10, 0xFF,
    0x08, 0x08, 0x08, 0xFF, 0x00, 0x08, 0x08, 0xFF, 0x08, 0x08, 0x08, 0xFF, 0x08, 0x0C, 0x08, 0xFF,
    0x08, 0x0C, 0x08, 0xBB, 0x08, 0x0C, 0x08, 0x00, 0x08, 0x0C, 0x08, 0x00, 0x08, 0x0C, 0x08, 0x00,
    0x08, 0x0C, 0x08, 0x00, 0x08, 0x0C, 0x08, 0x00, 0x08, 0x0C, 0x08, 0x00, 0x08, 0x08, 0x08, 0x00,
    0x18, 0x18, 0x21, 0x00, 0x10, 0x18, 0x18, 0x00, 0x18, 0x1C, 0x18, 0x00, 0x18, 0x1C, 0x18, 0x00,
    0x18, 0x1C, 0x18, 0x00, 0x10, 0x18, 0x18, 0x00, 0x10, 0x14, 0x10, 0x00, 0x10, 0x10, 0x10, 0x16,
    0x10, 0x10, 0x10, 0xFA, 0x10, 0x10, 0x10, 0xFF, 0x08, 0x10, 0x10, 0xFF, 0x08, 0x10, 0x08, 0xFF,
    0x08, 0x10, 0x10, 0xFF, 0x08, 0x0C, 0x08, 0xFF, 0x08, 0x0C, 0x08, 0xFF, 0x08, 0x0C, 0x08, 0xFF,
    0x08, 0x0C, 0x08, 0xFF, 0x08, 0x0C, 0x08, 0xFF, 0x08, 0x0C, 0x08, 0xFF, 0x10, 0x14, 0x10, 0xFF,
    0x18, 0x20, 0x18, 0xFF, 0x21, 0x28, 0x21, 0xFF, 0x29, 0x30, 0x29, 0xFF, 0x31, 0x34, 0x31, 0xFF,
    0x31, 0x34, 0x31, 0xFF, 0x31, 0x34, 0x31, 0xFF, 0x29, 0x28, 0x29, 0xFF, 0x10, 0x10, 0x10, 0xFF,
    0x08, 0x0C, 0x08, 0xFF, 0x39, 0x3C, 0x39, 0xFF, 0x84, 0x86, 0x84, 0xFF, 0x9C, 0x9E, 0x9C, 0xFF,
    0x7B, 0x7D, 0x7B, 0xFF, 0x6B, 0x6D, 0x6B, 0xFF, 0x73, 0x75, 0x73, 0xFF, 0x84, 0x82, 0x84, 0xFF,
    0x73, 0x75, 0x73, 0xFF, 0x5A, 0x5D, 0x5A, 0xFF, 0x6B, 0x6D, 0x6B, 0xFF, 0x7B, 0x82, 0x7B, 0xFF,
    0x8C, 0x8A, 0x8C, 0xFF, 0xAD, 0xAE, 0xAD, 0xFF, 0xAD, 0xAA, 0xAD, 0xFF, 0xBD, 0xBE, 0xBD, 0xFF,
    0xD6, 0xD3, 0xD6, 0xFF, 0xCE, 0xCF, 0xCE, 0xFF, 0xCE, 0xCB, 0xCE, 0xFF, 0xD6, 0xCF, 0xCE, 0xFF,
    0xD6, 0xD7, 0xD6, 0xFF, 0xBD, 0xC3, 0xC6, 0xFF, 0x9C, 0xA6, 0xB5, 0xFF, 0x94, 0xA2, 0xBD, 0xFF,
    0x94, 0xA6, 0xC6, 0xFF, 0x8C, 0x9E, 0xB5, 0xFF, 0x7B, 0x92, 0xAD, 0xFF, 0x73, 0x8E, 0xAD, 0xFF,
    0x7B, 0x92, 0xAD, 0xFF, 0x7B, 0x96, 0xB5, 0xFF, 0x7B, 0x92, 0xAD, 0xFF, 0x7B, 0x92, 0xAD, 0xFF,
    0x7B, 0x92, 0xAD, 0xFF, 0x7B, 0x92, 0xAD, 0xFF, 0x73, 0x8E, 0xAD, 0xFF, 0x63, 0x7D, 0x9C, 0xFF,
    0x4A, 0x69, 0x94, 0xFF, 0x73, 0x8A, 0x9C, 0xFF, 0x94, 0x92, 0x8C, 0xFF, 0x63, 0x61, 0x5A, 0xFF,
    0x31, 0x34, 0x31, 0xFF, 0x00, 0x0C, 0x00, 0xFF, 0x10, 0x18, 0x10, 0xFF, 0x21, 0x24, 0x21, 0xFF,
    0x21, 0x28, 0x29, 0xFF, 0x29, 0x2C, 0x29, 0xFF, 0x29, 0x2C, 0x29, 0xFF, 0x21, 0x28, 0x29, 0xFF,
    0x21, 0x24, 0x21, 0xFF, 0x18, 0x20, 0x21, 0xFF, 0x10, 0x18, 0x18, 0xFF, 0x08, 0x10, 0x10, 0xFF,
    0x08, 0x0C, 0x10, 0xFF, 0x08, 0x0C, 0x08, 0xFF, 0x00, 0x08, 0x08, 0xFF, 0x08, 0x08, 0x08, 0xFF,
    0x08, 0x0C, 0x08, 0xFA, 0x08, 0x0C, 0x08, 0x16, 0x08, 0x08, 0x08, 0x00, 0x08, 0x0C, 0x08, 0x00,
    0x08, 0x0C, 0x08, 0x00, 0x08, 0x0C, 0x08, 0x00, 0x08, 0x08, 0x08, 0x00, 0x08, 0x08, 0x08, 0x00,
    0x08, 0x08, 0x08, 0x00, 0x18, 0x20, 0x21, 0x00, 0x18, 0x18, 0x21, 0x00, 0x10, 0x18, 0x18, 0x00,
    0x10, 0x18, 0x18, 0x00, 0x10, 0x18, 0x18, 0x00, 0x10, 0x10, 0x10, 0x00, 0x10, 0x10, 0x10, 0x00,
    0x10, 0x10, 0x10, 0x00, 0x08, 0x10, 0x10, 0x59, 0x08, 0x10, 0x10, 0xFF, 0x08, 0x0C, 0x08, 0xFF,
    0x08, 0x10, 0x10, 0xFF, 0x08, 0x10, 0x10, 0xFF, 0x08, 0x0C, 0x08, 0xFF, 0x08, 0x0C, 0x08, 0xFF,
    0x08, 0x0C, 0x08, 0xFF, 0x08, 0x0C, 0x08, 0xFF, 0x08, 0x0C, 0x08, 0xFF, 0x08, 0x0C, 0x08, 0xFF,
    0x10, 0x14, 0x10, 0xFF, 0x18, 0x1C, 0x18, 0xFF, 0x21, 0x24, 0x21, 0xFF, 0x29, 0x2C, 0x29, 0xFF,
    0x31, 0x34, 0x31, 0xFF, 0x31, 0x30, 0x31, 0xFF, 0x29, 0x30, 0x31, 0xFF, 0x18, 0x18, 0x18, 0xFF,
    0x10, 0x10, 0x10, 0xFF, 0x4A, 0x4D, 0x4A, 0xFF, 0x94, 0x9A, 0x9C, 0xFF, 0x73, 0x75, 0x73, 0xFF,
    0x52, 0x55, 0x52, 0xFF, 0x63, 0x65, 0x63, 0xFF, 0x63, 0x61, 0x63, 0xFF, 0x7B, 0x79, 0x7B, 0xFF,
    0x8C, 0x8E, 0x8C, 0xFF, 0x9C, 0x9E, 0x9C, 0xFF, 0xA5, 0xA2, 0xA5, 0xFF, 0x9C, 0x9A, 0x9C, 0xFF,
    0x7B, 0x79, 0x7B, 0xFF, 0x6B, 0x6D, 0x6B, 0xFF, 0x7B, 0x7D, 0x7B, 0xFF, 0x84, 0x86, 0x84, 0xFF,
    0x7B, 0x7D, 0x7B, 0xFF, 0xA5, 0xA6, 0xA5, 0xFF, 0xCE, 0xCB, 0xCE, 0xFF, 0xCE, 0xCB, 0xCE, 0xFF,
    0xC6, 0xC7, 0xC6, 0xFF, 0xC6, 0xC7, 0xC6, 0xFF, 0xCE, 0xCB, 0xCE, 0xFF, 0xC6, 0xC3, 0xBD, 0xFF,
    0xA5, 0xA6, 0xAD, 0xFF, 0x94, 0x9E, 0xAD, 0xFF, 0x8C, 0x9E, 0xBD, 0xFF, 0x84, 0x9A, 0xB5, 0xFF,
    0x84, 0x9A, 0xB5, 0xFF, 0x84, 0x96, 0xB5, 0xFF, 0x7B, 0x92, 0xB5, 0xFF, 0x84, 0x96, 0xB5, 0xFF,
    0x7B, 0x96, 0xB5, 0xFF, 0x7B, 0x8E, 0xAD, 0xFF, 0x73, 0x8E, 0xAD, 0xFF, 0x6B, 0x86, 0xA5, 0xFF,
    0x5A, 0x79, 0x9C, 0xFF, 0x52, 0x71, 0x94, 0xFF, 0x63, 0x6D, 0x84, 0xFF, 0xAD, 0xAE, 0xA5, 0xFF,
    0xA5, 0xAE, 0xA5, 0xFF, 0x7B, 0x7D, 0x7B, 0xFF, 0x5A, 0x61, 0x63, 0xFF, 0x18, 0x20, 0x18, 0xFF,
    0x10, 0x14, 0x10, 0xFF, 0x21, 0x28, 0x29, 0xFF, 0x21, 0x28, 0x29, 0xFF, 0x21, 0x2C, 0x29, 0xFF,
    0x21, 0x24, 0x29, 0xFF, 0x18, 0x20, 0x21, 0xFF, 0x18, 0x1C, 0x21, 0xFF, 0x10, 0x14, 0x18, 0xFF,
    0x08, 0x10, 0x10, 0xFF, 0x08, 0x0C, 0x08, 0xFF, 0x08, 0x0C, 0x08, 0xFF, 0x08, 0x08, 0x08, 0xFF,
    0x00, 0x08, 0x08, 0xFF, 0x08, 0x08, 0x08, 0x59, 0x08, 0x08, 0x08, 0x00, 0x08, 0x08, 0x08, 0x00,
    0x08, 0x08, 0x08, 0x00, 0x08, 0x0C, 0x08, 0x00, 0x08, 0x0C, 0x08, 0x00, 0x08, 0x08, 0x08, 0x00,
    0x00, 0x08, 0x08, 0x00, 0x08, 0x08, 0x08, 0x00, 0x18, 0x20, 0x21, 0x00, 0x18, 0x20, 0x21, 0x00,
    0x18, 0x1C, 0x21, 0x00, 0x18, 0x1C, 0x21, 0x00, 0x10, 0x18, 0x18, 0x00, 0x10, 0x14, 0x10, 0x00,
    0x08, 0x10, 0x10, 0x00, 0x08, 0x10, 0x10, 0x00, 0x08, 0x0C, 0x10, 0x00, 0x08, 0x10, 0x10, 0x9E,
    0x08, 0x10, 0x10, 0xFF, 0x08, 0x10, 0x10, 0xFF, 0x08, 0x10, 0x10, 0xFF, 0x08, 0x0C, 0x08, 0xFF,
    0x08, 0x0C, 0x08, 0xFF, 0x08, 0x0C, 0x08, 0xFF, 0x08, 0x0C, 0x08, 0xFF, 0x08, 0x0C, 0x08, 0xFF,
    0x08, 0x0C, 0x08, 0xFF, 0x10, 0x14, 0x10, 0xFF, 0x18, 0x18, 0x18, 0xFF, 0x21, 0x20, 0x21, 0xFF,
    0x21, 0x2C, 0x29, 0xFF, 0x29, 0x30, 0x29, 0xFF, 0x29, 0x30, 0x31, 0xFF, 0x18, 0x20, 0x21, 0xFF,
    0x21, 0x24, 0x21, 0xFF, 0x63, 0x61, 0x63, 0xFF, 0x6B, 0x6D, 0x6B, 0xFF, 0x52, 0x55, 0x5A, 0xFF,
    0x5A, 0x5D, 0x63, 0xFF, 0x94, 0x96, 0x9C, 0xFF, 0xB5, 0xBA, 0xBD, 0xFF, 0xB5, 0xB6, 0xBD, 0xFF,
    0xBD, 0xBA, 0xBD, 0xFF, 0xC6, 0xC3, 0xC6, 0xFF, 0xC6, 0xC7, 0xCE, 0xFF, 0xCE, 0xCF, 0xCE, 0xFF,
    0xC6, 0xCB, 0xCE, 0xFF, 0xAD, 0xAE, 0xAD, 0xFF, 0xA5, 0xA2, 0xA5, 0xFF, 0x7B, 0x79, 0x7B, 0xFF,
    0x6B, 0x6D, 0x6B, 0xFF, 0x84, 0x82, 0x84, 0xFF, 0x84, 0x86, 0x84, 0xFF, 0x94, 0x96, 0x94, 0xFF,
    0xBD, 0xBE, 0xBD, 0xFF, 0xC6, 0xC7, 0xC6, 0xFF, 0xC6, 0xBE, 0xC6, 0xFF, 0xC6, 0xC3, 0xC6, 0xFF,
    0xC6, 0xC7, 0xC6, 0xFF, 0xC6, 0xC3, 0xC6, 0xFF, 0xA5, 0xAA, 0xAD, 0xFF, 0x94, 0x9E, 0xAD, 0xFF,
    0x94, 0xA2, 0xBD, 0xFF, 0x94, 0xA2, 0xB5, 0xFF, 0x84, 0x9A, 0xB5, 0xFF, 0x7B, 0x92, 0xAD, 0xFF,
    0x7B, 0x96, 0xB5, 0xFF, 0x84, 0x96, 0xB5, 0xFF, 0x7B, 0x8E, 0xAD, 0xFF, 0x73, 0x8A, 0xA5, 0xFF,
    0x6B, 0x82, 0xA5, 0xFF, 0x63, 0x79, 0x9C, 0xFF, 0x6B, 0x8A, 0xAD, 0xFF, 0x31, 0x41, 0x52, 0xFF,
    0x5A, 0x5D, 0x5A, 0xFF, 0xCE, 0xD3, 0xD6, 0xFF, 0x7B, 0x82, 0x84, 0xFF, 0x73, 0x79, 0x7B, 0xFF,
    0x8C, 0x8E, 0x8C, 0xFF, 0x21, 0x28, 0x29, 0xFF, 0x10, 0x18, 0x18, 0xFF, 0x21, 0x28, 0x29, 0xFF,
    0x21, 0x28, 0x29, 0xFF, 0x21, 0x24, 0x21, 0xFF, 0x18, 0x20, 0x21, 0xFF, 0x18, 0x1C, 0x21, 0xFF,
    0x10, 0x14, 0x18, 0xFF, 0x08, 0x10, 0x10, 0xFF, 0x08, 0x10, 0x10, 0xFF, 0x08, 0x0C, 0x10, 0xFF,
    0x08, 0x08, 0x08, 0xFF, 0x08, 0x08, 0x08, 0x9E, 0x08, 0x08, 0x08, 0x00, 0x08, 0x08, 0x08, 0x00,
    0x08, 0x08, 0x08, 0x00, 0x08, 0x08, 0x08, 0x00, 0x08, 0x0C, 0x08, 0x00, 0x08, 0x0C, 0x08, 0x00,
    0x08, 0x08, 0x08, 0x00, 0x08, 0x08, 0x08, 0x00, 0x00, 0x08, 0x08, 0x00, 0x21, 0x20, 0x29, 0x00,
    0x21, 0x20, 0x21, 0x00, 0x18, 0x20, 0x21, 0x00, 0x18, 0x20, 0x21, 0x00, 0x18, 0x1C, 0x21, 0x00,
    0x10, 0x18, 0x18, 0x00, 0x10, 0x14, 0x10, 0x00, 0x08, 0x10, 0x10, 0x00, 0x08, 0x10, 0x10, 0x00,
    0x10, 0x10, 0x10, 0x01, 0x10, 0x14, 0x10, 0xCE, 0x10, 0x10, 0x10, 0xFF, 0x10, 0x10, 0x10, 0xFF,
    0x08, 0x0C, 0x08, 0xFF, 0x08, 0x0C, 0x08, 0xFF, 0x08, 0x0C, 0x08, 0xFF, 0x08, 0x0C, 0x08, 0xFF,
    0x08, 0x0C, 0x08, 0xFF, 0x08, 0x0C, 0x08, 0xFF, 0x10, 0x14, 0x10, 0xFF, 0x10, 0x18, 0x18, 0xFF,
    0x18, 0x1C, 0x21, 0xFF, 0x21, 0x28, 0x29, 0xFF, 0x29, 0x2C, 0x29, 0xFF, 0x21, 0x24, 0x21, 0xFF,
    0x21, 0x20, 0x21, 0xFF, 0x52, 0x51, 0x52, 0xFF, 0x52, 0x51, 0x52, 0xFF, 0x52, 0x51, 0x5A, 0xFF,
    0x7B, 0x7D, 0x84, 0xFF, 0xAD, 0xAE, 0xBD, 0xFF, 0xBD, 0xBA, 0xC6, 0xFF, 0xB5, 0xB2, 0xBD, 0xFF,
    0xB5, 0xB2, 0xBD, 0xFF, 0xB5, 0xB2, 0xBD, 0xFF, 0xB5, 0xB2, 0xB5, 0xFF, 0xB5, 0xB2, 0xBD, 0xFF,
    0xB5, 0xB6, 0xBD, 0xFF, 0xB5, 0xB6, 0xBD, 0xFF, 0xBD, 0xBE, 0xC6, 0xFF, 0xC6, 0xC7, 0xCE, 0xFF,
    0xAD, 0xAE, 0xB5, 0xFF, 0x73, 0x71, 0x73, 0xFF, 0x6B, 0x65, 0x6B, 0xFF, 0x84, 0x82, 0x84, 0xFF,
    0x84, 0x86, 0x84, 0xFF, 0x94, 0x96, 0x9C, 0xFF, 0xBD, 0xB6, 0xBD, 0xFF, 0xBD, 0xBE, 0xC6, 0xFF,
    0xBD, 0xBE, 0xC6, 0xFF, 0xBD, 0xBA, 0xBD, 0xFF, 0xC6, 0xBE, 0xC6, 0xFF, 0xC6, 0xC3, 0xC6, 0xFF,
    0xAD, 0xB2, 0xB5, 0xFF, 0x9C, 0xA2, 0xAD, 0xFF, 0x94, 0x9E, 0xB5, 0xFF, 0x8C, 0x9E, 0xB5, 0xFF,
    0x8C, 0x96, 0xB5, 0xFF, 0x7B, 0x92, 0xAD, 0xFF, 0x7B, 0x96, 0xAD, 0xFF, 0x7B, 0x8E, 0xAD, 0xFF,
    0x73, 0x86, 0xA5, 0xFF, 0x6B, 0x82, 0xA5, 0xFF, 0x6B, 0x82, 0xA5, 0xFF, 0x7B, 0x96, 0xBD, 0xFF,
    0x39, 0x51, 0x6B, 0xFF, 0x00, 0x00, 0x00, 0xFF, 0x94, 0x9A, 0x9C, 0xFF, 0xDE, 0xDF, 0xE7, 0xFF,
    0x5A, 0x61, 0x63, 0xFF, 0x63, 0x6D, 0x6B, 0xFF, 0x84, 0x86, 0x8C, 0xFF, 0x21, 0x24, 0x29, 0xFF,
    0x10, 0x18, 0x18, 0xFF, 0x21, 0x24, 0x21, 0xFF, 0x18, 0x20, 0x21, 0xFF, 0x18, 0x1C, 0x21, 0xFF,
    0x18, 0x1C, 0x18, 0xFF, 0x10, 0x14, 0x18, 0xFF, 0x08, 0x10, 0x10, 0xFF, 0x08, 0x10, 0x10, 0xFF,
    0x08, 0x0C, 0x10, 0xFF, 0x08, 0x0C, 0x08, 0xCE, 0x08, 0x0C, 0x08, 0x01, 0x08, 0x08, 0x08, 0x00,
    0x08, 0x0C, 0x08, 0x00, 0x08, 0x0C, 0x08, 0x00, 0x08, 0x0C, 0x08, 0x00, 0x08, 0x0C, 0x08, 0x00,
    0x08, 0x0C, 0x08, 0x00, 0x08, 0x0C, 0x08, 0x00, 0x08, 0x0C, 0x08, 0x00, 0x08, 0x08, 0x08, 0x00,
    0x18, 0x24, 0x29, 0x00, 0x18, 0x24, 0x29, 0x00, 0x18, 0x24, 0x29, 0x00, 0x18, 0x20, 0x21, 0x00,
    0x18, 0x1C, 0x21, 0x00, 0x18, 0x1C, 0x21, 0x00, 0x10, 0x18, 0x18, 0x00, 0x10, 0x14, 0x18, 0x00,
    0x10, 0x10, 0x10, 0x00, 0x10, 0x14, 0x10, 0x00, 0x10, 0x14, 0x10, 0x1A, 0x10, 0x14, 0x10, 0xED,
    0x10, 0x10, 0x10, 0xFF, 0x08, 0x0C, 0x10, 0xFF, 0x08, 0x0C, 0x08, 0xFF, 0x08, 0x08, 0x08, 0xFF,
    0x00, 0x08, 0x08, 0xFF, 0x08, 0x08, 0x08, 0xFF, 0x08, 0x0C, 0x08, 0xFF, 0x10, 0x10, 0x10, 0xFF,
    0x10, 0x18, 0x18, 0xFF, 0x18, 0x1C, 0x21, 0xFF, 0x21, 0x24, 0x21, 0xFF, 0x21, 0x24, 0x21, 0xFF,
    0x29, 0x2C, 0x29, 0xFF, 0x39, 0x3C, 0x42, 0xFF, 0x29, 0x2C, 0x31, 0xFF, 0x4A, 0x4D, 0x52, 0xFF,
    0x9C, 0x9E, 0xA5, 0xFF, 0xB5, 0xB2, 0xBD, 0xFF, 0xAD, 0xA6, 0xAD, 0xFF, 0xA5, 0xA2, 0xAD, 0xFF,
    0xA5, 0xA6, 0xAD, 0xFF, 0xA5, 0xA6, 0xAD, 0xFF, 0xAD, 0xAA, 0xB5, 0xFF, 0xAD, 0xAA, 0xB5, 0xFF,
    0xAD, 0xAA, 0xB5, 0xFF, 0xAD, 0xAA, 0xB5, 0xFF, 0xAD, 0xAA, 0xB5, 0xFF, 0xAD, 0xAA, 0xB5, 0xFF,
    0xAD, 0xAE, 0xB5, 0xFF, 0xB5, 0xB6, 0xBD, 0xFF, 0xAD, 0xA6, 0xAD, 0xFF, 0x94, 0x96, 0x9C, 0xFF,
    0x8C, 0x8E, 0x94, 0xFF, 0x7B, 0x7D, 0x84, 0xFF, 0x7B, 0x7D, 0x84, 0xFF, 0x8C, 0x8A, 0x94, 0xFF,
    0x9C, 0xA2, 0xA5, 0xFF, 0xAD, 0xAE, 0xB5, 0xFF, 0xB5, 0xB6, 0xBD, 0xFF, 0xB5, 0xB6, 0xB5, 0xFF,
    0xB5, 0xB6, 0xBD, 0xFF, 0xBD, 0xBA, 0xBD, 0xFF, 0xAD, 0xAE, 0xB5, 0xFF, 0x8C, 0x96, 0xA5, 0xFF,
    0x8C, 0x96, 0xAD, 0xFF, 0x8C, 0x9A, 0xB5, 0xFF, 0x7B, 0x8E, 0xAD, 0xFF, 0x73, 0x8A, 0xAD, 0xFF,
    0x7B, 0x8E, 0xAD, 0xFF, 0x73, 0x86, 0xA5, 0xFF, 0x73, 0x82, 0xAD, 0xFF, 0x73, 0x8A, 0xAD, 0xFF,
    0x73, 0x8E, 0xB5, 0xFF, 0x63, 0x79, 0x9C, 0xFF, 0x08, 0x18, 0x29, 0xFF, 0x31, 0x34, 0x31, 0xFF,
    0xBD, 0xC7, 0xC6, 0xFF, 0xB5, 0xB6, 0xBD, 0xFF, 0x39, 0x3C, 0x42, 0xFF, 0x73, 0x75, 0x7B, 0xFF,
    0x63, 0x69, 0x6B, 0xFF, 0x10, 0x14, 0x10, 0xFF, 0x08, 0x10, 0x10, 0xFF, 0x18, 0x1C, 0x21, 0xFF,
    0x18, 0x1C, 0x18, 0xFF, 0x10, 0x18, 0x18, 0xFF, 0x10, 0x14, 0x18, 0xFF, 0x08, 0x10, 0x10, 0xFF,
    0x08, 0x10, 0x10, 0xFF, 0x08, 0x0C, 0x10, 0xED, 0x08, 0x0C, 0x10, 0x1A, 0x08, 0x0C, 0x10, 0x00,
    0x08, 0x0C, 0x10, 0x00, 0x08, 0x0C, 0x08, 0x00, 0x08, 0x0C, 0x08, 0x00, 0x08, 0x0C, 0x08, 0x00,
    0x08, 0x0C, 0x08, 0x00, 0x08, 0x0C, 0x08, 0x00, 0x08, 0x0C, 0x08, 0x00, 0x08, 0x0C, 0x08, 0x00,
    0x08, 0x08, 0x08, 0x00, 0x18, 0x24, 0x29, 0x00, 0x18, 0x24, 0x29, 0x00, 0x18, 0x24, 0x29, 0x00,
    0x21, 0x20, 0x21, 0x00, 0x18, 0x1C, 0x21, 0x00, 0x18, 0x18, 0x21, 0x00, 0x10, 0x18, 0x18, 0x00,
    0x10, 0x18, 0x18, 0x00, 0x10, 0x18, 0x18, 0x00, 0x10, 0x14, 0x18, 0x00, 0x10, 0x14, 0x18, 0x00,
    0x10, 0x14, 0x18, 0x35, 0x10, 0x10, 0x10, 0xFD, 0x08, 0x0C, 0x08, 0xFF, 0x08, 0x0C, 0x08, 0xFF,
    0x00, 0x08, 0x08, 0xFF, 0x00, 0x08, 0x08, 0xFF, 0x00, 0x08, 0x08, 0xFF, 0x08, 0x08, 0x08, 0xFF,
    0x08, 0x10, 0x10, 0xFF, 0x10, 0x18, 0x18, 0xFF, 0x18, 0x1C, 0x18, 0xFF, 0x18, 0x20, 0x21, 0xFF,
    0x18, 0x1C, 0x21, 0xFF, 0x42, 0x45, 0x4A, 0xFF, 0x39, 0x38, 0x42, 0xFF, 0x52, 0x55, 0x5A, 0xFF,
    0x9C, 0x9A, 0xA5, 0xFF, 0x94, 0x96, 0xA5, 0xFF, 0x9C, 0x9A, 0xA5, 0xFF, 0x9C, 0x9E, 0xA5, 0xFF,
    0x9C, 0x9A, 0xA5, 0xFF, 0x9C, 0x9E, 0xAD, 0xFF, 0xA5, 0x9E, 0xAD, 0xFF, 0xA5, 0xA2, 0xAD, 0xFF,
    0xA5, 0xA2, 0xAD, 0xFF, 0xA5, 0xA2, 0xAD, 0xFF, 0xA5, 0xA6, 0xAD, 0xFF, 0xA5, 0xA2, 0xAD, 0xFF,
    0xA5, 0xA6, 0xAD, 0xFF, 0xA5, 0xA6, 0xAD, 0xFF, 0xA5, 0xA6, 0xAD, 0xFF, 0xAD, 0xAA, 0xB5, 0xFF,
    0xB5, 0xB2, 0xBD, 0xFF, 0xAD, 0xAE, 0xB5, 0xFF, 0x8C, 0x8A, 0x8C, 0xFF, 0x63, 0x65, 0x6B, 0xFF,
    0x73, 0x75, 0x7B, 0xFF, 0x84, 0x86, 0x8C, 0xFF, 0x8C, 0x8E, 0x94, 0xFF, 0xA5, 0xA2, 0xAD, 0xFF,
    0xAD, 0xAE, 0xB5, 0xFF, 0xAD, 0xAE, 0xB5, 0xFF, 0xAD, 0xAE, 0xB5, 0xFF, 0xB5, 0xB2, 0xBD, 0xFF,
    0xA5, 0xA6, 0xB5, 0xFF, 0x8C, 0x92, 0xA5, 0xFF, 0x7B, 0x8E, 0xAD, 0xFF, 0x73, 0x8A, 0xAD, 0xFF,
    0x6B, 0x7D, 0xA5, 0xFF, 0x73, 0x82, 0xA5, 0xFF, 0x6B, 0x82, 0xA5, 0xFF, 0x6B, 0x82, 0xA5, 0xFF,
    0x73, 0x8A, 0xAD, 0xFF, 0x6B, 0x82, 0xA5, 0xFF, 0x73, 0x8A, 0xAD, 0xFF, 0x63, 0x79, 0xA5, 0xFF,
    0x4A, 0x59, 0x73, 0xFF, 0x84, 0x86, 0x94, 0xFF, 0xCE, 0xCB, 0xD6, 0xFF, 0x94, 0x9A, 0xA5, 0xFF,
    0x39, 0x3C, 0x42, 0xFF, 0x73, 0x71, 0x7B, 0xFF, 0x63, 0x65, 0x6B, 0xFF, 0x10, 0x14, 0x18, 0xFF,
    0x08, 0x08, 0x10, 0xFF, 0x10, 0x18, 0x18, 0xFF, 0x10, 0x14, 0x18, 0xFF, 0x08, 0x10, 0x10, 0xFF,
    0x08, 0x10, 0x10, 0xFF, 0x08, 0x0C, 0x10, 0xFD, 0x08, 0x08, 0x10, 0x35, 0x08, 0x0C, 0x10, 0x00,
    0x08, 0x0C, 0x10, 0x00, 0x08, 0x0C, 0x10, 0x00, 0x08, 0x0C, 0x08, 0x00, 0x08, 0x0C, 0x08, 0x00,
    0x08, 0x0C, 0x08, 0x00, 0x08, 0x0C, 0x08, 0x00, 0x08, 0x0C, 0x08, 0x00, 0x08, 0x0C, 0x08, 0x00,
    0x00, 0x08, 0x08, 0x00, 0x00, 0x08, 0x08, 0x00, 0x18, 0x24, 0x29, 0x00, 0x18, 0x24, 0x29, 0x00,
    0x21, 0x20, 0x29, 0x00, 0x18, 0x20, 0x29, 0x00, 0x18, 0x1C, 0x21, 0x00, 0x18, 0x1C, 0x21, 0x00,
    0x18, 0x18, 0x18, 0x00, 0x10, 0x18, 0x18, 0x00, 0x10, 0x18, 0x18, 0x00, 0x10, 0x14, 0x18, 0x00,
    0x10, 0x10, 0x18, 0x00, 0x10, 0x10, 0x18, 0x00, 0x10, 0x10, 0x18, 0x43, 0x08, 0x10, 0x10, 0xFF,
    0x08, 0x0C, 0x08, 0xFF, 0x00, 0x08, 0x08, 0xFF, 0x00, 0x08, 0x08, 0xFF, 0x00, 0x08, 0x08, 0xFF,
    0x08, 0x08, 0x08, 0xFF, 0x08, 0x0C, 0x08, 0xFF, 0x10, 0x14, 0x10, 0xFF, 0x10, 0x18, 0x18, 0xFF,
    0x18, 0x1C, 0x21, 0xFF, 0x21, 0x24, 0x21, 0xFF, 0x31, 0x34, 0x39, 0xFF, 0x29, 0x2C, 0x39, 0xFF,
    0x84, 0x86, 0x94, 0xFF, 0x8C, 0x86, 0x94, 0xFF, 0x84, 0x82, 0x94, 0xFF, 0x94, 0x96, 0xA5, 0xFF,
    0x94, 0x96, 0xA5, 0xFF, 0x94, 0x92, 0xA5, 0xFF, 0x94, 0x96, 0xA5, 0xFF, 0x94, 0x96, 0xA5, 0xFF,
    0x94, 0x96, 0xA5, 0xFF, 0x94, 0x96, 0xA5, 0xFF, 0x9C, 0x9A, 0xA5, 0xFF, 0x94, 0x9A, 0xA5, 0xFF,
    0x9C, 0x9A, 0xA5, 0xFF, 0x9C, 0x9A, 0xA5, 0xFF, 0x9C, 0x9A, 0xA5, 0xFF, 0x9C, 0x9E, 0xA5, 0xFF,
    0x9C, 0x9E, 0xA5, 0xFF, 0x9C, 0x9A, 0xA5, 0xFF, 0xA5, 0xA2, 0xAD, 0xFF, 0xAD, 0xAA, 0xB5, 0xFF,
    0x84, 0x7D, 0x8C, 0xFF, 0x52, 0x55, 0x5A, 0xFF, 0x63, 0x65, 0x6B, 0xFF, 0x84, 0x7D, 0x8C, 0xFF,
    0x8C, 0x8A, 0x94, 0xFF, 0x9C, 0x9E, 0xA5, 0xFF, 0xAD, 0xAA, 0xB5, 0xFF, 0xA5, 0xA6, 0xB5, 0xFF,
    0xAD, 0xA6, 0xB5, 0xFF, 0xAD, 0xAE, 0xB5, 0xFF, 0xA5, 0xA6, 0xAD, 0xFF, 0x84, 0x8A, 0xA5, 0xFF,
    0x73, 0x86, 0xAD, 0xFF, 0x6B, 0x86, 0xAD, 0xFF, 0x6B, 0x7D, 0xA5, 0xFF, 0x63, 0x75, 0xA5, 0xFF,
    0x63, 0x79, 0x9C, 0xFF, 0x6B, 0x82, 0xA5, 0xFF, 0x6B, 0x7D, 0xA5, 0xFF, 0x6B, 0x79, 0xA5, 0xFF,
    0x7B, 0x92, 0xB5, 0xFF, 0x73, 0x8A, 0xAD, 0xFF, 0x84, 0x8A, 0xA5, 0xFF, 0xA5, 0xA2, 0xAD, 0xFF,
    0xBD, 0xBA, 0xC6, 0xFF, 0x8C, 0x8E, 0x9C, 0xFF, 0x42, 0x49, 0x52, 0xFF, 0x6B, 0x6D, 0x7B, 0xFF,
    0x63, 0x65, 0x6B, 0xFF, 0x18, 0x18, 0x21, 0xFF, 0x00, 0x00, 0x00, 0xFF, 0x10, 0x10, 0x10, 0xFF,
    0x08, 0x10, 0x10, 0xFF, 0x08, 0x0C, 0x10, 0xFF, 0x08, 0x08, 0x10, 0x43, 0x08, 0x08, 0x10, 0x00,
    0x08, 0x0C, 0x08, 0x00, 0x08, 0x0C, 0x10, 0x00, 0x08, 0x08, 0x10, 0x00, 0x08, 0x0C, 0x08, 0x00,
    0x08, 0x0C, 0x08, 0x00, 0x08, 0x0C, 0x08, 0x00, 0x08, 0x08, 0x08, 0x00, 0x08, 0x08, 0x08, 0x00,
    0x08, 0x08, 0x08, 0x00, 0x00, 0x08, 0x08, 0x00, 0x08, 0x08, 0x08, 0x00, 0x18, 0x20, 0x29, 0x00,
    0x18, 0x20, 0x29, 0x00, 0x18, 0x20, 0x29, 0x00, 0x18, 0x20, 0x21, 0x00, 0x18, 0x20, 0x21, 0x00,
    0x18, 0x1C, 0x21, 0x00, 0x18, 0x1C, 0x21, 0x00, 0x18, 0x18, 0x18, 0x00, 0x18, 0x18, 0x18, 0x00,
    0x10, 0x18, 0x18, 0x00, 0x10, 0x14, 0x18, 0x00, 0x10, 0x10, 0x10, 0x00, 0x10, 0x14, 0x18, 0x00,
    0x10, 0x10, 0x10, 0x4C, 0x08, 0x0C, 0x08, 0xFF, 0x00, 0x08, 0x08, 0xFF, 0x00, 0x04, 0x00, 0xFF,
    0x08, 0x08, 0x08, 0xFF, 0x08, 0x08, 0x08, 0xFF, 0x08, 0x0C, 0x08, 0xFF, 0x08, 0x10, 0x10, 0xFF,
    0x10, 0x14, 0x18, 0xFF, 0x10, 0x18, 0x18, 0xFF, 0x21, 0x24, 0x29, 0xFF, 0x10, 0x18, 0x18, 0xFF,
    0x39, 0x41, 0x4A, 0xFF, 0x84, 0x86, 0x9C, 0xFF, 0x7B, 0x75, 0x8C, 0xFF, 0x84, 0x82, 0x94, 0xFF,
    0x8C, 0x8A, 0x9C, 0xFF, 0x8C, 0x8A, 0x9C, 0xFF, 0x8C, 0x8A, 0x9C, 0xFF, 0x8C, 0x8A, 0x9C, 0xFF,
    0x8C, 0x8E, 0x9C, 0xFF, 0x8C, 0x8E, 0x9C, 0xFF, 0x8C, 0x8E, 0x9C, 0xFF, 0x8C, 0x8E, 0x9C, 0xFF,
    0x8C, 0x8E, 0x9C, 0xFF, 0x8C, 0x8E, 0x9C, 0xFF, 0x94, 0x92, 0x9C, 0xFF, 0x94, 0x92, 0x9C, 0xFF,
    0x94, 0x92, 0xA5, 0xFF, 0x94, 0x96, 0xA5, 0xFF, 0x94, 0x96, 0xA5, 0xFF, 0x94, 0x92, 0x9C, 0xFF,
    0x9C, 0x96, 0xA5, 0xFF, 0xAD, 0xA6, 0xB5, 0xFF, 0x84, 0x82, 0x84, 0xFF, 0x4A, 0x49, 0x52, 0xFF,
    0x63, 0x65, 0x73, 0xFF, 0x7B, 0x79, 0x84, 0xFF, 0x84, 0x7D, 0x8C, 0xFF, 0x9C, 0x96, 0xA5, 0xFF,
    0xA5, 0xA2, 0xAD, 0xFF, 0xA5, 0xA2, 0xAD, 0xFF, 0xA5, 0xA2, 0xAD, 0xFF, 0xAD, 0xA6, 0xAD, 0xFF,
    0xA5, 0xA2, 0xAD, 0xFF, 0x7B, 0x86, 0xA5, 0xFF, 0x6B, 0x7D, 0xA5, 0xFF, 0x63, 0x75, 0xA5, 0xFF,
    0x52, 0x6D, 0x9C, 0xFF, 0x5A, 0x6D, 0x9C, 0xFF, 0x63, 0x75, 0xA5, 0xFF, 0x6B, 0x7D, 0xA5, 0xFF,
    0x6B, 0x79, 0xA5, 0xFF, 0x6B, 0x82, 0xA5, 0xFF, 0x63, 0x79, 0xA5, 0xFF, 0x84, 0x8A, 0xAD, 0xFF,
    0xA5, 0xA2, 0xAD, 0xFF, 0x9C, 0x9A, 0xAD, 0xFF, 0xBD, 0xB6, 0xC6, 0xFF, 0x94, 0x92, 0x9C, 0xFF,
    0x4A, 0x4D, 0x5A, 0xFF, 0x4A, 0x4D, 0x5A, 0xFF, 0x73, 0x75, 0x84, 0xFF, 0x39, 0x38, 0x42, 0xFF,
    0x00, 0x00, 0x00, 0xFF, 0x08, 0x10, 0x10, 0xFF, 0x08, 0x0C, 0x10, 0x4B, 0x08, 0x08, 0x10, 0x00,
    0x08, 0x0C, 0x08, 0x00, 0x08, 0x0C, 0x08, 0x00, 0x08, 0x08, 0x10, 0x00, 0x08, 0x08, 0x08, 0x00,
    0x08, 0x08, 0x10, 0x00, 0x08, 0x0C, 0x10, 0x00, 0x08, 0x0C, 0x08, 0x00, 0x08, 0x08, 0x08, 0x00,
    0x08, 0x08, 0x08, 0x00, 0x08, 0x0C, 0x08, 0x00, 0x08, 0x08, 0x08, 0x00, 0x00, 0x08, 0x08, 0x00,
    0x18, 0x1C, 0x21, 0x00, 0x18, 0x1C, 0x21, 0x00, 0x18, 0x1C, 0x21, 0x00, 0x18, 0x1C, 0x21, 0x00,
    0x18, 0x20, 0x21, 0x00, 0x18, 0x1C, 0x21, 0x00, 0x18, 0x1C, 0x18, 0x00, 0x10, 0x18, 0x18, 0x00,
    0x10, 0x18, 0x18, 0x00, 0x10, 0x18, 0x18, 0x00, 0x10, 0x14, 0x18, 0x00, 0x10, 0x10, 0x10, 0x00,
    0x10, 0x10, 0x10, 0x00, 0x08, 0x0C, 0x10, 0x00, 0x08, 0x08, 0x08, 0x47, 0x00, 0x04, 0x00, 0xFC,
    0x00, 0x04, 0x08, 0xFF, 0x00, 0x08, 0x00, 0xFF, 0x00, 0x04, 0x08, 0xFF, 0x00, 0x08, 0x08, 0xFF,
    0x08, 0x0C, 0x10, 0xFF, 0x08, 0x0C, 0x10, 0xFF, 0x10, 0x18, 0x18, 0xFF, 0x21, 0x28, 0x29, 0xFF,
    0x18, 0x1C, 0x29, 0xFF, 0x5A, 0x5D, 0x6B, 0xFF, 0x73, 0x75, 0x84, 0xFF, 0x7B, 0x79, 0x8C, 0xFF,
    0x84, 0x82, 0x94, 0xFF, 0x84, 0x82, 0x94, 0xFF, 0x84, 0x82, 0x94, 0xFF, 0x84, 0x82, 0x94, 0xFF,
    0x84, 0x86, 0x94, 0xFF, 0x84, 0x82, 0x94, 0xFF, 0x84, 0x82, 0x94, 0xFF, 0x84, 0x86, 0x94, 0xFF,
    0x84, 0x86, 0x94, 0xFF, 0x84, 0x8A, 0x94, 0xFF, 0x8C, 0x86, 0x9C, 0xFF, 0x8C, 0x86, 0x9C, 0xFF,
    0x8C, 0x8A, 0x9C, 0xFF, 0x8C, 0x8A, 0x9C, 0xFF, 0x8C, 0x8A, 0x9C, 0xFF, 0x8C, 0x8A, 0x94, 0xFF,
    0x8C, 0x8A, 0x9C, 0xFF, 0x8C, 0x8A, 0x9C, 0xFF, 0x8C, 0x8A, 0x9C, 0xFF, 0x9C, 0x9A, 0xA5, 0xFF,
    0x73, 0x6D, 0x7B, 0xFF, 0x52, 0x51, 0x5A, 0xFF, 0x73, 0x71, 0x84, 0xFF, 0x7B, 0x7D, 0x8C, 0xFF,
    0x7B, 0x7D, 0x8C, 0xFF, 0x94, 0x96, 0xA5, 0xFF, 0x9C, 0x9A, 0xA5, 0xFF, 0x94, 0x96, 0xA5, 0xFF,
    0x9C, 0x96, 0xA5, 0xFF, 0xA5, 0xA2, 0xAD, 0xFF, 0x94, 0x9A, 0xAD, 0xFF, 0x73, 0x7D, 0xA5, 0xFF,
    0x5A, 0x6D, 0x9C, 0xFF, 0x4A, 0x5D, 0x94, 0xFF, 0x52, 0x65, 0x9C, 0xFF, 0x5A, 0x71, 0x9C, 0xFF,
    0x6B, 0x7D, 0xA5, 0xFF, 0x6B, 0x7D, 0xA5, 0xFF, 0x63, 0x75, 0x9C, 0xFF, 0x5A, 0x71, 0x9C, 0xFF,
    0x7B, 0x86, 0xA5, 0xFF, 0xA5, 0x9E, 0xAD, 0xFF, 0x94, 0x92, 0xA5, 0xFF, 0x9C, 0x9A, 0xAD, 0xFF,
    0xB5, 0xB2, 0xC6, 0xFF, 0x84, 0x82, 0x94, 0xFF, 0x29, 0x30, 0x39, 0xFF, 0x63, 0x65, 0x73, 0xFF,
    0xAD, 0xAA, 0xBD, 0xFF, 0x42, 0x41, 0x4A, 0xFC, 0x00, 0x00, 0x00, 0x47, 0x08, 0x0C, 0x10, 0x00,
    0x08, 0x0C, 0x10, 0x00, 0x08, 0x08, 0x08, 0x00, 0x08, 0x08, 0x10, 0x00, 0x08, 0x08, 0x10, 0x00,
    0x08, 0x08, 0x08, 0x00, 0x08, 0x08, 0x08, 0x00, 0x08, 0x08, 0x08, 0x00, 0x08, 0x0C, 0x08, 0x00,
    0x08, 0x08, 0x08, 0x00, 0x08, 0x08, 0x08, 0x00, 0x08, 0x08, 0x08, 0x00, 0x08, 0x08, 0x08, 0x00,
    0x00, 0x08, 0x08, 0x00, 0x18, 0x18, 0x21, 0x00, 0x18, 0x18, 0x21, 0x00, 0x10, 0x18, 0x18, 0x00,
    0x18, 0x18, 0x18, 0x00, 0x18, 0x18, 0x21, 0x00, 0x18, 0x1C, 0x21, 0x00, 0x18, 0x18, 0x18, 0x00,
    0x10, 0x18, 0x18, 0x00, 0x10, 0x18, 0x18, 0x00, 0x10, 0x18, 0x18, 0x00, 0x10, 0x14, 0x18, 0x00,
    0x08, 0x10, 0x10, 0x00, 0x08, 0x10, 0x10, 0x00, 0x08, 0x0C, 0x10, 0x00, 0x08, 0x08, 0x08, 0x00,
    0x00, 0x04, 0x00, 0x38, 0x00, 0x04, 0x08, 0xE8, 0x00, 0x04, 0x08, 0xFF, 0x00, 0x04, 0x00, 0xFF,
    0x00, 0x08, 0x08, 0xFF, 0x08, 0x08, 0x08, 0xFF, 0x10, 0x10, 0x10, 0xFF, 0x29, 0x2C, 0x31, 0xFF,
    0x18, 0x18, 0x21, 0xFF, 0x31, 0x34, 0x42, 0xFF, 0x6B, 0x69, 0x7B, 0xFF, 0x73, 0x71, 0x84, 0xFF,
    0x7B, 0x79, 0x8C, 0xFF, 0x7B, 0x79, 0x8C, 0xFF, 0x73, 0x71, 0x84, 0xFF, 0x73, 0x75, 0x8C, 0xFF,
    0x7B, 0x79, 0x8C, 0xFF, 0x7B, 0x79, 0x8C, 0xFF, 0x7B, 0x79, 0x8C, 0xFF, 0x7B, 0x79, 0x8C, 0xFF,
    0x7B, 0x79, 0x8C, 0xFF, 0x7B, 0x79, 0x94, 0xFF, 0x7B, 0x7D, 0x94, 0xFF, 0x7B, 0x7D, 0x94, 0xFF,
    0x7B, 0x7D, 0x94, 0xFF, 0x84, 0x7D, 0x94, 0xFF, 0x84, 0x82, 0x94, 0xFF, 0x84, 0x7D, 0x8C, 0xFF,
    0x7B, 0x7D, 0x8C, 0xFF, 0x7B, 0x7D, 0x8C, 0xFF, 0x7B, 0x7D, 0x8C, 0xFF, 0x7B, 0x7D, 0x8C, 0xFF,
    0x7B, 0x7D, 0x8C, 0xFF, 0x8C, 0x8A, 0x9C, 0xFF, 0x63, 0x65, 0x73, 0xFF, 0x52, 0x51, 0x63, 0xFF,
    0x7B, 0x79, 0x8C, 0xFF, 0x7B, 0x79, 0x8C, 0xFF, 0x7B, 0x79, 0x8C, 0xFF, 0x94, 0x92, 0x9C, 0xFF,
    0x94, 0x92, 0xA5, 0xFF, 0x94, 0x92, 0xA5, 0xFF, 0x94, 0x92, 0xA5, 0xFF, 0x9C, 0x9A, 0xAD, 0xFF,
    0x8C, 0x92, 0xA5, 0xFF, 0x63, 0x71, 0x9C, 0xFF, 0x42, 0x59, 0x8C, 0xFF, 0x42, 0x55, 0x8C, 0xFF,
    0x5A, 0x69, 0x9C, 0xFF, 0x63, 0x79, 0x9C, 0xFF, 0x6B, 0x79, 0x9C, 0xFF, 0x5A, 0x6D, 0x94, 0xFF,
    0x5A, 0x6D, 0x94, 0xFF, 0x73, 0x7D, 0xA5, 0xFF, 0x9C, 0x9A, 0xAD, 0xFF, 0x84, 0x86, 0x94, 0xFF,
    0x94, 0x92, 0xA5, 0xFF, 0x9C, 0x9A, 0xAD, 0xFF, 0xAD, 0xA6, 0xBD, 0xFF, 0x73, 0x75, 0x84, 0xFF,
    0x31, 0x30, 0x39, 0xFF, 0x84, 0x86, 0x9C, 0xE8, 0xC6, 0xC3, 0xD6, 0x38, 0x31, 0x30, 0x39, 0x00,
    0x00, 0x00, 0x00, 0x00, 0x08, 0x0C, 0x10, 0x00, 0x08, 0x08, 0x08, 0x00, 0x08, 0x08, 0x08, 0x00,
    0x08, 0x08, 0x08, 0x00, 0x08, 0x08, 0x08, 0x00, 0x08, 0x08, 0x08, 0x00, 0x08, 0x08, 0x08, 0x00,
    0x08, 0x08, 0x08, 0x00, 0x08, 0x08, 0x08, 0x00, 0x08, 0x08, 0x08, 0x00, 0x00, 0x08, 0x08, 0x00,
    0x00, 0x08, 0x08, 0x00, 0x00, 0x08, 0x08, 0x00, 0x10, 0x18, 0x18, 0x00, 0x10, 0x18, 0x18, 0x00,
    0x10, 0x18, 0x18, 0x00, 0x10, 0x18, 0x18, 0x00, 0x10, 0x18, 0x21, 0x00, 0x18, 0x18, 0x21, 0x00,
    0x10, 0x18, 0x18, 0x00, 0x10, 0x18, 0x18, 0x00, 0x10, 0x18, 0x18, 0x00, 0x10, 0x14, 0x18, 0x00,
    0x10, 0x10, 0x10, 0x00, 0x08, 0x10, 0x10, 0x00, 0x08, 0x0C, 0x10, 0x00, 0x08, 0x0C, 0x10, 0x00,
    0x08, 0x08, 0x08, 0x00, 0x00, 0x04, 0x00, 0x00, 0x00, 0x04, 0x00, 0x1D, 0x00, 0x04, 0x00, 0xC8,
    0x00, 0x04, 0x00, 0xFF, 0x00, 0x04, 0x08, 0xFF, 0x00, 0x08, 0x08, 0xFF, 0x18, 0x1C, 0x21, 0xFF,
    0x18, 0x20, 0x21, 0xFF, 0x10, 0x14, 0x18, 0xFF, 0x52, 0x55, 0x63, 0xFF, 0x73, 0x71, 0x84, 0xFF,
    0x73, 0x71, 0x84, 0xFF, 0x6B, 0x69, 0x7B, 0xFF, 0x63, 0x61, 0x73, 0xFF, 0x63, 0x5D, 0x73, 0xFF,
    0x6B, 0x69, 0x7B, 0xFF, 0x73, 0x71, 0x84, 0xFF, 0x73, 0x71, 0x84, 0xFF, 0x73, 0x71, 0x84, 0xFF,
    0x73, 0x71, 0x84, 0xFF, 0x73, 0x71, 0x84, 0xFF, 0x73, 0x75, 0x8C, 0xFF, 0x73, 0x71, 0x84, 0xFF,
    0x73, 0x75, 0x8C, 0xFF, 0x73, 0x71, 0x84, 0xFF, 0x73, 0x71, 0x84, 0xFF, 0x73, 0x75, 0x8C, 0xFF,
    0x73, 0x71, 0x8C, 0xFF, 0x73, 0x71, 0x8C, 0xFF, 0x73, 0x71, 0x84, 0xFF, 0x73, 0x6D, 0x84, 0xFF,
    0x73, 0x71, 0x84, 0xFF, 0x73, 0x6D, 0x84, 0xFF, 0x73, 0x71, 0x84, 0xFF, 0x7B, 0x75, 0x8C, 0xFF,
    0x4A, 0x49, 0x5A, 0xFF, 0x6B, 0x6D, 0x7B, 0xFF, 0x8C, 0x86, 0x9C, 0xFF, 0x6B, 0x6D, 0x7B, 0xFF,
    0x7B, 0x79, 0x8C, 0xFF, 0x8C, 0x8A, 0x9C, 0xFF, 0x8C, 0x8A, 0x9C, 0xFF, 0x8C, 0x8A, 0x9C, 0xFF,
    0x8C, 0x8E, 0x9C, 0xFF, 0x9C, 0x96, 0xA5, 0xFF, 0x73, 0x7D, 0x9C, 0xFF, 0x4A, 0x5D, 0x8C, 0xFF,
    0x31, 0x4D, 0x84, 0xFF, 0x42, 0x5D, 0x8C, 0xFF, 0x63, 0x71, 0x9C, 0xFF, 0x63, 0x71, 0x9C, 0xFF,
    0x5A, 0x69, 0x94, 0xFF, 0x52, 0x61, 0x94, 0xFF, 0x73, 0x79, 0x9C, 0xFF, 0xA5, 0x9E, 0xAD, 0xFF,
    0x84, 0x82, 0x94, 0xFF, 0x84, 0x8A, 0x9C, 0xFF, 0x94, 0x92, 0xA5, 0xFF, 0x9C, 0x96, 0xAD, 0xFF,
    0xA5, 0xA2, 0xB5, 0xFF, 0x5A, 0x5D, 0x6B, 0xC7, 0x31, 0x34, 0x42, 0x1D, 0x9C, 0x9E, 0xB5, 0x00,
    0xA5, 0xA6, 0xBD, 0x00, 0x08, 0x0C, 0x10, 0x00, 0x00, 0x00, 0x00, 0x00, 0x08, 0x08, 0x08, 0x00,
    0x00, 0x04, 0x08, 0x00, 0x00, 0x04, 0x08, 0x00, 0x00, 0x04, 0x08, 0x00, 0x08, 0x08, 0x08, 0x00,
    0x08, 0x08, 0x08, 0x00, 0x00, 0x08, 0x08, 0x00, 0x00, 0x08, 0x08, 0x00, 0x00, 0x08, 0x08, 0x00,
    0x00, 0x08, 0x08, 0x00, 0x00, 0x08, 0x00, 0x00, 0x00, 0x04, 0x00, 0x00, 0x10, 0x14, 0x18, 0x00,
    0x10, 0x14, 0x18, 0x00, 0x10, 0x14, 0x18, 0x00, 0x10, 0x14, 0x18, 0x00, 0x10, 0x18, 0x18, 0x00,
    0x10, 0x18, 0x18, 0x00, 0x10, 0x18, 0x18, 0x00, 0x10, 0x14, 0x18, 0x00, 0x10, 0x14, 0x18, 0x00,
    0x10, 0x14, 0x18, 0x00, 0x08, 0x10, 0x10, 0x00, 0x08, 0x0C, 0x10, 0x00, 0x08, 0x08, 0x08, 0x00,
    0x08, 0x08, 0x10, 0x00, 0x00, 0x08, 0x08, 0x00, 0x00, 0x04, 0x00, 0x00, 0x00, 0x00, 0x00, 0x00,
    0x00, 0x04, 0x00, 0x05, 0x00, 0x04, 0x00, 0x99, 0x00, 0x04, 0x00, 0xFF, 0x00, 0x04, 0x08, 0xFF,
    0x10, 0x18, 0x18, 0xFF, 0x08, 0x10, 0x10, 0xFF, 0x42, 0x45, 0x52, 0xFF, 0x73, 0x71, 0x84, 0xFF,
    0x6B, 0x69, 0x7B, 0xFF, 0x63, 0x61, 0x73, 0xFF, 0x63, 0x5D, 0x73, 0xFF, 0x5A, 0x55, 0x6B, 0xFF,
    0x63, 0x61, 0x7B, 0xFF, 0x6B, 0x69, 0x7B, 0xFF, 0x6B, 0x69, 0x84, 0xFF, 0x6B, 0x69, 0x84, 0xFF,
    0x6B, 0x69, 0x84, 0xFF, 0x6B, 0x69, 0x84, 0xFF, 0x6B, 0x69, 0x7B, 0xFF, 0x6B, 0x69, 0x7B, 0xFF,
    0x6B, 0x69, 0x84, 0xFF, 0x63, 0x65, 0x7B, 0xFF, 0x63, 0x61, 0x73, 0xFF, 0x6B, 0x69, 0x7B, 0xFF,
    0x6B, 0x69, 0x7B, 0xFF, 0x63, 0x65, 0x7B, 0xFF, 0x6B, 0x69, 0x7B, 0xFF, 0x63, 0x65, 0x7B, 0xFF,
    0x63, 0x61, 0x73, 0xFF, 0x63, 0x61, 0x7B, 0xFF, 0x6B, 0x69, 0x7B, 0xFF, 0x63, 0x61, 0x73, 0xFF,
    0x6B, 0x6D, 0x84, 0xFF, 0x52, 0x51, 0x63, 0xFF, 0x4A, 0x45, 0x5A, 0xFF, 0x7B, 0x79, 0x8C, 0xFF,
    0x73, 0x75, 0x8C, 0xFF, 0x6B, 0x65, 0x7B, 0xFF, 0x6B, 0x6D, 0x84, 0xFF, 0x84, 0x86, 0x94, 0xFF,
    0x84, 0x86, 0x9C, 0xFF, 0x84, 0x86, 0x9C, 0xFF, 0x8C, 0x8A, 0x9C, 0xFF, 0x8C, 0x8A, 0x9C, 0xFF,
    0x5A, 0x69, 0x94, 0xFF, 0x31, 0x4D, 0x84, 0xFF, 0x31, 0x49, 0x84, 0xFF, 0x4A, 0x61, 0x94, 0xFF,
    0x52, 0x65, 0x94, 0xFF, 0x63, 0x6D, 0x9C, 0xFF, 0x5A, 0x69, 0x94, 0xFF, 0x73, 0x79, 0x94, 0xFF,
    0x94, 0x96, 0xA5, 0xFF, 0x84, 0x86, 0x9C, 0xFF, 0x7B, 0x7D, 0x94, 0xFF, 0x94, 0x8E, 0xA5, 0xFF,
    0x8C, 0x8E, 0xA5, 0xFF, 0x94, 0x96, 0xAD, 0x99, 0x9C, 0x9E, 0xB5, 0x04, 0x42, 0x45, 0x52, 0x00,
    0x42, 0x41, 0x52, 0x00, 0xB5, 0xB2, 0xCE, 0x00, 0x7B, 0x79, 0x8C, 0x00, 0x00, 0x00, 0x00, 0x00,
    0x00, 0x00, 0x08, 0x00, 0x00, 0x04, 0x08, 0x00, 0x00, 0x04, 0x08, 0x00, 0x00, 0x08, 0x08, 0x00,
    0x08, 0x08, 0x08, 0x00, 0x08, 0x08, 0x08, 0x00, 0x00, 0x08, 0x08, 0x00, 0x00, 0x08, 0x08, 0x00,
    0x00, 0x08, 0x08, 0x00, 0x00, 0x08, 0x08, 0x00, 0x00, 0x08, 0x00, 0x00, 0x00, 0x04, 0x00, 0x00,
    0x08, 0x10, 0x18, 0x00, 0x08, 0x10, 0x18, 0x00, 0x08, 0x10, 0x18, 0x00, 0x10, 0x10, 0x18, 0x00,
    0x10, 0x14, 0x18, 0x00, 0x10, 0x14, 0x18, 0x00, 0x10, 0x10, 0x10, 0x00, 0x10, 0x10, 0x10, 0x00,
    0x08, 0x10, 0x10, 0x00, 0x08, 0x10, 0x10, 0x00, 0x08, 0x10, 0x10, 0x00, 0x08, 0x08, 0x08, 0x00,
    0x08, 0x08, 0x08, 0x00, 0x08, 0x08, 0x08, 0x00, 0x00, 0x08, 0x08, 0x00, 0x00, 0x04, 0x00, 0x00,
    0x00, 0x00, 0x00, 0x00, 0x00, 0x04, 0x00, 0x00, 0x00, 0x04, 0x00, 0x00, 0x00, 0x00, 0x00, 0x61,
    0x00, 0x04, 0x00, 0xF0, 0x10, 0x14, 0x18, 0xFF, 0x42, 0x41, 0x4A, 0xFF, 0x6B, 0x69, 0x84, 0xFF,
    0x63, 0x61, 0x7B, 0xFF, 0x5A, 0x5D, 0x73, 0xFF, 0x4A, 0x4D, 0x63, 0xFF, 0x52, 0x51, 0x63, 0xFF,
    0x63, 0x5D, 0x73, 0xFF, 0x63, 0x61, 0x7B, 0xFF, 0x63, 0x61, 0x7B, 0xFF, 0x63, 0x61, 0x7B, 0xFF,
    0x63, 0x61, 0x7B, 0xFF, 0x63, 0x61, 0x7B, 0xFF, 0x63, 0x61, 0x7B, 0xFF, 0x63, 0x61, 0x7B, 0xFF,
    0x63, 0x61, 0x7B, 0xFF, 0x63, 0x5D, 0x73, 0xFF, 0x6B, 0x65, 0x7B, 0xFF, 0x9C, 0xA6, 0xB5, 0xFF,
    0x94, 0x9E, 0xAD, 0xFF, 0x73, 0x79, 0x8C, 0xFF, 0x94, 0x9E, 0xAD, 0xFF, 0x84, 0x8A, 0x94, 0xFF,
    0x7B, 0x79, 0x8C, 0xFF, 0x9C, 0xA6, 0xAD, 0xFF, 0x8C, 0x92, 0x9C, 0xFF, 0x5A, 0x55, 0x6B, 0xFF,
    0x73, 0x6D, 0x84, 0xFF, 0x7B, 0x7D, 0x94, 0xFF, 0x63, 0x65, 0x73, 0xFF, 0x39, 0x41, 0x52, 0xFF,
    0x84, 0x86, 0x94, 0xFF, 0x94, 0x96, 0xA5, 0xFF, 0x73, 0x79, 0x8C, 0xFF, 0x7B, 0x7D, 0x8C, 0xFF,
    0x73, 0x71, 0x84, 0xFF, 0x84, 0x7D, 0x94, 0xFF, 0x84, 0x82, 0x94, 0xFF, 0x84, 0x82, 0x94, 0xFF,
    0x8C, 0x8A, 0x9C, 0xFF, 0x84, 0x82, 0x94, 0xFF, 0x63, 0x6D, 0x8C, 0xFF, 0x4A, 0x5D, 0x84, 0xFF,
    0x63, 0x69, 0x8C, 0xFF, 0x7B, 0x7D, 0x9C, 0xFF, 0x73, 0x79, 0x94, 0xFF, 0x84, 0x86, 0x9C, 0xFF,
    0x84, 0x82, 0x9C, 0xFF, 0x84, 0x82, 0x94, 0xFF, 0x8C, 0x8A, 0x9C, 0xFF, 0x7B, 0x79, 0x8C, 0xFF,
    0x8C, 0x86, 0x9C, 0xF0, 0x8C, 0x8A, 0x9C, 0x61, 0x8C, 0x8A, 0x9C, 0x00, 0x94, 0x96, 0xAD, 0x00,
    0x8C, 0x8E, 0xA5, 0x00, 0x39, 0x3C, 0x4A, 0x00, 0x5A, 0x5D, 0x6B, 0x00, 0xB5, 0xB6, 0xCE, 0x00,
    0x42, 0x41, 0x4A, 0x00, 0x00, 0x00, 0x00, 0x00, 0x00, 0x04, 0x08, 0x00, 0x00, 0x08, 0x08, 0x00,
    0x00, 0x08, 0x08, 0x00, 0x08, 0x08, 0x08, 0x00, 0x08, 0x08, 0x08, 0x00, 0x00, 0x08, 0x08, 0x00,
    0x00, 0x08, 0x08, 0x00, 0x00, 0x08, 0x08, 0x00, 0x00, 0x08, 0x08, 0x00, 0x00, 0x04, 0x08, 0x00,
    0x08, 0x04, 0x08, 0x00, 0x08, 0x0C, 0x10, 0x00, 0x08, 0x0C, 0x10, 0x00, 0x08, 0x0C, 0x10, 0x00,
    0x08, 0x0C, 0x10, 0x00, 0x08, 0x10, 0x10, 0x00, 0x10, 0x10, 0x18, 0x00, 0x10, 0x10, 0x18, 0x00,
    0x08, 0x10, 0x10, 0x00, 0x08, 0x10, 0x10, 0x00, 0x08, 0x0C, 0x10, 0x00, 0x08, 0x0C, 0x10, 0x00,
    0x08, 0x08, 0x08, 0x00, 0x08, 0x08, 0x08, 0x00, 0x08, 0x08, 0x08, 0x00, 0x00, 0x04, 0x08, 0x00,
    0x00, 0x04, 0x00, 0x00, 0x00, 0x04, 0x00, 0x00, 0x00, 0x04, 0x00, 0x00, 0x00, 0x04, 0x00, 0x00,
    0x00, 0x00, 0x00, 0x00, 0x08, 0x08, 0x10, 0x21, 0x4A, 0x4D, 0x5A, 0xB4, 0x6B, 0x65, 0x7B, 0xFF,
    0x5A, 0x59, 0x73, 0xFF, 0x5A, 0x55, 0x6B, 0xFF, 0x52, 0x55, 0x6B, 0xFF, 0x4A, 0x49, 0x5A, 0xFF,
    0x52, 0x51, 0x63, 0xFF, 0x5A, 0x5D, 0x73, 0xFF, 0x5A, 0x5D, 0x73, 0xFF, 0x63, 0x5D, 0x73, 0xFF,
    0x63, 0x5D, 0x73, 0xFF, 0x63, 0x5D, 0x73, 0xFF, 0x63, 0x5D, 0x7B, 0xFF, 0x63, 0x59, 0x73, 0xFF,
    0x5A, 0x59, 0x73, 0xFF, 0x5A, 0x59, 0x73, 0xFF, 0x5A, 0x55, 0x6B, 0xFF, 0x63, 0x61, 0x73, 0xFF,
    0xA5, 0xB2, 0xB5, 0xFF, 0x8C, 0x96, 0xA5, 0xFF, 0x7B, 0x7D, 0x8C, 0xFF, 0xB5, 0xBA, 0xC6, 0xFF,
    0x73, 0x7D, 0x8C, 0xFF, 0x73, 0x75, 0x8C, 0xFF, 0xC6, 0xCB, 0xD6, 0xFF, 0x8C, 0x96, 0xA5, 0xFF,
    0x42, 0x3C, 0x52, 0xFF, 0x7B, 0x79, 0x8C, 0xFF, 0x94, 0x92, 0xA5, 0xFF, 0x8C, 0x8E, 0x9C, 0xFF,
    0x84, 0x8E, 0x94, 0xFF, 0x94, 0x96, 0x9C, 0xFF, 0x9C, 0x9E, 0xAD, 0xFF, 0xAD, 0xB2, 0xC6, 0xFF,
    0xA5, 0xAA, 0xB5, 0xFF, 0x63, 0x5D, 0x73, 0xFF, 0x73, 0x71, 0x84, 0xFF, 0x7B, 0x79, 0x8C, 0xFF,
    0x7B, 0x7D, 0x94, 0xFF, 0x7B, 0x7D, 0x94, 0xFF, 0x84, 0x82, 0x94, 0xFF, 0x8C, 0x8A, 0x9C, 0xFF,
    0x8C, 0x8A, 0x9C, 0xFF, 0x8C, 0x8A, 0x9C, 0xFF, 0x8C, 0x8A, 0x9C, 0xFF, 0x7B, 0x79, 0x8C, 0xFF,
    0x84, 0x82, 0x94, 0xFF, 0x84, 0x82, 0x94, 0xFF, 0x84, 0x82, 0x94, 0xFF, 0x94, 0x8E, 0xA5, 0xFF,
    0x84, 0x7D, 0x94, 0xB4, 0x7B, 0x79, 0x8C, 0x21, 0x84, 0x86, 0x9C, 0x00, 0x84, 0x86, 0x9C, 0x00,
    0x84, 0x86, 0x9C, 0x00, 0x94, 0x96, 0xAD, 0x00, 0x7B, 0x7D, 0x8C, 0x00, 0x29, 0x2C, 0x39, 0x00,
    0x84, 0x82, 0x94, 0x00, 0x94, 0x92, 0xAD, 0x00, 0x08, 0x0C, 0x10, 0x00, 0x00, 0x00, 0x00, 0x00,
    0x08, 0x08, 0x08, 0x00, 0x08, 0x08, 0x08, 0x00, 0x08, 0x08, 0x08, 0x00, 0x08, 0x08, 0x08, 0x00,
    0x00, 0x08, 0x08, 0x00, 0x00, 0x08, 0x08, 0x00, 0x00, 0x08, 0x08, 0x00, 0x00, 0x08, 0x08, 0x00,
    0x08, 0x04, 0x08, 0x00, 0x00, 0x04, 0x08, 0x00, 0x08, 0x08, 0x10, 0x00, 0x08, 0x08, 0x10, 0x00,
    0x08, 0x08, 0x10, 0x00, 0x08, 0x0C, 0x10, 0x00, 0x08, 0x10, 0x10, 0x00, 0x08, 0x10, 0x10, 0x00,
    0x08, 0x10, 0x10, 0x00, 0x08, 0x10, 0x10, 0x00, 0x08, 0x0C, 0x10, 0x00, 0x08, 0x0C, 0x10, 0x00,
    0x08, 0x08, 0x10, 0x00, 0x08, 0x04, 0x10, 0x00, 0x08, 0x08, 0x08, 0x00, 0x08, 0x08, 0x08, 0x00,
    0x00, 0x08, 0x08, 0x00, 0x00, 0x04, 0x00, 0x00, 0x00, 0x04, 0x00, 0x00, 0x00, 0x04, 0x00, 0x00,
    0x00, 0x00, 0x00, 0x00, 0x08, 0x08, 0x08, 0x00, 0x4A, 0x4D, 0x5A, 0x00, 0x63, 0x61, 0x7B, 0x00,
    0x52, 0x4D, 0x6B, 0x56, 0x52, 0x51, 0x6B, 0xDB, 0x52, 0x51, 0x63, 0xFF, 0x4A, 0x49, 0x5A, 0xFF,
    0x4A, 0x4D, 0x63, 0xFF, 0x5A, 0x55, 0x6B, 0xFF, 0x52, 0x55, 0x6B, 0xFF, 0x5A, 0x55, 0x6B, 0xFF,
    0x5A, 0x59, 0x6B, 0xFF, 0x5A, 0x55, 0x73, 0xFF, 0x5A, 0x55, 0x73, 0xFF, 0x5A, 0x55, 0x73, 0xFF,
    0x5A, 0x55, 0x6B, 0xFF, 0x52, 0x51, 0x6B, 0xFF, 0x5A, 0x51, 0x6B, 0xFF, 0x5A, 0x55, 0x6B, 0xFF,
    0x4A, 0x49, 0x63, 0xFF, 0x6B, 0x6D, 0x84, 0xFF, 0x52, 0x51, 0x63, 0xFF, 0x52, 0x51, 0x63, 0xFF,
    0x6B, 0x69, 0x7B, 0xFF, 0x4A, 0x4D, 0x63, 0xFF, 0x42, 0x45, 0x5A, 0xFF, 0x6B, 0x71, 0x7B, 0xFF,
    0x5A, 0x61, 0x73, 0xFF, 0x42, 0x41, 0x5A, 0xFF, 0x5A, 0x55, 0x6B, 0xFF, 0x5A, 0x59, 0x73, 0xFF,
    0x5A, 0x61, 0x73, 0xFF, 0x4A, 0x4D, 0x5A, 0xFF, 0x21, 0x24, 0x31, 0xFF, 0x31, 0x34, 0x4A, 0xFF,
    0x73, 0x75, 0x8C, 0xFF, 0x84, 0x86, 0x9C, 0xFF, 0x6B, 0x65, 0x7B, 0xFF, 0x6B, 0x65, 0x7B, 0xFF,
    0x73, 0x6D, 0x84, 0xFF, 0x73, 0x71, 0x8C, 0xFF, 0x7B, 0x75, 0x94, 0xFF, 0x7B, 0x75, 0x8C, 0xFF,
    0x7B, 0x79, 0x8C, 0xFF, 0x84, 0x7D, 0x94, 0xFF, 0x84, 0x82, 0x94, 0xFF, 0x84, 0x7D, 0x94, 0xFF,
    0x7B, 0x7D, 0x94, 0xFF, 0x7B, 0x79, 0x8C, 0xFF, 0x7B, 0x7D, 0x8C, 0xFF, 0x84, 0x82, 0x94, 0xDA,
    0x84, 0x86, 0x9C, 0x55, 0x7B, 0x7D, 0x94, 0x00, 0x73, 0x71, 0x84, 0x00, 0x84, 0x82, 0x94, 0x00,
    0x84, 0x7D, 0x94, 0x00, 0x84, 0x82, 0x94, 0x00, 0x84, 0x82, 0x94, 0x00, 0x94, 0x92, 0xA5, 0x00,
    0x63, 0x61, 0x73, 0x00, 0x42, 0x45, 0x5A, 0x00, 0xA5, 0xA2, 0xBD, 0x00, 0x4A, 0x4D, 0x5A, 0x00,
    0x00, 0x00, 0x00, 0x00, 0x08, 0x08, 0x08, 0x00, 0x08, 0x08, 0x08, 0x00, 0x08, 0x08, 0x08, 0x00,
    0x08, 0x08, 0x08, 0x00, 0x08, 0x08, 0x08, 0x00, 0x08, 0x08, 0x08, 0x00, 0x08, 0x08, 0x08, 0x00,
    0x00, 0x08, 0x08, 0x00, 0x00, 0x08, 0x08, 0x00, 0x00, 0x04, 0x08, 0x00, 0x08, 0x08, 0x08, 0x00,
    0x08, 0x08, 0x08, 0x00, 0x08, 0x08, 0x10, 0x00, 0x08, 0x0C, 0x10, 0x00, 0x08, 0x10, 0x10, 0x00,
    0x08, 0x10, 0x10, 0x00, 0x08, 0x10, 0x10, 0x00, 0x08, 0x0C, 0x10, 0x00, 0x08, 0x0C, 0x10, 0x00,
    0x08, 0x0C, 0x10, 0x00, 0x08, 0x08, 0x08, 0x00, 0x08, 0x08, 0x08, 0x00, 0x08, 0x08, 0x08, 0x00,
    0x08, 0x08, 0x08, 0x00, 0x00, 0x08, 0x08, 0x00, 0x00, 0x04, 0x00, 0x00, 0x00, 0x04, 0x00, 0x00,
    0x00, 0x00, 0x00, 0x00, 0x08, 0x08, 0x08, 0x00, 0x42, 0x45, 0x52, 0x00, 0x63, 0x5D, 0x73, 0x00,
    0x4A, 0x45, 0x5A, 0x00, 0x4A, 0x49, 0x5A, 0x00, 0x4A, 0x4D, 0x63, 0x07, 0x42, 0x45, 0x5A, 0x7A,
    0x42, 0x45, 0x5A, 0xEE, 0x4A, 0x4D, 0x63, 0xFF, 0x52, 0x51, 0x63, 0xFF, 0x52, 0x51, 0x63, 0xFF,
    0x52, 0x51, 0x6B, 0xFF, 0x52, 0x51, 0x6B, 0xFF, 0x52, 0x51, 0x6B, 0xFF, 0x52, 0x51, 0x6B, 0xFF,
    0x52, 0x51, 0x6B, 0xFF, 0x52, 0x4D, 0x6B, 0xFF, 0x52, 0x4D, 0x6B, 0xFF, 0x52, 0x4D, 0x63, 0xFF,
    0x52, 0x4D, 0x6B, 0xFF, 0x52, 0x4D, 0x6B, 0xFF, 0x42, 0x3C, 0x5A, 0xFF, 0x4A, 0x45, 0x5A, 0xFF,
    0x52, 0x51, 0x63, 0xFF, 0x4A, 0x4D, 0x63, 0xFF, 0x52, 0x4D, 0x63, 0xFF, 0x52, 0x51, 0x63, 0xFF,
    0x4A, 0x49, 0x5A, 0xFF, 0x52, 0x51, 0x6B, 0xFF, 0x63, 0x61, 0x7B, 0xFF, 0x5A, 0x59, 0x73, 0xFF,
    0x52, 0x51, 0x6B, 0xFF, 0x5A, 0x59, 0x73, 0xFF, 0x42, 0x41, 0x52, 0xFF, 0x29, 0x28, 0x39, 0xFF,
    0x29, 0x24, 0x39, 0xFF, 0x31, 0x34, 0x4A, 0xFF, 0x6B, 0x69, 0x84, 0xFF, 0x6B, 0x69, 0x84, 0xFF,
    0x63, 0x61, 0x7B, 0xFF, 0x6B, 0x65, 0x84, 0xFF, 0x6B, 0x65, 0x84, 0xFF, 0x73, 0x6D, 0x8C, 0xFF,
    0x73, 0x75, 0x8C, 0xFF, 0x73, 0x71, 0x8C, 0xFF, 0x7B, 0x71, 0x8C, 0xFF, 0x7B, 0x79, 0x94, 0xFF,
    0x7B, 0x79, 0x94, 0xFF, 0x73, 0x6D, 0x84, 0xFF, 0x73, 0x71, 0x8C, 0xEE, 0x84, 0x82, 0x94, 0x7A,
    0x7B, 0x7D, 0x94, 0x06, 0x7B, 0x7D, 0x94, 0x00, 0x7B, 0x7D, 0x94, 0x00, 0x73, 0x71, 0x84, 0x00,
    0x7B, 0x79, 0x94, 0x00, 0x7B, 0x7D, 0x94, 0x00, 0x84, 0x7D, 0x94, 0x00, 0x84, 0x7D, 0x94, 0x00,
    0x84, 0x7D, 0x94, 0x00, 0x8C, 0x8A, 0x9C, 0x00, 0x5A, 0x59, 0x6B, 0x00, 0x73, 0x75, 0x8C, 0x00,
    0x84, 0x86, 0x9C, 0x00, 0x08, 0x0C, 0x10, 0x00, 0x00, 0x00, 0x00, 0x00, 0x08, 0x08, 0x10, 0x00,
    0x08, 0x08, 0x08, 0x00, 0x08, 0x08, 0x10, 0x00, 0x08, 0x08, 0x10, 0x00, 0x08, 0x08, 0x08, 0x00,
    0x08, 0x08, 0x08, 0x00, 0x00, 0x08, 0x08, 0x00, 0x00, 0x08, 0x08, 0x00, 0x00, 0x08, 0x08, 0x00,
    0x08, 0x08, 0x10, 0x00, 0x08, 0x08, 0x10, 0x00, 0x08, 0x08, 0x10, 0x00, 0x08, 0x0C, 0x10, 0x00,
    0x08, 0x10, 0x10, 0x00, 0x08, 0x10, 0x10, 0x00, 0x08, 0x10, 0x10, 0x00, 0x08, 0x10, 0x10, 0x00,
    0x08, 0x0C, 0x10, 0x00, 0x08, 0x0C, 0x10, 0x00, 0x08, 0x0C, 0x08, 0x00, 0x08, 0x08, 0x08, 0x00,
    0x08, 0x08, 0x08, 0x00, 0x08, 0x08, 0x08, 0x00, 0x00, 0x08, 0x08, 0x00, 0x00, 0x04, 0x00, 0x00,
    0x08, 0x08, 0x08, 0x00, 0x00, 0x00, 0x00, 0x00, 0x18, 0x20, 0x29, 0x00, 0x4A, 0x45, 0x5A, 0x00,
    0x4A, 0x45, 0x5A, 0x00, 0x42, 0x41, 0x5A, 0x00, 0x42, 0x45, 0x5A, 0x00, 0x42, 0x41, 0x52, 0x00,
    0x42, 0x41, 0x52, 0x00, 0x4A, 0x45, 0x5A, 0x17, 0x4A, 0x49, 0x63, 0x80, 0x4A, 0x49, 0x63, 0xE4,
    0x4A, 0x4D, 0x63, 0xFF, 0x52, 0x4D, 0x63, 0xFF, 0x52, 0x4D, 0x63, 0xFF, 0x52, 0x4D, 0x63, 0xFF,
    0x52, 0x4D, 0x63, 0xFF, 0x52, 0x4D, 0x63, 0xFF, 0x4A, 0x49, 0x63, 0xFF, 0x4A, 0x45, 0x63, 0xFF,
    0x4A, 0x45, 0x63, 0xFF, 0x4A, 0x45, 0x5A, 0xFF, 0x4A, 0x45, 0x5A, 0xFF, 0x42, 0x41, 0x5A, 0xFF,
    0x4A, 0x49, 0x5A, 0xFF, 0x52, 0x55, 0x6B, 0xFF, 0x5A, 0x59, 0x73, 0xFF, 0x5A, 0x55, 0x6B, 0xFF,
    0x52, 0x51, 0x63, 0xFF, 0x52, 0x51, 0x63, 0xFF, 0x5A, 0x51, 0x6B, 0xFF, 0x63, 0x61, 0x73, 0xFF,
    0x5A, 0x5D, 0x73, 0xFF, 0x5A, 0x59, 0x73, 0xFF, 0x63, 0x61, 0x7B, 0xFF, 0x52, 0x51, 0x63, 0xFF,
    0x31, 0x34, 0x42, 0xFF, 0x31, 0x30, 0x42, 0xFF, 0x39, 0x38, 0x4A, 0xFF, 0x63, 0x61, 0x7B, 0xFF,
    0x6B, 0x65, 0x84, 0xFF, 0x63, 0x61, 0x7B, 0xFF, 0x63, 0x5D, 0x7B, 0xFF, 0x63, 0x5D, 0x7B, 0xFF,
    0x6B, 0x65, 0x7B, 0xFF, 0x73, 0x69, 0x84, 0xFF, 0x6B, 0x69, 0x84, 0xFF, 0x73, 0x6D, 0x8C, 0xFF,
    0x7B, 0x75, 0x94, 0xFF, 0x7B, 0x75, 0x94, 0xE4, 0x73, 0x75, 0x8C, 0x80, 0x63, 0x61, 0x73, 0x17,
    0x73, 0x71, 0x8C, 0x00, 0x7B, 0x79, 0x94, 0x00, 0x7B, 0x75, 0x8C, 0x00, 0x84, 0x7D, 0x94, 0x00,
    0x6B, 0x69, 0x84, 0x00, 0x6B, 0x69, 0x84, 0x00, 0x7B, 0x7D, 0x94, 0x00, 0x7B, 0x75, 0x94, 0x00,
    0x7B, 0x75, 0x94, 0x00, 0x7B, 0x75, 0x94, 0x00, 0x7B, 0x79, 0x94, 0x00, 0x84, 0x7D, 0x94, 0x00,
    0x73, 0x6D, 0x84, 0x00, 0x94, 0x8E, 0xAD, 0x00, 0x4A, 0x49, 0x5A, 0x00, 0x00, 0x00, 0x00, 0x00,
    0x08, 0x08, 0x08, 0x00, 0x08, 0x08, 0x08, 0x00, 0x08, 0x08, 0x08, 0x00, 0x08, 0x08, 0x08, 0x00,
    0x08, 0x08, 0x08, 0x00, 0x08, 0x08, 0x10, 0x00, 0x08, 0x08, 0x10, 0x00, 0x08, 0x08, 0x08, 0x00,
    0x00, 0x08, 0x08, 0x00, 0x08, 0x08, 0x10, 0x00, 0x08, 0x0C, 0x10, 0x00, 0x08, 0x0C, 0x10, 0x00,
    0x08, 0x10, 0x10, 0x00, 0x08, 0x10, 0x10, 0x00, 0x08, 0x10, 0x10, 0x00, 0x08, 0x10, 0x10, 0x00,
    0x08, 0x0C, 0x10, 0x00, 0x08, 0x0C, 0x10, 0x00, 0x08, 0x0C, 0x10, 0x00, 0x08, 0x08, 0x10, 0x00,
    0x08, 0x08, 0x08, 0x00, 0x08, 0x08, 0x08, 0x00, 0x08, 0x08, 0x08, 0x00, 0x00, 0x04, 0x08, 0x00,
    0x00, 0x04, 0x08, 0x00, 0x00, 0x00, 0x00, 0x00, 0x10, 0x10, 0x18, 0x00, 0x31, 0x34, 0x42, 0x00,
    0x31, 0x30, 0x42, 0x00, 0x42, 0x41, 0x52, 0x00, 0x42, 0x41, 0x52, 0x00, 0x42, 0x41, 0x52, 0x00,
    0x39, 0x3C, 0x52, 0x00, 0x42, 0x3C, 0x52, 0x00, 0x42, 0x41, 0x5A, 0x00, 0x4A, 0x45, 0x63, 0x00,
    0x4A, 0x45, 0x5A, 0x0E, 0x4A, 0x45, 0x5A, 0x67, 0x4A, 0x49, 0x5A, 0xC4, 0x4A, 0x49, 0x5A, 0xFF,
    0x4A, 0x49, 0x63, 0xFF, 0x4A, 0x49, 0x63, 0xFF, 0x4A, 0x45, 0x63, 0xFF, 0x4A, 0x45, 0x5A, 0xFF,
    0x42, 0x41, 0x52, 0xFF, 0x42, 0x41, 0x5A, 0xFF, 0x42, 0x41, 0x5A, 0xFF, 0x42, 0x3C, 0x5A, 0xFF,
    0x42, 0x3C, 0x5A, 0xFF, 0x42, 0x3C, 0x52, 0xFF, 0x39, 0x38, 0x52, 0xFF, 0x42, 0x3C, 0x5A, 0xFF,
    0x42, 0x3C, 0x5A, 0xFF, 0x39, 0x38, 0x4A, 0xFF, 0x39, 0x38, 0x4A, 0xFF, 0x42, 0x3C, 0x52, 0xFF,
    0x42, 0x41, 0x5A, 0xFF, 0x4A, 0x45, 0x63, 0xFF, 0x52, 0x4D, 0x63, 0xFF, 0x52, 0x51, 0x6B, 0xFF,
    0x31, 0x30, 0x42, 0xFF, 0x08, 0x0C, 0x18, 0xFF, 0x10, 0x14, 0x29, 0xFF, 0x39, 0x38, 0x4A, 0xFF,
    0x63, 0x59, 0x73, 0xFF, 0x63, 0x59, 0x73, 0xFF, 0x63, 0x5D, 0x7B, 0xFF, 0x5A, 0x59, 0x73, 0xFF,
    0x5A, 0x59, 0x73, 0xFF, 0x63, 0x5D, 0x73, 0xFF, 0x6B, 0x65, 0x7B, 0xFF, 0x63, 0x61, 0x7B, 0xFF,
    0x6B, 0x61, 0x7B, 0xC4, 0x73, 0x6D, 0x8C, 0x67, 0x73, 0x71, 0x8C, 0x0E, 0x7B, 0x71, 0x8C, 0x00,
    0x4A, 0x45, 0x5A, 0x00, 0x4A, 0x49, 0x5A, 0x00, 0x84, 0x7D, 0x9C, 0x00, 0x73, 0x71, 0x8C, 0x00,
    0x7B, 0x75, 0x94, 0x00, 0x6B, 0x69, 0x84, 0x00, 0x6B, 0x65, 0x7B, 0x00, 0x7B, 0x75, 0x8C, 0x00,
    0x73, 0x71, 0x8C, 0x00, 0x73, 0x71, 0x8C, 0x00, 0x73, 0x71, 0x8C, 0x00, 0x73, 0x71, 0x8C, 0x00,
    0x7B, 0x75, 0x8C, 0x00, 0x7B, 0x75, 0x8C, 0x00, 0x7B, 0x79, 0x8C, 0x00, 0x7B, 0x7D, 0x94, 0x00,
    0x10, 0x14, 0x18, 0x00, 0x00, 0x00, 0x00, 0x00, 0x08, 0x08, 0x10, 0x00, 0x08, 0x08, 0x08, 0x00,
    0x08, 0x08, 0x08, 0x00, 0x08, 0x08, 0x08, 0x00, 0x08, 0x08, 0x08, 0x00, 0x08, 0x08, 0x08, 0x00,
    0x08, 0x08, 0x08, 0x00, 0x00, 0x08, 0x08, 0x00, 0x08, 0x10, 0x10, 0x00, 0x08, 0x10, 0x10, 0x00,
    0x08, 0x10, 0x10, 0x00, 0x08, 0x10, 0x10, 0x00, 0x08, 0x10, 0x10, 0x00, 0x08, 0x10, 0x10, 0x00,
    0x08, 0x10, 0x10, 0x00, 0x08, 0x0C, 0x10, 0x00, 0x08, 0x0C, 0x10, 0x00, 0x08, 0x08, 0x10, 0x00,
    0x08, 0x08, 0x10, 0x00, 0x08, 0x08, 0x08, 0x00, 0x08, 0x08, 0x08, 0x00, 0x08, 0x08, 0x08, 0x00,
    0x00, 0x04, 0x08, 0x00, 0x00, 0x00, 0x00, 0x00, 0x00, 0x04, 0x08, 0x00, 0x39, 0x38, 0x4A, 0x00,
    0x31, 0x30, 0x42, 0x00, 0x29, 0x28, 0x39, 0x00, 0x39, 0x3C, 0x52, 0x00, 0x39, 0x3C, 0x52, 0x00,
    0x39, 0x3C, 0x52, 0x00, 0x39, 0x3C, 0x52, 0x00, 0x42, 0x3C, 0x52, 0x00, 0x39, 0x38, 0x63, 0x00,
    0x42, 0x3C, 0x6B, 0x00, 0x42, 0x3C, 0x6B, 0x00, 0x39, 0x38, 0x6B, 0x00, 0x31, 0x34, 0x5A, 0x00,
    0x31, 0x34, 0x5A, 0x33, 0x31, 0x30, 0x5A, 0x87, 0x42, 0x3C, 0x6B, 0xCD, 0x42, 0x3C, 0x6B, 0xFF,
    0x39, 0x38, 0x6B, 0xFF, 0x39, 0x38, 0x63, 0xFF, 0x42, 0x3C, 0x52, 0xFF, 0x42, 0x3C, 0x5A, 0xFF,
    0x39, 0x34, 0x4A, 0xFF, 0x29, 0x28, 0x42, 0xFF, 0x42, 0x3C, 0x52, 0xFF, 0x39, 0x34, 0x5A, 0xFF,
    0x31, 0x2C, 0x63, 0xFF, 0x29, 0x2C, 0x5A, 0xFF, 0x31, 0x30, 0x5A, 0xFF, 0x39, 0x38, 0x63, 0xFF,
    0x39, 0x30, 0x6B, 0xFF, 0x42, 0x3C, 0x5A, 0xFF, 0x4A, 0x45, 0x5A, 0xFF, 0x52, 0x4D, 0x6B, 0xFF,
    0x5A, 0x55, 0x73, 0xFF, 0x42, 0x3C, 0x52, 0xFF, 0x21, 0x20, 0x31, 0xFF, 0x21, 0x20, 0x31, 0xFF,
    0x18, 0x18, 0x29, 0xFF, 0x4A, 0x45, 0x5A, 0xFF, 0x5A, 0x59, 0x73, 0xFF, 0x5A, 0x59, 0x73, 0xFF,
    0x5A, 0x59, 0x73, 0xFF, 0x63, 0x59, 0x6B, 0xFF, 0x52, 0x4D, 0x7B, 0xCD, 0x52, 0x51, 0x84, 0x87,
    0x5A, 0x5D, 0x7B, 0x32, 0x5A, 0x51, 0x84, 0x00, 0x5A, 0x59, 0x7B, 0x00, 0x6B, 0x69, 0x84, 0x00,
    0x8C, 0x8A, 0xA5, 0x00, 0x52, 0x51, 0x63, 0x00, 0x5A, 0x55, 0x6B, 0x00, 0x73, 0x71, 0x8C, 0x00,
    0x73, 0x71, 0x8C, 0x00, 0x73, 0x71, 0x8C, 0x00, 0x73, 0x6D, 0x8C, 0x00, 0x5A, 0x59, 0x73, 0x00,
    0x73, 0x6D, 0x84, 0x00, 0x73, 0x6D, 0x8C, 0x00, 0x73, 0x6D, 0x84, 0x00, 0x73, 0x6D, 0x8C, 0x00,
    0x73, 0x71, 0x8C, 0x00, 0x73, 0x71, 0x84, 0x00, 0x73, 0x71, 0x8C, 0x00, 0x6B, 0x65, 0x7B, 0x00,
    0x6B, 0x6D, 0x84, 0x00, 0x42, 0x41, 0x4A, 0x00, 0x00, 0x00, 0x00, 0x00, 0x08, 0x08, 0x10, 0x00,
    0x08, 0x08, 0x08, 0x00, 0x08, 0x08, 0x08, 0x00, 0x08, 0x08, 0x08, 0x00, 0x08, 0x08, 0x08, 0x00,
    0x08, 0x08, 0x08, 0x00, 0x00, 0x04, 0x08, 0x00, 0x00, 0x04, 0x08, 0x00, 0x08, 0x10, 0x10, 0x00,
    0x08, 0x10, 0x10, 0x00, 0x08, 0x10, 0x18, 0x00, 0x08, 0x10, 0x10, 0x00, 0x08, 0x10, 0x10, 0x00,
    0x08, 0x10, 0x10, 0x00, 0x08, 0x10, 0x10, 0x00, 0x08, 0x0C, 0x10, 0x00, 0x08, 0x08, 0x10, 0x00,
    0x08, 0x08, 0x10, 0x00, 0x08, 0x08, 0x08, 0x00, 0x08, 0x08, 0x08, 0x00, 0x08, 0x08, 0x08, 0x00,
    0x08, 0x08, 0x08, 0x00, 0x00, 0x04, 0x08, 0x00, 0x00, 0x00, 0x00, 0x00, 0x21, 0x24, 0x31, 0x00,
    0x4A, 0x49, 0x63, 0x00, 0x29, 0x2C, 0x42, 0x00, 0x29, 0x2C, 0x39, 0x00, 0x39, 0x38, 0x4A, 0x00,
    0x39, 0x34, 0x4A, 0x00, 0x39, 0x38, 0x4A, 0x00, 0x39, 0x38, 0x4A, 0x00, 0x39, 0x3C, 0x52, 0x00,
    0x31, 0x34, 0x5A, 0x00, 0x39, 0x3C, 0x5A, 0x00, 0x39, 0x3C, 0x5A, 0x00, 0x4A, 0x49, 0x63, 0x00,
    0x52, 0x4D, 0x6B, 0x00, 0x52, 0x55, 0x7B, 0x00, 0x73, 0x71, 0x84, 0x00, 0x4A, 0x41, 0x5A, 0x00,
    0x39, 0x38, 0x52, 0x30, 0x39, 0x34, 0x63, 0x74, 0x31, 0x30, 0x63, 0xAB, 0x39, 0x38, 0x52, 0xE0,
    0x31, 0x30, 0x4A, 0xFF, 0x52, 0x4D, 0x63, 0xFF, 0x63, 0x61, 0x73, 0xFF, 0x31, 0x2C, 0x4A, 0xFF,
    0x42, 0x45, 0x63, 0xFF, 0x5A, 0x61, 0x73, 0xFF, 0x73, 0x6D, 0x84, 0xFF, 0x39, 0x38, 0x5A, 0xFF,
    0x31, 0x28, 0x52, 0xFF, 0x31, 0x30, 0x6B, 0xFF, 0x39, 0x38, 0x5A, 0xFF, 0x42, 0x41, 0x5A, 0xFF,
    0x4A, 0x49, 0x63, 0xFF, 0x5A, 0x55, 0x73, 0xFF, 0x42, 0x41, 0x5A, 0xFF, 0x00, 0x00, 0x08, 0xFF,
    0x00, 0x00, 0x10, 0xFF, 0x18, 0x18, 0x29, 0xFF, 0x4A, 0x45, 0x63, 0xFF, 0x52, 0x4D, 0x6B, 0xE1,
    0x5A, 0x55, 0x6B, 0xAB, 0x5A, 0x59, 0x73, 0x74, 0x63, 0x5D, 0x6B, 0x30, 0x42, 0x41, 0x8C, 0x00,
    0x42, 0x45, 0x8C, 0x00, 0x5A, 0x5D, 0x73, 0x00, 0x5A, 0x55, 0x73, 0x00, 0x39, 0x38, 0x5A, 0x00,
    0xA5, 0xA6, 0xB5, 0x00, 0xF7, 0xFB, 0xFF, 0x00, 0x4A, 0x45, 0x5A, 0x00, 0x5A, 0x59, 0x73, 0x00,
    0x6B, 0x6D, 0x84, 0x00, 0x6B, 0x69, 0x84, 0x00, 0x73, 0x6D, 0x84, 0x00, 0x73, 0x71, 0x8C, 0x00,
    0x5A, 0x59, 0x73, 0x00, 0x63, 0x61, 0x73, 0x00, 0x73, 0x6D, 0x8C, 0x00, 0x6B, 0x69, 0x84, 0x00,
    0x73, 0x6D, 0x84, 0x00, 0x73, 0x6D, 0x84, 0x00, 0x73, 0x6D, 0x8C, 0x00, 0x73, 0x6D, 0x8C, 0x00,
    0x6B, 0x69, 0x84, 0x00, 0x63, 0x61, 0x7B, 0x00, 0x52, 0x51, 0x63, 0x00, 0x00, 0x04, 0x08, 0x00,
    0x00, 0x04, 0x08, 0x00, 0x08, 0x08, 0x08, 0x00, 0x08, 0x08, 0x08, 0x00, 0x08, 0x08, 0x08, 0x00,
    0x08, 0x08, 0x08, 0x00, 0x00, 0x04, 0x08, 0x00, 0x00, 0x04, 0x08, 0x00, 0x00, 0x04, 0x08, 0x00,
    0x08, 0x10, 0x18, 0x00, 0x10, 0x10, 0x18, 0x00, 0x10, 0x10, 0x18, 0x00, 0x08, 0x10, 0x10, 0x00,
    0x08, 0x10, 0x10, 0x00, 0x08, 0x10, 0x10, 0x00, 0x08, 0x0C, 0x10, 0x00, 0x08, 0x08, 0x10, 0x00,
    0x08, 0x08, 0x10, 0x00, 0x08, 0x08, 0x08, 0x00, 0x00, 0x04, 0x08, 0x00, 0x00, 0x04, 0x08, 0x00,
    0x00, 0x04, 0x08, 0x00, 0x00, 0x08, 0x08, 0x00, 0x00, 0x00, 0x00, 0x00, 0x10, 0x10, 0x10, 0x00,
    0x4A, 0x45, 0x5A, 0x00, 0x39, 0x38, 0x52, 0x00, 0x29, 0x2C, 0x42, 0x00, 0x29, 0x2C, 0x39, 0x00,
    0x31, 0x34, 0x4A, 0x00, 0x31, 0x34, 0x4A, 0x00, 0x31, 0x34, 0x4A, 0x00, 0x39, 0x38, 0x4A, 0x00,
    0x39, 0x34, 0x5A, 0x00, 0x31, 0x2C, 0x63, 0x00, 0x39, 0x3C, 0x52, 0x00, 0x31, 0x2C, 0x4A, 0x00,
    0x52, 0x51, 0x63, 0x00, 0xE7, 0xE3, 0xE7, 0x00, 0xEF, 0xEF, 0xEF, 0x00, 0xAD, 0xAA, 0xB5, 0x00,
    0x21, 0x24, 0x42, 0x00, 0x31, 0x30, 0x52, 0x00, 0x39, 0x34, 0x52, 0x00, 0x31, 0x2C, 0x63, 0x00,
    0x39, 0x34, 0x52, 0x07, 0x29, 0x28, 0x42, 0x28, 0x4A, 0x49, 0x5A, 0x55, 0xEF, 0xEF, 0xEF, 0x7D,
    0x73, 0x75, 0x84, 0x9A, 0x6B, 0x69, 0x7B, 0xB7, 0x73, 0x71, 0x7B, 0xCD, 0xA5, 0xA2, 0xAD, 0xDE,
    0xC6, 0xC3, 0xCE, 0xE9, 0x31, 0x30, 0x4A, 0xF1, 0x31, 0x2C, 0x5A, 0xF3, 0x39, 0x30, 0x52, 0xF1,
    0x42, 0x3C, 0x52, 0xE9, 0x4A, 0x45, 0x63, 0xDE, 0x4A, 0x41, 0x63, 0xCD, 0x52, 0x55, 0x6B, 0xB7,
    0x84, 0x82, 0x84, 0x9A, 0xC6, 0xC3, 0xC6, 0x7D, 0xE7, 0xE7, 0xE7, 0x54, 0x7B, 0x79, 0x84, 0x28,
    0x21, 0x1C, 0x39, 0x08, 0x52, 0x4D, 0x6B, 0x00, 0x5A, 0x59, 0x73, 0x00, 0x5A, 0x59, 0x6B, 0x00,
    0x4A, 0x45, 0x84, 0x00, 0x4A, 0x4D, 0x7B, 0x00, 0x5A, 0x59, 0x73, 0x00, 0x4A, 0x45, 0x63, 0x00,
    0x39, 0x38, 0x52, 0x00, 0xEF, 0xEB, 0xEF, 0x00, 0xFF, 0xFF, 0xFF, 0x00, 0x9C, 0x9E, 0xA5, 0x00,
    0x52, 0x55, 0x6B, 0x00, 0x6B, 0x61, 0x7B, 0x00, 0x6B, 0x65, 0x84, 0x00, 0x6B, 0x69, 0x84, 0x00,
    0x73, 0x6D, 0x84, 0x00, 0x63, 0x61, 0x7B, 0x00, 0x5A, 0x5D, 0x73, 0x00, 0x6B, 0x6D, 0x84, 0x00,
    0x6B, 0x69, 0x84, 0x00, 0x6B, 0x69, 0x84, 0x00, 0x6B, 0x69, 0x84, 0x00, 0x6B, 0x69, 0x84, 0x00,
    0x6B, 0x69, 0x84, 0x00, 0x6B, 0x69, 0x84, 0x00, 0x63, 0x61, 0x7B, 0x00, 0x63, 0x61, 0x7B, 0x00,
    0x10, 0x14, 0x18, 0x00, 0x00, 0x00, 0x00, 0x00, 0x00, 0x04, 0x08, 0x00, 0x00, 0x04, 0x08, 0x00,
    0x00, 0x04, 0x08, 0x00, 0x00, 0x04, 0x08, 0x00, 0x00, 0x04, 0x08, 0x00, 0x00, 0x04, 0x08, 0x00,
    0x00, 0x04, 0x08, 0x00,
};

const lv_image_dsc_t ui_img_haibao_png = {
    .header.magic = LV_IMAGE_HEADER_MAGIC,
    .header.cf = LV_COLOR_FORMAT_ARGB8888,
    .header.flags = 0,
    .header.w = 93,
    .header.h = 93,
    .header.stride = 372,
    .data_size = sizeof(ui_img_haibao_png_data),
    .data = ui_img_haibao_png_data,
};
