#include "lvgl.h"

const LV_ATTRIBUTE_MEM_ALIGN uint8_t ui_img_bg_gradient_data[] = {
    0x39, 0x28, 0x08, 0xFF, 0x42, 0x28, 0x08, 0xFF, 0x39, 0x28, 0x08, 0xFF, 0x39, 0x28, 0x08, 0xFF,
    0x42, 0x28, 0x08, 0xFF, 0x39, 0x28, 0x08, 0xFF, 0x39, 0x28, 0x08, 0xFF, 0x42, 0x28, 0x08, 0xFF,
    0x39, 0x28, 0x08, 0xFF, 0x39, 0x28, 0x08, 0xFF, 0x42, 0x28, 0x08, 0xFF, 0x39, 0x28, 0x08, 0xFF,
    0x39, 0x28, 0x08, 0xFF, 0x42, 0x28, 0x08, 0xFF, 0x39, 0x28, 0x08, 0xFF, 0x39, 0x28, 0x08, 0xFF,
    0x42, 0x28, 0x08, 0xFF, 0x39, 0x28, 0x08, 0xFF, 0x39, 0x28, 0x08, 0xFF, 0x42, 0x28, 0x08, 0xFF,
    0x39, 0x28, 0x08, 0xFF, 0x39, 0x28, 0x08, 0xFF, 0x42, 0x28, 0x08, 0xFF, 0x39, 0x28, 0x08, 0xFF,
    0x39, 0x28, 0x08, 0xFF, 0x42, 0x28, 0x08, 0xFF, 0x39, 0x28, 0x08, 0xFF, 0x39, 0x28, 0x08, 0xFF,
    0x42, 0x28, 0x08, 0xFF, 0x39, 0x28, 0x08, 0xFF, 0x39, 0x28, 0x08, 0xFF, 0x42, 0x28, 0x08, 0xFF,
    0x39, 0x28, 0x08, 0xFF, 0x39, 0x28, 0x08, 0xFF, 0x42, 0x28, 0x08, 0xFF, 0x39, 0x28, 0x08, 0xFF,
    0x39, 0x28, 0x08, 0xFF, 0x42, 0x28, 0x08, 0xFF, 0x39, 0x28, 0x08, 0xFF, 0x39, 0x28, 0x08, 0xFF,
    0x42, 0x28, 0x08, 0xFF, 0x39, 0x28, 0x08, 0xFF, 0x39, 0x28, 0x08, 0xFF, 0x42, 0x28, 0x08, 0xFF,
    0x39, 0x28, 0x08, 0xFF, 0x39, 0x28, 0x08, 0xFF, 0x42, 0x28, 0x08, 0xFF, 0x39, 0x28, 0x08, 0xFF,
    0x39, 0x28, 0x08, 0xFF, 0x42, 0x28, 0x08, 0xFF, 0x39, 0x28, 0x08, 0xFF, 0x39, 0x28, 0x08, 0xFF,
    0x42, 0x28, 0x08, 0xFF, 0x39, 0x28, 0x08, 0xFF, 0x39, 0x28, 0x08, 0xFF, 0x42, 0x28, 0x08, 0xFF,
    0x39, 0x28, 0x08, 0xFF, 0x39, 0x28, 0x08, 0xFF, 0x42, 0x28, 0x08, 0xFF, 0x39, 0x28, 0x08, 0xFF,
    0x39, 0x28, 0x08, 0xFF, 0x42, 0x28, 0x08, 0xFF, 0x39, 0x28, 0x08, 0xFF, 0x39, 0x28, 0x08, 0xFF,
    0x42, 0x28, 0x08, 0xFF, 0x39, 0x28, 0x08, 0xFF, 0x39, 0x28, 0x08, 0xFF, 0x42, 0x28, 0x08, 0xFF,
    0x39, 0x28, 0x08, 0xFF, 0x39, 0x28, 0x08, 0xFF, 0x42, 0x28, 0x08, 0xFF, 0x39, 0x28, 0x08, 0xFF,
    0x39, 0x28, 0x08, 0xFF, 0x42, 0x28, 0x08, 0xFF, 0x39, 0x28, 0x08, 0xFF, 0x39, 0x28, 0x08, 0xFF,
    0x42, 0x28, 0x08, 0xFF, 0x39, 0x28, 0x08, 0xFF, 0x39, 0x28, 0x08, 0xFF, 0x42, 0x28, 0x08, 0xFF,
    0x39, 0x28, 0x08, 0xFF, 0x39, 0x28, 0x08, 0xFF, 0x42, 0x28, 0x08, 0xFF, 0x39, 0x28, 0x08, 0xFF,
    0x39, 0x28, 0x08, 0xFF, 0x42, 0x28, 0x08, 0xFF, 0x39, 0x28, 0x08, 0xFF, 0x39, 0x28, 0x08, 0xFF,
    0x42, 0x28, 0x08, 0xFF, 0x39, 0x28, 0x08, 0xFF, 0x39, 0x28, 0x08, 0xFF, 0x42, 0x28, 0x08, 0xFF,
    0x39, 0x28, 0x08, 0xFF, 0x39, 0x28, 0x08, 0xFF, 0x42, 0x28, 0x08, 0xFF, 0x39, 0x28, 0x08, 0xFF,
    0x39, 0x28, 0x08, 0xFF, 0x42, 0x28, 0x08, 0xFF, 0x39, 0x28, 0x08, 0xFF, 0x39, 0x28, 0x08, 0xFF,
    0x42, 0x28, 0x08, 0xFF, 0x39, 0x28, 0x08, 0xFF, 0x39, 0x28, 0x08, 0xFF, 0x42, 0x28, 0x08, 0xFF,
    0x39, 0x28, 0x08, 0xFF, 0x39, 0x28, 0x08, 0xFF, 0x42, 0x28, 0x08, 0xFF, 0x39, 0x28, 0x08, 0xFF,
    0x39, 0x28, 0x08, 0xFF, 0x42, 0x28, 0x08, 0xFF, 0x39, 0x28, 0x08, 0xFF, 0x39, 0x28, 0x08, 0xFF,
    0x42, 0x28, 0x08, 0xFF, 0x39, 0x28, 0x08, 0xFF, 0x39, 0x28, 0x08, 0xFF, 0x42, 0x28, 0x08, 0xFF,
    0x39, 0x28, 0x08, 0xFF, 0x39, 0x28, 0x08, 0xFF, 0x42, 0x28, 0x08, 0xFF, 0x39, 0x28, 0x08, 0xFF,
    0x39, 0x28, 0x08, 0xFF, 0x42, 0x28, 0x08, 0xFF, 0x39, 0x28, 0x08, 0xFF, 0x39, 0x28, 0x08, 0xFF,
    0x42, 0x28, 0x08, 0xFF, 0x39, 0x28, 0x08, 0xFF, 0x39, 0x28, 0x08, 0xFF, 0x42, 0x28, 0x08, 0xFF,
    0x39, 0x28, 0x08, 0xFF, 0x39, 0x28, 0x10, 0xFF, 0x42, 0x28, 0x08, 0xFF, 0x39, 0x28, 0x10, 0xFF,
    0x39, 0x28, 0x08, 0xFF, 0x42, 0x28, 0x10, 0xFF, 0x39, 0x28, 0x08, 0xFF, 0x39, 0x28, 0x10, 0xFF,
    0x42, 0x28, 0x08, 0xFF, 0x39, 0x28, 0x10, 0xFF, 0x39, 0x28, 0x08, 0xFF, 0x42, 0x28, 0x10, 0xFF,
    0x39, 0x28, 0x08, 0xFF, 0x39, 0x28, 0x10, 0xFF, 0x42, 0x28, 0x08, 0xFF, 0x39, 0x28, 0x10, 0xFF,
    0x39, 0x28, 0x08, 0xFF, 0x42, 0x28, 0x10, 0xFF, 0x39, 0x28, 0x08, 0xFF, 0x39, 0x28, 0x10, 0xFF,
    0x42, 0x28, 0x08, 0xFF, 0x39, 0x28, 0x10, 0xFF, 0x39, 0x28, 0x08, 0xFF, 0x42, 0x28, 0x10, 0xFF,
    0x39, 0x28, 0x08, 0xFF, 0x39, 0x28, 0x10, 0xFF, 0x42, 0x28, 0x08, 0xFF, 0x39, 0x28, 0x10, 0xFF,
    0x39, 0x28, 0x08, 0xFF, 0x42, 0x28, 0x10, 0xFF, 0x39, 0x28, 0x08, 0xFF, 0x39, 0x28, 0x10, 0xFF,
    0x42, 0x28, 0x08, 0xFF, 0x39, 0x28, 0x10, 0xFF, 0x39, 0x28, 0x08, 0xFF, 0x42, 0x28, 0x10, 0xFF,
    0x39, 0x28, 0x08, 0xFF, 0x39, 0x28, 0x10, 0xFF, 0x42, 0x28, 0x08, 0xFF, 0x39, 0x28, 0x10, 0xFF,
    0x39, 0x28, 0x08, 0xFF, 0x42, 0x28, 0x10, 0xFF, 0x39, 0x28, 0x08, 0xFF, 0x39, 0x28, 0x10, 0xFF,
    0x42, 0x28, 0x08, 0xFF, 0x39, 0x28, 0x10, 0xFF, 0x39, 0x28, 0x08, 0xFF, 0x42, 0x28, 0x10, 0xFF,
    0x39, 0x28, 0x08, 0xFF, 0x39, 0x28, 0x10, 0xFF, 0x42, 0x28, 0x08, 0xFF, 0x39, 0x28, 0x10, 0xFF,
    0x39, 0x28, 0x08, 0xFF, 0x42, 0x28, 0x10, 0xFF, 0x39, 0x28, 0x08, 0xFF, 0x39, 0x28, 0x10, 0xFF,
    0x42, 0x28, 0x08, 0xFF, 0x39, 0x28, 0x10, 0xFF, 0x39, 0x28, 0x08, 0xFF, 0x42, 0x28, 0x10, 0xFF,
    0x39, 0x28, 0x08, 0xFF, 0x39, 0x28, 0x10, 0xFF, 0x42, 0x28, 0x08, 0xFF, 0x39, 0x28, 0x10, 0xFF,
    0x39, 0x28, 0x08, 0xFF, 0x42, 0x28, 0x10, 0xFF, 0x39, 0x28, 0x08, 0xFF, 0x39, 0x28, 0x10, 0xFF,
    0x42, 0x28, 0x08, 0xFF, 0x39, 0x28, 0x10, 0xFF, 0x39, 0x28, 0x08, 0xFF, 0x42, 0x28, 0x10, 0xFF,
    0x39, 0x28, 0x08, 0xFF, 0x39, 0x28, 0x10, 0xFF, 0x42, 0x28, 0x08, 0xFF, 0x39, 0x28, 0x10, 0xFF,
    0x39, 0x28, 0x08, 0xFF, 0x42, 0x28, 0x10, 0xFF, 0x39, 0x28, 0x08, 0xFF, 0x39, 0x28, 0x10, 0xFF,
    0x42, 0x28, 0x08, 0xFF, 0x39, 0x28, 0x10, 0xFF, 0x39, 0x28, 0x08, 0xFF, 0x42, 0x28, 0x10, 0xFF,
    0x39, 0x28, 0x08, 0xFF, 0x39, 0x28, 0x10, 0xFF, 0x42, 0x28, 0x08, 0xFF, 0x39, 0x28, 0x10, 0xFF,
    0x39, 0x28, 0x08, 0xFF, 0x42, 0x28, 0x10, 0xFF, 0x39, 0x28, 0x08, 0xFF, 0x39, 0x28, 0x10, 0xFF,
    0x42, 0x28, 0x08, 0xFF, 0x39, 0x28, 0x10, 0xFF, 0x39, 0x28, 0x08, 0xFF, 0x42, 0x28, 0x10, 0xFF,
    0x39, 0x28, 0x08, 0xFF, 0x39, 0x28, 0x10, 0xFF, 0x42, 0x28, 0x08, 0xFF, 0x39, 0x28, 0x10, 0xFF,
    0x39, 0x28, 0x08, 0xFF, 0x42, 0x28, 0x10, 0xFF, 0x39, 0x28, 0x08, 0xFF, 0x39, 0x28, 0x10, 0xFF,
    0x42, 0x28, 0x08, 0xFF, 0x39, 0x28, 0x10, 0xFF, 0x39, 0x28, 0x08, 0xFF, 0x42, 0x28, 0x10, 0xFF,
    0x39, 0x28, 0x08, 0xFF, 0x39, 0x28, 0x10, 0xFF, 0x42, 0x28, 0x08, 0xFF, 0x39, 0x28, 0x10, 0xFF,
    0x39, 0x28, 0x08, 0xFF, 0x42, 0x28, 0x10, 0xFF, 0x39, 0x28, 0x08, 0xFF, 0x39, 0x28, 0x10, 0xFF,
    0x42, 0x28, 0x08, 0xFF, 0x39, 0x28, 0x10, 0xFF, 0x39, 0x28, 0x08, 0xFF, 0x42, 0x28, 0x10, 0xFF,
    0x39, 0x28, 0x08, 0xFF, 0x39, 0x28, 0x10, 0xFF, 0x42, 0x28, 0x08, 0xFF, 0x39, 0x28, 0x10, 0xFF,
    0x39, 0x28, 0x08, 0xFF, 0x42, 0x28, 0x10, 0xFF, 0x39, 0x28, 0x08, 0xFF, 0x39, 0x28, 0x10, 0xFF,
    0x42, 0x28, 0x08, 0xFF, 0x39, 0x28, 0x08, 0xFF, 0x39, 0x28, 0x10, 0xFF, 0x42, 0x28, 0x08, 0xFF,
    0x39, 0x28, 0x08, 0xFF, 0x39, 0x28, 0x10, 0xFF, 0x42, 0x28, 0x08, 0xFF, 0x39, 0x28, 0x08, 0xFF,
    0x39, 0x28, 0x10, 0xFF, 0x42, 0x28, 0x08, 0xFF, 0x39, 0x28, 0x08, 0xFF, 0x39, 0x28, 0x10, 0xFF,
    0x42, 0x28, 0x08, 0xFF, 0x39, 0x28, 0x08, 0xFF, 0x39, 0x28, 0x10, 0xFF, 0x42, 0x28, 0x08, 0xFF,
    0x39, 0x28, 0x08, 0xFF, 0x39, 0x28, 0x10, 0xFF, 0x42, 0x28, 0x08, 0xFF, 0x39, 0x28, 0x08, 0xFF,
    0x39, 0x28, 0x10, 0xFF, 0x42, 0x28, 0x08, 0xFF, 0x39, 0x28, 0x08, 0xFF, 0x39, 0x28, 0x10, 0xFF,
    0x42, 0x28, 0x08, 0xFF, 0x39, 0x28, 0x08, 0xFF, 0x39, 0x28, 0x10, 0xFF, 0x42, 0x28, 0x08, 0xFF,
    0x39, 0x28, 0x08, 0xFF, 0x39, 0x28, 0x10, 0xFF, 0x42, 0x28, 0x08, 0xFF, 0x39, 0x28, 0x08, 0xFF,
    0x39, 0x28, 0x10, 0xFF, 0x42, 0x28, 0x08, 0xFF, 0x39, 0x28, 0x08, 0xFF, 0x39, 0x28, 0x10, 0xFF,
    0x42, 0x28, 0x08, 0xFF, 0x39, 0x28, 0x08, 0xFF, 0x39, 0x28, 0x10, 0xFF, 0x42, 0x28, 0x08, 0xFF,
    0x39, 0x28, 0x08, 0xFF, 0x39, 0x28, 0x10, 0xFF, 0x42, 0x28, 0x08, 0xFF, 0x39, 0x28, 0x08, 0xFF,
    0x39, 0x28, 0x10, 0xFF, 0x42, 0x28, 0x08, 0xFF, 0x39, 0x28, 0x08, 0xFF, 0x39, 0x28, 0x10, 0xFF,
    0x42, 0x28, 0x08, 0xFF, 0x39, 0x28, 0x08, 0xFF, 0x39, 0x28, 0x10, 0xFF, 0x42, 0x28, 0x08, 0xFF,
    0x39, 0x28, 0x08, 0xFF, 0x39, 0x28, 0x10, 0xFF, 0x42, 0x28, 0x08, 0xFF, 0x39, 0x28, 0x08, 0xFF,
    0x39, 0x28, 0x10, 0xFF, 0x42, 0x28, 0x08, 0xFF, 0x39, 0x28, 0x08, 0xFF, 0x39, 0x28, 0x10, 0xFF,
    0x42, 0x28, 0x08, 0xFF, 0x39, 0x28, 0x08, 0xFF, 0x39, 0x28, 0x10, 0xFF, 0x42, 0x28, 0x08, 0xFF,
    0x39, 0x28, 0x08, 0xFF, 0x39, 0x28, 0x10, 0xFF, 0x42, 0x28, 0x08, 0xFF, 0x39, 0x28, 0x08, 0xFF,
    0x39, 0x28, 0x10, 0xFF, 0x42, 0x28, 0x08, 0xFF, 0x39, 0x28, 0x08, 0xFF, 0x39, 0x28, 0x10, 0xFF,
    0x42, 0x28, 0x08, 0xFF, 0x39, 0x28, 0x08, 0xFF, 0x39, 0x28, 0x10, 0xFF, 0x42, 0x28, 0x08, 0xFF,
    0x39, 0x28, 0x08, 0xFF, 0x39, 0x28, 0x10, 0xFF, 0x42, 0x28, 0x08, 0xFF, 0x39, 0x28, 0x08, 0xFF,
    0x39, 0x28, 0x10, 0xFF, 0x42, 0x28, 0x08, 0xFF, 0x39, 0x28, 0x08, 0xFF, 0x39, 0x28, 0x10, 0xFF,
    0x42, 0x28, 0x08, 0xFF, 0x39, 0x28, 0x08, 0xFF, 0x39, 0x28, 0x10, 0xFF, 0x42, 0x28, 0x08, 0xFF,
    0x39, 0x28, 0x08, 0xFF, 0x39, 0x28, 0x10, 0xFF, 0x42, 0x28, 0x08, 0xFF, 0x39, 0x28, 0x08, 0xFF,
    0x39, 0x28, 0x10, 0xFF, 0x42, 0x28, 0x08, 0xFF, 0x39, 0x28, 0x08, 0xFF, 0x39, 0x28, 0x10, 0xFF,
    0x42, 0x28, 0x08, 0xFF, 0x39, 0x28, 0x08, 0xFF, 0x39, 0x28, 0x10, 0xFF, 0x42, 0x28, 0x08, 0xFF,
    0x39, 0x28, 0x08, 0xFF, 0x39, 0x28, 0x10, 0xFF, 0x42, 0x28, 0x08, 0xFF, 0x39, 0x28, 0x08, 0xFF,
    0x39, 0x28, 0x10, 0xFF, 0x42, 0x28, 0x08, 0xFF, 0x39, 0x28, 0x08, 0xFF, 0x39, 0x28, 0x10, 0xFF,
    0x42, 0x28, 0x08, 0xFF, 0x39, 0x28, 0x08, 0xFF, 0x39, 0x28, 0x10, 0xFF, 0x42, 0x28, 0x08, 0xFF,
    0x39, 0x28, 0x08, 0xFF, 0x39, 0x28, 0x10, 0xFF, 0x42, 0x28, 0x08, 0xFF, 0x39, 0x28, 0x08, 0xFF,
    0x39, 0x28, 0x10, 0xFF, 0x42, 0x28, 0x08, 0xFF, 0x39, 0x28, 0x08, 0xFF, 0x39, 0x28, 0x10, 0xFF,
    0x42, 0x28, 0x08, 0xFF, 0x39, 0x28, 0x08, 0xFF, 0x39, 0x28, 0x10, 0xFF, 0x42, 0x28, 0x08, 0xFF,
    0x39, 0x28, 0x08, 0xFF, 0x39, 0x28, 0x10, 0xFF, 0x42, 0x28, 0x08, 0xFF, 0x39, 0x28, 0x08, 0xFF,
    0x39, 0x28, 0x10, 0xFF, 0x39, 0x28, 0x08, 0xFF, 0x42, 0x28, 0x10, 0xFF, 0x39, 0x28, 0x08, 0xFF,
    0x39, 0x28, 0x10, 0xFF, 0x42, 0x28, 0x08, 0xFF, 0x39, 0x28, 0x10, 0xFF, 0x39, 0x28, 0x08, 0xFF,
    0x42, 0x28, 0x10, 0xFF, 0x39, 0x28, 0x08, 0xFF, 0x39, 0x28, 0x10, 0xFF, 0x42, 0x28, 0x08, 0xFF,
    0x39, 0x28, 0x10, 0xFF, 0x39, 0x28, 0x08, 0xFF, 0x42, 0x28, 0x10, 0xFF, 0x39, 0x28, 0x08, 0xFF,
    0x39, 0x28, 0x10, 0xFF, 0x42, 0x28, 0x08, 0xFF, 0x39, 0x28, 0x10, 0xFF, 0x39, 0x28, 0x08, 0xFF,
    0x42, 0x28, 0x10, 0xFF, 0x39, 0x28, 0x08, 0xFF, 0x39, 0x28, 0x10, 0xFF, 0x42, 0x28, 0x08, 0xFF,
    0x39, 0x28, 0x10, 0xFF, 0x39, 0x28, 0x08, 0xFF, 0x42, 0x28, 0x10, 0xFF, 0x39, 0x28, 0x08, 0xFF,
    0x39, 0x28, 0x10, 0xFF, 0x42, 0x28, 0x08, 0xFF, 0x39, 0x28, 0x10, 0xFF, 0x39, 0x28, 0x08, 0xFF,
    0x42, 0x28, 0x10, 0xFF, 0x39, 0x28, 0x08, 0xFF, 0x39, 0x28, 0x10, 0xFF, 0x42, 0x28, 0x08, 0xFF,
    0x39, 0x28, 0x10, 0xFF, 0x39, 0x28, 0x08, 0xFF, 0x42, 0x28, 0x10, 0xFF, 0x39, 0x28, 0x08, 0xFF,
    0x39, 0x28, 0x10, 0xFF, 0x42, 0x28, 0x08, 0xFF, 0x39, 0x28, 0x10, 0xFF, 0x39, 0x28, 0x08, 0xFF,
    0x42, 0x28, 0x10, 0xFF, 0x39, 0x28, 0x08, 0xFF, 0x39, 0x28, 0x10, 0xFF, 0x42, 0x28, 0x08, 0xFF,
    0x39, 0x28, 0x10, 0xFF, 0x39, 0x28, 0x08, 0xFF, 0x42, 0x28, 0x10, 0xFF, 0x39, 0x28, 0x08, 0xFF,
    0x39, 0x28, 0x10, 0xFF, 0x42, 0x28, 0x08, 0xFF, 0x39, 0x28, 0x10, 0xFF, 0x39, 0x28, 0x08, 0xFF,
    0x42, 0x28, 0x10, 0xFF, 0x39, 0x28, 0x08, 0xFF, 0x39, 0x28, 0x10, 0xFF, 0x42, 0x28, 0x08, 0xFF,
    0x39, 0x28, 0x10, 0xFF, 0x39, 0x28, 0x08, 0xFF, 0x42, 0x28, 0x10, 0xFF, 0x39, 0x28, 0x08, 0xFF,
    0x39, 0x28, 0x10, 0xFF, 0x42, 0x28, 0x08, 0xFF, 0x39, 0x28, 0x10, 0xFF, 0x39, 0x28, 0x08, 0xFF,
    0x42, 0x28, 0x10, 0xFF, 0x39, 0x28, 0x08, 0xFF, 0x39, 0x28, 0x10, 0xFF, 0x42, 0x28, 0x08, 0xFF,
    0x39, 0x28, 0x10, 0xFF, 0x39, 0x28, 0x08, 0xFF, 0x42, 0x28, 0x10, 0xFF, 0x39, 0x28, 0x08, 0xFF,
    0x39, 0x28, 0x10, 0xFF, 0x42, 0x28, 0x08, 0xFF, 0x39, 0x28, 0x10, 0xFF, 0x39, 0x28, 0x08, 0xFF,
    0x42, 0x28, 0x10, 0xFF, 0x39, 0x28, 0x08, 0xFF, 0x39, 0x28, 0x10, 0xFF, 0x42, 0x28, 0x08, 0xFF,
    0x39, 0x28, 0x10, 0xFF, 0x39, 0x28, 0x08, 0xFF, 0x42, 0x28, 0x10, 0xFF, 0x39, 0x28, 0x08, 0xFF,
    0x39, 0x28, 0x10, 0xFF, 0x42, 0x28, 0x08, 0xFF, 0x39, 0x28, 0x10, 0xFF, 0x39, 0x28, 0x08, 0xFF,
    0x42, 0x28, 0x10, 0xFF, 0x39, 0x28, 0x08, 0xFF, 0x39, 0x28, 0x10, 0xFF, 0x42, 0x28, 0x08, 0xFF,
    0x39, 0x28, 0x10, 0xFF, 0x39, 0x28, 0x08, 0xFF, 0x42, 0x28, 0x10, 0xFF, 0x39, 0x28, 0x08, 0xFF,
    0x39, 0x28, 0x10, 0xFF, 0x42, 0x28, 0x08, 0xFF, 0x39, 0x28, 0x10, 0xFF, 0x39, 0x28, 0x08, 0xFF,
    0x42, 0x28, 0x10, 0xFF, 0x39, 0x28, 0x08, 0xFF, 0x39, 0x28, 0x10, 0xFF, 0x42, 0x28, 0x08, 0xFF,
    0x39, 0x28, 0x10, 0xFF, 0x39, 0x28, 0x08, 0xFF, 0x42, 0x28, 0x10, 0xFF, 0x39, 0x28, 0x08, 0xFF,
    0x39, 0x28, 0x10, 0xFF, 0x42, 0x28, 0x08, 0xFF, 0x39, 0x28, 0x10, 0xFF, 0x39, 0x28, 0x08, 0xFF,
    0x42, 0x28, 0x10, 0xFF, 0x39, 0x28, 0x08, 0xFF, 0x39, 0x28, 0x10, 0xFF, 0x42, 0x28, 0x08, 0xFF,
    0x39, 0x28, 0x10, 0xFF, 0x39, 0x28, 0x08, 0xFF, 0x42, 0x28, 0x10, 0xFF, 0x39, 0x28, 0x08, 0xFF,
    0x39, 0x28, 0x10, 0xFF, 0x42, 0x28, 0x08, 0xFF, 0x39, 0x28, 0x10, 0xFF, 0x39, 0x28, 0x08, 0xFF,
    0x39, 0x28, 0x08, 0xFF, 0x42, 0x28, 0x10, 0xFF, 0x39, 0x28, 0x08, 0xFF, 0x39, 0x28, 0x10, 0xFF,
    0x42, 0x28, 0x08, 0xFF, 0x39, 0x28, 0x10, 0xFF, 0x39, 0x28, 0x08, 0xFF, 0x42, 0x28, 0x10, 0xFF,
    0x39, 0x28, 0x08, 0xFF, 0x39, 0x28, 0x10, 0xFF, 0x42, 0x28, 0x08, 0xFF, 0x39, 0x28, 0x10, 0xFF,
    0x39, 0x28, 0x08, 0xFF, 0x42, 0x28, 0x10, 0xFF, 0x39, 0x28, 0x08, 0xFF, 0x39, 0x28, 0x10, 0xFF,
    0x42, 0x28, 0x08, 0xFF, 0x39, 0x28, 0x10, 0xFF, 0x39, 0x28, 0x08, 0xFF, 0x42, 0x28, 0x10, 0xFF,
    0x39, 0x28, 0x08, 0xFF, 0x39, 0x28, 0x10, 0xFF, 0x42, 0x28, 0x08, 0xFF, 0x39, 0x28, 0x10, 0xFF,
    0x39, 0x28, 0x08, 0xFF, 0x42, 0x28, 0x10, 0xFF, 0x39, 0x28, 0x08, 0xFF, 0x39, 0x28, 0x10, 0xFF,
    0x42, 0x28, 0x08, 0xFF, 0x39, 0x28, 0x10, 0xFF, 0x39, 0x28, 0x08, 0xFF, 0x42, 0x28, 0x10, 0xFF,
    0x39, 0x28, 0x08, 0xFF, 0x39, 0x28, 0x10, 0xFF, 0x42, 0x28, 0x08, 0xFF, 0x39, 0x28, 0x10, 0xFF,
    0x39, 0x28, 0x08, 0xFF, 0x42, 0x28, 0x10, 0xFF, 0x39, 0x28, 0x08, 0xFF, 0x39, 0x28, 0x10, 0xFF,
    0x42, 0x28, 0x08, 0xFF, 0x39, 0x28, 0x10, 0xFF, 0x39, 0x28, 0x08, 0xFF, 0x42, 0x28, 0x10, 0xFF,
    0x39, 0x28, 0x08, 0xFF, 0x39, 0x28, 0x10, 0xFF, 0x42, 0x28, 0x08, 0xFF, 0x39, 0x28, 0x10, 0xFF,
    0x39, 0x28, 0x08, 0xFF, 0x42, 0x28, 0x10, 0xFF, 0x39, 0x28, 0x08, 0xFF, 0x39, 0x28, 0x10, 0xFF,
    0x42, 0x28, 0x08, 0xFF, 0x39, 0x28, 0x10, 0xFF, 0x39, 0x28, 0x08, 0xFF, 0x42, 0x28, 0x10, 0xFF,
    0x39, 0x28, 0x08, 0xFF, 0x39, 0x28, 0x10, 0xFF, 0x42, 0x28, 0x08, 0xFF, 0x39, 0x28, 0x10, 0xFF,
    0x39, 0x28, 0x08, 0xFF, 0x42, 0x28, 0x10, 0xFF, 0x39, 0x28, 0x08, 0xFF, 0x39, 0x28, 0x10, 0xFF,
    0x42, 0x28, 0x08, 0xFF, 0x39, 0x28, 0x10, 0xFF, 0x39, 0x28, 0x08, 0xFF, 0x42, 0x28, 0x10, 0xFF,
    0x39, 0x28, 0x08, 0xFF, 0x39, 0x28, 0x10, 0xFF, 0x42, 0x28, 0x08, 0xFF, 0x39, 0x28, 0x10, 0xFF,
    0x39, 0x28, 0x08, 0xFF, 0x42, 0x28, 0x10, 0xFF, 0x39, 0x28, 0x08, 0xFF, 0x39, 0x28, 0x10, 0xFF,
    0x42, 0x28, 0x08, 0xFF, 0x39, 0x28, 0x10, 0xFF, 0x39, 0x28, 0x08, 0xFF, 0x42, 0x28, 0x10, 0xFF,
    0x39, 0x28, 0x08, 0xFF, 0x39, 0x28, 0x10, 0xFF, 0x42, 0x28, 0x08, 0xFF, 0x39, 0x28, 0x10, 0xFF,
    0x39, 0x28, 0x08, 0xFF, 0x42, 0x28, 0x10, 0xFF, 0x39, 0x28, 0x08, 0xFF, 0x39, 0x28, 0x10, 0xFF,
    0x42, 0x28, 0x08, 0xFF, 0x39, 0x28, 0x10, 0xFF, 0x39, 0x28, 0x08, 0xFF, 0x42, 0x28, 0x10, 0xFF,
    0x39, 0x28, 0x08, 0xFF, 0x39, 0x28, 0x10, 0xFF, 0x42, 0x28, 0x08, 0xFF, 0x39, 0x28, 0x10, 0xFF,
    0x39, 0x28, 0x08, 0xFF, 0x42, 0x28, 0x10, 0xFF, 0x39, 0x28, 0x08, 0xFF, 0x39, 0x28, 0x10, 0xFF,
    0x42, 0x28, 0x08, 0xFF, 0x39, 0x28, 0x10, 0xFF, 0x39, 0x28, 0x08, 0xFF, 0x42, 0x28, 0x10, 0xFF,
    0x39, 0x28, 0x08, 0xFF, 0x39, 0x28, 0x10, 0xFF, 0x42, 0x28, 0x08, 0xFF, 0x39, 0x28, 0x10, 0xFF,
    0x39, 0x28, 0x08, 0xFF, 0x42, 0x28, 0x10, 0xFF, 0x39, 0x28, 0x08, 0xFF, 0x39, 0x28, 0x10, 0xFF,
    0x42, 0x28, 0x08, 0xFF, 0x39, 0x28, 0x10, 0xFF, 0x39, 0x28, 0x08, 0xFF, 0x42, 0x28, 0x10, 0xFF,
    0x39, 0x28, 0x08, 0xFF, 0x39, 0x28, 0x10, 0xFF, 0x42, 0x28, 0x08, 0xFF, 0x39, 0x28, 0x10, 0xFF,
    0x39, 0x28, 0x08, 0xFF, 0x42, 0x28, 0x10, 0xFF, 0x39, 0x28, 0x08, 0xFF, 0x39, 0x28, 0x10, 0xFF,
    0x42, 0x28, 0x08, 0xFF, 0x39, 0x28, 0x08, 0xFF, 0x39, 0x28, 0x10, 0xFF, 0x42, 0x28, 0x08, 0xFF,
    0x42, 0x28, 0x08, 0xFF, 0x39, 0x28, 0x10, 0xFF, 0x42, 0x28, 0x08, 0xFF, 0x39, 0x28, 0x08, 0xFF,
    0x39, 0x28, 0x10, 0xFF, 0x42, 0x28, 0x08, 0xFF, 0x39, 0x28, 0x08, 0xFF, 0x39, 0x28, 0x10, 0xFF,
    0x42, 0x28, 0x08, 0xFF, 0x39, 0x28, 0x08, 0xFF, 0x39, 0x28, 0x10, 0xFF, 0x42, 0x28, 0x08, 0xFF,
    0x39, 0x28, 0x08, 0xFF, 0x39, 0x28, 0x10, 0xFF, 0x42, 0x28, 0x08, 0xFF, 0x39, 0x28, 0x08, 0xFF,
    0x39, 0x28, 0x10, 0xFF, 0x42, 0x28, 0x08, 0xFF, 0x39, 0x28, 0x08, 0xFF, 0x39, 0x28, 0x10, 0xFF,
    0x42, 0x28, 0x08, 0xFF, 0x39, 0x28, 0x08, 0xFF, 0x39, 0x28, 0x10, 0xFF, 0x42, 0x28, 0x08, 0xFF,
    0x39, 0x28, 0x08, 0xFF, 0x39, 0x28, 0x10, 0xFF, 0x42, 0x28, 0x08, 0xFF, 0x39, 0x28, 0x08, 0xFF,
    0x39, 0x28, 0x10, 0xFF, 0x42, 0x28, 0x08, 0xFF, 0x39, 0x28, 0x08, 0xFF, 0x39, 0x28, 0x10, 0xFF,
    0x42, 0x28, 0x08, 0xFF, 0x39, 0x28, 0x08, 0xFF, 0x39, 0x28, 0x10, 0xFF, 0x42, 0x28, 0x08, 0xFF,
    0x39, 0x28, 0x08, 0xFF, 0x39, 0x28, 0x10, 0xFF, 0x42, 0x28, 0x08, 0xFF, 0x39, 0x28, 0x08, 0xFF,
    0x39, 0x28, 0x10, 0xFF, 0x42, 0x28, 0x08, 0xFF, 0x39, 0x28, 0x08, 0xFF, 0x39, 0x28, 0x10, 0xFF,
    0x42, 0x28, 0x08, 0xFF, 0x39, 0x28, 0x08, 0xFF, 0x39, 0x28, 0x10, 0xFF, 0x42, 0x28, 0x08, 0xFF,
    0x39, 0x28, 0x08, 0xFF, 0x39, 0x28, 0x10, 0xFF, 0x42, 0x28, 0x08, 0xFF, 0x39, 0x28, 0x08, 0xFF,
    0x39, 0x28, 0x10, 0xFF, 0x42, 0x28, 0x08, 0xFF, 0x39, 0x28, 0x08, 0xFF, 0x39, 0x28, 0x10, 0xFF,
    0x42, 0x28, 0x08, 0xFF, 0x39, 0x28, 0x08, 0xFF, 0x39, 0x28, 0x10, 0xFF, 0x42, 0x28, 0x08, 0xFF,
    0x39, 0x28, 0x08, 0xFF, 0x39, 0x28, 0x10, 0xFF, 0x42, 0x28, 0x08, 0xFF, 0x39, 0x28, 0x08, 0xFF,
    0x39, 0x28, 0x10, 0xFF, 0x42, 0x28, 0x08, 0xFF, 0x39, 0x28, 0x08, 0xFF, 0x39, 0x28, 0x10, 0xFF,
    0x42, 0x28, 0x08, 0xFF, 0x39, 0x28, 0x08, 0xFF, 0x39, 0x28, 0x10, 0xFF, 0x42, 0x28, 0x08, 0xFF,
    0x39, 0x28, 0x08, 0xFF, 0x39, 0x28, 0x10, 0xFF, 0x42, 0x28, 0x08, 0xFF, 0x39, 0x28, 0x08, 0xFF,
    0x39, 0x28, 0x10, 0xFF, 0x42, 0x28, 0x08, 0xFF, 0x39, 0x28, 0x08, 0xFF, 0x39, 0x28, 0x10, 0xFF,
    0x42, 0x28, 0x08, 0xFF, 0x39, 0x28, 0x08, 0xFF, 0x39, 0x28, 0x10, 0xFF, 0x42, 0x28, 0x08, 0xFF,
    0x39, 0x28, 0x08, 0xFF, 0x39, 0x28, 0x10, 0xFF, 0x42, 0x28, 0x08, 0xFF, 0x39, 0x28, 0x08, 0xFF,
    0x39, 0x28, 0x10, 0xFF, 0x42, 0x28, 0x08, 0xFF, 0x39, 0x28, 0x08, 0xFF, 0x39, 0x28, 0x10, 0xFF,
    0x42, 0x28, 0x08, 0xFF, 0x39, 0x28, 0x08, 0xFF, 0x39, 0x28, 0x10, 0xFF, 0x42, 0x28, 0x08, 0xFF,
    0x39, 0x28, 0x08, 0xFF, 0x39, 0x28, 0x10, 0xFF, 0x42, 0x28, 0x08, 0xFF, 0x39, 0x28, 0x08, 0xFF,
    0x39, 0x28, 0x10, 0xFF, 0x42, 0x28, 0x08, 0xFF, 0x39, 0x28, 0x08, 0xFF, 0x39, 0x28, 0x10, 0xFF,
    0x42, 0x28, 0x08, 0xFF, 0x39, 0x28, 0x08, 0xFF, 0x39, 0x28, 0x10, 0xFF, 0x42, 0x28, 0x08, 0xFF,
    0x39, 0x28, 0x08, 0xFF, 0x39, 0x28, 0x10, 0xFF, 0x42, 0x28, 0x08, 0xFF, 0x39, 0x28, 0x08, 0xFF,
    0x39, 0x28, 0x10, 0xFF, 0x42, 0x28, 0x08, 0xFF, 0x39, 0x28, 0x08, 0xFF, 0x39, 0x28, 0x10, 0xFF,
    0x42, 0x28, 0x08, 0xFF, 0x39, 0x28, 0x08, 0xFF, 0x39, 0x28, 0x10, 0xFF, 0x42, 0x28, 0x08, 0xFF,
    0x39, 0x28, 0x08, 0xFF, 0x39, 0x28, 0x10, 0xFF, 0x42, 0x28, 0x08, 0xFF, 0x39, 0x28, 0x08, 0xFF,
    0x39, 0x28, 0x10, 0xFF, 0x42, 0x28, 0x08, 0xFF, 0x39, 0x28, 0x10, 0xFF, 0x42, 0x28, 0x08, 0xFF,
    0x39, 0x28, 0x10, 0xFF, 0x42, 0x28, 0x08, 0xFF, 0x39, 0x2C, 0x10, 0xFF, 0x42, 0x28, 0x10, 0xFF,
    0x39, 0x28, 0x08, 0xFF, 0x42, 0x2C, 0x10, 0xFF, 0x39, 0x28, 0x10, 0xFF, 0x42, 0x28, 0x08, 0xFF,
    0x39, 0x2C, 0x10, 0xFF, 0x42, 0x28, 0x10, 0xFF, 0x39, 0x28, 0x08, 0xFF, 0x42, 0x2C, 0x10, 0xFF,
    0x39, 0x28, 0x10, 0xFF, 0x42, 0x28, 0x08, 0xFF, 0x39, 0x2C, 0x10, 0xFF, 0x42, 0x28, 0x10, 0xFF,
    0x39, 0x28, 0x08, 0xFF, 0x42, 0x2C, 0x10, 0xFF, 0x39, 0x28, 0x10, 0xFF, 0x42, 0x28, 0x08, 0xFF,
    0x39, 0x2C, 0x10, 0xFF, 0x42, 0x28, 0x10, 0xFF, 0x39, 0x28, 0x08, 0xFF, 0x42, 0x2C, 0x10, 0xFF,
    0x39, 0x28, 0x10, 0xFF, 0x42, 0x28, 0x08, 0xFF, 0x39, 0x2C, 0x10, 0xFF, 0x42, 0x28, 0x10, 0xFF,
    0x39, 0x28, 0x08, 0xFF, 0x42, 0x2C, 0x10, 0xFF, 0x39, 0x28, 0x10, 0xFF, 0x42, 0x28, 0x08, 0xFF,
    0x39, 0x2C, 0x10, 0xFF, 0x42, 0x28, 0x10, 0xFF, 0x39, 0x28, 0x08, 0xFF, 0x42, 0x2C, 0x10, 0xFF,
    0x39, 0x28, 0x10, 0xFF, 0x42, 0x28, 0x08, 0xFF, 0x39, 0x2C, 0x10, 0xFF, 0x42, 0x28, 0x10, 0xFF,
    0x39, 0x28, 0x08, 0xFF, 0x42, 0x2C, 0x10, 0xFF, 0x39, 0x28, 0x10, 0xFF, 0x42, 0x28, 0x08, 0xFF,
    0x39, 0x2C, 0x10, 0xFF, 0x42, 0x28, 0x10, 0xFF, 0x39, 0x28, 0x08, 0xFF, 0x42, 0x2C, 0x10, 0xFF,
    0x39, 0x28, 0x10, 0xFF, 0x42, 0x28, 0x08, 0xFF, 0x39, 0x2C, 0x10, 0xFF, 0x42, 0x28, 0x10, 0xFF,
    0x39, 0x28, 0x08, 0xFF, 0x42, 0x2C, 0x10, 0xFF, 0x39, 0x28, 0x10, 0xFF, 0x42, 0x28, 0x08, 0xFF,
    0x39, 0x2C, 0x10, 0xFF, 0x42, 0x28, 0x10, 0xFF, 0x39, 0x28, 0x08, 0xFF, 0x42, 0x2C, 0x10, 0xFF,
    0x39, 0x28, 0x10, 0xFF, 0x42, 0x28, 0x08, 0xFF, 0x39, 0x2C, 0x10, 0xFF, 0x42, 0x28, 0x10, 0xFF,
    0x39, 0x28, 0x08, 0xFF, 0x42, 0x2C, 0x10, 0xFF, 0x39, 0x28, 0x10, 0xFF, 0x42, 0x28, 0x08, 0xFF,
    0x39, 0x2C, 0x10, 0xFF, 0x42, 0x28, 0x10, 0xFF, 0x39, 0x28, 0x08, 0xFF, 0x42, 0x2C, 0x10, 0xFF,
    0x39, 0x28, 0x10, 0xFF, 0x42, 0x28, 0x08, 0xFF, 0x39, 0x2C, 0x10, 0xFF, 0x42, 0x28, 0x10, 0xFF,
    0x39, 0x28, 0x08, 0xFF, 0x42, 0x2C, 0x10, 0xFF, 0x39, 0x28, 0x10, 0xFF, 0x42, 0x28, 0x08, 0xFF,
    0x39, 0x2C, 0x10, 0xFF, 0x42, 0x28, 0x10, 0xFF, 0x39, 0x28, 0x08, 0xFF, 0x42, 0x2C, 0x10, 0xFF,
    0x39, 0x28, 0x10, 0xFF, 0x42, 0x28, 0x08, 0xFF, 0x39, 0x2C, 0x10, 0xFF, 0x42, 0x28, 0x10, 0xFF,
    0x39, 0x28, 0x08, 0xFF, 0x42, 0x2C, 0x10, 0xFF, 0x39, 0x28, 0x10, 0xFF, 0x42, 0x28, 0x08, 0xFF,
    0x39, 0x2C, 0x10, 0xFF, 0x42, 0x28, 0x10, 0xFF, 0x39, 0x28, 0x08, 0xFF, 0x42, 0x2C, 0x10, 0xFF,
    0x39, 0x28, 0x10, 0xFF, 0x42, 0x28, 0x08, 0xFF, 0x39, 0x2C, 0x10, 0xFF, 0x42, 0x28, 0x10, 0xFF,
    0x39, 0x28, 0x08, 0xFF, 0x42, 0x2C, 0x10, 0xFF, 0x39, 0x28, 0x10, 0xFF, 0x42, 0x28, 0x08, 0xFF,
    0x39, 0x2C, 0x10, 0xFF, 0x42, 0x28, 0x10, 0xFF, 0x39, 0x28, 0x08, 0xFF, 0x42, 0x2C, 0x10, 0xFF,
    0x39, 0x28, 0x10, 0xFF, 0x42, 0x28, 0x08, 0xFF, 0x39, 0x2C, 0x10, 0xFF, 0x42, 0x28, 0x10, 0xFF,
    0x39, 0x28, 0x08, 0xFF, 0x42, 0x2C, 0x10, 0xFF, 0x39, 0x28, 0x10, 0xFF, 0x42, 0x28, 0x08, 0xFF,
    0x39, 0x2C, 0x10, 0xFF, 0x42, 0x28, 0x10, 0xFF, 0x39, 0x28, 0x08, 0xFF, 0x42, 0x2C, 0x10, 0xFF,
    0x39, 0x28, 0x10, 0xFF, 0x42, 0x28, 0x08, 0xFF, 0x39, 0x2C, 0x10, 0xFF, 0x42, 0x28, 0x10, 0xFF,
    0x39, 0x28, 0x08, 0xFF, 0x42, 0x2C, 0x10, 0xFF, 0x39, 0x28, 0x08, 0xFF, 0x39, 0x28, 0x10, 0xFF,
    0x39, 0x28, 0x08, 0xFF, 0x42, 0x28, 0x10, 0xFF, 0x39, 0x28, 0x08, 0xFF, 0x42, 0x28, 0x10, 0xFF,
    0x39, 0x28, 0x08, 0xFF, 0x42, 0x28, 0x10, 0xFF, 0x39, 0x28, 0x08, 0xFF, 0x42, 0x28, 0x10, 0xFF,
    0x39, 0x28, 0x08, 0xFF, 0x42, 0x28, 0x10, 0xFF, 0x39, 0x28, 0x08, 0xFF, 0x42, 0x28, 0x10, 0xFF,
    0x39, 0x28, 0x08, 0xFF, 0x42, 0x28, 0x10, 0xFF, 0x39, 0x28, 0x08, 0xFF, 0x42, 0x28, 0x10, 0xFF,
    0x39, 0x28, 0x08, 0xFF, 0x42, 0x28, 0x10, 0xFF, 0x39, 0x28, 0x08, 0xFF, 0x42, 0x28, 0x10, 0xFF,
    0x39, 0x28, 0x08, 0xFF, 0x42, 0x28, 0x10, 0xFF, 0x39, 0x28, 0x08, 0xFF, 0x42, 0x28, 0x10, 0xFF,
    0x39, 0x28, 0x08, 0xFF, 0x42, 0x28, 0x10, 0xFF, 0x39, 0x28, 0x08, 0xFF, 0x42, 0x28, 0x10, 0xFF,
    0x39, 0x28, 0x08, 0xFF, 0x42, 0x28, 0x10, 0xFF, 0x39, 0x28, 0x08, 0xFF, 0x42, 0x28, 0x10, 0xFF,
    0x39, 0x28, 0x08, 0xFF, 0x42, 0x28, 0x10, 0xFF, 0x39, 0x28, 0x08, 0xFF, 0x42, 0x28, 0x10, 0xFF,
    0x39, 0x28, 0x08, 0xFF, 0x42, 0x28, 0x10, 0xFF, 0x39, 0x28, 0x08, 0xFF, 0x42, 0x28, 0x10, 0xFF,
    0x39, 0x28, 0x08, 0xFF, 0x42, 0x28, 0x10, 0xFF, 0x39, 0x28, 0x08, 0xFF, 0x42, 0x28, 0x10, 0xFF,
    0x39, 0x28, 0x08, 0xFF, 0x42, 0x28, 0x10, 0xFF, 0x39, 0x28, 0x08, 0xFF, 0x42, 0x28, 0x10, 0xFF,
    0x39, 0x28, 0x08, 0xFF, 0x42, 0x28, 0x10, 0xFF, 0x39, 0x28, 0x08, 0xFF, 0x42, 0x28, 0x10, 0xFF,
    0x39, 0x28, 0x08, 0xFF, 0x42, 0x28, 0x10, 0xFF, 0x39, 0x28, 0x08, 0xFF, 0x42, 0x28, 0x10, 0xFF,
    0x39, 0x28, 0x08, 0xFF, 0x42, 0x28, 0x10, 0xFF, 0x39, 0x28, 0x08, 0xFF, 0x42, 0x28, 0x10, 0xFF,
    0x39, 0x28, 0x08, 0xFF, 0x42, 0x28, 0x10, 0xFF, 0x39, 0x28, 0x08, 0xFF, 0x42, 0x28, 0x10, 0xFF,
    0x39, 0x28, 0x08, 0xFF, 0x42, 0x28, 0x10, 0xFF, 0x39, 0x28, 0x08, 0xFF, 0x42, 0x28, 0x10, 0xFF,
    0x39, 0x28, 0x08, 0xFF, 0x42, 0x28, 0x10, 0xFF, 0x39, 0x28, 0x08, 0xFF, 0x42, 0x28, 0x10, 0xFF,
    0x39, 0x28, 0x08, 0xFF, 0x42, 0x28, 0x10, 0xFF, 0x39, 0x28, 0x08, 0xFF, 0x42, 0x28, 0x10, 0xFF,
    0x39, 0x28, 0x08, 0xFF, 0x42, 0x28, 0x10, 0xFF, 0x39, 0x28, 0x08, 0xFF, 0x42, 0x28, 0x10, 0xFF,
    0x39, 0x28, 0x08, 0xFF, 0x42, 0x28, 0x10, 0xFF, 0x39, 0x28, 0x08, 0xFF, 0x42, 0x28, 0x10, 0xFF,
    0x39, 0x28, 0x08, 0xFF, 0x42, 0x28, 0x10, 0xFF, 0x39, 0x28, 0x08, 0xFF, 0x42, 0x28, 0x10, 0xFF,
    0x39, 0x28, 0x08, 0xFF, 0x42, 0x28, 0x10, 0xFF, 0x39, 0x28, 0x08, 0xFF, 0x42, 0x28, 0x10, 0xFF,
    0x39, 0x28, 0x08, 0xFF, 0x42, 0x28, 0x10, 0xFF, 0x39, 0x28, 0x08, 0xFF, 0x42, 0x28, 0x10, 0xFF,
    0x39, 0x28, 0x08, 0xFF, 0x42, 0x28, 0x10, 0xFF, 0x39, 0x28, 0x08, 0xFF, 0x42, 0x28, 0x10, 0xFF,
    0x39, 0x28, 0x08, 0xFF, 0x42, 0x28, 0x10, 0xFF, 0x39, 0x28, 0x08, 0xFF, 0x42, 0x28, 0x10, 0xFF,
    0x39, 0x28, 0x08, 0xFF, 0x42, 0x28, 0x10, 0xFF, 0x39, 0x28, 0x08, 0xFF, 0x42, 0x28, 0x10, 0xFF,
    0x39, 0x28, 0x08, 0xFF, 0x42, 0x28, 0x10, 0xFF, 0x39, 0x28, 0x08, 0xFF, 0x42, 0x28, 0x10, 0xFF,
    0x39, 0x28, 0x08, 0xFF, 0x42, 0x28, 0x10, 0xFF, 0x39, 0x28, 0x08, 0xFF, 0x42, 0x28, 0x10, 0xFF,
    0x39, 0x28, 0x08, 0xFF, 0x42, 0x28, 0x10, 0xFF, 0x39, 0x28, 0x08, 0xFF, 0x42, 0x28, 0x10, 0xFF,
    0x39, 0x28, 0x08, 0xFF, 0x42, 0x28, 0x10, 0xFF, 0x39, 0x28, 0x08, 0xFF, 0x42, 0x28, 0x10, 0xFF,
    0x39, 0x28, 0x08, 0xFF, 0x42, 0x28, 0x10, 0xFF, 0x39, 0x28, 0x08, 0xFF, 0x42, 0x28, 0x10, 0xFF,
    0x42, 0x28, 0x10, 0xFF, 0x39, 0x2C, 0x08, 0xFF, 0x39, 0x28, 0x10, 0xFF, 0x42, 0x2C, 0x08, 0xFF,
    0x39, 0x28, 0x10, 0xFF, 0x39, 0x2C, 0x08, 0xFF, 0x42, 0x28, 0x10, 0xFF, 0x39, 0x2C, 0x08, 0xFF,
    0x42, 0x28, 0x10, 0xFF, 0x39, 0x2C, 0x08, 0xFF, 0x42, 0x28, 0x10, 0xFF, 0x39, 0x2C, 0x08, 0xFF,
    0x42, 0x28, 0x10, 0xFF, 0x39, 0x2C, 0x08, 0xFF, 0x42, 0x28, 0x10, 0xFF, 0x39, 0x2C, 0x08, 0xFF,
    0x42, 0x28, 0x10, 0xFF, 0x39, 0x2C, 0x08, 0xFF, 0x42, 0x28, 0x10, 0xFF, 0x39, 0x2C, 0x08, 0xFF,
    0x42, 0x28, 0x10, 0xFF, 0x39, 0x2C, 0x08, 0xFF, 0x42, 0x28, 0x10, 0xFF, 0x39, 0x2C, 0x08, 0xFF,
    0x42, 0x28, 0x10, 0xFF, 0x39, 0x2C, 0x08, 0xFF, 0x42, 0x28, 0x10, 0xFF, 0x39, 0x2C, 0x08, 0xFF,
    0x42, 0x28, 0x10, 0xFF, 0x39, 0x2C, 0x08, 0xFF, 0x42, 0x28, 0x10, 0xFF, 0x39, 0x2C, 0x08, 0xFF,
    0x42, 0x28, 0x10, 0xFF, 0x39, 0x2C, 0x08, 0xFF, 0x42, 0x28, 0x10, 0xFF, 0x39, 0x2C, 0x08, 0xFF,
    0x42, 0x28, 0x10, 0xFF, 0x39, 0x2C, 0x08, 0xFF, 0x42, 0x28, 0x10, 0xFF, 0x39, 0x2C, 0x08, 0xFF,
    0x42, 0x28, 0x10, 0xFF, 0x39, 0x2C, 0x08, 0xFF, 0x42, 0x28, 0x10, 0xFF, 0x39, 0x2C, 0x08, 0xFF,
    0x42, 0x28, 0x10, 0xFF, 0x39, 0x2C, 0x08, 0xFF, 0x42, 0x28, 0x10, 0xFF, 0x39, 0x2C, 0x08, 0xFF,
    0x42, 0x28, 0x10, 0xFF, 0x39, 0x2C, 0x08, 0xFF, 0x42, 0x28, 0x10, 0xFF, 0x39, 0x2C, 0x08, 0xFF,
    0x42, 0x28, 0x10, 0xFF, 0x39, 0x2C, 0x08, 0xFF, 0x42, 0x28, 0x10, 0xFF, 0x39, 0x2C, 0x08, 0xFF,
    0x42, 0x28, 0x10, 0xFF, 0x39, 0x2C, 0x08, 0xFF, 0x42, 0x28, 0x10, 0xFF, 0x39, 0x2C, 0x08, 0xFF,
    0x42, 0x28, 0x10, 0xFF, 0x39, 0x2C, 0x08, 0xFF, 0x42, 0x28, 0x10, 0xFF, 0x39, 0x2C, 0x08, 0xFF,
    0x42, 0x28, 0x10, 0xFF, 0x39, 0x2C, 0x08, 0xFF, 0x42, 0x28, 0x10, 0xFF, 0x39, 0x2C, 0x08, 0xFF,
    0x42, 0x28, 0x10, 0xFF, 0x39, 0x2C, 0x08, 0xFF, 0x42, 0x28, 0x10, 0xFF, 0x39, 0x2C, 0x08, 0xFF,
    0x42, 0x28, 0x10, 0xFF, 0x39, 0x2C, 0x08, 0xFF, 0x42, 0x28, 0x10, 0xFF, 0x39, 0x2C, 0x08, 0xFF,
    0x42, 0x28, 0x10, 0xFF, 0x39, 0x2C, 0x08, 0xFF, 0x42, 0x28, 0x10, 0xFF, 0x39, 0x2C, 0x08, 0xFF,
    0x42, 0x28, 0x10, 0xFF, 0x39, 0x2C, 0x08, 0xFF, 0x42, 0x28, 0x10, 0xFF, 0x39, 0x2C, 0x08, 0xFF,
    0x42, 0x28, 0x10, 0xFF, 0x39, 0x2C, 0x08, 0xFF, 0x42, 0x28, 0x10, 0xFF, 0x39, 0x2C, 0x08, 0xFF,
    0x42, 0x28, 0x10, 0xFF, 0x39, 0x2C, 0x08, 0xFF, 0x42, 0x28, 0x10, 0xFF, 0x39, 0x2C, 0x08, 0xFF,
    0x42, 0x28, 0x10, 0xFF, 0x39, 0x2C, 0x08, 0xFF, 0x42, 0x28, 0x10, 0xFF, 0x39, 0x2C, 0x08, 0xFF,
    0x42, 0x28, 0x10, 0xFF, 0x39, 0x2C, 0x08, 0xFF, 0x42, 0x28, 0x10, 0xFF, 0x39, 0x2C, 0x08, 0xFF,
    0x42, 0x28, 0x10, 0xFF, 0x39, 0x2C, 0x08, 0xFF, 0x42, 0x28, 0x10, 0xFF, 0x39, 0x2C, 0x08, 0xFF,
    0x42, 0x28, 0x10, 0xFF, 0x39, 0x2C, 0x08, 0xFF, 0x42, 0x28, 0x10, 0xFF, 0x39, 0x2C, 0x08, 0xFF,
    0x42, 0x28, 0x10, 0xFF, 0x39, 0x2C, 0x08, 0xFF, 0x42, 0x28, 0x10, 0xFF, 0x39, 0x2C, 0x08, 0xFF,
    0x42, 0x28, 0x10, 0xFF, 0x39, 0x2C, 0x08, 0xFF, 0x42, 0x28, 0x10, 0xFF, 0x39, 0x2C, 0x08, 0xFF,
    0x42, 0x28, 0x10, 0xFF, 0x39, 0x2C, 0x08, 0xFF, 0x42, 0x28, 0x10, 0xFF, 0x39, 0x2C, 0x08, 0xFF,
    0x42, 0x28, 0x10, 0xFF, 0x39, 0x2C, 0x08, 0xFF, 0x42, 0x28, 0x10, 0xFF, 0x39, 0x2C, 0x08, 0xFF,
    0x42, 0x28, 0x10, 0xFF, 0x39, 0x2C, 0x08, 0xFF, 0x42, 0x28, 0x10, 0xFF, 0x39, 0x2C, 0x08, 0xFF,
    0x39, 0x28, 0x10, 0xFF, 0x42, 0x28, 0x10, 0xFF, 0x39, 0x28, 0x10, 0xFF, 0x42, 0x28, 0x10, 0xFF,
    0x39, 0x2C, 0x10, 0xFF, 0x42, 0x28, 0x10, 0xFF, 0x39, 0x28, 0x10, 0xFF, 0x39, 0x28, 0x10, 0xFF,
    0x42, 0x28, 0x10, 0xFF, 0x39, 0x28, 0x10, 0xFF, 0x39, 0x2C, 0x10, 0xFF, 0x42, 0x28, 0x10, 0xFF,
    0x39, 0x28, 0x10, 0xFF, 0x39, 0x28, 0x10, 0xFF, 0x42, 0x28, 0x10, 0xFF, 0x39, 0x28, 0x10, 0xFF,
    0x39, 0x2C, 0x10, 0xFF, 0x42, 0x28, 0x10, 0xFF, 0x39, 0x28, 0x10, 0xFF, 0x39, 0x28, 0x10, 0xFF,
    0x42, 0x28, 0x10, 0xFF, 0x39, 0x28, 0x10, 0xFF, 0x39, 0x2C, 0x10, 0xFF, 0x42, 0x28, 0x10, 0xFF,
    0x39, 0x28, 0x10, 0xFF, 0x39, 0x28, 0x10, 0xFF, 0x42, 0x28, 0x10, 0xFF, 0x39, 0x28, 0x10, 0xFF,
    0x39, 0x2C, 0x10, 0xFF, 0x42, 0x28, 0x10, 0xFF, 0x39, 0x28, 0x10, 0xFF, 0x39, 0x28, 0x10, 0xFF,
    0x42, 0x28, 0x10, 0xFF, 0x39, 0x28, 0x10, 0xFF, 0x39, 0x2C, 0x10, 0xFF, 0x42, 0x28, 0x10, 0xFF,
    0x39, 0x28, 0x10, 0xFF, 0x39, 0x28, 0x10, 0xFF, 0x42, 0x28, 0x10, 0xFF, 0x39, 0x28, 0x10, 0xFF,
    0x39, 0x2C, 0x10, 0xFF, 0x42, 0x28, 0x10, 0xFF, 0x39, 0x28, 0x10, 0xFF, 0x39, 0x28, 0x10, 0xFF,
    0x42, 0x28, 0x10, 0xFF, 0x39, 0x28, 0x10, 0xFF, 0x39, 0x2C, 0x10, 0xFF, 0x42, 0x28, 0x10, 0xFF,
    0x39, 0x28, 0x10, 0xFF, 0x39, 0x28, 0x10, 0xFF, 0x42, 0x28, 0x10, 0xFF, 0x39, 0x28, 0x10, 0xFF,
    0x39, 0x2C, 0x10, 0xFF, 0x42, 0x28, 0x10, 0xFF, 0x39, 0x28, 0x10, 0xFF, 0x39, 0x28, 0x10, 0xFF,
    0x42, 0x28, 0x10, 0xFF, 0x39, 0x28, 0x10, 0xFF, 0x39, 0x2C, 0x10, 0xFF, 0x42, 0x28, 0x10, 0xFF,
    0x39, 0x28, 0x10, 0xFF, 0x39, 0x28, 0x10, 0xFF, 0x42, 0x28, 0x10, 0xFF, 0x39, 0x28, 0x10, 0xFF,
    0x39, 0x2C, 0x10, 0xFF, 0x42, 0x28, 0x10, 0xFF, 0x39, 0x28, 0x10, 0xFF, 0x39, 0x28, 0x10, 0xFF,
    0x42, 0x28, 0x10, 0xFF, 0x39, 0x28, 0x10, 0xFF, 0x39, 0x2C, 0x10, 0xFF, 0x42, 0x28, 0x10, 0xFF,
    0x39, 0x28, 0x10, 0xFF, 0x39, 0x28, 0x10, 0xFF, 0x42, 0x28, 0x10, 0xFF, 0x39, 0x28, 0x10, 0xFF,
    0x39, 0x2C, 0x10, 0xFF, 0x42, 0x28, 0x10, 0xFF, 0x39, 0x28, 0x10, 0xFF, 0x39, 0x28, 0x10, 0xFF,
    0x42, 0x28, 0x10, 0xFF, 0x39, 0x28, 0x10, 0xFF, 0x39, 0x2C, 0x10, 0xFF, 0x42, 0x28, 0x10, 0xFF,
    0x39, 0x28, 0x10, 0xFF, 0x39, 0x28, 0x10, 0xFF, 0x42, 0x28, 0x10, 0xFF, 0x39, 0x28, 0x10, 0xFF,
    0x39, 0x2C, 0x10, 0xFF, 0x42, 0x28, 0x10, 0xFF, 0x39, 0x28, 0x10, 0xFF, 0x39, 0x28, 0x10, 0xFF,
    0x42, 0x28, 0x10, 0xFF, 0x39, 0x28, 0x10, 0xFF, 0x39, 0x2C, 0x10, 0xFF, 0x42, 0x28, 0x10, 0xFF,
    0x39, 0x28, 0x10, 0xFF, 0x39, 0x28, 0x10, 0xFF, 0x42, 0x28, 0x10, 0xFF, 0x39, 0x28, 0x10, 0xFF,
    0x39, 0x2C, 0x10, 0xFF, 0x42, 0x28, 0x10, 0xFF, 0x39, 0x28, 0x10, 0xFF, 0x39, 0x28, 0x10, 0xFF,
    0x42, 0x28, 0x10, 0xFF, 0x39, 0x28, 0x10, 0xFF, 0x39, 0x2C, 0x10, 0xFF, 0x42, 0x28, 0x10, 0xFF,
    0x39, 0x28, 0x10, 0xFF, 0x39, 0x28, 0x10, 0xFF, 0x42, 0x28, 0x10, 0xFF, 0x39, 0x28, 0x10, 0xFF,
    0x39, 0x2C, 0x10, 0xFF, 0x42, 0x28, 0x10, 0xFF, 0x39, 0x28, 0x10, 0xFF, 0x39, 0x28, 0x10, 0xFF,
    0x42, 0x28, 0x10, 0xFF, 0x39, 0x28, 0x10, 0xFF, 0x39, 0x2C, 0x10, 0xFF, 0x42, 0x28, 0x10, 0xFF,
    0x39, 0x28, 0x10, 0xFF, 0x39, 0x28, 0x10, 0xFF, 0x42, 0x28, 0x10, 0xFF, 0x39, 0x28, 0x10, 0xFF,
    0x39, 0x2C, 0x10, 0xFF, 0x42, 0x28, 0x10, 0xFF, 0x39, 0x28, 0x10, 0xFF, 0x42, 0x28, 0x10, 0xFF,
    0x42, 0x2C, 0x10, 0xFF, 0x39, 0x28, 0x08, 0xFF, 0x42, 0x2C, 0x10, 0xFF, 0x39, 0x28, 0x08, 0xFF,
    0x42, 0x28, 0x10, 0xFF, 0x39, 0x2C, 0x08, 0xFF, 0x42, 0x28, 0x10, 0xFF, 0x42, 0x2C, 0x08, 0xFF,
    0x39, 0x28, 0x10, 0xFF, 0x42, 0x2C, 0x08, 0xFF, 0x42, 0x28, 0x10, 0xFF, 0x39, 0x28, 0x08, 0xFF,
    0x42, 0x2C, 0x10, 0xFF, 0x42, 0x28, 0x08, 0xFF, 0x39, 0x2C, 0x10, 0xFF, 0x42, 0x28, 0x08, 0xFF,
    0x42, 0x28, 0x10, 0xFF, 0x39, 0x2C, 0x08, 0xFF, 0x42, 0x28, 0x10, 0xFF, 0x42, 0x2C, 0x08, 0xFF,
    0x39, 0x28, 0x10, 0xFF, 0x42, 0x2C, 0x08, 0xFF, 0x42, 0x28, 0x10, 0xFF, 0x39, 0x28, 0x08, 0xFF,
    0x42, 0x2C, 0x10, 0xFF, 0x42, 0x28, 0x08, 0xFF, 0x39, 0x2C, 0x10, 0xFF, 0x42, 0x28, 0x08, 0xFF,
    0x42, 0x28, 0x10, 0xFF, 0x39, 0x2C, 0x08, 0xFF, 0x42, 0x28, 0x10, 0xFF, 0x42, 0x2C, 0x08, 0xFF,
    0x39, 0x28, 0x10, 0xFF, 0x42, 0x2C, 0x08, 0xFF, 0x42, 0x28, 0x10, 0xFF, 0x39, 0x28, 0x08, 0xFF,
    0x42, 0x2C, 0x10, 0xFF, 0x42, 0x28, 0x08, 0xFF, 0x39, 0x2C, 0x10, 0xFF, 0x42, 0x28, 0x08, 0xFF,
    0x42, 0x28, 0x10, 0xFF, 0x39, 0x2C, 0x08, 0xFF, 0x42, 0x28, 0x10, 0xFF, 0x42, 0x2C, 0x08, 0xFF,
    0x39, 0x28, 0x10, 0xFF, 0x42, 0x2C, 0x08, 0xFF, 0x42, 0x28, 0x10, 0xFF, 0x39, 0x28, 0x08, 0xFF,
    0x42, 0x2C, 0x10, 0xFF, 0x42, 0x28, 0x08, 0xFF, 0x39, 0x2C, 0x10, 0xFF, 0x42, 0x28, 0x08, 0xFF,
    0x42, 0x28, 0x10, 0xFF, 0x39, 0x2C, 0x08, 0xFF, 0x42, 0x28, 0x10, 0xFF, 0x42, 0x2C, 0x08, 0xFF,
    0x39, 0x28, 0x10, 0xFF, 0x42, 0x2C, 0x08, 0xFF, 0x42, 0x28, 0x10, 0xFF, 0x39, 0x28, 0x08, 0xFF,
    0x42, 0x2C, 0x10, 0xFF, 0x42, 0x28, 0x08, 0xFF, 0x39, 0x2C, 0x10, 0xFF, 0x42, 0x28, 0x08, 0xFF,
    0x42, 0x28, 0x10, 0xFF, 0x39, 0x2C, 0x08, 0xFF, 0x42, 0x28, 0x10, 0xFF, 0x42, 0x2C, 0x08, 0xFF,
    0x39, 0x28, 0x10, 0xFF, 0x42, 0x2C, 0x08, 0xFF, 0x42, 0x28, 0x10, 0xFF, 0x39, 0x28, 0x08, 0xFF,
    0x42, 0x2C, 0x10, 0xFF, 0x42, 0x28, 0x08, 0xFF, 0x39, 0x2C, 0x10, 0xFF, 0x42, 0x28, 0x08, 0xFF,
    0x42, 0x28, 0x10, 0xFF, 0x39, 0x2C, 0x08, 0xFF, 0x42, 0x28, 0x10, 0xFF, 0x42, 0x2C, 0x08, 0xFF,
    0x39, 0x28, 0x10, 0xFF, 0x42, 0x2C, 0x08, 0xFF, 0x42, 0x28, 0x10, 0xFF, 0x39, 0x28, 0x08, 0xFF,
    0x42, 0x2C, 0x10, 0xFF, 0x42, 0x28, 0x08, 0xFF, 0x39, 0x2C, 0x10, 0xFF, 0x42, 0x28, 0x08, 0xFF,
    0x42, 0x28, 0x10, 0xFF, 0x39, 0x2C, 0x08, 0xFF, 0x42, 0x28, 0x10, 0xFF, 0x42, 0x2C, 0x08, 0xFF,
    0x39, 0x28, 0x10, 0xFF, 0x42, 0x2C, 0x08, 0xFF, 0x42, 0x28, 0x10, 0xFF, 0x39, 0x28, 0x08, 0xFF,
    0x42, 0x2C, 0x10, 0xFF, 0x42, 0x28, 0x08, 0xFF, 0x39, 0x2C, 0x10, 0xFF, 0x42, 0x28, 0x08, 0xFF,
    0x42, 0x28, 0x10, 0xFF, 0x39, 0x2C, 0x08, 0xFF, 0x42, 0x28, 0x10, 0xFF, 0x42, 0x2C, 0x08, 0xFF,
    0x39, 0x28, 0x10, 0xFF, 0x42, 0x2C, 0x08, 0xFF, 0x42, 0x28, 0x10, 0xFF, 0x39, 0x28, 0x08, 0xFF,
    0x42, 0x2C, 0x10, 0xFF, 0x42, 0x28, 0x08, 0xFF, 0x39, 0x2C, 0x10, 0xFF, 0x42, 0x28, 0x08, 0xFF,
    0x42, 0x28, 0x10, 0xFF, 0x39, 0x2C, 0x08, 0xFF, 0x42, 0x28, 0x10, 0xFF, 0x42, 0x2C, 0x08, 0xFF,
    0x39, 0x28, 0x10, 0xFF, 0x42, 0x2C, 0x08, 0xFF, 0x42, 0x28, 0x10, 0xFF, 0x39, 0x28, 0x08, 0xFF,
    0x42, 0x2C, 0x10, 0xFF, 0x42, 0x28, 0x08, 0xFF, 0x39, 0x2C, 0x10, 0xFF, 0x42, 0x28, 0x08, 0xFF,
    0x42, 0x28, 0x10, 0xFF, 0x39, 0x2C, 0x08, 0xFF, 0x42, 0x28, 0x10, 0xFF, 0x39, 0x2C, 0x08, 0xFF,
    0x42, 0x28, 0x10, 0xFF, 0x39, 0x28, 0x08, 0xFF, 0x42, 0x28, 0x10, 0xFF, 0x42, 0x2C, 0x10, 0xFF,
    0x39, 0x28, 0x08, 0xFF, 0x42, 0x28, 0x10, 0xFF, 0x39, 0x2C, 0x10, 0xFF, 0x42, 0x28, 0x08, 0xFF,
    0x39, 0x28, 0x10, 0xFF, 0x42, 0x28, 0x10, 0xFF, 0x39, 0x2C, 0x08, 0xFF, 0x42, 0x28, 0x10, 0xFF,
    0x39, 0x28, 0x10, 0xFF, 0x42, 0x2C, 0x08, 0xFF, 0x39, 0x28, 0x10, 0xFF, 0x42, 0x2C, 0x10, 0xFF,
    0x39, 0x28, 0x08, 0xFF, 0x42, 0x28, 0x10, 0xFF, 0x39, 0x2C, 0x10, 0xFF, 0x42, 0x28, 0x08, 0xFF,
    0x39, 0x28, 0x10, 0xFF, 0x42, 0x28, 0x10, 0xFF, 0x39, 0x2C, 0x08, 0xFF, 0x42, 0x28, 0x10, 0xFF,
    0x39, 0x28, 0x10, 0xFF, 0x42, 0x2C, 0x08, 0xFF, 0x39, 0x28, 0x10, 0xFF, 0x42, 0x2C, 0x10, 0xFF,
    0x39, 0x28, 0x08, 0xFF, 0x42, 0x28, 0x10, 0xFF, 0x39, 0x2C, 0x10, 0xFF, 0x42, 0x28, 0x08, 0xFF,
    0x39, 0x28, 0x10, 0xFF, 0x42, 0x28, 0x10, 0xFF, 0x39, 0x2C, 0x08, 0xFF, 0x42, 0x28, 0x10, 0xFF,
    0x39, 0x28, 0x10, 0xFF, 0x42, 0x2C, 0x08, 0xFF, 0x39, 0x28, 0x10, 0xFF, 0x42, 0x2C, 0x10, 0xFF,
    0x39, 0x28, 0x08, 0xFF, 0x42, 0x28, 0x10, 0xFF, 0x39, 0x2C, 0x10, 0xFF, 0x42, 0x28, 0x08, 0xFF,
    0x39, 0x28, 0x10, 0xFF, 0x42, 0x28, 0x10, 0xFF, 0x39, 0x2C, 0x08, 0xFF, 0x42, 0x28, 0x10, 0xFF,
    0x39, 0x28, 0x10, 0xFF, 0x42, 0x2C, 0x08, 0xFF, 0x39, 0x28, 0x10, 0xFF, 0x42, 0x2C, 0x10, 0xFF,
    0x39, 0x28, 0x08, 0xFF, 0x42, 0x28, 0x10, 0xFF, 0x39, 0x2C, 0x10, 0xFF, 0x42, 0x28, 0x08, 0xFF,
    0x39, 0x28, 0x10, 0xFF, 0x42, 0x28, 0x10, 0xFF, 0x39, 0x2C, 0x08, 0xFF, 0x42, 0x28, 0x10, 0xFF,
    0x39, 0x28, 0x10, 0xFF, 0x42, 0x2C, 0x08, 0xFF, 0x39, 0x28, 0x10, 0xFF, 0x42, 0x2C, 0x10, 0xFF,
    0x39, 0x28, 0x08, 0xFF, 0x42, 0x28, 0x10, 0xFF, 0x39, 0x2C, 0x10, 0xFF, 0x42, 0x28, 0x08, 0xFF,
    0x39, 0x28, 0x10, 0xFF, 0x42, 0x28, 0x10, 0xFF, 0x39, 0x2C, 0x08, 0xFF, 0x42, 0x28, 0x10, 0xFF,
    0x39, 0x28, 0x10, 0xFF, 0x42, 0x2C, 0x08, 0xFF, 0x39, 0x28, 0x10, 0xFF, 0x42, 0x2C, 0x10, 0xFF,
    0x39, 0x28, 0x08, 0xFF, 0x42, 0x28, 0x10, 0xFF, 0x39, 0x2C, 0x10, 0xFF, 0x42, 0x28, 0x08, 0xFF,
    0x39, 0x28, 0x10, 0xFF, 0x42, 0x28, 0x10, 0xFF, 0x39, 0x2C, 0x08, 0xFF, 0x42, 0x28, 0x10, 0xFF,
    0x39, 0x28, 0x10, 0xFF, 0x42, 0x2C, 0x08, 0xFF, 0x39, 0x28, 0x10, 0xFF, 0x42, 0x2C, 0x10, 0xFF,
    0x39, 0x28, 0x08, 0xFF, 0x42, 0x28, 0x10, 0xFF, 0x39, 0x2C, 0x10, 0xFF, 0x42, 0x28, 0x08, 0xFF,
    0x39, 0x28, 0x10, 0xFF, 0x42, 0x28, 0x10, 0xFF, 0x39, 0x2C, 0x08, 0xFF, 0x42, 0x28, 0x10, 0xFF,
    0x39, 0x28, 0x10, 0xFF, 0x42, 0x2C, 0x08, 0xFF, 0x39, 0x28, 0x10, 0xFF, 0x42, 0x2C, 0x10, 0xFF,
    0x39, 0x28, 0x08, 0xFF, 0x42, 0x28, 0x10, 0xFF, 0x39, 0x2C, 0x10, 0xFF, 0x42, 0x28, 0x08, 0xFF,
    0x39, 0x28, 0x10, 0xFF, 0x42, 0x28, 0x10, 0xFF, 0x39, 0x2C, 0x08, 0xFF, 0x42, 0x28, 0x10, 0xFF,
    0x39, 0x28, 0x10, 0xFF, 0x42, 0x2C, 0x08, 0xFF, 0x39, 0x28, 0x10, 0xFF, 0x42, 0x2C, 0x10, 0xFF,
    0x39, 0x28, 0x08, 0xFF, 0x42, 0x28, 0x10, 0xFF, 0x39, 0x2C, 0x10, 0xFF, 0x42, 0x28, 0x08, 0xFF,
    0x39, 0x28, 0x10, 0xFF, 0x42, 0x28, 0x10, 0xFF, 0x39, 0x2C, 0x08, 0xFF, 0x42, 0x28, 0x10, 0xFF,
    0x39, 0x28, 0x10, 0xFF, 0x42, 0x2C, 0x08, 0xFF, 0x39, 0x28, 0x10, 0xFF, 0x42, 0x2C, 0x10, 0xFF,
    0x39, 0x28, 0x08, 0xFF, 0x42, 0x28, 0x10, 0xFF, 0x39, 0x2C, 0x10, 0xFF, 0x42, 0x28, 0x10, 0xFF,
    0x42, 0x2C, 0x10, 0xFF, 0x39, 0x2C, 0x10, 0xFF, 0x42, 0x28, 0x10, 0xFF, 0x39, 0x2C, 0x10, 0xFF,
    0x42, 0x28, 0x10, 0xFF, 0x42, 0x2C, 0x10, 0xFF, 0x39, 0x28, 0x10, 0xFF, 0x42, 0x2C, 0x10, 0xFF,
    0x42, 0x2C, 0x10, 0xFF, 0x39, 0x28, 0x10, 0xFF, 0x42, 0x2C, 0x10, 0xFF, 0x39, 0x28, 0x10, 0xFF,
    0x42, 0x2C, 0x10, 0xFF, 0x39, 0x28, 0x10, 0xFF, 0x42, 0x2C, 0x10, 0xFF, 0x39, 0x28, 0x10, 0xFF,
    0x42, 0x2C, 0x10, 0xFF, 0x39, 0x28, 0x10, 0xFF, 0x42, 0x2C, 0x10, 0xFF, 0x39, 0x28, 0x10, 0xFF,
    0x42, 0x2C, 0x10, 0xFF, 0x39, 0x28, 0x10, 0xFF, 0x42, 0x2C, 0x10, 0xFF, 0x39, 0x28, 0x10, 0xFF,
    0x42, 0x2C, 0x10, 0xFF, 0x39, 0x28, 0x10, 0xFF, 0x42, 0x2C, 0x10, 0xFF, 0x39, 0x28, 0x10, 0xFF,
    0x42, 0x2C, 0x10, 0xFF, 0x39, 0x28, 0x10, 0xFF, 0x42, 0x2C, 0x10, 0xFF, 0x39, 0x28, 0x10, 0xFF,
    0x42, 0x2C, 0x10, 0xFF, 0x39, 0x28, 0x10, 0xFF, 0x42, 0x2C, 0x10, 0xFF, 0x39, 0x28, 0x10, 0xFF,
    0x42, 0x2C, 0x10, 0xFF, 0x39, 0x28, 0x10, 0xFF, 0x42, 0x2C, 0x10, 0xFF, 0x39, 0x28, 0x10, 0xFF,
    0x42, 0x2C, 0x10, 0xFF, 0x39, 0x28, 0x10, 0xFF, 0x42, 0x2C, 0x10, 0xFF, 0x39, 0x28, 0x10, 0xFF,
    0x42, 0x2C, 0x10, 0xFF, 0x39, 0x28, 0x10, 0xFF, 0x42, 0x2C, 0x10, 0xFF, 0x39, 0x28, 0x10, 0xFF,
    0x42, 0x2C, 0x10, 0xFF, 0x39, 0x28, 0x10, 0xFF, 0x42, 0x2C, 0x10, 0xFF, 0x39, 0x28, 0x10, 0xFF,
    0x42, 0x2C, 0x10, 0xFF, 0x39, 0x28, 0x10, 0xFF, 0x42, 0x2C, 0x10, 0xFF, 0x39, 0x28, 0x10, 0xFF,
    0x42, 0x2C, 0x10, 0xFF, 0x39, 0x28, 0x10, 0xFF, 0x42, 0x2C, 0x10, 0xFF, 0x39, 0x28, 0x10, 0xFF,
    0x42, 0x2C, 0x10, 0xFF, 0x39, 0x28, 0x10, 0xFF, 0x42, 0x2C, 0x10, 0xFF, 0x39, 0x28, 0x10, 0xFF,
    0x42, 0x2C, 0x10, 0xFF, 0x39, 0x28, 0x10, 0xFF, 0x42, 0x2C, 0x10, 0xFF, 0x39, 0x28, 0x10, 0xFF,
    0x42, 0x2C, 0x10, 0xFF, 0x39, 0x28, 0x10, 0xFF, 0x42, 0x2C, 0x10, 0xFF, 0x39, 0x28, 0x10, 0xFF,
    0x42, 0x2C, 0x10, 0xFF, 0x39, 0x28, 0x10, 0xFF, 0x42, 0x2C, 0x10, 0xFF, 0x39, 0x28, 0x10, 0xFF,
    0x42, 0x2C, 0x10, 0xFF, 0x39, 0x28, 0x10, 0xFF, 0x42, 0x2C, 0x10, 0xFF, 0x39, 0x28, 0x10, 0xFF,
    0x42, 0x2C, 0x10, 0xFF, 0x39, 0x28, 0x10, 0xFF, 0x42, 0x2C, 0x10, 0xFF, 0x39, 0x28, 0x10, 0xFF,
    0x42, 0x2C, 0x10, 0xFF, 0x39, 0x28, 0x10, 0xFF, 0x42, 0x2C, 0x10, 0xFF, 0x39, 0x28, 0x10, 0xFF,
    0x42, 0x2C, 0x10, 0xFF, 0x39, 0x28, 0x10, 0xFF, 0x42, 0x2C, 0x10, 0xFF, 0x39, 0x28, 0x10, 0xFF,
    0x42, 0x2C, 0x10, 0xFF, 0x39, 0x28, 0x10, 0xFF, 0x42, 0x2C, 0x10, 0xFF, 0x39, 0x28, 0x10, 0xFF,
    0x42, 0x2C, 0x10, 0xFF, 0x39, 0x28, 0x10, 0xFF, 0x42, 0x2C, 0x10, 0xFF, 0x39, 0x28, 0x10, 0xFF,
    0x42, 0x2C, 0x10, 0xFF, 0x39, 0x28, 0x10, 0xFF, 0x42, 0x2C, 0x10, 0xFF, 0x39, 0x28, 0x10, 0xFF,
    0x42, 0x2C, 0x10, 0xFF, 0x39, 0x28, 0x10, 0xFF, 0x42, 0x2C, 0x10, 0xFF, 0x39, 0x28, 0x10, 0xFF,
    0x42, 0x2C, 0x10, 0xFF, 0x39, 0x28, 0x10, 0xFF, 0x42, 0x2C, 0x10, 0xFF, 0x39, 0x28, 0x10, 0xFF,
    0x42, 0x2C, 0x10, 0xFF, 0x39, 0x28, 0x10, 0xFF, 0x42, 0x2C, 0x10, 0xFF, 0x39, 0x28, 0x10, 0xFF,
    0x42, 0x2C, 0x10, 0xFF, 0x39, 0x28, 0x10, 0xFF, 0x42, 0x2C, 0x10, 0xFF, 0x39, 0x28, 0x10, 0xFF,
    0x42, 0x2C, 0x10, 0xFF, 0x39, 0x28, 0x10, 0xFF, 0x42, 0x2C, 0x10, 0xFF, 0x39, 0x28, 0x10, 0xFF,
    0x42, 0x2C, 0x10, 0xFF, 0x39, 0x28, 0x10, 0xFF, 0x42, 0x2C, 0x08, 0xFF, 0x39, 0x28, 0x10, 0xFF,
    0x42, 0x28, 0x10, 0xFF, 0x39, 0x2C, 0x10, 0xFF, 0x42, 0x28, 0x08, 0xFF, 0x39, 0x2C, 0x10, 0xFF,
    0x42, 0x28, 0x10, 0xFF, 0x39, 0x2C, 0x08, 0xFF, 0x42, 0x28, 0x10, 0xFF, 0x39, 0x2C, 0x10, 0xFF,
    0x42, 0x28, 0x08, 0xFF, 0x39, 0x2C, 0x10, 0xFF, 0x42, 0x28, 0x10, 0xFF, 0x42, 0x2C, 0x08, 0xFF,
    0x39, 0x28, 0x10, 0xFF, 0x42, 0x2C, 0x10, 0xFF, 0x42, 0x28, 0x08, 0xFF, 0x39, 0x2C, 0x10, 0xFF,
    0x42, 0x28, 0x10, 0xFF, 0x42, 0x2C, 0x08, 0xFF, 0x39, 0x28, 0x10, 0xFF, 0x42, 0x2C, 0x10, 0xFF,
    0x42, 0x28, 0x08, 0xFF, 0x39, 0x2C, 0x10, 0xFF, 0x42, 0x28, 0x10, 0xFF, 0x42, 0x2C, 0x08, 0xFF,
    0x39, 0x28, 0x10, 0xFF, 0x42, 0x2C, 0x10, 0xFF, 0x42, 0x28, 0x08, 0xFF, 0x39, 0x2C, 0x10, 0xFF,
    0x42, 0x28, 0x10, 0xFF, 0x42, 0x2C, 0x08, 0xFF, 0x39, 0x28, 0x10, 0xFF, 0x42, 0x2C, 0x10, 0xFF,
    0x42, 0x28, 0x08, 0xFF, 0x39, 0x2C, 0x10, 0xFF, 0x42, 0x28, 0x10, 0xFF, 0x42, 0x2C, 0x08, 0xFF,
    0x39, 0x28, 0x10, 0xFF, 0x42, 0x2C, 0x10, 0xFF, 0x42, 0x28, 0x08, 0xFF, 0x39, 0x2C, 0x10, 0xFF,
    0x42, 0x28, 0x10, 0xFF, 0x42, 0x2C, 0x08, 0xFF, 0x39, 0x28, 0x10, 0xFF, 0x42, 0x2C, 0x10, 0xFF,
    0x42, 0x28, 0x08, 0xFF, 0x39, 0x2C, 0x10, 0xFF, 0x42, 0x28, 0x10, 0xFF, 0x42, 0x2C, 0x08, 0xFF,
    0x39, 0x28, 0x10, 0xFF, 0x42, 0x2C, 0x10, 0xFF, 0x42, 0x28, 0x08, 0xFF, 0x39, 0x2C, 0x10, 0xFF,
    0x42, 0x28, 0x10, 0xFF, 0x42, 0x2C, 0x08, 0xFF, 0x39, 0x28, 0x10, 0xFF, 0x42, 0x2C, 0x10, 0xFF,
    0x42, 0x28, 0x08, 0xFF, 0x39, 0x2C, 0x10, 0xFF, 0x42, 0x28, 0x10, 0xFF, 0x42, 0x2C, 0x08, 0xFF,
    0x39, 0x28, 0x10, 0xFF, 0x42, 0x2C, 0x10, 0xFF, 0x42, 0x28, 0x08, 0xFF, 0x39, 0x2C, 0x10, 0xFF,
    0x42, 0x28, 0x10, 0xFF, 0x42, 0x2C, 0x08, 0xFF, 0x39, 0x28, 0x10, 0xFF, 0x42, 0x2C, 0x10, 0xFF,
    0x42, 0x28, 0x08, 0xFF, 0x39, 0x2C, 0x10, 0xFF, 0x42, 0x28, 0x10, 0xFF, 0x42, 0x2C, 0x08, 0xFF,
    0x39, 0x28, 0x10, 0xFF, 0x42, 0x2C, 0x10, 0xFF, 0x42, 0x28, 0x08, 0xFF, 0x39, 0x2C, 0x10, 0xFF,
    0x42, 0x28, 0x10, 0xFF, 0x42, 0x2C, 0x08, 0xFF, 0x39, 0x28, 0x10, 0xFF, 0x42, 0x2C, 0x10, 0xFF,
    0x42, 0x28, 0x08, 0xFF, 0x39, 0x2C, 0x10, 0xFF, 0x42, 0x28, 0x10, 0xFF, 0x42, 0x2C, 0x08, 0xFF,
    0x39, 0x28, 0x10, 0xFF, 0x42, 0x2C, 0x10, 0xFF, 0x42, 0x28, 0x08, 0xFF, 0x39, 0x2C, 0x10, 0xFF,
    0x42, 0x28, 0x10, 0xFF, 0x42, 0x2C, 0x08, 0xFF, 0x39, 0x28, 0x10, 0xFF, 0x42, 0x2C, 0x10, 0xFF,
    0x42, 0x28, 0x08, 0xFF, 0x39, 0x2C, 0x10, 0xFF, 0x42, 0x28, 0x10, 0xFF, 0x42, 0x2C, 0x08, 0xFF,
    0x39, 0x28, 0x10, 0xFF, 0x42, 0x2C, 0x10, 0xFF, 0x42, 0x28, 0x08, 0xFF, 0x39, 0x2C, 0x10, 0xFF,
    0x42, 0x28, 0x10, 0xFF, 0x42, 0x2C, 0x08, 0xFF, 0x39, 0x28, 0x10, 0xFF, 0x42, 0x2C, 0x10, 0xFF,
    0x42, 0x28, 0x08, 0xFF, 0x39, 0x2C, 0x10, 0xFF, 0x42, 0x28, 0x10, 0xFF, 0x42, 0x2C, 0x08, 0xFF,
    0x39, 0x28, 0x10, 0xFF, 0x42, 0x2C, 0x10, 0xFF, 0x42, 0x28, 0x08, 0xFF, 0x39, 0x2C, 0x10, 0xFF,
    0x42, 0x28, 0x10, 0xFF, 0x42, 0x2C, 0x08, 0xFF, 0x39, 0x28, 0x10, 0xFF, 0x42, 0x2C, 0x10, 0xFF,
    0x42, 0x28, 0x08, 0xFF, 0x39, 0x2C, 0x10, 0xFF, 0x42, 0x28, 0x10, 0xFF, 0x42, 0x2C, 0x08, 0xFF,
    0x39, 0x28, 0x10, 0xFF, 0x42, 0x2C, 0x10, 0xFF, 0x42, 0x28, 0x08, 0xFF, 0x39, 0x2C, 0x10, 0xFF,
    0x42, 0x28, 0x10, 0xFF, 0x42, 0x2C, 0x10, 0xFF, 0x39, 0x28, 0x10, 0xFF, 0x42, 0x2C, 0x10, 0xFF,
    0x42, 0x2C, 0x10, 0xFF, 0x39, 0x28, 0x10, 0xFF, 0x42, 0x2C, 0x10, 0xFF, 0x42, 0x28, 0x10, 0xFF,
    0x39, 0x2C, 0x10, 0xFF, 0x42, 0x28, 0x10, 0xFF, 0x39, 0x2C, 0x10, 0xFF, 0x42, 0x28, 0x10, 0xFF,
    0x39, 0x2C, 0x10, 0xFF, 0x42, 0x28, 0x10, 0xFF, 0x39, 0x2C, 0x10, 0xFF, 0x42, 0x28, 0x10, 0xFF,
    0x42, 0x2C, 0x10, 0xFF, 0x39, 0x28, 0x10, 0xFF, 0x42, 0x2C, 0x10, 0xFF, 0x42, 0x28, 0x10, 0xFF,
    0x39, 0x2C, 0x10, 0xFF, 0x42, 0x28, 0x10, 0xFF, 0x42, 0x2C, 0x10, 0xFF, 0x39, 0x28, 0x10, 0xFF,
    0x42, 0x2C, 0x10, 0xFF, 0x42, 0x28, 0x10, 0xFF, 0x39, 0x2C, 0x10, 0xFF, 0x42, 0x28, 0x10, 0xFF,
    0x42, 0x2C, 0x10, 0xFF, 0x39, 0x28, 0x10, 0xFF, 0x42, 0x2C, 0x10, 0xFF, 0x42, 0x28, 0x10, 0xFF,
    0x39, 0x2C, 0x10, 0xFF, 0x42, 0x28, 0x10, 0xFF, 0x42, 0x2C, 0x10, 0xFF, 0x39, 0x28, 0x10, 0xFF,
    0x42, 0x2C, 0x10, 0xFF, 0x42, 0x28, 0x10, 0xFF, 0x39, 0x2C, 0x10, 0xFF, 0x42, 0x28, 0x10, 0xFF,
    0x42, 0x2C, 0x10, 0xFF, 0x39, 0x28, 0x10, 0xFF, 0x42, 0x2C, 0x10, 0xFF, 0x42, 0x28, 0x10, 0xFF,
    0x39, 0x2C, 0x10, 0xFF, 0x42, 0x28, 0x10, 0xFF, 0x42, 0x2C, 0x10, 0xFF, 0x39, 0x28, 0x10, 0xFF,
    0x42, 0x2C, 0x10, 0xFF, 0x42, 0x28, 0x10, 0xFF, 0x39, 0x2C, 0x10, 0xFF, 0x42, 0x28, 0x10, 0xFF,
    0x42, 0x2C, 0x10, 0xFF, 0x39, 0x28, 0x10, 0xFF, 0x42, 0x2C, 0x10, 0xFF, 0x42, 0x28, 0x10, 0xFF,
    0x39, 0x2C, 0x10, 0xFF, 0x42, 0x28, 0x10, 0xFF, 0x42, 0x2C, 0x10, 0xFF, 0x39, 0x28, 0x10, 0xFF,
    0x42, 0x2C, 0x10, 0xFF, 0x42, 0x28, 0x10, 0xFF, 0x39, 0x2C, 0x10, 0xFF, 0x42, 0x28, 0x10, 0xFF,
    0x42, 0x2C, 0x10, 0xFF, 0x39, 0x28, 0x10, 0xFF, 0x42, 0x2C, 0x10, 0xFF, 0x42, 0x28, 0x10, 0xFF,
    0x39, 0x2C, 0x10, 0xFF, 0x42, 0x28, 0x10, 0xFF, 0x42, 0x2C, 0x10, 0xFF, 0x39, 0x28, 0x10, 0xFF,
    0x42, 0x2C, 0x10, 0xFF, 0x42, 0x28, 0x10, 0xFF, 0x39, 0x2C, 0x10, 0xFF, 0x42, 0x28, 0x10, 0xFF,
    0x42, 0x2C, 0x10, 0xFF, 0x39, 0x28, 0x10, 0xFF, 0x42, 0x2C, 0x10, 0xFF, 0x42, 0x28, 0x10, 0xFF,
    0x39, 0x2C, 0x10, 0xFF, 0x42, 0x28, 0x10, 0xFF, 0x42, 0x2C, 0x10, 0xFF, 0x39, 0x28, 0x10, 0xFF,
    0x42, 0x2C, 0x10, 0xFF, 0x42, 0x28, 0x10, 0xFF, 0x39, 0x2C, 0x10, 0xFF, 0x42, 0x28, 0x10, 0xFF,
    0x42, 0x2C, 0x10, 0xFF, 0x39, 0x28, 0x10, 0xFF, 0x42, 0x2C, 0x10, 0xFF, 0x42, 0x28, 0x10, 0xFF,
    0x39, 0x2C, 0x10, 0xFF, 0x42, 0x28, 0x10, 0xFF, 0x42, 0x2C, 0x10, 0xFF, 0x39, 0x28, 0x10, 0xFF,
    0x42, 0x2C, 0x10, 0xFF, 0x42, 0x28, 0x10, 0xFF, 0x39, 0x2C, 0x10, 0xFF, 0x42, 0x28, 0x10, 0xFF,
    0x42, 0x2C, 0x10, 0xFF, 0x39, 0x28, 0x10, 0xFF, 0x42, 0x2C, 0x10, 0xFF, 0x42, 0x28, 0x10, 0xFF,
    0x39, 0x2C, 0x10, 0xFF, 0x42, 0x28, 0x10, 0xFF, 0x42, 0x2C, 0x10, 0xFF, 0x39, 0x28, 0x10, 0xFF,
    0x42, 0x2C, 0x10, 0xFF, 0x42, 0x28, 0x10, 0xFF, 0x39, 0x2C, 0x10, 0xFF, 0x42, 0x28, 0x10, 0xFF,
    0x42, 0x2C, 0x10, 0xFF, 0x39, 0x28, 0x10, 0xFF, 0x42, 0x2C, 0x10, 0xFF, 0x42, 0x28, 0x10, 0xFF,
    0x39, 0x2C, 0x10, 0xFF, 0x42, 0x28, 0x10, 0xFF, 0x42, 0x2C, 0x10, 0xFF, 0x39, 0x28, 0x10, 0xFF,
    0x42, 0x2C, 0x10, 0xFF, 0x42, 0x28, 0x10, 0xFF, 0x39, 0x2C, 0x10, 0xFF, 0x42, 0x28, 0x10, 0xFF,
    0x42, 0x2C, 0x10, 0xFF, 0x39, 0x28, 0x10, 0xFF, 0x42, 0x2C, 0x10, 0xFF, 0x42, 0x28, 0x10, 0xFF,
    0x39, 0x2C, 0x08, 0xFF, 0x42, 0x28, 0x10, 0xFF, 0x42, 0x2C, 0x10, 0xFF, 0x39, 0x28, 0x08, 0xFF,
    0x42, 0x28, 0x10, 0xFF, 0x42, 0x2C, 0x10, 0xFF, 0x39, 0x28, 0x10, 0xFF, 0x42, 0x2C, 0x10, 0xFF,
    0x42, 0x28, 0x10, 0xFF, 0x42, 0x2C, 0x10, 0xFF, 0x42, 0x28, 0x10, 0xFF, 0x42, 0x2C, 0x10, 0xFF,
    0x42, 0x28, 0x10, 0xFF, 0x42, 0x2C, 0x10, 0xFF, 0x42, 0x28, 0x10, 0xFF, 0x39, 0x2C, 0x10, 0xFF,
    0x42, 0x28, 0x10, 0xFF, 0x42, 0x2C, 0x10, 0xFF, 0x39, 0x28, 0x10, 0xFF, 0x42, 0x2C, 0x10, 0xFF,
    0x42, 0x28, 0x10, 0xFF, 0x39, 0x2C, 0x10, 0xFF, 0x42, 0x28, 0x10, 0xFF, 0x42, 0x2C, 0x10, 0xFF,
    0x39, 0x28, 0x10, 0xFF, 0x42, 0x2C, 0x10, 0xFF, 0x42, 0x28, 0x10, 0xFF, 0x39, 0x2C, 0x10, 0xFF,
    0x42, 0x28, 0x10, 0xFF, 0x42, 0x2C, 0x10, 0xFF, 0x39, 0x28, 0x10, 0xFF, 0x42, 0x2C, 0x10, 0xFF,
    0x42, 0x28, 0x10, 0xFF, 0x39, 0x2C, 0x10, 0xFF, 0x42, 0x28, 0x10, 0xFF, 0x42, 0x2C, 0x10, 0xFF,
    0x39, 0x28, 0x10, 0xFF, 0x42, 0x2C, 0x10, 0xFF, 0x42, 0x28, 0x10, 0xFF, 0x39, 0x2C, 0x10, 0xFF,
    0x42, 0x28, 0x10, 0xFF, 0x42, 0x2C, 0x10, 0xFF, 0x39, 0x28, 0x10, 0xFF, 0x42, 0x2C, 0x10, 0xFF,
    0x42, 0x28, 0x10, 0xFF, 0x39, 0x2C, 0x10, 0xFF, 0x42, 0x28, 0x10, 0xFF, 0x42, 0x2C, 0x10, 0xFF,
    0x39, 0x28, 0x10, 0xFF, 0x42, 0x2C, 0x10, 0xFF, 0x42, 0x28, 0x10, 0xFF, 0x39, 0x2C, 0x10, 0xFF,
    0x42, 0x28, 0x10, 0xFF, 0x42, 0x2C, 0x10, 0xFF, 0x39, 0x28, 0x10, 0xFF, 0x42, 0x2C, 0x10, 0xFF,
    0x42, 0x28, 0x10, 0xFF, 0x39, 0x2C, 0x10, 0xFF, 0x42, 0x28, 0x10, 0xFF, 0x42, 0x2C, 0x10, 0xFF,
    0x39, 0x28, 0x10, 0xFF, 0x42, 0x2C, 0x10, 0xFF, 0x42, 0x28, 0x10, 0xFF, 0x39, 0x2C, 0x10, 0xFF,
    0x42, 0x28, 0x10, 0xFF, 0x42, 0x2C, 0x10, 0xFF, 0x39, 0x28, 0x10, 0xFF, 0x42, 0x2C, 0x10, 0xFF,
    0x42, 0x28, 0x10, 0xFF, 0x39, 0x2C, 0x10, 0xFF, 0x42, 0x28, 0x10, 0xFF, 0x42, 0x2C, 0x10, 0xFF,
    0x39, 0x28, 0x10, 0xFF, 0x42, 0x2C, 0x10, 0xFF, 0x42, 0x28, 0x10, 0xFF, 0x39, 0x2C, 0x10, 0xFF,
    0x42, 0x28, 0x10, 0xFF, 0x42, 0x2C, 0x10, 0xFF, 0x39, 0x28, 0x10, 0xFF, 0x42, 0x2C, 0x10, 0xFF,
    0x42, 0x28, 0x10, 0xFF, 0x39, 0x2C, 0x10, 0xFF, 0x42, 0x28, 0x10, 0xFF, 0x42, 0x2C, 0x10, 0xFF,
    0x39, 0x28, 0x10, 0xFF, 0x42, 0x2C, 0x10, 0xFF, 0x42, 0x28, 0x10, 0xFF, 0x39, 0x2C, 0x10, 0xFF,
    0x42, 0x28, 0x10, 0xFF, 0x42, 0x2C, 0x10, 0xFF, 0x39, 0x28, 0x10, 0xFF, 0x42, 0x2C, 0x10, 0xFF,
    0x42, 0x28, 0x10, 0xFF, 0x39, 0x2C, 0x10, 0xFF, 0x42, 0x28, 0x10, 0xFF, 0x42, 0x2C, 0x10, 0xFF,
    0x39, 0x28, 0x10, 0xFF, 0x42, 0x2C, 0x10, 0xFF, 0x42, 0x28, 0x10, 0xFF, 0x39, 0x2C, 0x10, 0xFF,
    0x42, 0x28, 0x10, 0xFF, 0x42, 0x2C, 0x10, 0xFF, 0x39, 0x28, 0x10, 0xFF, 0x42, 0x2C, 0x10, 0xFF,
    0x42, 0x28, 0x10, 0xFF, 0x39, 0x2C, 0x10, 0xFF, 0x42, 0x28, 0x10, 0xFF, 0x42, 0x2C, 0x10, 0xFF,
    0x39, 0x28, 0x10, 0xFF, 0x42, 0x2C, 0x10, 0xFF, 0x42, 0x28, 0x10, 0xFF, 0x39, 0x2C, 0x10, 0xFF,
    0x42, 0x28, 0x10, 0xFF, 0x42, 0x2C, 0x10, 0xFF, 0x39, 0x28, 0x10, 0xFF, 0x42, 0x2C, 0x10, 0xFF,
    0x42, 0x28, 0x10, 0xFF, 0x39, 0x2C, 0x10, 0xFF, 0x42, 0x28, 0x10, 0xFF, 0x42, 0x2C, 0x10, 0xFF,
    0x39, 0x28, 0x10, 0xFF, 0x42, 0x2C, 0x10, 0xFF, 0x42, 0x28, 0x10, 0xFF, 0x39, 0x2C, 0x10, 0xFF,
    0x42, 0x28, 0x10, 0xFF, 0x42, 0x2C, 0x10, 0xFF, 0x39, 0x28, 0x10, 0xFF, 0x42, 0x2C, 0x10, 0xFF,
    0x42, 0x28, 0x10, 0xFF, 0x39, 0x2C, 0x10, 0xFF, 0x42, 0x28, 0x10, 0xFF, 0x42, 0x2C, 0x10, 0xFF,
    0x42, 0x2C, 0x10, 0xFF, 0x39, 0x2C, 0x10, 0xFF, 0x42, 0x2C, 0x10, 0xFF, 0x42, 0x2C, 0x10, 0xFF,
    0x39, 0x2C, 0x10, 0xFF, 0x42, 0x2C, 0x10, 0xFF, 0x39, 0x2C, 0x10, 0xFF, 0x42, 0x2C, 0x10, 0xFF,
    0x39, 0x2C, 0x10, 0xFF, 0x42, 0x28, 0x10, 0xFF, 0x39, 0x2C, 0x10, 0xFF, 0x42, 0x2C, 0x10, 0xFF,
    0x42, 0x2C, 0x10, 0xFF, 0x39, 0x2C, 0x10, 0xFF, 0x42, 0x2C, 0x10, 0xFF, 0x42, 0x2C, 0x10, 0xFF,
    0x39, 0x2C, 0x10, 0xFF, 0x42, 0x2C, 0x10, 0xFF, 0x42, 0x2C, 0x10, 0xFF, 0x39, 0x2C, 0x10, 0xFF,
    0x42, 0x2C, 0x10, 0xFF, 0x42, 0x2C, 0x10, 0xFF, 0x39, 0x2C, 0x10, 0xFF, 0x42, 0x2C, 0x10, 0xFF,
    0x42, 0x2C, 0x10, 0xFF, 0x39, 0x2C, 0x10, 0xFF, 0x42, 0x2C, 0x10, 0xFF, 0x42, 0x2C, 0x10, 0xFF,
    0x39, 0x2C, 0x10, 0xFF, 0x42, 0x2C, 0x10, 0xFF, 0x42, 0x2C, 0x10, 0xFF, 0x39, 0x2C, 0x10, 0xFF,
    0x42, 0x2C, 0x10, 0xFF, 0x42, 0x2C, 0x10, 0xFF, 0x39, 0x2C, 0x10, 0xFF, 0x42, 0x2C, 0x10, 0xFF,
    0x42, 0x2C, 0x10, 0xFF, 0x39, 0x2C, 0x10, 0xFF, 0x42, 0x2C, 0x10, 0xFF, 0x42, 0x2C, 0x10, 0xFF,
    0x39, 0x2C, 0x10, 0xFF, 0x42, 0x2C, 0x10, 0xFF, 0x42, 0x2C, 0x10, 0xFF, 0x39, 0x2C, 0x10, 0xFF,
    0x42, 0x2C, 0x10, 0xFF, 0x42, 0x2C, 0x10, 0xFF, 0x39, 0x2C, 0x10, 0xFF, 0x42, 0x2C, 0x10, 0xFF,
    0x42, 0x2C, 0x10, 0xFF, 0x39, 0x2C, 0x10, 0xFF, 0x42, 0x2C, 0x10, 0xFF, 0x42, 0x2C, 0x10, 0xFF,
    0x39, 0x2C, 0x10, 0xFF, 0x42, 0x2C, 0x10, 0xFF, 0x42, 0x2C, 0x10, 0xFF, 0x39, 0x2C, 0x10, 0xFF,
    0x42, 0x2C, 0x10, 0xFF, 0x42, 0x2C, 0x10, 0xFF, 0x39, 0x2C, 0x10, 0xFF, 0x42, 0x2C, 0x10, 0xFF,
    0x42, 0x2C, 0x10, 0xFF, 0x39, 0x2C, 0x10, 0xFF, 0x42, 0x2C, 0x10, 0xFF, 0x42, 0x2C, 0x10, 0xFF,
    0x39, 0x2C, 0x10, 0xFF, 0x42, 0x2C, 0x10, 0xFF, 0x42, 0x2C, 0x10, 0xFF, 0x39, 0x2C, 0x10, 0xFF,
    0x42, 0x2C, 0x10, 0xFF, 0x42, 0x2C, 0x10, 0xFF, 0x39, 0x2C, 0x10, 0xFF, 0x42, 0x2C, 0x10, 0xFF,
    0x42, 0x2C, 0x10, 0xFF, 0x39, 0x2C, 0x10, 0xFF, 0x42, 0x2C, 0x10, 0xFF, 0x42, 0x2C, 0x10, 0xFF,
    0x39, 0x2C, 0x10, 0xFF, 0x42, 0x2C, 0x10, 0xFF, 0x42, 0x2C, 0x10, 0xFF, 0x39, 0x2C, 0x10, 0xFF,
    0x42, 0x2C, 0x10, 0xFF, 0x42, 0x2C, 0x10, 0xFF, 0x39, 0x2C, 0x10, 0xFF, 0x42, 0x2C, 0x10, 0xFF,
    0x42, 0x2C, 0x10, 0xFF, 0x39, 0x2C, 0x10, 0xFF, 0x42, 0x2C, 0x10, 0xFF, 0x42, 0x2C, 0x10, 0xFF,
    0x39, 0x2C, 0x10, 0xFF, 0x42, 0x2C, 0x10, 0xFF, 0x42, 0x2C, 0x10, 0xFF, 0x39, 0x2C, 0x10, 0xFF,
    0x42, 0x2C, 0x10, 0xFF, 0x42, 0x2C, 0x10, 0xFF, 0x39, 0x2C, 0x10, 0xFF, 0x42, 0x2C, 0x10, 0xFF,
    0x42, 0x2C, 0x10, 0xFF, 0x39, 0x2C, 0x10, 0xFF, 0x42, 0x2C, 0x10, 0xFF, 0x42, 0x2C, 0x10, 0xFF,
    0x39, 0x2C, 0x10, 0xFF, 0x42, 0x2C, 0x10, 0xFF, 0x42, 0x2C, 0x10, 0xFF, 0x39, 0x2C, 0x10, 0xFF,
    0x42, 0x2C, 0x10, 0xFF, 0x42, 0x2C, 0x10, 0xFF, 0x39, 0x2C, 0x10, 0xFF, 0x42, 0x2C, 0x10, 0xFF,
    0x42, 0x2C, 0x10, 0xFF, 0x39, 0x2C, 0x10, 0xFF, 0x42, 0x2C, 0x10, 0xFF, 0x42, 0x2C, 0x10, 0xFF,
    0x39, 0x2C, 0x10, 0xFF, 0x42, 0x2C, 0x10, 0xFF, 0x42, 0x2C, 0x10, 0xFF, 0x39, 0x2C, 0x10, 0xFF,
    0x42, 0x2C, 0x10, 0xFF, 0x42, 0x2C, 0x10, 0xFF, 0x39, 0x2C, 0x10, 0xFF, 0x42, 0x2C, 0x10, 0xFF,
    0x42, 0x2C, 0x10, 0xFF, 0x39, 0x2C, 0x10, 0xFF, 0x42, 0x2C, 0x10, 0xFF, 0x42, 0x2C, 0x10, 0xFF,
    0x39, 0x2C, 0x10, 0xFF, 0x42, 0x2C, 0x10, 0xFF, 0x42, 0x2C, 0x10, 0xFF, 0x39, 0x28, 0x10, 0xFF,
    0x42, 0x2C, 0x10, 0xFF, 0x42, 0x28, 0x10, 0xFF, 0x39, 0x2C, 0x10, 0xFF, 0x42, 0x28, 0x10, 0xFF,
    0x42, 0x2C, 0x10, 0xFF, 0x39, 0x28, 0x10, 0xFF, 0x42, 0x2C, 0x10, 0xFF, 0x42, 0x28, 0x10, 0xFF,
    0x39, 0x2C, 0x10, 0xFF, 0x42, 0x2C, 0x10, 0xFF, 0x42, 0x28, 0x10, 0xFF, 0x39, 0x2C, 0x10, 0xFF,
    0x42, 0x28, 0x10, 0xFF, 0x42, 0x2C, 0x10, 0xFF, 0x39, 0x28, 0x10, 0xFF, 0x42, 0x2C, 0x10, 0xFF,
    0x42, 0x28, 0x10, 0xFF, 0x39, 0x2C, 0x10, 0xFF, 0x42, 0x28, 0x10, 0xFF, 0x42, 0x2C, 0x10, 0xFF,
    0x39, 0x28, 0x10, 0xFF, 0x42, 0x2C, 0x10, 0xFF, 0x42, 0x28, 0x10, 0xFF, 0x39, 0x2C, 0x10, 0xFF,
    0x42, 0x28, 0x10, 0xFF, 0x42, 0x2C, 0x10, 0xFF, 0x39, 0x28, 0x10, 0xFF, 0x42, 0x2C, 0x10, 0xFF,
    0x42, 0x28, 0x10, 0xFF, 0x39, 0x2C, 0x10, 0xFF, 0x42, 0x28, 0x10, 0xFF, 0x42, 0x2C, 0x10, 0xFF,
    0x39, 0x28, 0x10, 0xFF, 0x42, 0x2C, 0x10, 0xFF, 0x42, 0x28, 0x10, 0xFF, 0x39, 0x2C, 0x10, 0xFF,
    0x42, 0x28, 0x10, 0xFF, 0x42, 0x2C, 0x10, 0xFF, 0x39, 0x28, 0x10, 0xFF, 0x42, 0x2C, 0x10, 0xFF,
    0x42, 0x28, 0x10, 0xFF, 0x39, 0x2C, 0x10, 0xFF, 0x42, 0x28, 0x10, 0xFF, 0x42, 0x2C, 0x10, 0xFF,
    0x39, 0x28, 0x10, 0xFF, 0x42, 0x2C, 0x10, 0xFF, 0x42, 0x28, 0x10, 0xFF, 0x39, 0x2C, 0x10, 0xFF,
    0x42, 0x28, 0x10, 0xFF, 0x42, 0x2C, 0x10, 0xFF, 0x39, 0x28, 0x10, 0xFF, 0x42, 0x2C, 0x10, 0xFF,
    0x42, 0x28, 0x10, 0xFF, 0x39, 0x2C, 0x10, 0xFF, 0x42, 0x28, 0x10, 0xFF, 0x42, 0x2C, 0x10, 0xFF,
    0x39, 0x28, 0x10, 0xFF, 0x42, 0x2C, 0x10, 0xFF, 0x42, 0x28, 0x10, 0xFF, 0x39, 0x2C, 0x10, 0xFF,
    0x42, 0x28, 0x10, 0xFF, 0x42, 0x2C, 0x10, 0xFF, 0x39, 0x28, 0x10, 0xFF, 0x42, 0x2C, 0x10, 0xFF,
    0x42, 0x28, 0x10, 0xFF, 0x39, 0x2C, 0x10, 0xFF, 0x42, 0x28, 0x10, 0xFF, 0x42, 0x2C, 0x10, 0xFF,
    0x39, 0x28, 0x10, 0xFF, 0x42, 0x2C, 0x10, 0xFF, 0x42, 0x28, 0x10, 0xFF, 0x39, 0x2C, 0x10, 0xFF,
    0x42, 0x28, 0x10, 0xFF, 0x42, 0x2C, 0x10, 0xFF, 0x39, 0x28, 0x10, 0xFF, 0x42, 0x2C, 0x10, 0xFF,
    0x42, 0x28, 0x10, 0xFF, 0x39, 0x2C, 0x10, 0xFF, 0x42, 0x28, 0x10, 0xFF, 0x42, 0x2C, 0x10, 0xFF,
    0x39, 0x28, 0x10, 0xFF, 0x42, 0x2C, 0x10, 0xFF, 0x42, 0x28, 0x10, 0xFF, 0x39, 0x2C, 0x10, 0xFF,
    0x42, 0x28, 0x10, 0xFF, 0x42, 0x2C, 0x10, 0xFF, 0x39, 0x28, 0x10, 0xFF, 0x42, 0x2C, 0x10, 0xFF,
    0x42, 0x28, 0x10, 0xFF, 0x39, 0x2C, 0x10, 0xFF, 0x42, 0x28, 0x10, 0xFF, 0x42, 0x2C, 0x10, 0xFF,
    0x39, 0x28, 0x10, 0xFF, 0x42, 0x2C, 0x10, 0xFF, 0x42, 0x28, 0x10, 0xFF, 0x39, 0x2C, 0x10, 0xFF,
    0x42, 0x28, 0x10, 0xFF, 0x42, 0x2C, 0x10, 0xFF, 0x39, 0x28, 0x10, 0xFF, 0x42, 0x2C, 0x10, 0xFF,
    0x42, 0x28, 0x10, 0xFF, 0x39, 0x2C, 0x10, 0xFF, 0x42, 0x28, 0x10, 0xFF, 0x42, 0x2C, 0x10, 0xFF,
    0x39, 0x28, 0x10, 0xFF, 0x42, 0x2C, 0x10, 0xFF, 0x42, 0x28, 0x10, 0xFF, 0x39, 0x2C, 0x10, 0xFF,
    0x42, 0x28, 0x10, 0xFF, 0x42, 0x2C, 0x10, 0xFF, 0x39, 0x28, 0x10, 0xFF, 0x42, 0x2C, 0x10, 0xFF,
    0x42, 0x28, 0x10, 0xFF, 0x39, 0x2C, 0x10, 0xFF, 0x42, 0x28, 0x10, 0xFF, 0x42, 0x2C, 0x10, 0xFF,
    0x39, 0x28, 0x10, 0xFF, 0x42, 0x2C, 0x10, 0xFF, 0x42, 0x28, 0x10, 0xFF, 0x39, 0x2C, 0x10, 0xFF,
    0x42, 0x28, 0x10, 0xFF, 0x42, 0x2C, 0x10, 0xFF, 0x39, 0x28, 0x10, 0xFF, 0x42, 0x2C, 0x10, 0xFF,
    0x42, 0x28, 0x10, 0xFF, 0x39, 0x2C, 0x10, 0xFF, 0x42, 0x28, 0x10, 0xFF, 0x42, 0x2C, 0x10, 0xFF,
    0x42, 0x2C, 0x10, 0xFF, 0x39, 0x2C, 0x10, 0xFF, 0x42, 0x2C, 0x10, 0xFF, 0x42, 0x2C, 0x10, 0xFF,
    0x39, 0x2C, 0x10, 0xFF, 0x42, 0x2C, 0x10, 0xFF, 0x42, 0x2C, 0x10, 0xFF, 0x39, 0x2C, 0x10, 0xFF,
    0x42, 0x28, 0x10, 0xFF, 0x42, 0x2C, 0x10, 0xFF, 0x39, 0x2C, 0x10, 0xFF, 0x42, 0x2C, 0x10, 0xFF,
    0x42, 0x2C, 0x10, 0xFF, 0x39, 0x2C, 0x10, 0xFF, 0x42, 0x2C, 0x10, 0xFF, 0x42, 0x2C, 0x10, 0xFF,
    0x39, 0x2C, 0x10, 0xFF, 0x42, 0x2C, 0x10, 0xFF, 0x42, 0x2C, 0x10, 0xFF, 0x39, 0x2C, 0x10, 0xFF,
    0x42, 0x2C, 0x10, 0xFF, 0x42, 0x2C, 0x10, 0xFF, 0x39, 0x2C, 0x10, 0xFF, 0x42, 0x2C, 0x10, 0xFF,
    0x42, 0x2C, 0x10, 0xFF, 0x39, 0x2C, 0x10, 0xFF, 0x42, 0x2C, 0x10, 0xFF, 0x42, 0x2C, 0x10, 0xFF,
    0x39, 0x2C, 0x10, 0xFF, 0x42, 0x2C, 0x10, 0xFF, 0x42, 0x2C, 0x10, 0xFF, 0x39, 0x2C, 0x10, 0xFF,
    0x42, 0x2C, 0x10, 0xFF, 0x42, 0x2C, 0x10, 0xFF, 0x39, 0x2C, 0x10, 0xFF, 0x42, 0x2C, 0x10, 0xFF,
    0x42, 0x2C, 0x10, 0xFF, 0x39, 0x2C, 0x10, 0xFF, 0x42, 0x2C, 0x10, 0xFF, 0x42, 0x2C, 0x10, 0xFF,
    0x39, 0x2C, 0x10, 0xFF, 0x42, 0x2C, 0x10, 0xFF, 0x42, 0x2C, 0x10, 0xFF, 0x39, 0x2C, 0x10, 0xFF,
    0x42, 0x2C, 0x10, 0xFF, 0x42, 0x2C, 0x10, 0xFF, 0x39, 0x2C, 0x10, 0xFF, 0x42, 0x2C, 0x10, 0xFF,
    0x42, 0x2C, 0x10, 0xFF, 0x39, 0x2C, 0x10, 0xFF, 0x42, 0x2C, 0x10, 0xFF, 0x42, 0x2C, 0x10, 0xFF,
    0x39, 0x2C, 0x10, 0xFF, 0x42, 0x2C, 0x10, 0xFF, 0x42, 0x2C, 0x10, 0xFF, 0x39, 0x2C, 0x10, 0xFF,
    0x42, 0x2C, 0x10, 0xFF, 0x42, 0x2C, 0x10, 0xFF, 0x39, 0x2C, 0x10, 0xFF, 0x42, 0x2C, 0x10, 0xFF,
    0x42, 0x2C, 0x10, 0xFF, 0x39, 0x2C, 0x10, 0xFF, 0x42, 0x2C, 0x10, 0xFF, 0x42, 0x2C, 0x10, 0xFF,
    0x39, 0x2C, 0x10, 0xFF, 0x42, 0x2C, 0x10, 0xFF, 0x42, 0x2C, 0x10, 0xFF, 0x39, 0x2C, 0x10, 0xFF,
    0x42, 0x2C, 0x10, 0xFF, 0x42, 0x2C, 0x10, 0xFF, 0x39, 0x2C, 0x10, 0xFF, 0x42, 0x2C, 0x10, 0xFF,
    0x42, 0x2C, 0x10, 0xFF, 0x39, 0x2C, 0x10, 0xFF, 0x42, 0x2C, 0x10, 0xFF, 0x42, 0x2C, 0x10, 0xFF,
    0x39, 0x2C, 0x10, 0xFF, 0x42, 0x2C, 0x10, 0xFF, 0x42, 0x2C, 0x10, 0xFF, 0x39, 0x2C, 0x10, 0xFF,
    0x42, 0x2C, 0x10, 0xFF, 0x42, 0x2C, 0x10, 0xFF, 0x39, 0x2C, 0x10, 0xFF, 0x42, 0x2C, 0x10, 0xFF,
    0x42, 0x2C, 0x10, 0xFF, 0x39, 0x2C, 0x10, 0xFF, 0x42, 0x2C, 0x10, 0xFF, 0x42, 0x2C, 0x10, 0xFF,
    0x39, 0x2C, 0x10, 0xFF, 0x42, 0x2C, 0x10, 0xFF, 0x42, 0x2C, 0x10, 0xFF, 0x39, 0x2C, 0x10, 0xFF,
    0x42, 0x2C, 0x10, 0xFF, 0x42, 0x2C, 0x10, 0xFF, 0x39, 0x2C, 0x10, 0xFF, 0x42, 0x2C, 0x10, 0xFF,
    0x42, 0x2C, 0x10, 0xFF, 0x39, 0x2C, 0x10, 0xFF, 0x42, 0x2C, 0x10, 0xFF, 0x42, 0x2C, 0x10, 0xFF,
    0x39, 0x2C, 0x10, 0xFF, 0x42, 0x2C, 0x10, 0xFF, 0x42, 0x2C, 0x10, 0xFF, 0x39, 0x2C, 0x10, 0xFF,
    0x42, 0x2C, 0x10, 0xFF, 0x42, 0x2C, 0x10, 0xFF, 0x39, 0x2C, 0x10, 0xFF, 0x42, 0x2C, 0x10, 0xFF,
    0x42, 0x2C, 0x10, 0xFF, 0x39, 0x2C, 0x10, 0xFF, 0x42, 0x2C, 0x10, 0xFF, 0x42, 0x2C, 0x10, 0xFF,
    0x39, 0x2C, 0x10, 0xFF, 0x42, 0x2C, 0x10, 0xFF, 0x42, 0x2C, 0x10, 0xFF, 0x39, 0x2C, 0x10, 0xFF,
    0x42, 0x2C, 0x10, 0xFF, 0x42, 0x2C, 0x10, 0xFF, 0x39, 0x2C, 0x10, 0xFF, 0x42, 0x2C, 0x10, 0xFF,
    0x42, 0x2C, 0x10, 0xFF, 0x39, 0x2C, 0x10, 0xFF, 0x42, 0x2C, 0x10, 0xFF, 0x42, 0x2C, 0x10, 0xFF,
    0x39, 0x2C, 0x10, 0xFF, 0x42, 0x2C, 0x10, 0xFF, 0x42, 0x2C, 0x10, 0xFF, 0x39, 0x2C, 0x10, 0xFF,
    0x42, 0x2C, 0x10, 0xFF, 0x42, 0x28, 0x10, 0xFF, 0x39, 0x2C, 0x10, 0xFF, 0x42, 0x28, 0x10, 0xFF,
    0x42, 0x2C, 0x10, 0xFF, 0x39, 0x28, 0x10, 0xFF, 0x42, 0x2C, 0x10, 0xFF, 0x42, 0x28, 0x10, 0xFF,
    0x39, 0x2C, 0x10, 0xFF, 0x42, 0x2C, 0x10, 0xFF, 0x42, 0x28, 0x10, 0xFF, 0x39, 0x2C, 0x10, 0xFF,
    0x42, 0x28, 0x10, 0xFF, 0x42, 0x2C, 0x10, 0xFF, 0x39, 0x28, 0x10, 0xFF, 0x42, 0x2C, 0x10, 0xFF,
    0x42, 0x28, 0x10, 0xFF, 0x39, 0x2C, 0x10, 0xFF, 0x42, 0x28, 0x10, 0xFF, 0x42, 0x2C, 0x10, 0xFF,
    0x39, 0x28, 0x10, 0xFF, 0x42, 0x2C, 0x10, 0xFF, 0x42, 0x28, 0x10, 0xFF, 0x39, 0x2C, 0x10, 0xFF,
    0x42, 0x28, 0x10, 0xFF, 0x42, 0x2C, 0x10, 0xFF, 0x39, 0x28, 0x10, 0xFF, 0x42, 0x2C, 0x10, 0xFF,
    0x42, 0x28, 0x10, 0xFF, 0x39, 0x2C, 0x10, 0xFF, 0x42, 0x28, 0x10, 0xFF, 0x42, 0x2C, 0x10, 0xFF,
    0x39, 0x28, 0x10, 0xFF, 0x42, 0x2C, 0x10, 0xFF, 0x42, 0x28, 0x10, 0xFF, 0x39, 0x2C, 0x10, 0xFF,
    0x42, 0x28, 0x10, 0xFF, 0x42, 0x2C, 0x10, 0xFF, 0x39, 0x28, 0x10, 0xFF, 0x42, 0x2C, 0x10, 0xFF,
    0x42, 0x28, 0x10, 0xFF, 0x39, 0x2C, 0x10, 0xFF, 0x42, 0x28, 0x10, 0xFF, 0x42, 0x2C, 0x10, 0xFF,
    0x39, 0x28, 0x10, 0xFF, 0x42, 0x2C, 0x10, 0xFF, 0x42, 0x28, 0x10, 0xFF, 0x39, 0x2C, 0x10, 0xFF,
    0x42, 0x28, 0x10, 0xFF, 0x42, 0x2C, 0x10, 0xFF, 0x39, 0x28, 0x10, 0xFF, 0x42, 0x2C, 0x10, 0xFF,
    0x42, 0x28, 0x10, 0xFF, 0x39, 0x2C, 0x10, 0xFF, 0x42, 0x28, 0x10, 0xFF, 0x42, 0x2C, 0x10, 0xFF,
    0x39, 0x28, 0x10, 0xFF, 0x42, 0x2C, 0x10, 0xFF, 0x42, 0x28, 0x10, 0xFF, 0x39, 0x2C, 0x10, 0xFF,
    0x42, 0x28, 0x10, 0xFF, 0x42, 0x2C, 0x10, 0xFF, 0x39, 0x28, 0x10, 0xFF, 0x42, 0x2C, 0x10, 0xFF,
    0x42, 0x28, 0x10, 0xFF, 0x39, 0x2C, 0x10, 0xFF, 0x42, 0x28, 0x10, 0xFF, 0x42, 0x2C, 0x10, 0xFF,
    0x39, 0x28, 0x10, 0xFF, 0x42, 0x2C, 0x10, 0xFF, 0x42, 0x28, 0x10, 0xFF, 0x39, 0x2C, 0x10, 0xFF,
    0x42, 0x28, 0x10, 0xFF, 0x42, 0x2C, 0x10, 0xFF, 0x39, 0x28, 0x10, 0xFF, 0x42, 0x2C, 0x10, 0xFF,
    0x42, 0x28, 0x10, 0xFF, 0x39, 0x2C, 0x10, 0xFF, 0x42, 0x28, 0x10, 0xFF, 0x42, 0x2C, 0x10, 0xFF,
    0x39, 0x28, 0x10, 0xFF, 0x42, 0x2C, 0x10, 0xFF, 0x42, 0x28, 0x10, 0xFF, 0x39, 0x2C, 0x10, 0xFF,
    0x42, 0x28, 0x10, 0xFF, 0x42, 0x2C, 0x10, 0xFF, 0x39, 0x28, 0x10, 0xFF, 0x42, 0x2C, 0x10, 0xFF,
    0x42, 0x28, 0x10, 0xFF, 0x39, 0x2C, 0x10, 0xFF, 0x42, 0x28, 0x10, 0xFF, 0x42, 0x2C, 0x10, 0xFF,
    0x39, 0x28, 0x10, 0xFF, 0x42, 0x2C, 0x10, 0xFF, 0x42, 0x28, 0x10, 0xFF, 0x39, 0x2C, 0x10, 0xFF,
    0x42, 0x28, 0x10, 0xFF, 0x42, 0x2C, 0x10, 0xFF, 0x39, 0x28, 0x10, 0xFF, 0x42, 0x2C, 0x10, 0xFF,
    0x42, 0x28, 0x10, 0xFF, 0x39, 0x2C, 0x10, 0xFF, 0x42, 0x28, 0x10, 0xFF, 0x42, 0x2C, 0x10, 0xFF,
    0x39, 0x28, 0x10, 0xFF, 0x42, 0x2C, 0x10, 0xFF, 0x42, 0x28, 0x10, 0xFF, 0x39, 0x2C, 0x10, 0xFF,
    0x42, 0x28, 0x10, 0xFF, 0x42, 0x2C, 0x10, 0xFF, 0x39, 0x28, 0x10, 0xFF, 0x42, 0x2C, 0x10, 0xFF,
    0x42, 0x28, 0x10, 0xFF, 0x39, 0x2C, 0x10, 0xFF, 0x42, 0x28, 0x10, 0xFF, 0x42, 0x2C, 0x10, 0xFF,
    0x39, 0x28, 0x10, 0xFF, 0x42, 0x2C, 0x10, 0xFF, 0x42, 0x28, 0x10, 0xFF, 0x39, 0x2C, 0x10, 0xFF,
    0x42, 0x28, 0x10, 0xFF, 0x42, 0x2C, 0x10, 0xFF, 0x39, 0x28, 0x10, 0xFF, 0x42, 0x2C, 0x10, 0xFF,
    0x42, 0x28, 0x10, 0xFF, 0x39, 0x2C, 0x10, 0xFF, 0x42, 0x28, 0x10, 0xFF, 0x42, 0x2C, 0x10, 0xFF,
    0x42, 0x2C, 0x10, 0xFF, 0x42, 0x2C, 0x10, 0xFF, 0x42, 0x2C, 0x10, 0xFF, 0x42, 0x2C, 0x10, 0xFF,
    0x42, 0x2C, 0x10, 0xFF, 0x42, 0x2C, 0x10, 0xFF, 0x42, 0x2C, 0x10, 0xFF, 0x42, 0x2C, 0x10, 0xFF,
    0x42, 0x2C, 0x10, 0xFF, 0x42, 0x2C, 0x10, 0xFF, 0x42, 0x2C, 0x10, 0xFF, 0x42, 0x2C, 0x10, 0xFF,
    0x42, 0x2C, 0x10, 0xFF, 0x42, 0x2C, 0x10, 0xFF, 0x42, 0x2C, 0x10, 0xFF, 0x42, 0x2C, 0x10, 0xFF,
    0x42, 0x2C, 0x10, 0xFF, 0x42, 0x2C, 0x10, 0xFF, 0x42, 0x2C, 0x10, 0xFF, 0x42, 0x2C, 0x10, 0xFF,
    0x42, 0x2C, 0x10, 0xFF, 0x42, 0x2C, 0x10, 0xFF, 0x42, 0x2C, 0x10, 0xFF, 0x42, 0x2C, 0x10, 0xFF,
    0x42, 0x2C, 0x10, 0xFF, 0x42, 0x2C, 0x10, 0xFF, 0x42, 0x2C, 0x10, 0xFF, 0x42, 0x2C, 0x10, 0xFF,
    0x42, 0x2C, 0x10, 0xFF, 0x42, 0x2C, 0x10, 0xFF, 0x42, 0x2C, 0x10, 0xFF, 0x42, 0x2C, 0x10, 0xFF,
    0x42, 0x2C, 0x10, 0xFF, 0x42, 0x2C, 0x10, 0xFF, 0x42, 0x2C, 0x10, 0xFF, 0x42, 0x2C, 0x10, 0xFF,
    0x42, 0x2C, 0x10, 0xFF, 0x42, 0x2C, 0x10, 0xFF, 0x42, 0x2C, 0x10, 0xFF, 0x42, 0x2C, 0x10, 0xFF,
    0x42, 0x2C, 0x10, 0xFF, 0x42, 0x2C, 0x10, 0xFF, 0x42, 0x2C, 0x10, 0xFF, 0x42, 0x2C, 0x10, 0xFF,
    0x42, 0x2C, 0x10, 0xFF, 0x42, 0x2C, 0x10, 0xFF, 0x42, 0x2C, 0x10, 0xFF, 0x42, 0x2C, 0x10, 0xFF,
    0x42, 0x2C, 0x10, 0xFF, 0x42, 0x2C, 0x10, 0xFF, 0x42, 0x2C, 0x10, 0xFF, 0x42, 0x2C, 0x10, 0xFF,
    0x42, 0x2C, 0x10, 0xFF, 0x42, 0x2C, 0x10, 0xFF, 0x42, 0x2C, 0x10, 0xFF, 0x42, 0x2C, 0x10, 0xFF,
    0x42, 0x2C, 0x10, 0xFF, 0x42, 0x2C, 0x10, 0xFF, 0x42, 0x2C, 0x10, 0xFF, 0x42, 0x2C, 0x10, 0xFF,
    0x42, 0x2C, 0x10, 0xFF, 0x42, 0x2C, 0x10, 0xFF, 0x42, 0x2C, 0x10, 0xFF, 0x42, 0x2C, 0x10, 0xFF,
    0x42, 0x2C, 0x10, 0xFF, 0x42, 0x2C, 0x10, 0xFF, 0x42, 0x2C, 0x10, 0xFF, 0x42, 0x2C, 0x10, 0xFF,
    0x42, 0x2C, 0x10, 0xFF, 0x42, 0x2C, 0x10, 0xFF, 0x42, 0x2C, 0x10, 0xFF, 0x42, 0x2C, 0x10, 0xFF,
    0x42, 0x2C, 0x10, 0xFF, 0x42, 0x2C, 0x10, 0xFF, 0x42, 0x2C, 0x10, 0xFF, 0x42, 0x2C, 0x10, 0xFF,
    0x42, 0x2C, 0x10, 0xFF, 0x42, 0x2C, 0x10, 0xFF, 0x42, 0x2C, 0x10, 0xFF, 0x42, 0x2C, 0x10, 0xFF,
    0x42, 0x2C, 0x10, 0xFF, 0x42, 0x2C, 0x10, 0xFF, 0x42, 0x2C, 0x10, 0xFF, 0x42, 0x2C, 0x10, 0xFF,
    0x42, 0x2C, 0x10, 0xFF, 0x42, 0x2C, 0x10, 0xFF, 0x42, 0x2C, 0x10, 0xFF, 0x42, 0x2C, 0x10, 0xFF,
    0x42, 0x2C, 0x10, 0xFF, 0x42, 0x2C, 0x10, 0xFF, 0x42, 0x2C, 0x10, 0xFF, 0x42, 0x2C, 0x10, 0xFF,
    0x42, 0x2C, 0x10, 0xFF, 0x42, 0x2C, 0x10, 0xFF, 0x42, 0x2C, 0x10, 0xFF, 0x42, 0x2C, 0x10, 0xFF,
    0x42, 0x2C, 0x10, 0xFF, 0x42, 0x2C, 0x10, 0xFF, 0x42, 0x2C, 0x10, 0xFF, 0x42, 0x2C, 0x10, 0xFF,
    0x42, 0x2C, 0x10, 0xFF, 0x42, 0x2C, 0x10, 0xFF, 0x42, 0x2C, 0x10, 0xFF, 0x42, 0x2C, 0x10, 0xFF,
    0x42, 0x2C, 0x10, 0xFF, 0x42, 0x2C, 0x10, 0xFF, 0x42, 0x2C, 0x10, 0xFF, 0x42, 0x2C, 0x10, 0xFF,
    0x42, 0x2C, 0x10, 0xFF, 0x42, 0x2C, 0x10, 0xFF, 0x42, 0x2C, 0x10, 0xFF, 0x42, 0x2C, 0x10, 0xFF,
    0x42, 0x2C, 0x10, 0xFF, 0x42, 0x2C, 0x10, 0xFF, 0x42, 0x2C, 0x10, 0xFF, 0x42, 0x2C, 0x10, 0xFF,
    0x42, 0x2C, 0x10, 0xFF, 0x42, 0x2C, 0x10, 0xFF, 0x42, 0x2C, 0x10, 0xFF, 0x42, 0x2C, 0x10, 0xFF,
    0x42, 0x2C, 0x10, 0xFF, 0x42, 0x2C, 0x10, 0xFF, 0x42, 0x2C, 0x10, 0xFF, 0x42, 0x2C, 0x10, 0xFF,
    0x42, 0x2C, 0x10, 0xFF, 0x42, 0x2C, 0x10, 0xFF, 0x42, 0x2C, 0x10, 0xFF, 0x42, 0x2C, 0x10, 0xFF,
    0x42, 0x2C, 0x10, 0xFF, 0x42, 0x2C, 0x10, 0xFF, 0x39, 0x2C, 0x10, 0xFF, 0x42, 0x2C, 0x10, 0xFF,
    0x42, 0x2C, 0x10, 0xFF, 0x39, 0x2C, 0x10, 0xFF, 0x42, 0x2C, 0x10, 0xFF, 0x42, 0x2C, 0x10, 0xFF,
    0x39, 0x2C, 0x10, 0xFF, 0x42, 0x2C, 0x10, 0xFF, 0x42, 0x2C, 0x10, 0xFF, 0x39, 0x2C, 0x10, 0xFF,
    0x42, 0x2C, 0x10, 0xFF, 0x42, 0x2C, 0x10, 0xFF, 0x39, 0x2C, 0x10, 0xFF, 0x42, 0x2C, 0x10, 0xFF,
    0x42, 0x2C, 0x10, 0xFF, 0x39, 0x2C, 0x10, 0xFF, 0x42, 0x2C, 0x10, 0xFF, 0x42, 0x2C, 0x10, 0xFF,
    0x39, 0x2C, 0x10, 0xFF, 0x42, 0x2C, 0x10, 0xFF, 0x42, 0x2C, 0x10, 0xFF, 0x39, 0x2C, 0x10, 0xFF,
    0x42, 0x2C, 0x10, 0xFF, 0x42, 0x2C, 0x10, 0xFF, 0x39, 0x2C, 0x10, 0xFF, 0x42, 0x2C, 0x10, 0xFF,
    0x42, 0x2C, 0x10, 0xFF, 0x39, 0x2C, 0x10, 0xFF, 0x42, 0x2C, 0x10, 0xFF, 0x42, 0x2C, 0x10, 0xFF,
    0x39, 0x2C, 0x10, 0xFF, 0x42, 0x2C, 0x10, 0xFF, 0x42, 0x2C, 0x10, 0xFF, 0x39, 0x2C, 0x10, 0xFF,
    0x42, 0x2C, 0x10, 0xFF, 0x42, 0x2C, 0x10, 0xFF, 0x39, 0x2C, 0x10, 0xFF, 0x42, 0x2C, 0x10, 0xFF,
    0x42, 0x2C, 0x10, 0xFF, 0x39, 0x2C, 0x10, 0xFF, 0x42, 0x2C, 0x10, 0xFF, 0x42, 0x2C, 0x10, 0xFF,
    0x39, 0x2C, 0x10, 0xFF, 0x42, 0x2C, 0x10, 0xFF, 0x42, 0x2C, 0x10, 0xFF, 0x39, 0x2C, 0x10, 0xFF,
    0x42, 0x2C, 0x10, 0xFF, 0x42, 0x2C, 0x10, 0xFF, 0x39, 0x2C, 0x10, 0xFF, 0x42, 0x2C, 0x10, 0xFF,
    0x42, 0x2C, 0x10, 0xFF, 0x39, 0x2C, 0x10, 0xFF, 0x42, 0x2C, 0x10, 0xFF, 0x42, 0x2C, 0x10, 0xFF,
    0x39, 0x2C, 0x10, 0xFF, 0x42, 0x2C, 0x10, 0xFF, 0x42, 0x2C, 0x10, 0xFF, 0x39, 0x2C, 0x10, 0xFF,
    0x42, 0x2C, 0x10, 0xFF, 0x42, 0x2C, 0x10, 0xFF, 0x39, 0x2C, 0x10, 0xFF, 0x42, 0x2C, 0x10, 0xFF,
    0x42, 0x2C, 0x10, 0xFF, 0x39, 0x2C, 0x10, 0xFF, 0x42, 0x2C, 0x10, 0xFF, 0x42, 0x2C, 0x10, 0xFF,
    0x39, 0x2C, 0x10, 0xFF, 0x42, 0x2C, 0x10, 0xFF, 0x42, 0x2C, 0x10, 0xFF, 0x39, 0x2C, 0x10, 0xFF,
    0x42, 0x2C, 0x10, 0xFF, 0x42, 0x2C, 0x10, 0xFF, 0x39, 0x2C, 0x10, 0xFF, 0x42, 0x2C, 0x10, 0xFF,
    0x42, 0x2C, 0x10, 0xFF, 0x39, 0x2C, 0x10, 0xFF, 0x42, 0x2C, 0x10, 0xFF, 0x42, 0x2C, 0x10, 0xFF,
    0x39, 0x2C, 0x10, 0xFF, 0x42, 0x2C, 0x10, 0xFF, 0x42, 0x2C, 0x10, 0xFF, 0x39, 0x2C, 0x10, 0xFF,
    0x42, 0x2C, 0x10, 0xFF, 0x42, 0x2C, 0x10, 0xFF, 0x39, 0x2C, 0x10, 0xFF, 0x42, 0x2C, 0x10, 0xFF,
    0x42, 0x2C, 0x10, 0xFF, 0x39, 0x2C, 0x10, 0xFF, 0x42, 0x2C, 0x10, 0xFF, 0x42, 0x2C, 0x10, 0xFF,
    0x39, 0x2C, 0x10, 0xFF, 0x42, 0x2C, 0x10, 0xFF, 0x42, 0x2C, 0x10, 0xFF, 0x39, 0x2C, 0x10, 0xFF,
    0x42, 0x2C, 0x10, 0xFF, 0x42, 0x2C, 0x10, 0xFF, 0x39, 0x2C, 0x10, 0xFF, 0x42, 0x2C, 0x10, 0xFF,
    0x42, 0x2C, 0x10, 0xFF, 0x39, 0x2C, 0x10, 0xFF, 0x42, 0x2C, 0x10, 0xFF, 0x42, 0x2C, 0x10, 0xFF,
    0x39, 0x2C, 0x10, 0xFF, 0x42, 0x2C, 0x10, 0xFF, 0x42, 0x2C, 0x10, 0xFF, 0x39, 0x2C, 0x10, 0xFF,
    0x42, 0x2C, 0x10, 0xFF, 0x42, 0x2C, 0x10, 0xFF, 0x39, 0x2C, 0x10, 0xFF, 0x42, 0x2C, 0x10, 0xFF,
    0x42, 0x2C, 0x10, 0xFF, 0x39, 0x2C, 0x10, 0xFF, 0x42, 0x2C, 0x10, 0xFF, 0x42, 0x2C, 0x10, 0xFF,
    0x39, 0x2C, 0x10, 0xFF, 0x42, 0x2C, 0x10, 0xFF, 0x42, 0x2C, 0x10, 0xFF, 0x39, 0x2C, 0x10, 0xFF,
    0x42, 0x2C, 0x10, 0xFF, 0x42, 0x2C, 0x10, 0xFF, 0x39, 0x2C, 0x10, 0xFF, 0x42, 0x2C, 0x10, 0xFF,
    0x42, 0x2C, 0x10, 0xFF, 0x39, 0x2C, 0x10, 0xFF, 0x42, 0x2C, 0x10, 0xFF, 0x42, 0x2C, 0x10, 0xFF,
    0x42, 0x2C, 0x10, 0xFF, 0x42, 0x2C, 0x10, 0xFF, 0x42, 0x2C, 0x10, 0xFF, 0x42, 0x2C, 0x10, 0xFF,
    0x42, 0x2C, 0x10, 0xFF, 0x42, 0x2C, 0x10, 0xFF, 0x42, 0x2C, 0x10, 0xFF, 0x42, 0x2C, 0x10, 0xFF,
    0x42, 0x2C, 0x10, 0xFF, 0x42, 0x2C, 0x10, 0xFF, 0x42, 0x2C, 0x10, 0xFF, 0x42, 0x2C, 0x10, 0xFF,
    0x42, 0x2C, 0x10, 0xFF, 0x42, 0x2C, 0x10, 0xFF, 0x42, 0x2C, 0x10, 0xFF, 0x42, 0x2C, 0x10, 0xFF,
    0x42, 0x2C, 0x10, 0xFF, 0x42, 0x2C, 0x10, 0xFF, 0x42, 0x2C, 0x10, 0xFF, 0x42, 0x2C, 0x10, 0xFF,
    0x42, 0x2C, 0x10, 0xFF, 0x42, 0x2C, 0x10, 0xFF, 0x42, 0x2C, 0x10, 0xFF, 0x42, 0x2C, 0x10, 0xFF,
    0x42, 0x2C, 0x10, 0xFF, 0x42, 0x2C, 0x10, 0xFF, 0x42, 0x2C, 0x10, 0xFF, 0x42, 0x2C, 0x10, 0xFF,
    0x42, 0x2C, 0x10, 0xFF, 0x42, 0x2C, 0x10, 0xFF, 0x42, 0x2C, 0x10, 0xFF, 0x42, 0x2C, 0x10, 0xFF,
    0x42, 0x2C, 0x10, 0xFF, 0x42, 0x2C, 0x10, 0xFF, 0x42, 0x2C, 0x10, 0xFF, 0x42, 0x2C, 0x10, 0xFF,
    0x42, 0x2C, 0x10, 0xFF, 0x42, 0x2C, 0x10, 0xFF, 0x42, 0x2C, 0x10, 0xFF, 0x42, 0x2C, 0x10, 0xFF,
    0x42, 0x2C, 0x10, 0xFF, 0x42, 0x2C, 0x10, 0xFF, 0x42, 0x2C, 0x10, 0xFF, 0x42, 0x2C, 0x10, 0xFF,
    0x42, 0x2C, 0x10, 0xFF, 0x42, 0x2C, 0x10, 0xFF, 0x42, 0x2C, 0x10, 0xFF, 0x42, 0x2C, 0x10, 0xFF,
    0x42, 0x2C, 0x10, 0xFF, 0x42, 0x2C, 0x10, 0xFF, 0x42, 0x2C, 0x10, 0xFF, 0x42, 0x2C, 0x10, 0xFF,
    0x42, 0x2C, 0x10, 0xFF, 0x42, 0x2C, 0x10, 0xFF, 0x42, 0x2C, 0x10, 0xFF, 0x42, 0x2C, 0x10, 0xFF,
    0x42, 0x2C, 0x10, 0xFF, 0x42, 0x2C, 0x10, 0xFF, 0x42, 0x2C, 0x10, 0xFF, 0x42, 0x2C, 0x10, 0xFF,
    0x42, 0x2C, 0x10, 0xFF, 0x42, 0x2C, 0x10, 0xFF, 0x42, 0x2C, 0x10, 0xFF, 0x42, 0x2C, 0x10, 0xFF,
    0x42, 0x2C, 0x10, 0xFF, 0x42, 0x2C, 0x10, 0xFF, 0x42, 0x2C, 0x10, 0xFF, 0x42, 0x2C, 0x10, 0xFF,
    0x42, 0x2C, 0x10, 0xFF, 0x42, 0x2C, 0x10, 0xFF, 0x42, 0x2C, 0x10, 0xFF, 0x42, 0x2C, 0x10, 0xFF,
    0x42, 0x2C, 0x10, 0xFF, 0x42, 0x2C, 0x10, 0xFF, 0x42, 0x2C, 0x10, 0xFF, 0x42, 0x2C, 0x10, 0xFF,
    0x42, 0x2C, 0x10, 0xFF, 0x42, 0x2C, 0x10, 0xFF, 0x42, 0x2C, 0x10, 0xFF, 0x42, 0x2C, 0x10, 0xFF,
    0x42, 0x2C, 0x10, 0xFF, 0x42, 0x2C, 0x10, 0xFF, 0x42, 0x2C, 0x10, 0xFF, 0x42, 0x2C, 0x10, 0xFF,
    0x42, 0x2C, 0x10, 0xFF, 0x42, 0x2C, 0x10, 0xFF, 0x42, 0x2C, 0x10, 0xFF, 0x42, 0x2C, 0x10, 0xFF,
    0x42, 0x2C, 0x10, 0xFF, 0x42, 0x2C, 0x10, 0xFF, 0x42, 0x2C, 0x10, 0xFF, 0x42, 0x2C, 0x10, 0xFF,
    0x42, 0x2C, 0x10, 0xFF, 0x42, 0x2C, 0x10, 0xFF, 0x42, 0x2C, 0x10, 0xFF, 0x42, 0x2C, 0x10, 0xFF,
    0x42, 0x2C, 0x10, 0xFF, 0x42, 0x2C, 0x10, 0xFF, 0x42, 0x2C, 0x10, 0xFF, 0x42, 0x2C, 0x10, 0xFF,
    0x42, 0x2C, 0x10, 0xFF, 0x42, 0x2C, 0x10, 0xFF, 0x42, 0x2C, 0x10, 0xFF, 0x42, 0x2C, 0x10, 0xFF,
    0x42, 0x2C, 0x10, 0xFF, 0x42, 0x2C, 0x10, 0xFF, 0x42, 0x2C, 0x10, 0xFF, 0x42, 0x2C, 0x10, 0xFF,
    0x42, 0x2C, 0x10, 0xFF, 0x42, 0x2C, 0x10, 0xFF, 0x42, 0x2C, 0x10, 0xFF, 0x42, 0x2C, 0x10, 0xFF,
    0x42, 0x2C, 0x10, 0xFF, 0x42, 0x2C, 0x10, 0xFF, 0x42, 0x2C, 0x10, 0xFF, 0x42, 0x2C, 0x10, 0xFF,
    0x42, 0x2C, 0x10, 0xFF, 0x42, 0x2C, 0x10, 0xFF, 0x42, 0x2C, 0x10, 0xFF, 0x42, 0x2C, 0x10, 0xFF,
    0x42, 0x2C, 0x10, 0xFF, 0x42, 0x2C, 0x10, 0xFF, 0x42, 0x2C, 0x10, 0xFF, 0x42, 0x2C, 0x10, 0xFF,
    0x42, 0x2C, 0x10, 0xFF, 0x42, 0x2C, 0x10, 0xFF, 0x42, 0x2C, 0x10, 0xFF, 0x39, 0x2C, 0x10, 0xFF,
    0x42, 0x2C, 0x10, 0xFF, 0x39, 0x2C, 0x18, 0xFF, 0x42, 0x2C, 0x10, 0xFF, 0x39, 0x2C, 0x18, 0xFF,
    0x42, 0x2C, 0x10, 0xFF, 0x42, 0x2C, 0x18, 0xFF, 0x39, 0x2C, 0x10, 0xFF, 0x42, 0x2C, 0x18, 0xFF,
    0x42, 0x2C, 0x10, 0xFF, 0x39, 0x2C, 0x18, 0xFF, 0x42, 0x2C, 0x10, 0xFF, 0x42, 0x2C, 0x18, 0xFF,
    0x39, 0x2C, 0x10, 0xFF, 0x42, 0x2C, 0x18, 0xFF, 0x42, 0x2C, 0x10, 0xFF, 0x39, 0x2C, 0x18, 0xFF,
    0x42, 0x2C, 0x10, 0xFF, 0x42, 0x2C, 0x18, 0xFF, 0x39, 0x2C, 0x10, 0xFF, 0x42, 0x2C, 0x18, 0xFF,
    0x42, 0x2C, 0x10, 0xFF, 0x39, 0x2C, 0x18, 0xFF, 0x42, 0x2C, 0x10, 0xFF, 0x42, 0x2C, 0x18, 0xFF,
    0x39, 0x2C, 0x10, 0xFF, 0x42, 0x2C, 0x18, 0xFF, 0x42, 0x2C, 0x10, 0xFF, 0x39, 0x2C, 0x18, 0xFF,
    0x42, 0x2C, 0x10, 0xFF, 0x42, 0x2C, 0x18, 0xFF, 0x39, 0x2C, 0x10, 0xFF, 0x42, 0x2C, 0x18, 0xFF,
    0x42, 0x2C, 0x10, 0xFF, 0x39, 0x2C, 0x18, 0xFF, 0x42, 0x2C, 0x10, 0xFF, 0x42, 0x2C, 0x18, 0xFF,
    0x39, 0x2C, 0x10, 0xFF, 0x42, 0x2C, 0x18, 0xFF, 0x42, 0x2C, 0x10, 0xFF, 0x39, 0x2C, 0x18, 0xFF,
    0x42, 0x2C, 0x10, 0xFF, 0x42, 0x2C, 0x18, 0xFF, 0x39, 0x2C, 0x10, 0xFF, 0x42, 0x2C, 0x18, 0xFF,
    0x42, 0x2C, 0x10, 0xFF, 0x39, 0x2C, 0x18, 0xFF, 0x42, 0x2C, 0x10, 0xFF, 0x42, 0x2C, 0x18, 0xFF,
    0x39, 0x2C, 0x10, 0xFF, 0x42, 0x2C, 0x18, 0xFF, 0x42, 0x2C, 0x10, 0xFF, 0x39, 0x2C, 0x18, 0xFF,
    0x42, 0x2C, 0x10, 0xFF, 0x42, 0x2C, 0x18, 0xFF, 0x39, 0x2C, 0x10, 0xFF, 0x42, 0x2C, 0x18, 0xFF,
    0x42, 0x2C, 0x10, 0xFF, 0x39, 0x2C, 0x18, 0xFF, 0x42, 0x2C, 0x10, 0xFF, 0x42, 0x2C, 0x18, 0xFF,
    0x39, 0x2C, 0x10, 0xFF, 0x42, 0x2C, 0x18, 0xFF, 0x42, 0x2C, 0x10, 0xFF, 0x39, 0x2C, 0x18, 0xFF,
    0x42, 0x2C, 0x10, 0xFF, 0x42, 0x2C, 0x18, 0xFF, 0x39, 0x2C, 0x10, 0xFF, 0x42, 0x2C, 0x18, 0xFF,
    0x42, 0x2C, 0x10, 0xFF, 0x39, 0x2C, 0x18, 0xFF, 0x42, 0x2C, 0x10, 0xFF, 0x42, 0x2C, 0x18, 0xFF,
    0x39, 0x2C, 0x10, 0xFF, 0x42, 0x2C, 0x18, 0xFF, 0x42, 0x2C, 0x10, 0xFF, 0x39, 0x2C, 0x18, 0xFF,
    0x42, 0x2C, 0x10, 0xFF, 0x42, 0x2C, 0x18, 0xFF, 0x39, 0x2C, 0x10, 0xFF, 0x42, 0x2C, 0x18, 0xFF,
    0x42, 0x2C, 0x10, 0xFF, 0x39, 0x2C, 0x18, 0xFF, 0x42, 0x2C, 0x10, 0xFF, 0x42, 0x2C, 0x18, 0xFF,
    0x39, 0x2C, 0x10, 0xFF, 0x42, 0x2C, 0x18, 0xFF, 0x42, 0x2C, 0x10, 0xFF, 0x39, 0x2C, 0x18, 0xFF,
    0x42, 0x2C, 0x10, 0xFF, 0x42, 0x2C, 0x18, 0xFF, 0x39, 0x2C, 0x10, 0xFF, 0x42, 0x2C, 0x18, 0xFF,
    0x42, 0x2C, 0x10, 0xFF, 0x39, 0x2C, 0x18, 0xFF, 0x42, 0x2C, 0x10, 0xFF, 0x42, 0x2C, 0x18, 0xFF,
    0x39, 0x2C, 0x10, 0xFF, 0x42, 0x2C, 0x18, 0xFF, 0x42, 0x2C, 0x10, 0xFF, 0x39, 0x2C, 0x18, 0xFF,
    0x42, 0x2C, 0x10, 0xFF, 0x42, 0x2C, 0x18, 0xFF, 0x39, 0x2C, 0x10, 0xFF, 0x42, 0x2C, 0x18, 0xFF,
    0x42, 0x2C, 0x10, 0xFF, 0x39, 0x2C, 0x18, 0xFF, 0x42, 0x2C, 0x10, 0xFF, 0x42, 0x2C, 0x18, 0xFF,
    0x39, 0x2C, 0x10, 0xFF, 0x42, 0x2C, 0x18, 0xFF, 0x42, 0x2C, 0x10, 0xFF, 0x39, 0x2C, 0x18, 0xFF,
    0x42, 0x2C, 0x10, 0xFF, 0x42, 0x2C, 0x18, 0xFF, 0x39, 0x2C, 0x10, 0xFF, 0x42, 0x2C, 0x18, 0xFF,
    0x42, 0x2C, 0x10, 0xFF, 0x39, 0x2C, 0x18, 0xFF, 0x42, 0x2C, 0x10, 0xFF, 0x42, 0x2C, 0x18, 0xFF,
    0x39, 0x2C, 0x10, 0xFF, 0x42, 0x2C, 0x18, 0xFF, 0x42, 0x2C, 0x10, 0xFF, 0x39, 0x2C, 0x18, 0xFF,
    0x42, 0x2C, 0x10, 0xFF, 0x42, 0x2C, 0x18, 0xFF, 0x42, 0x2C, 0x10, 0xFF, 0x42, 0x2C, 0x10, 0xFF,
    0x42, 0x2C, 0x10, 0xFF, 0x42, 0x2C, 0x10, 0xFF, 0x42, 0x2C, 0x10, 0xFF, 0x42, 0x2C, 0x10, 0xFF,
    0x42, 0x2C, 0x10, 0xFF, 0x42, 0x2C, 0x10, 0xFF, 0x42, 0x2C, 0x10, 0xFF, 0x42, 0x2C, 0x10, 0xFF,
    0x42, 0x2C, 0x10, 0xFF, 0x42, 0x2C, 0x10, 0xFF, 0x42, 0x2C, 0x10, 0xFF, 0x42, 0x2C, 0x10, 0xFF,
    0x42, 0x2C, 0x10, 0xFF, 0x42, 0x2C, 0x10, 0xFF, 0x42, 0x2C, 0x10, 0xFF, 0x42, 0x2C, 0x10, 0xFF,
    0x42, 0x2C, 0x10, 0xFF, 0x42, 0x2C, 0x10, 0xFF, 0x42, 0x2C, 0x10, 0xFF, 0x42, 0x2C, 0x10, 0xFF,
    0x42, 0x2C, 0x10, 0xFF, 0x42, 0x2C, 0x10, 0xFF, 0x42, 0x2C, 0x10, 0xFF, 0x42, 0x2C, 0x10, 0xFF,
    0x42, 0x2C, 0x10, 0xFF, 0x42, 0x2C, 0x10, 0xFF, 0x42, 0x2C, 0x10, 0xFF, 0x42, 0x2C, 0x10, 0xFF,
    0x42, 0x2C, 0x10, 0xFF, 0x42, 0x2C, 0x10, 0xFF, 0x42, 0x2C, 0x10, 0xFF, 0x42, 0x2C, 0x10, 0xFF,
    0x42, 0x2C, 0x10, 0xFF, 0x42, 0x2C, 0x10, 0xFF, 0x42, 0x2C, 0x10, 0xFF, 0x42, 0x2C, 0x10, 0xFF,
    0x42, 0x2C, 0x10, 0xFF, 0x42, 0x2C, 0x10, 0xFF, 0x42, 0x2C, 0x10, 0xFF, 0x42, 0x2C, 0x10, 0xFF,
    0x42, 0x2C, 0x10, 0xFF, 0x42, 0x2C, 0x10, 0xFF, 0x42, 0x2C, 0x10, 0xFF, 0x42, 0x2C, 0x10, 0xFF,
    0x42, 0x2C, 0x10, 0xFF, 0x42, 0x2C, 0x10, 0xFF, 0x42, 0x2C, 0x10, 0xFF, 0x42, 0x2C, 0x10, 0xFF,
    0x42, 0x2C, 0x10, 0xFF, 0x42, 0x2C, 0x10, 0xFF, 0x42, 0x2C, 0x10, 0xFF, 0x42, 0x2C, 0x10, 0xFF,
    0x42, 0x2C, 0x10, 0xFF, 0x42, 0x2C, 0x10, 0xFF, 0x42, 0x2C, 0x10, 0xFF, 0x42, 0x2C, 0x10, 0xFF,
    0x42, 0x2C, 0x10, 0xFF, 0x42, 0x2C, 0x10, 0xFF, 0x42, 0x2C, 0x10, 0xFF, 0x42, 0x2C, 0x10, 0xFF,
    0x42, 0x2C, 0x10, 0xFF, 0x42, 0x2C, 0x10, 0xFF, 0x42, 0x2C, 0x10, 0xFF, 0x42, 0x2C, 0x10, 0xFF,
    0x42, 0x2C, 0x10, 0xFF, 0x42, 0x2C, 0x10, 0xFF, 0x42, 0x2C, 0x10, 0xFF, 0x42, 0x2C, 0x10, 0xFF,
    0x42, 0x2C, 0x10, 0xFF, 0x42, 0x2C, 0x10, 0xFF, 0x42, 0x2C, 0x10, 0xFF, 0x42, 0x2C, 0x10, 0xFF,
    0x42, 0x2C, 0x10, 0xFF, 0x42, 0x2C, 0x10, 0xFF, 0x42, 0x2C, 0x10, 0xFF, 0x42, 0x2C, 0x10, 0xFF,
    0x42, 0x2C, 0x10, 0xFF, 0x42, 0x2C, 0x10, 0xFF, 0x42, 0x2C, 0x10, 0xFF, 0x42, 0x2C, 0x10, 0xFF,
    0x42, 0x2C, 0x10, 0xFF, 0x42, 0x2C, 0x10, 0xFF, 0x42, 0x2C, 0x10, 0xFF, 0x42, 0x2C, 0x10, 0xFF,
    0x42, 0x2C, 0x10, 0xFF, 0x42, 0x2C, 0x10, 0xFF, 0x42, 0x2C, 0x10, 0xFF, 0x42, 0x2C, 0x10, 0xFF,
    0x42, 0x2C, 0x10, 0xFF, 0x42, 0x2C, 0x10, 0xFF, 0x42, 0x2C, 0x10, 0xFF, 0x42, 0x2C, 0x10, 0xFF,
    0x42, 0x2C, 0x10, 0xFF, 0x42, 0x2C, 0x10, 0xFF, 0x42, 0x2C, 0x10, 0xFF, 0x42, 0x2C, 0x10, 0xFF,
    0x42, 0x2C, 0x10, 0xFF, 0x42, 0x2C, 0x10, 0xFF, 0x42, 0x2C, 0x10, 0xFF, 0x42, 0x2C, 0x10, 0xFF,
    0x42, 0x2C, 0x10, 0xFF, 0x42, 0x2C, 0x10, 0xFF, 0x42, 0x2C, 0x10, 0xFF, 0x42, 0x2C, 0x10, 0xFF,
    0x42, 0x2C, 0x10, 0xFF, 0x42, 0x2C, 0x10, 0xFF, 0x42, 0x2C, 0x10, 0xFF, 0x42, 0x2C, 0x10, 0xFF,
    0x42, 0x2C, 0x10, 0xFF, 0x42, 0x2C, 0x10, 0xFF, 0x42, 0x2C, 0x10, 0xFF, 0x42, 0x2C, 0x10, 0xFF,
    0x42, 0x2C, 0x10, 0xFF, 0x42, 0x2C, 0x10, 0xFF, 0x42, 0x2C, 0x10, 0xFF, 0x42, 0x2C, 0x10, 0xFF,
    0x42, 0x2C, 0x10, 0xFF, 0x42, 0x2C, 0x10, 0xFF, 0x42, 0x2C, 0x10, 0xFF, 0x42, 0x2C, 0x10, 0xFF,
    0x42, 0x2C, 0x10, 0xFF, 0x42, 0x2C, 0x10, 0xFF, 0x42, 0x2C, 0x10, 0xFF, 0x42, 0x2C, 0x10, 0xFF,
    0x42, 0x2C, 0x10, 0xFF, 0x39, 0x2C, 0x10, 0xFF, 0x42, 0x2C, 0x18, 0xFF, 0x42, 0x2C, 0x10, 0xFF,
    0x42, 0x2C, 0x10, 0xFF, 0x42, 0x30, 0x18, 0xFF, 0x42, 0x2C, 0x10, 0xFF, 0x42, 0x2C, 0x18, 0xFF,
    0x42, 0x30, 0x10, 0xFF, 0x42, 0x2C, 0x18, 0xFF, 0x42, 0x2C, 0x10, 0xFF, 0x42, 0x30, 0x18, 0xFF,
    0x42, 0x2C, 0x10, 0xFF, 0x42, 0x2C, 0x18, 0xFF, 0x42, 0x30, 0x10, 0xFF, 0x42, 0x2C, 0x18, 0xFF,
    0x42, 0x2C, 0x10, 0xFF, 0x42, 0x30, 0x18, 0xFF, 0x42, 0x2C, 0x10, 0xFF, 0x42, 0x2C, 0x18, 0xFF,
    0x42, 0x30, 0x10, 0xFF, 0x42, 0x2C, 0x18, 0xFF, 0x42, 0x2C, 0x10, 0xFF, 0x42, 0x30, 0x18, 0xFF,
    0x42, 0x2C, 0x10, 0xFF, 0x42, 0x2C, 0x18, 0xFF, 0x42, 0x30, 0x10, 0xFF, 0x42, 0x2C, 0x18, 0xFF,
    0x42, 0x2C, 0x10, 0xFF, 0x42, 0x30, 0x18, 0xFF, 0x42, 0x2C, 0x10, 0xFF, 0x42, 0x2C, 0x18, 0xFF,
    0x42, 0x30, 0x10, 0xFF, 0x42, 0x2C, 0x18, 0xFF, 0x42, 0x2C, 0x10, 0xFF, 0x42, 0x30, 0x18, 0xFF,
    0x42, 0x2C, 0x10, 0xFF, 0x42, 0x2C, 0x18, 0xFF, 0x42, 0x30, 0x10, 0xFF, 0x42, 0x2C, 0x18, 0xFF,
    0x42, 0x2C, 0x10, 0xFF, 0x42, 0x30, 0x18, 0xFF, 0x42, 0x2C, 0x10, 0xFF, 0x42, 0x2C, 0x18, 0xFF,
    0x42, 0x30, 0x10, 0xFF, 0x42, 0x2C, 0x18, 0xFF, 0x42, 0x2C, 0x10, 0xFF, 0x42, 0x30, 0x18, 0xFF,
    0x42, 0x2C, 0x10, 0xFF, 0x42, 0x2C, 0x18, 0xFF, 0x42, 0x30, 0x10, 0xFF, 0x42, 0x2C, 0x18, 0xFF,
    0x42, 0x2C, 0x10, 0xFF, 0x42, 0x30, 0x18, 0xFF, 0x42, 0x2C, 0x10, 0xFF, 0x42, 0x2C, 0x18, 0xFF,
    0x42, 0x30, 0x10, 0xFF, 0x42, 0x2C, 0x18, 0xFF, 0x42, 0x2C, 0x10, 0xFF, 0x42, 0x30, 0x18, 0xFF,
    0x42, 0x2C, 0x10, 0xFF, 0x42, 0x2C, 0x18, 0xFF, 0x42, 0x30, 0x10, 0xFF, 0x42, 0x2C, 0x18, 0xFF,
    0x42, 0x2C, 0x10, 0xFF, 0x42, 0x30, 0x18, 0xFF, 0x42, 0x2C, 0x10, 0xFF, 0x42, 0x2C, 0x18, 0xFF,
    0x42, 0x30, 0x10, 0xFF, 0x42, 0x2C, 0x18, 0xFF, 0x42, 0x2C, 0x10, 0xFF, 0x42, 0x30, 0x18, 0xFF,
    0x42, 0x2C, 0x10, 0xFF, 0x42, 0x2C, 0x18, 0xFF, 0x42, 0x30, 0x10, 0xFF, 0x42, 0x2C, 0x18, 0xFF,
    0x42, 0x2C, 0x10, 0xFF, 0x42, 0x30, 0x18, 0xFF, 0x42, 0x2C, 0x10, 0xFF, 0x42, 0x2C, 0x18, 0xFF,
    0x42, 0x30, 0x10, 0xFF, 0x42, 0x2C, 0x18, 0xFF, 0x42, 0x2C, 0x10, 0xFF, 0x42, 0x30, 0x18, 0xFF,
    0x42, 0x2C, 0x10, 0xFF, 0x42, 0x2C, 0x18, 0xFF, 0x42, 0x30, 0x10, 0xFF, 0x42, 0x2C, 0x18, 0xFF,
    0x42, 0x2C, 0x10, 0xFF, 0x42, 0x30, 0x18, 0xFF, 0x42, 0x2C, 0x10, 0xFF, 0x42, 0x2C, 0x18, 0xFF,
    0x42, 0x30, 0x10, 0xFF, 0x42, 0x2C, 0x18, 0xFF, 0x42, 0x2C, 0x10, 0xFF, 0x42, 0x30, 0x18, 0xFF,
    0x42, 0x2C, 0x10, 0xFF, 0x42, 0x2C, 0x18, 0xFF, 0x42, 0x30, 0x10, 0xFF, 0x42, 0x2C, 0x18, 0xFF,
    0x42, 0x2C, 0x10, 0xFF, 0x42, 0x30, 0x18, 0xFF, 0x42, 0x2C, 0x10, 0xFF, 0x42, 0x2C, 0x18, 0xFF,
    0x42, 0x30, 0x10, 0xFF, 0x42, 0x2C, 0x18, 0xFF, 0x42, 0x2C, 0x10, 0xFF, 0x42, 0x30, 0x18, 0xFF,
    0x42, 0x2C, 0x10, 0xFF, 0x42, 0x2C, 0x18, 0xFF, 0x42, 0x30, 0x10, 0xFF, 0x42, 0x2C, 0x18, 0xFF,
    0x42, 0x2C, 0x10, 0xFF, 0x42, 0x30, 0x18, 0xFF, 0x42, 0x2C, 0x10, 0xFF, 0x42, 0x2C, 0x18, 0xFF,
    0x42, 0x30, 0x10, 0xFF, 0x42, 0x2C, 0x18, 0xFF, 0x42, 0x2C, 0x10, 0xFF, 0x42, 0x30, 0x18, 0xFF,
    0x42, 0x2C, 0x10, 0xFF, 0x42, 0x2C, 0x18, 0xFF, 0x42, 0x30, 0x10, 0xFF, 0x42, 0x2C, 0x18, 0xFF,
    0x42, 0x2C, 0x10, 0xFF, 0x42, 0x30, 0x18, 0xFF, 0x42, 0x2C, 0x10, 0xFF, 0x42, 0x2C, 0x18, 0xFF,
    0x42, 0x30, 0x10, 0xFF, 0x42, 0x2C, 0x10, 0xFF, 0x42, 0x2C, 0x10, 0xFF, 0x42, 0x2C, 0x18, 0xFF,
    0x42, 0x2C, 0x10, 0xFF, 0x42, 0x2C, 0x10, 0xFF, 0x42, 0x2C, 0x10, 0xFF, 0x42, 0x2C, 0x10, 0xFF,
    0x42, 0x2C, 0x10, 0xFF, 0x42, 0x2C, 0x10, 0xFF, 0x42, 0x2C, 0x10, 0xFF, 0x42, 0x2C, 0x10, 0xFF,
    0x42, 0x2C, 0x10, 0xFF, 0x42, 0x2C, 0x10, 0xFF, 0x42, 0x2C, 0x10, 0xFF, 0x42, 0x2C, 0x10, 0xFF,
    0x42, 0x2C, 0x10, 0xFF, 0x42, 0x2C, 0x10, 0xFF, 0x42, 0x2C, 0x10, 0xFF, 0x42, 0x2C, 0x10, 0xFF,
    0x42, 0x2C, 0x10, 0xFF, 0x42, 0x2C, 0x10, 0xFF, 0x42, 0x2C, 0x10, 0xFF, 0x42, 0x2C, 0x10, 0xFF,
    0x42, 0x2C, 0x10, 0xFF, 0x42, 0x2C, 0x10, 0xFF, 0x42, 0x2C, 0x10, 0xFF, 0x42, 0x2C, 0x10, 0xFF,
    0x42, 0x2C, 0x10, 0xFF, 0x42, 0x2C, 0x10, 0xFF, 0x42, 0x2C, 0x10, 0xFF, 0x42, 0x2C, 0x10, 0xFF,
    0x42, 0x2C, 0x10, 0xFF, 0x42, 0x2C, 0x10, 0xFF, 0x42, 0x2C, 0x10, 0xFF, 0x42, 0x2C, 0x10, 0xFF,
    0x42, 0x2C, 0x10, 0xFF, 0x42, 0x2C, 0x10, 0xFF, 0x42, 0x2C, 0x10, 0xFF, 0x42, 0x2C, 0x10, 0xFF,
    0x42, 0x2C, 0x10, 0xFF, 0x42, 0x2C, 0x10, 0xFF, 0x42, 0x2C, 0x10, 0xFF, 0x42, 0x2C, 0x10, 0xFF,
    0x42, 0x2C, 0x10, 0xFF, 0x42, 0x2C, 0x10, 0xFF, 0x42, 0x2C, 0x10, 0xFF, 0x42, 0x2C, 0x10, 0xFF,
    0x42, 0x2C, 0x10, 0xFF, 0x42, 0x2C, 0x10, 0xFF, 0x42, 0x2C, 0x10, 0xFF, 0x42, 0x2C, 0x10, 0xFF,
    0x42, 0x2C, 0x10, 0xFF, 0x42, 0x2C, 0x10, 0xFF, 0x42, 0x2C, 0x10, 0xFF, 0x42, 0x2C, 0x10, 0xFF,
    0x42, 0x2C, 0x10, 0xFF, 0x42, 0x2C, 0x10, 0xFF, 0x42, 0x2C, 0x10, 0xFF, 0x42, 0x2C, 0x10, 0xFF,
    0x42, 0x2C, 0x10, 0xFF, 0x42, 0x2C, 0x10, 0xFF, 0x42, 0x2C, 0x10, 0xFF, 0x42, 0x2C, 0x10, 0xFF,
    0x42, 0x2C, 0x10, 0xFF, 0x42, 0x2C, 0x10, 0xFF, 0x42, 0x2C, 0x10, 0xFF, 0x42, 0x2C, 0x10, 0xFF,
    0x42, 0x2C, 0x10, 0xFF, 0x42, 0x2C, 0x10, 0xFF, 0x42, 0x2C, 0x10, 0xFF, 0x42, 0x2C, 0x10, 0xFF,
    0x42, 0x2C, 0x10, 0xFF, 0x42, 0x2C, 0x10, 0xFF, 0x42, 0x2C, 0x10, 0xFF, 0x42, 0x2C, 0x10, 0xFF,
    0x42, 0x2C, 0x10, 0xFF, 0x42, 0x2C, 0x10, 0xFF, 0x42, 0x2C, 0x10, 0xFF, 0x42, 0x2C, 0x10, 0xFF,
    0x42, 0x2C, 0x10, 0xFF, 0x42, 0x2C, 0x10, 0xFF, 0x42, 0x2C, 0x10, 0xFF, 0x42, 0x2C, 0x10, 0xFF,
    0x42, 0x2C, 0x10, 0xFF, 0x42, 0x2C, 0x10, 0xFF, 0x42, 0x2C, 0x10, 0xFF, 0x42, 0x2C, 0x10, 0xFF,
    0x42, 0x2C, 0x10, 0xFF, 0x42, 0x2C, 0x10, 0xFF, 0x42, 0x2C, 0x10, 0xFF, 0x42, 0x2C, 0x10, 0xFF,
    0x42, 0x2C, 0x10, 0xFF, 0x42, 0x2C, 0x10, 0xFF, 0x42, 0x2C, 0x10, 0xFF, 0x42, 0x2C, 0x10, 0xFF,
    0x42, 0x2C, 0x10, 0xFF, 0x42, 0x2C, 0x10, 0xFF, 0x42, 0x2C, 0x10, 0xFF, 0x42, 0x2C, 0x10, 0xFF,
    0x42, 0x2C, 0x10, 0xFF, 0x42, 0x2C, 0x10, 0xFF, 0x42, 0x2C, 0x10, 0xFF, 0x42, 0x2C, 0x10, 0xFF,
    0x42, 0x2C, 0x10, 0xFF, 0x42, 0x2C, 0x10, 0xFF, 0x42, 0x2C, 0x10, 0xFF, 0x42, 0x2C, 0x10, 0xFF,
    0x42, 0x2C, 0x10, 0xFF, 0x42, 0x2C, 0x10, 0xFF, 0x42, 0x2C, 0x10, 0xFF, 0x42, 0x2C, 0x10, 0xFF,
    0x42, 0x2C, 0x10, 0xFF, 0x42, 0x2C, 0x10, 0xFF, 0x42, 0x2C, 0x10, 0xFF, 0x42, 0x2C, 0x10, 0xFF,
    0x42, 0x2C, 0x10, 0xFF, 0x42, 0x2C, 0x10, 0xFF, 0x42, 0x2C, 0x10, 0xFF, 0x42, 0x2C, 0x10, 0xFF,
    0x42, 0x2C, 0x10, 0xFF, 0x42, 0x2C, 0x10, 0xFF, 0x42, 0x2C, 0x10, 0xFF, 0x42, 0x2C, 0x10, 0xFF,
    0x42, 0x2C, 0x10, 0xFF, 0x42, 0x2C, 0x10, 0xFF, 0x42, 0x2C, 0x10, 0xFF, 0x42, 0x2C, 0x10, 0xFF,
    0x42, 0x2C, 0x18, 0xFF, 0x42, 0x2C, 0x10, 0xFF, 0x42, 0x2C, 0x18, 0xFF, 0x42, 0x2C, 0x10, 0xFF,
    0x42, 0x30, 0x18, 0xFF, 0x42, 0x2C, 0x10, 0xFF, 0x42, 0x30, 0x18, 0xFF, 0x42, 0x2C, 0x18, 0xFF,
    0x42, 0x30, 0x10, 0xFF, 0x42, 0x2C, 0x18, 0xFF, 0x42, 0x30, 0x18, 0xFF, 0x42, 0x2C, 0x10, 0xFF,
    0x42, 0x30, 0x18, 0xFF, 0x42, 0x2C, 0x18, 0xFF, 0x42, 0x30, 0x10, 0xFF, 0x42, 0x2C, 0x18, 0xFF,
    0x42, 0x30, 0x18, 0xFF, 0x42, 0x2C, 0x10, 0xFF, 0x42, 0x30, 0x18, 0xFF, 0x42, 0x2C, 0x18, 0xFF,
    0x42, 0x30, 0x10, 0xFF, 0x42, 0x2C, 0x18, 0xFF, 0x42, 0x30, 0x18, 0xFF, 0x42, 0x2C, 0x10, 0xFF,
    0x42, 0x30, 0x18, 0xFF, 0x42, 0x2C, 0x18, 0xFF, 0x42, 0x30, 0x10, 0xFF, 0x42, 0x2C, 0x18, 0xFF,
    0x42, 0x30, 0x18, 0xFF, 0x42, 0x2C, 0x10, 0xFF, 0x42, 0x30, 0x18, 0xFF, 0x42, 0x2C, 0x18, 0xFF,
    0x42, 0x30, 0x10, 0xFF, 0x42, 0x2C, 0x18, 0xFF, 0x42, 0x30, 0x18, 0xFF, 0x42, 0x2C, 0x10, 0xFF,
    0x42, 0x30, 0x18, 0xFF, 0x42, 0x2C, 0x18, 0xFF, 0x42, 0x30, 0x10, 0xFF, 0x42, 0x2C, 0x18, 0xFF,
    0x42, 0x30, 0x18, 0xFF, 0x42, 0x2C, 0x10, 0xFF, 0x42, 0x30, 0x18, 0xFF, 0x42, 0x2C, 0x18, 0xFF,
    0x42, 0x30, 0x10, 0xFF, 0x42, 0x2C, 0x18, 0xFF, 0x42, 0x30, 0x18, 0xFF, 0x42, 0x2C, 0x10, 0xFF,
    0x42, 0x30, 0x18, 0xFF, 0x42, 0x2C, 0x18, 0xFF, 0x42, 0x30, 0x10, 0xFF, 0x42, 0x2C, 0x18, 0xFF,
    0x42, 0x30, 0x18, 0xFF, 0x42, 0x2C, 0x10, 0xFF, 0x42, 0x30, 0x18, 0xFF, 0x42, 0x2C, 0x18, 0xFF,
    0x42, 0x30, 0x10, 0xFF, 0x42, 0x2C, 0x18, 0xFF, 0x42, 0x30, 0x18, 0xFF, 0x42, 0x2C, 0x10, 0xFF,
    0x42, 0x30, 0x18, 0xFF, 0x42, 0x2C, 0x18, 0xFF, 0x42, 0x30, 0x10, 0xFF, 0x42, 0x2C, 0x18, 0xFF,
    0x42, 0x30, 0x18, 0xFF, 0x42, 0x2C, 0x10, 0xFF, 0x42, 0x30, 0x18, 0xFF, 0x42, 0x2C, 0x18, 0xFF,
    0x42, 0x30, 0x10, 0xFF, 0x42, 0x2C, 0x18, 0xFF, 0x42, 0x30, 0x18, 0xFF, 0x42, 0x2C, 0x10, 0xFF,
    0x42, 0x30, 0x18, 0xFF, 0x42, 0x2C, 0x18, 0xFF, 0x42, 0x30, 0x10, 0xFF, 0x42, 0x2C, 0x18, 0xFF,
    0x42, 0x30, 0x18, 0xFF, 0x42, 0x2C, 0x10, 0xFF, 0x42, 0x30, 0x18, 0xFF, 0x42, 0x2C, 0x18, 0xFF,
    0x42, 0x30, 0x10, 0xFF, 0x42, 0x2C, 0x18, 0xFF, 0x42, 0x30, 0x18, 0xFF, 0x42, 0x2C, 0x10, 0xFF,
    0x42, 0x30, 0x18, 0xFF, 0x42, 0x2C, 0x18, 0xFF, 0x42, 0x30, 0x10, 0xFF, 0x42, 0x2C, 0x18, 0xFF,
    0x42, 0x30, 0x18, 0xFF, 0x42, 0x2C, 0x10, 0xFF, 0x42, 0x30, 0x18, 0xFF, 0x42, 0x2C, 0x18, 0xFF,
    0x42, 0x30, 0x10, 0xFF, 0x42, 0x2C, 0x18, 0xFF, 0x42, 0x30, 0x18, 0xFF, 0x42, 0x2C, 0x10, 0xFF,
    0x42, 0x30, 0x18, 0xFF, 0x42, 0x2C, 0x18, 0xFF, 0x42, 0x30, 0x10, 0xFF, 0x42, 0x2C, 0x18, 0xFF,
    0x42, 0x30, 0x18, 0xFF, 0x42, 0x2C, 0x10, 0xFF, 0x42, 0x30, 0x18, 0xFF, 0x42, 0x2C, 0x18, 0xFF,
    0x42, 0x30, 0x10, 0xFF, 0x42, 0x2C, 0x18, 0xFF, 0x42, 0x30, 0x18, 0xFF, 0x42, 0x2C, 0x10, 0xFF,
    0x42, 0x30, 0x18, 0xFF, 0x42, 0x2C, 0x18, 0xFF, 0x42, 0x30, 0x10, 0xFF, 0x42, 0x2C, 0x18, 0xFF,
    0x42, 0x30, 0x18, 0xFF, 0x42, 0x2C, 0x10, 0xFF, 0x42, 0x30, 0x18, 0xFF, 0x42, 0x2C, 0x18, 0xFF,
    0x42, 0x30, 0x10, 0xFF, 0x42, 0x2C, 0x18, 0xFF, 0x42, 0x30, 0x18, 0xFF, 0x42, 0x2C, 0x10, 0xFF,
    0x42, 0x30, 0x18, 0xFF, 0x42, 0x2C, 0x18, 0xFF, 0x42, 0x30, 0x10, 0xFF, 0x42, 0x2C, 0x18, 0xFF,
    0x42, 0x30, 0x18, 0xFF, 0x42, 0x2C, 0x10, 0xFF, 0x42, 0x30, 0x18, 0xFF, 0x42, 0x2C, 0x10, 0xFF,
    0x42, 0x30, 0x18, 0xFF, 0x42, 0x2C, 0x10, 0xFF, 0x42, 0x30, 0x10, 0xFF, 0x42, 0x2C, 0x18, 0xFF,
    0x42, 0x2C, 0x10, 0xFF, 0x42, 0x30, 0x18, 0xFF, 0x42, 0x2C, 0x10, 0xFF, 0x42, 0x2C, 0x10, 0xFF,
    0x42, 0x30, 0x18, 0xFF, 0x42, 0x2C, 0x10, 0xFF, 0x42, 0x2C, 0x10, 0xFF, 0x42, 0x30, 0x18, 0xFF,
    0x42, 0x2C, 0x10, 0xFF, 0x42, 0x2C, 0x10, 0xFF, 0x42, 0x30, 0x18, 0xFF, 0x42, 0x2C, 0x10, 0xFF,
    0x42, 0x2C, 0x10, 0xFF, 0x42, 0x30, 0x18, 0xFF, 0x42, 0x2C, 0x10, 0xFF, 0x42, 0x2C, 0x10, 0xFF,
    0x42, 0x30, 0x18, 0xFF, 0x42, 0x2C, 0x10, 0xFF, 0x42, 0x2C, 0x10, 0xFF, 0x42, 0x30, 0x18, 0xFF,
    0x42, 0x2C, 0x10, 0xFF, 0x42, 0x2C, 0x10, 0xFF, 0x42, 0x30, 0x18, 0xFF, 0x42, 0x2C, 0x10, 0xFF,
    0x42, 0x2C, 0x10, 0xFF, 0x42, 0x30, 0x18, 0xFF, 0x42, 0x2C, 0x10, 0xFF, 0x42, 0x2C, 0x10, 0xFF,
    0x42, 0x30, 0x18, 0xFF, 0x42, 0x2C, 0x10, 0xFF, 0x42, 0x2C, 0x10, 0xFF, 0x42, 0x30, 0x18, 0xFF,
    0x42, 0x2C, 0x10, 0xFF, 0x42, 0x2C, 0x10, 0xFF, 0x42, 0x30, 0x18, 0xFF, 0x42, 0x2C, 0x10, 0xFF,
    0x42, 0x2C, 0x10, 0xFF, 0x42, 0x30, 0x18, 0xFF, 0x42, 0x2C, 0x10, 0xFF, 0x42, 0x2C, 0x10, 0xFF,
    0x42, 0x30, 0x18, 0xFF, 0x42, 0x2C, 0x10, 0xFF, 0x42, 0x2C, 0x10, 0xFF, 0x42, 0x30, 0x18, 0xFF,
    0x42, 0x2C, 0x10, 0xFF, 0x42, 0x2C, 0x10, 0xFF, 0x42, 0x30, 0x18, 0xFF, 0x42, 0x2C, 0x10, 0xFF,
    0x42, 0x2C, 0x10, 0xFF, 0x42, 0x30, 0x18, 0xFF, 0x42, 0x2C, 0x10, 0xFF, 0x42, 0x2C, 0x10, 0xFF,
    0x42, 0x30, 0x18, 0xFF, 0x42, 0x2C, 0x10, 0xFF, 0x42, 0x2C, 0x10, 0xFF, 0x42, 0x30, 0x18, 0xFF,
    0x42, 0x2C, 0x10, 0xFF, 0x42, 0x2C, 0x10, 0xFF, 0x42, 0x30, 0x18, 0xFF, 0x42, 0x2C, 0x10, 0xFF,
    0x42, 0x2C, 0x10, 0xFF, 0x42, 0x30, 0x18, 0xFF, 0x42, 0x2C, 0x10, 0xFF, 0x42, 0x2C, 0x10, 0xFF,
    0x42, 0x30, 0x18, 0xFF, 0x42, 0x2C, 0x10, 0xFF, 0x42, 0x2C, 0x10, 0xFF, 0x42, 0x30, 0x18, 0xFF,
    0x42, 0x2C, 0x10, 0xFF, 0x42, 0x2C, 0x10, 0xFF, 0x42, 0x30, 0x18, 0xFF, 0x42, 0x2C, 0x10, 0xFF,
    0x42, 0x2C, 0x10, 0xFF, 0x42, 0x30, 0x18, 0xFF, 0x42, 0x2C, 0x10, 0xFF, 0x42, 0x2C, 0x10, 0xFF,
    0x42, 0x30, 0x18, 0xFF, 0x42, 0x2C, 0x10, 0xFF, 0x42, 0x2C, 0x10, 0xFF, 0x42, 0x30, 0x18, 0xFF,
    0x42, 0x2C, 0x10, 0xFF, 0x42, 0x2C, 0x10, 0xFF, 0x42, 0x30, 0x18, 0xFF, 0x42, 0x2C, 0x10, 0xFF,
    0x42, 0x2C, 0x10, 0xFF, 0x42, 0x30, 0x18, 0xFF, 0x42, 0x2C, 0x10, 0xFF, 0x42, 0x2C, 0x10, 0xFF,
    0x42, 0x30, 0x18, 0xFF, 0x42, 0x2C, 0x10, 0xFF, 0x42, 0x2C, 0x10, 0xFF, 0x42, 0x30, 0x18, 0xFF,
    0x42, 0x2C, 0x10, 0xFF, 0x42, 0x2C, 0x10, 0xFF, 0x42, 0x30, 0x18, 0xFF, 0x42, 0x2C, 0x10, 0xFF,
    0x42, 0x2C, 0x10, 0xFF, 0x42, 0x30, 0x18, 0xFF, 0x42, 0x2C, 0x10, 0xFF, 0x42, 0x2C, 0x10, 0xFF,
    0x42, 0x30, 0x18, 0xFF, 0x42, 0x2C, 0x10, 0xFF, 0x42, 0x2C, 0x10, 0xFF, 0x42, 0x30, 0x18, 0xFF,
    0x42, 0x2C, 0x10, 0xFF, 0x42, 0x2C, 0x10, 0xFF, 0x42, 0x30, 0x18, 0xFF, 0x42, 0x2C, 0x10, 0xFF,
    0x42, 0x2C, 0x10, 0xFF, 0x42, 0x30, 0x18, 0xFF, 0x42, 0x2C, 0x10, 0xFF, 0x42, 0x2C, 0x10, 0xFF,
    0x42, 0x30, 0x18, 0xFF, 0x42, 0x2C, 0x10, 0xFF, 0x42, 0x2C, 0x10, 0xFF, 0x42, 0x30, 0x18, 0xFF,
    0x42, 0x2C, 0x10, 0xFF, 0x42, 0x2C, 0x10, 0xFF, 0x42, 0x30, 0x18, 0xFF, 0x42, 0x2C, 0x10, 0xFF,
    0x42, 0x2C, 0x10, 0xFF, 0x42, 0x30, 0x18, 0xFF, 0x42, 0x2C, 0x10, 0xFF, 0x42, 0x2C, 0x18, 0xFF,
    0x42, 0x30, 0x10, 0xFF, 0x42, 0x2C, 0x18, 0xFF, 0x42, 0x30, 0x10, 0xFF, 0x42, 0x2C, 0x10, 0xFF,
    0x42, 0x2C, 0x10, 0xFF, 0x42, 0x2C, 0x18, 0xFF, 0x42, 0x30, 0x10, 0xFF, 0x42, 0x2C, 0x18, 0xFF,
    0x42, 0x2C, 0x10, 0xFF, 0x42, 0x30, 0x18, 0xFF, 0x42, 0x2C, 0x10, 0xFF, 0x42, 0x2C, 0x10, 0xFF,
    0x42, 0x30, 0x18, 0xFF, 0x42, 0x2C, 0x10, 0xFF, 0x42, 0x2C, 0x10, 0xFF, 0x42, 0x30, 0x18, 0xFF,
    0x42, 0x2C, 0x10, 0xFF, 0x42, 0x2C, 0x10, 0xFF, 0x42, 0x30, 0x18, 0xFF, 0x42, 0x2C, 0x10, 0xFF,
    0x42, 0x2C, 0x10, 0xFF, 0x42, 0x30, 0x18, 0xFF, 0x42, 0x2C, 0x10, 0xFF, 0x42, 0x2C, 0x10, 0xFF,
    0x42, 0x30, 0x18, 0xFF, 0x42, 0x2C, 0x10, 0xFF, 0x42, 0x2C, 0x10, 0xFF, 0x42, 0x30, 0x18, 0xFF,
    0x42, 0x2C, 0x10, 0xFF, 0x42, 0x2C, 0x10, 0xFF, 0x42, 0x30, 0x18, 0xFF, 0x42, 0x2C, 0x10, 0xFF,
    0x42, 0x2C, 0x10, 0xFF, 0x42, 0x30, 0x18, 0xFF, 0x42, 0x2C, 0x10, 0xFF, 0x42, 0x2C, 0x10, 0xFF,
    0x42, 0x30, 0x18, 0xFF, 0x42, 0x2C, 0x10, 0xFF, 0x42, 0x2C, 0x10, 0xFF, 0x42, 0x30, 0x18, 0xFF,
    0x42, 0x2C, 0x10, 0xFF, 0x42, 0x2C, 0x10, 0xFF, 0x42, 0x30, 0x18, 0xFF, 0x42, 0x2C, 0x10, 0xFF,
    0x42, 0x2C, 0x10, 0xFF, 0x42, 0x30, 0x18, 0xFF, 0x42, 0x2C, 0x10, 0xFF, 0x42, 0x2C, 0x10, 0xFF,
    0x42, 0x30, 0x18, 0xFF, 0x42, 0x2C, 0x10, 0xFF, 0x42, 0x2C, 0x10, 0xFF, 0x42, 0x30, 0x18, 0xFF,
    0x42, 0x2C, 0x10, 0xFF, 0x42, 0x2C, 0x10, 0xFF, 0x42, 0x30, 0x18, 0xFF, 0x42, 0x2C, 0x10, 0xFF,
    0x42, 0x2C, 0x10, 0xFF, 0x42, 0x30, 0x18, 0xFF, 0x42, 0x2C, 0x10, 0xFF, 0x42, 0x2C, 0x10, 0xFF,
    0x42, 0x30, 0x18, 0xFF, 0x42, 0x2C, 0x10, 0xFF, 0x42, 0x2C, 0x10, 0xFF, 0x42, 0x30, 0x18, 0xFF,
    0x42, 0x2C, 0x10, 0xFF, 0x42, 0x2C, 0x10, 0xFF, 0x42, 0x30, 0x18, 0xFF, 0x42, 0x2C, 0x10, 0xFF,
    0x42, 0x2C, 0x10, 0xFF, 0x42, 0x30, 0x18, 0xFF, 0x42, 0x2C, 0x10, 0xFF, 0x42, 0x2C, 0x10, 0xFF,
    0x42, 0x30, 0x18, 0xFF, 0x42, 0x2C, 0x10, 0xFF, 0x42, 0x2C, 0x10, 0xFF, 0x42, 0x30, 0x18, 0xFF,
    0x42, 0x2C, 0x10, 0xFF, 0x42, 0x2C, 0x10, 0xFF, 0x42, 0x30, 0x18, 0xFF, 0x42, 0x2C, 0x10, 0xFF,
    0x42, 0x2C, 0x10, 0xFF, 0x42, 0x30, 0x18, 0xFF, 0x42, 0x2C, 0x10, 0xFF, 0x42, 0x2C, 0x10, 0xFF,
    0x42, 0x30, 0x18, 0xFF, 0x42, 0x2C, 0x10, 0xFF, 0x42, 0x2C, 0x10, 0xFF, 0x42, 0x30, 0x18, 0xFF,
    0x42, 0x2C, 0x10, 0xFF, 0x42, 0x2C, 0x10, 0xFF, 0x42, 0x30, 0x18, 0xFF, 0x42, 0x2C, 0x10, 0xFF,
    0x42, 0x2C, 0x10, 0xFF, 0x42, 0x30, 0x18, 0xFF, 0x42, 0x2C, 0x10, 0xFF, 0x42, 0x2C, 0x10, 0xFF,
    0x42, 0x30, 0x18, 0xFF, 0x42, 0x2C, 0x10, 0xFF, 0x42, 0x2C, 0x10, 0xFF, 0x42, 0x30, 0x18, 0xFF,
    0x42, 0x2C, 0x10, 0xFF, 0x42, 0x2C, 0x10, 0xFF, 0x42, 0x30, 0x18, 0xFF, 0x42, 0x2C, 0x10, 0xFF,
    0x42, 0x2C, 0x10, 0xFF, 0x42, 0x30, 0x18, 0xFF, 0x42, 0x2C, 0x10, 0xFF, 0x42, 0x2C, 0x10, 0xFF,
    0x42, 0x30, 0x18, 0xFF, 0x42, 0x2C, 0x10, 0xFF, 0x42, 0x2C, 0x10, 0xFF, 0x42, 0x30, 0x18, 0xFF,
    0x42, 0x2C, 0x10, 0xFF, 0x42, 0x2C, 0x10, 0xFF, 0x42, 0x30, 0x18, 0xFF, 0x42, 0x2C, 0x10, 0xFF,
    0x42, 0x2C, 0x10, 0xFF, 0x42, 0x30, 0x18, 0xFF, 0x42, 0x2C, 0x10, 0xFF, 0x42, 0x2C, 0x10, 0xFF,
    0x42, 0x30, 0x18, 0xFF, 0x42, 0x2C, 0x10, 0xFF, 0x42, 0x2C, 0x10, 0xFF, 0x42, 0x30, 0x18, 0xFF,
    0x42, 0x2C, 0x10, 0xFF, 0x42, 0x2C, 0x18, 0xFF, 0x42, 0x30, 0x10, 0xFF, 0x42, 0x2C, 0x10, 0xFF,
    0x42, 0x30, 0x18, 0xFF, 0x42, 0x2C, 0x10, 0xFF, 0x42, 0x2C, 0x18, 0xFF, 0x42, 0x30, 0x10, 0xFF,
    0x42, 0x30, 0x18, 0xFF, 0x42, 0x2C, 0x10, 0xFF, 0x42, 0x30, 0x18, 0xFF, 0x42, 0x2C, 0x10, 0xFF,
    0x42, 0x30, 0x18, 0xFF, 0x42, 0x2C, 0x10, 0xFF, 0x42, 0x30, 0x18, 0xFF, 0x42, 0x2C, 0x10, 0xFF,
    0x42, 0x30, 0x18, 0xFF, 0x42, 0x2C, 0x18, 0xFF, 0x42, 0x30, 0x10, 0xFF, 0x42, 0x2C, 0x18, 0xFF,
    0x42, 0x30, 0x18, 0xFF, 0x42, 0x2C, 0x10, 0xFF, 0x42, 0x30, 0x18, 0xFF, 0x42, 0x2C, 0x18, 0xFF,
    0x42, 0x30, 0x10, 0xFF, 0x42, 0x2C, 0x18, 0xFF, 0x42, 0x30, 0x18, 0xFF, 0x42, 0x2C, 0x10, 0xFF,
    0x42, 0x30, 0x18, 0xFF, 0x42, 0x2C, 0x18, 0xFF, 0x42, 0x30, 0x10, 0xFF, 0x42, 0x2C, 0x18, 0xFF,
    0x42, 0x30, 0x18, 0xFF, 0x42, 0x2C, 0x10, 0xFF, 0x42, 0x30, 0x18, 0xFF, 0x42, 0x2C, 0x18, 0xFF,
    0x42, 0x30, 0x10, 0xFF, 0x42, 0x2C, 0x18, 0xFF, 0x42, 0x30, 0x18, 0xFF, 0x42, 0x2C, 0x10, 0xFF,
    0x42, 0x30, 0x18, 0xFF, 0x42, 0x2C, 0x18, 0xFF, 0x42, 0x30, 0x10, 0xFF, 0x42, 0x2C, 0x18, 0xFF,
    0x42, 0x30, 0x18, 0xFF, 0x42, 0x2C, 0x10, 0xFF, 0x42, 0x30, 0x18, 0xFF, 0x42, 0x2C, 0x18, 0xFF,
    0x42, 0x30, 0x10, 0xFF, 0x42, 0x2C, 0x18, 0xFF, 0x42, 0x30, 0x18, 0xFF, 0x42, 0x2C, 0x10, 0xFF,
    0x42, 0x30, 0x18, 0xFF, 0x42, 0x2C, 0x18, 0xFF, 0x42, 0x30, 0x10, 0xFF, 0x42, 0x2C, 0x18, 0xFF,
    0x42, 0x30, 0x18, 0xFF, 0x42, 0x2C, 0x10, 0xFF, 0x42, 0x30, 0x18, 0xFF, 0x42, 0x2C, 0x18, 0xFF,
    0x42, 0x30, 0x10, 0xFF, 0x42, 0x2C, 0x18, 0xFF, 0x42, 0x30, 0x18, 0xFF, 0x42, 0x2C, 0x10, 0xFF,
    0x42, 0x30, 0x18, 0xFF, 0x42, 0x2C, 0x18, 0xFF, 0x42, 0x30, 0x10, 0xFF, 0x42, 0x2C, 0x18, 0xFF,
    0x42, 0x30, 0x18, 0xFF, 0x42, 0x2C, 0x10, 0xFF, 0x42, 0x30, 0x18, 0xFF, 0x42, 0x2C, 0x18, 0xFF,
    0x42, 0x30, 0x10, 0xFF, 0x42, 0x2C, 0x18, 0xFF, 0x42, 0x30, 0x18, 0xFF, 0x42, 0x2C, 0x10, 0xFF,
    0x42, 0x30, 0x18, 0xFF, 0x42, 0x2C, 0x18, 0xFF, 0x42, 0x30, 0x10, 0xFF, 0x42, 0x2C, 0x18, 0xFF,
    0x42, 0x30, 0x18, 0xFF, 0x42, 0x2C, 0x10, 0xFF, 0x42, 0x30, 0x18, 0xFF, 0x42, 0x2C, 0x18, 0xFF,
    0x42, 0x30, 0x10, 0xFF, 0x42, 0x2C, 0x18, 0xFF, 0x42, 0x30, 0x18, 0xFF, 0x42, 0x2C, 0x10, 0xFF,
    0x42, 0x30, 0x18, 0xFF, 0x42, 0x2C, 0x18, 0xFF, 0x42, 0x30, 0x10, 0xFF, 0x42, 0x2C, 0x18, 0xFF,
    0x42, 0x30, 0x18, 0xFF, 0x42, 0x2C, 0x10, 0xFF, 0x42, 0x30, 0x18, 0xFF, 0x42, 0x2C, 0x18, 0xFF,
    0x42, 0x30, 0x10, 0xFF, 0x42, 0x2C, 0x18, 0xFF, 0x42, 0x30, 0x18, 0xFF, 0x42, 0x2C, 0x10, 0xFF,
    0x42, 0x30, 0x18, 0xFF, 0x42, 0x2C, 0x18, 0xFF, 0x42, 0x30, 0x10, 0xFF, 0x42, 0x2C, 0x18, 0xFF,
    0x42, 0x30, 0x18, 0xFF, 0x42, 0x2C, 0x10, 0xFF, 0x42, 0x30, 0x18, 0xFF, 0x42, 0x2C, 0x18, 0xFF,
    0x42, 0x30, 0x10, 0xFF, 0x42, 0x2C, 0x18, 0xFF, 0x42, 0x30, 0x18, 0xFF, 0x42, 0x2C, 0x10, 0xFF,
    0x42, 0x30, 0x18, 0xFF, 0x42, 0x2C, 0x18, 0xFF, 0x42, 0x30, 0x10, 0xFF, 0x42, 0x2C, 0x18, 0xFF,
    0x42, 0x30, 0x18, 0xFF, 0x42, 0x2C, 0x10, 0xFF, 0x42, 0x30, 0x18, 0xFF, 0x42, 0x2C, 0x18, 0xFF,
    0x42, 0x30, 0x10, 0xFF, 0x42, 0x2C, 0x18, 0xFF, 0x42, 0x30, 0x18, 0xFF, 0x42, 0x2C, 0x10, 0xFF,
    0x42, 0x30, 0x18, 0xFF, 0x42, 0x2C, 0x18, 0xFF, 0x42, 0x30, 0x10, 0xFF, 0x42, 0x2C, 0x18, 0xFF,
    0x42, 0x30, 0x10, 0xFF, 0x42, 0x2C, 0x18, 0xFF, 0x42, 0x30, 0x10, 0xFF, 0x42, 0x2C, 0x18, 0xFF,
    0x42, 0x2C, 0x10, 0xFF, 0x42, 0x30, 0x18, 0xFF, 0x42, 0x2C, 0x10, 0xFF, 0x42, 0x2C, 0x18, 0xFF,
    0x42, 0x30, 0x10, 0xFF, 0x42, 0x2C, 0x18, 0xFF, 0x42, 0x30, 0x10, 0xFF, 0x42, 0x30, 0x18, 0xFF,
    0x42, 0x2C, 0x10, 0xFF, 0x42, 0x30, 0x18, 0xFF, 0x42, 0x2C, 0x10, 0xFF, 0x42, 0x30, 0x18, 0xFF,
    0x42, 0x30, 0x10, 0xFF, 0x42, 0x2C, 0x18, 0xFF, 0x42, 0x30, 0x10, 0xFF, 0x42, 0x2C, 0x10, 0xFF,
    0x42, 0x30, 0x18, 0xFF, 0x42, 0x30, 0x10, 0xFF, 0x42, 0x2C, 0x18, 0xFF, 0x42, 0x30, 0x10, 0xFF,
    0x42, 0x30, 0x18, 0xFF, 0x42, 0x2C, 0x10, 0xFF, 0x42, 0x30, 0x18, 0xFF, 0x42, 0x30, 0x10, 0xFF,
    0x42, 0x2C, 0x10, 0xFF, 0x42, 0x30, 0x18, 0xFF, 0x42, 0x30, 0x10, 0xFF, 0x42, 0x2C, 0x18, 0xFF,
    0x42, 0x30, 0x10, 0xFF, 0x42, 0x30, 0x18, 0xFF, 0x42, 0x2C, 0x10, 0xFF, 0x42, 0x30, 0x18, 0xFF,
    0x42, 0x30, 0x10, 0xFF, 0x42, 0x2C, 0x10, 0xFF, 0x42, 0x30, 0x18, 0xFF, 0x42, 0x30, 0x10, 0xFF,
    0x42, 0x2C, 0x18, 0xFF, 0x42, 0x30, 0x10, 0xFF, 0x42, 0x30, 0x18, 0xFF, 0x42, 0x2C, 0x10, 0xFF,
    0x42, 0x30, 0x18, 0xFF, 0x42, 0x30, 0x10, 0xFF, 0x42, 0x2C, 0x10, 0xFF, 0x42, 0x30, 0x18, 0xFF,
    0x42, 0x30, 0x10, 0xFF, 0x42, 0x2C, 0x18, 0xFF, 0x42, 0x30, 0x10, 0xFF, 0x42, 0x30, 0x18, 0xFF,
    0x42, 0x2C, 0x10, 0xFF, 0x42, 0x30, 0x18, 0xFF, 0x42, 0x30, 0x10, 0xFF, 0x42, 0x2C, 0x10, 0xFF,
    0x42, 0x30, 0x18, 0xFF, 0x42, 0x30, 0x10, 0xFF, 0x42, 0x2C, 0x18, 0xFF, 0x42, 0x30, 0x10, 0xFF,
    0x42, 0x30, 0x18, 0xFF, 0x42, 0x2C, 0x10, 0xFF, 0x42, 0x30, 0x18, 0xFF, 0x42, 0x30, 0x10, 0xFF,
    0x42, 0x2C, 0x10, 0xFF, 0x42, 0x30, 0x18, 0xFF, 0x42, 0x30, 0x10, 0xFF, 0x42, 0x2C, 0x18, 0xFF,
    0x42, 0x30, 0x10, 0xFF, 0x42, 0x30, 0x18, 0xFF, 0x42, 0x2C, 0x10, 0xFF, 0x42, 0x30, 0x18, 0xFF,
    0x42, 0x30, 0x10, 0xFF, 0x42, 0x2C, 0x10, 0xFF, 0x42, 0x30, 0x18, 0xFF, 0x42, 0x30, 0x10, 0xFF,
    0x42, 0x2C, 0x18, 0xFF, 0x42, 0x30, 0x10, 0xFF, 0x42, 0x30, 0x18, 0xFF, 0x42, 0x2C, 0x10, 0xFF,
    0x42, 0x30, 0x18, 0xFF, 0x42, 0x30, 0x10, 0xFF, 0x42, 0x2C, 0x10, 0xFF, 0x42, 0x30, 0x18, 0xFF,
    0x42, 0x30, 0x10, 0xFF, 0x42, 0x2C, 0x18, 0xFF, 0x42, 0x30, 0x10, 0xFF, 0x42, 0x30, 0x18, 0xFF,
    0x42, 0x2C, 0x10, 0xFF, 0x42, 0x30, 0x18, 0xFF, 0x42, 0x30, 0x10, 0xFF, 0x42, 0x2C, 0x10, 0xFF,
    0x42, 0x30, 0x18, 0xFF, 0x42, 0x30, 0x10, 0xFF, 0x42, 0x2C, 0x18, 0xFF, 0x42, 0x30, 0x10, 0xFF,
    0x42, 0x30, 0x18, 0xFF, 0x42, 0x2C, 0x10, 0xFF, 0x42, 0x30, 0x18, 0xFF, 0x42, 0x30, 0x10, 0xFF,
    0x42, 0x2C, 0x10, 0xFF, 0x42, 0x30, 0x18, 0xFF, 0x42, 0x30, 0x10, 0xFF, 0x42, 0x2C, 0x18, 0xFF,
    0x42, 0x30, 0x10, 0xFF, 0x42, 0x30, 0x18, 0xFF, 0x42, 0x2C, 0x10, 0xFF, 0x42, 0x30, 0x18, 0xFF,
    0x42, 0x30, 0x10, 0xFF, 0x42, 0x2C, 0x10, 0xFF, 0x42, 0x30, 0x18, 0xFF, 0x42, 0x30, 0x10, 0xFF,
    0x42, 0x2C, 0x18, 0xFF, 0x42, 0x30, 0x10, 0xFF, 0x42, 0x30, 0x18, 0xFF, 0x42, 0x2C, 0x10, 0xFF,
    0x42, 0x30, 0x18, 0xFF, 0x42, 0x30, 0x10, 0xFF, 0x42, 0x2C, 0x10, 0xFF, 0x42, 0x30, 0x18, 0xFF,
    0x42, 0x30, 0x10, 0xFF, 0x42, 0x2C, 0x18, 0xFF, 0x42, 0x30, 0x10, 0xFF, 0x42, 0x30, 0x18, 0xFF,
    0x42, 0x2C, 0x10, 0xFF, 0x42, 0x30, 0x18, 0xFF, 0x42, 0x30, 0x10, 0xFF, 0x42, 0x2C, 0x18, 0xFF,
    0x42, 0x30, 0x10, 0xFF, 0x42, 0x30, 0x18, 0xFF, 0x42, 0x2C, 0x10, 0xFF, 0x42, 0x30, 0x18, 0xFF,
    0x42, 0x30, 0x10, 0xFF, 0x42, 0x2C, 0x18, 0xFF, 0x42, 0x30, 0x10, 0xFF, 0x42, 0x30, 0x18, 0xFF,
    0x42, 0x30, 0x18, 0xFF, 0x42, 0x30, 0x10, 0xFF, 0x42, 0x2C, 0x18, 0xFF, 0x42, 0x30, 0x10, 0xFF,
    0x42, 0x2C, 0x18, 0xFF, 0x42, 0x30, 0x10, 0xFF, 0x42, 0x30, 0x18, 0xFF, 0x42, 0x2C, 0x10, 0xFF,
    0x42, 0x30, 0x18, 0xFF, 0x42, 0x2C, 0x10, 0xFF, 0x42, 0x30, 0x18, 0xFF, 0x42, 0x30, 0x18, 0xFF,
    0x42, 0x2C, 0x10, 0xFF, 0x42, 0x30, 0x18, 0xFF, 0x42, 0x30, 0x10, 0xFF, 0x42, 0x2C, 0x18, 0xFF,
    0x42, 0x30, 0x10, 0xFF, 0x42, 0x30, 0x18, 0xFF, 0x42, 0x2C, 0x10, 0xFF, 0x42, 0x30, 0x18, 0xFF,
    0x42, 0x30, 0x18, 0xFF, 0x42, 0x2C, 0x10, 0xFF, 0x42, 0x30, 0x18, 0xFF, 0x42, 0x30, 0x10, 0xFF,
    0x42, 0x2C, 0x18, 0xFF, 0x42, 0x30, 0x10, 0xFF, 0x42, 0x30, 0x18, 0xFF, 0x42, 0x2C, 0x10, 0xFF,
    0x42, 0x30, 0x18, 0xFF, 0x42, 0x30, 0x18, 0xFF, 0x42, 0x2C, 0x10, 0xFF, 0x42, 0x30, 0x18, 0xFF,
    0x42, 0x30, 0x10, 0xFF, 0x42, 0x2C, 0x18, 0xFF, 0x42, 0x30, 0x10, 0xFF, 0x42, 0x30, 0x18, 0xFF,
    0x42, 0x2C, 0x10, 0xFF, 0x42, 0x30, 0x18, 0xFF, 0x42, 0x30, 0x18, 0xFF, 0x42, 0x2C, 0x10, 0xFF,
    0x42, 0x30, 0x18, 0xFF, 0x42, 0x30, 0x10, 0xFF, 0x42, 0x2C, 0x18, 0xFF, 0x42, 0x30, 0x10, 0xFF,
    0x42, 0x30, 0x18, 0xFF, 0x42, 0x2C, 0x10, 0xFF, 0x42, 0x30, 0x18, 0xFF, 0x42, 0x30, 0x18, 0xFF,
    0x42, 0x2C, 0x10, 0xFF, 0x42, 0x30, 0x18, 0xFF, 0x42, 0x30, 0x10, 0xFF, 0x42, 0x2C, 0x18, 0xFF,
    0x42, 0x30, 0x10, 0xFF, 0x42, 0x30, 0x18, 0xFF, 0x42, 0x2C, 0x10, 0xFF, 0x42, 0x30, 0x18, 0xFF,
    0x42, 0x30, 0x18, 0xFF, 0x42, 0x2C, 0x10, 0xFF, 0x42, 0x30, 0x18, 0xFF, 0x42, 0x30, 0x10, 0xFF,
    0x42, 0x2C, 0x18, 0xFF, 0x42, 0x30, 0x10, 0xFF, 0x42, 0x30, 0x18, 0xFF, 0x42, 0x2C, 0x10, 0xFF,
    0x42, 0x30, 0x18, 0xFF, 0x42, 0x30, 0x18, 0xFF, 0x42, 0x2C, 0x10, 0xFF, 0x42, 0x30, 0x18, 0xFF,
    0x42, 0x30, 0x10, 0xFF, 0x42, 0x2C, 0x18, 0xFF, 0x42, 0x30, 0x10, 0xFF, 0x42, 0x30, 0x18, 0xFF,
    0x42, 0x2C, 0x10, 0xFF, 0x42, 0x30, 0x18, 0xFF, 0x42, 0x30, 0x18, 0xFF, 0x42, 0x2C, 0x10, 0xFF,
    0x42, 0x30, 0x18, 0xFF, 0x42, 0x30, 0x10, 0xFF, 0x42, 0x2C, 0x18, 0xFF, 0x42, 0x30, 0x10, 0xFF,
    0x42, 0x30, 0x18, 0xFF, 0x42, 0x2C, 0x10, 0xFF, 0x42, 0x30, 0x18, 0xFF, 0x42, 0x30, 0x18, 0xFF,
    0x42, 0x2C, 0x10, 0xFF, 0x42, 0x30, 0x18, 0xFF, 0x42, 0x30, 0x10, 0xFF, 0x42, 0x2C, 0x18, 0xFF,
    0x42, 0x30, 0x10, 0xFF, 0x42, 0x30, 0x18, 0xFF, 0x42, 0x2C, 0x10, 0xFF, 0x42, 0x30, 0x18, 0xFF,
    0x42, 0x30, 0x18, 0xFF, 0x42, 0x2C, 0x10, 0xFF, 0x42, 0x30, 0x18, 0xFF, 0x42, 0x30, 0x10, 0xFF,
    0x42, 0x2C, 0x18, 0xFF, 0x42, 0x30, 0x10, 0xFF, 0x42, 0x30, 0x18, 0xFF, 0x42, 0x2C, 0x10, 0xFF,
    0x42, 0x30, 0x18, 0xFF, 0x42, 0x30, 0x18, 0xFF, 0x42, 0x2C, 0x10, 0xFF, 0x42, 0x30, 0x18, 0xFF,
    0x42, 0x30, 0x10, 0xFF, 0x42, 0x2C, 0x18, 0xFF, 0x42, 0x30, 0x10, 0xFF, 0x42, 0x30, 0x18, 0xFF,
    0x42, 0x2C, 0x10, 0xFF, 0x42, 0x30, 0x18, 0xFF, 0x42, 0x30, 0x18, 0xFF, 0x42, 0x2C, 0x10, 0xFF,
    0x42, 0x30, 0x18, 0xFF, 0x42, 0x30, 0x10, 0xFF, 0x42, 0x2C, 0x18, 0xFF, 0x42, 0x30, 0x10, 0xFF,
    0x42, 0x30, 0x18, 0xFF, 0x42, 0x2C, 0x10, 0xFF, 0x42, 0x30, 0x18, 0xFF, 0x42, 0x30, 0x10, 0xFF,
    0x42, 0x2C, 0x18, 0xFF, 0x42, 0x30, 0x10, 0xFF, 0x42, 0x30, 0x18, 0xFF, 0x42, 0x2C, 0x10, 0xFF,
    0x42, 0x30, 0x18, 0xFF, 0x42, 0x30, 0x10, 0xFF, 0x42, 0x2C, 0x18, 0xFF, 0x42, 0x30, 0x10, 0xFF,
    0x42, 0x30, 0x18, 0xFF, 0x42, 0x2C, 0x10, 0xFF, 0x42, 0x30, 0x18, 0xFF, 0x42, 0x30, 0x10, 0xFF,
    0x42, 0x30, 0x18, 0xFF, 0x42, 0x2C, 0x10, 0xFF, 0x42, 0x30, 0x18, 0xFF, 0x42, 0x2C, 0x18, 0xFF,
    0x42, 0x30, 0x10, 0xFF, 0x42, 0x30, 0x18, 0xFF, 0x42, 0x2C, 0x10, 0xFF, 0x42, 0x30, 0x18, 0xFF,
    0x42, 0x2C, 0x10, 0xFF, 0x42, 0x30, 0x18, 0xFF, 0x42, 0x2C, 0x18, 0xFF, 0x42, 0x30, 0x10, 0xFF,
    0x42, 0x2C, 0x18, 0xFF, 0x42, 0x30, 0x10, 0xFF, 0x42, 0x2C, 0x18, 0xFF, 0x42, 0x30, 0x10, 0xFF,
    0x42, 0x2C, 0x18, 0xFF, 0x42, 0x30, 0x10, 0xFF, 0x42, 0x2C, 0x18, 0xFF, 0x42, 0x30, 0x18, 0xFF,
    0x42, 0x2C, 0x10, 0xFF, 0x42, 0x30, 0x18, 0xFF, 0x42, 0x2C, 0x10, 0xFF, 0x42, 0x30, 0x18, 0xFF,
    0x42, 0x2C, 0x10, 0xFF, 0x42, 0x30, 0x18, 0xFF, 0x42, 0x2C, 0x10, 0xFF, 0x42, 0x30, 0x18, 0xFF,
    0x42, 0x2C, 0x18, 0xFF, 0x42, 0x30, 0x10, 0xFF, 0x42, 0x2C, 0x18, 0xFF, 0x42, 0x30, 0x10, 0xFF,
    0x42, 0x2C, 0x18, 0xFF, 0x42, 0x30, 0x10, 0xFF, 0x42, 0x2C, 0x18, 0xFF, 0x42, 0x30, 0x10, 0xFF,
    0x42, 0x2C, 0x18, 0xFF, 0x42, 0x30, 0x18, 0xFF, 0x42, 0x2C, 0x10, 0xFF, 0x42, 0x30, 0x18, 0xFF,
    0x42, 0x2C, 0x10, 0xFF, 0x42, 0x30, 0x18, 0xFF, 0x42, 0x2C, 0x10, 0xFF, 0x42, 0x30, 0x18, 0xFF,
    0x42, 0x2C, 0x10, 0xFF, 0x42, 0x30, 0x18, 0xFF, 0x42, 0x2C, 0x18, 0xFF, 0x42, 0x30, 0x10, 0xFF,
    0x42, 0x2C, 0x18, 0xFF, 0x42, 0x30, 0x10, 0xFF, 0x42, 0x2C, 0x18, 0xFF, 0x42, 0x30, 0x10, 0xFF,
    0x42, 0x2C, 0x18, 0xFF, 0x42, 0x30, 0x10, 0xFF, 0x42, 0x2C, 0x18, 0xFF, 0x42, 0x30, 0x18, 0xFF,
    0x42, 0x2C, 0x10, 0xFF, 0x42, 0x30, 0x18, 0xFF, 0x42, 0x2C, 0x10, 0xFF, 0x42, 0x30, 0x18, 0xFF,
    0x42, 0x2C, 0x10, 0xFF, 0x42, 0x30, 0x18, 0xFF, 0x42, 0x2C, 0x10, 0xFF, 0x42, 0x30, 0x18, 0xFF,
    0x42, 0x2C, 0x18, 0xFF, 0x42, 0x30, 0x10, 0xFF, 0x42, 0x2C, 0x18, 0xFF, 0x42, 0x30, 0x10, 0xFF,
    0x42, 0x2C, 0x18, 0xFF, 0x42, 0x30, 0x10, 0xFF, 0x42, 0x2C, 0x18, 0xFF, 0x42, 0x30, 0x10, 0xFF,
    0x42, 0x2C, 0x18, 0xFF, 0x42, 0x30, 0x18, 0xFF, 0x42, 0x2C, 0x10, 0xFF, 0x42, 0x30, 0x18, 0xFF,
    0x42, 0x2C, 0x10, 0xFF, 0x42, 0x30, 0x18, 0xFF, 0x42, 0x2C, 0x10, 0xFF, 0x42, 0x30, 0x18, 0xFF,
    0x42, 0x2C, 0x10, 0xFF, 0x42, 0x30, 0x18, 0xFF, 0x42, 0x2C, 0x18, 0xFF, 0x42, 0x30, 0x10, 0xFF,
    0x42, 0x2C, 0x18, 0xFF, 0x42, 0x30, 0x10, 0xFF, 0x42, 0x2C, 0x18, 0xFF, 0x42, 0x30, 0x10, 0xFF,
    0x42, 0x2C, 0x18, 0xFF, 0x42, 0x30, 0x10, 0xFF, 0x42, 0x2C, 0x18, 0xFF, 0x42, 0x30, 0x18, 0xFF,
    0x42, 0x2C, 0x10, 0xFF, 0x42, 0x30, 0x18, 0xFF, 0x42, 0x2C, 0x10, 0xFF, 0x42, 0x30, 0x18, 0xFF,
    0x42, 0x2C, 0x10, 0xFF, 0x42, 0x30, 0x18, 0xFF, 0x42, 0x2C, 0x10, 0xFF, 0x42, 0x30, 0x18, 0xFF,
    0x42, 0x2C, 0x18, 0xFF, 0x42, 0x30, 0x10, 0xFF, 0x42, 0x2C, 0x18, 0xFF, 0x42, 0x30, 0x10, 0xFF,
    0x42, 0x2C, 0x18, 0xFF, 0x42, 0x30, 0x10, 0xFF, 0x42, 0x2C, 0x18, 0xFF, 0x42, 0x30, 0x10, 0xFF,
    0x42, 0x2C, 0x18, 0xFF, 0x42, 0x30, 0x18, 0xFF, 0x42, 0x2C, 0x10, 0xFF, 0x42, 0x30, 0x18, 0xFF,
    0x42, 0x2C, 0x10, 0xFF, 0x42, 0x30, 0x18, 0xFF, 0x42, 0x2C, 0x10, 0xFF, 0x42, 0x30, 0x18, 0xFF,
    0x42, 0x2C, 0x10, 0xFF, 0x42, 0x30, 0x18, 0xFF, 0x42, 0x2C, 0x10, 0xFF, 0x42, 0x30, 0x18, 0xFF,
    0x42, 0x2C, 0x10, 0xFF, 0x42, 0x30, 0x18, 0xFF, 0x42, 0x2C, 0x10, 0xFF, 0x42, 0x30, 0x18, 0xFF,
    0x42, 0x30, 0x18, 0xFF, 0x42, 0x30, 0x10, 0xFF, 0x42, 0x2C, 0x18, 0xFF, 0x42, 0x30, 0x18, 0xFF,
    0x42, 0x2C, 0x10, 0xFF, 0x42, 0x30, 0x18, 0xFF, 0x42, 0x30, 0x10, 0xFF, 0x42, 0x30, 0x18, 0xFF,
    0x42, 0x2C, 0x18, 0xFF, 0x42, 0x30, 0x10, 0xFF, 0x42, 0x2C, 0x18, 0xFF, 0x42, 0x30, 0x18, 0xFF,
    0x42, 0x30, 0x10, 0xFF, 0x42, 0x2C, 0x18, 0xFF, 0x42, 0x30, 0x10, 0xFF, 0x42, 0x30, 0x18, 0xFF,
    0x42, 0x30, 0x18, 0xFF, 0x42, 0x2C, 0x18, 0xFF, 0x42, 0x30, 0x10, 0xFF, 0x42, 0x30, 0x18, 0xFF,
    0x42, 0x30, 0x18, 0xFF, 0x42, 0x30, 0x10, 0xFF, 0x42, 0x30, 0x18, 0xFF, 0x42, 0x2C, 0x10, 0xFF,
    0x42, 0x30, 0x18, 0xFF, 0x42, 0x30, 0x18, 0xFF, 0x42, 0x30, 0x18, 0xFF, 0x42, 0x30, 0x10, 0xFF,
    0x42, 0x30, 0x18, 0xFF, 0x42, 0x2C, 0x18, 0xFF, 0x42, 0x30, 0x10, 0xFF, 0x42, 0x30, 0x18, 0xFF,
    0x42, 0x30, 0x10, 0xFF, 0x42, 0x30, 0x18, 0xFF, 0x42, 0x30, 0x18, 0xFF, 0x42, 0x2C, 0x18, 0xFF,
    0x42, 0x30, 0x10, 0xFF, 0x42, 0x30, 0x18, 0xFF, 0x42, 0x30, 0x18, 0xFF, 0x42, 0x30, 0x10, 0xFF,
    0x42, 0x30, 0x18, 0xFF, 0x42, 0x2C, 0x10, 0xFF, 0x42, 0x30, 0x18, 0xFF, 0x42, 0x30, 0x18, 0xFF,
    0x42, 0x30, 0x18, 0xFF, 0x42, 0x30, 0x10, 0xFF, 0x42, 0x30, 0x18, 0xFF, 0x42, 0x2C, 0x18, 0xFF,
    0x42, 0x30, 0x10, 0xFF, 0x42, 0x30, 0x18, 0xFF, 0x42, 0x30, 0x10, 0xFF, 0x42, 0x30, 0x18, 0xFF,
    0x42, 0x30, 0x18, 0xFF, 0x42, 0x2C, 0x18, 0xFF, 0x42, 0x30, 0x10, 0xFF, 0x42, 0x30, 0x18, 0xFF,
    0x42, 0x30, 0x18, 0xFF, 0x42, 0x30, 0x10, 0xFF, 0x42, 0x30, 0x18, 0xFF, 0x42, 0x2C, 0x10, 0xFF,
    0x42, 0x30, 0x18, 0xFF, 0x42, 0x30, 0x18, 0xFF, 0x42, 0x30, 0x18, 0xFF, 0x42, 0x30, 0x10, 0xFF,
    0x42, 0x30, 0x18, 0xFF, 0x42, 0x2C, 0x18, 0xFF, 0x42, 0x30, 0x10, 0xFF, 0x42, 0x30, 0x18, 0xFF,
    0x42, 0x30, 0x10, 0xFF, 0x42, 0x30, 0x18, 0xFF, 0x42, 0x30, 0x18, 0xFF, 0x42, 0x2C, 0x18, 0xFF,
    0x42, 0x30, 0x10, 0xFF, 0x42, 0x30, 0x18, 0xFF, 0x42, 0x30, 0x18, 0xFF, 0x42, 0x30, 0x10, 0xFF,
    0x42, 0x30, 0x18, 0xFF, 0x42, 0x2C, 0x10, 0xFF, 0x42, 0x30, 0x18, 0xFF, 0x42, 0x30, 0x18, 0xFF,
    0x42, 0x30, 0x18, 0xFF, 0x42, 0x30, 0x10, 0xFF, 0x42, 0x30, 0x18, 0xFF, 0x42, 0x2C, 0x18, 0xFF,
    0x42, 0x30, 0x10, 0xFF, 0x42, 0x30, 0x18, 0xFF, 0x42, 0x30, 0x10, 0xFF, 0x42, 0x30, 0x18, 0xFF,
    0x42, 0x30, 0x18, 0xFF, 0x42, 0x2C, 0x18, 0xFF, 0x42, 0x30, 0x10, 0xFF, 0x42, 0x30, 0x18, 0xFF,
    0x42, 0x30, 0x18, 0xFF, 0x42, 0x30, 0x10, 0xFF, 0x42, 0x30, 0x18, 0xFF, 0x42, 0x2C, 0x10, 0xFF,
    0x42, 0x30, 0x18, 0xFF, 0x42, 0x30, 0x18, 0xFF, 0x42, 0x30, 0x18, 0xFF, 0x42, 0x30, 0x10, 0xFF,
    0x42, 0x30, 0x18, 0xFF, 0x42, 0x2C, 0x18, 0xFF, 0x42, 0x30, 0x10, 0xFF, 0x42, 0x30, 0x18, 0xFF,
    0x42, 0x30, 0x10, 0xFF, 0x42, 0x30, 0x18, 0xFF, 0x42, 0x30, 0x18, 0xFF, 0x42, 0x2C, 0x18, 0xFF,
    0x42, 0x30, 0x10, 0xFF, 0x42, 0x30, 0x18, 0xFF, 0x42, 0x30, 0x18, 0xFF, 0x42, 0x30, 0x10, 0xFF,
    0x42, 0x30, 0x18, 0xFF, 0x42, 0x2C, 0x10, 0xFF, 0x42, 0x30, 0x18, 0xFF, 0x42, 0x30, 0x18, 0xFF,
    0x42, 0x30, 0x18, 0xFF, 0x42, 0x30, 0x10, 0xFF, 0x42, 0x30, 0x18, 0xFF, 0x42, 0x2C, 0x18, 0xFF,
    0x42, 0x30, 0x18, 0xFF, 0x42, 0x30, 0x10, 0xFF, 0x42, 0x30, 0x18, 0xFF, 0x42, 0x30, 0x18, 0xFF,
    0x42, 0x30, 0x18, 0xFF, 0x42, 0x2C, 0x10, 0xFF, 0x42, 0x30, 0x18, 0xFF, 0x42, 0x30, 0x18, 0xFF,
    0x42, 0x30, 0x18, 0xFF, 0x42, 0x30, 0x10, 0xFF, 0x4A, 0x30, 0x18, 0xFF, 0x42, 0x30, 0x10, 0xFF,
    0x42, 0x30, 0x18, 0xFF, 0x42, 0x30, 0x18, 0xFF, 0x42, 0x30, 0x18, 0xFF, 0x42, 0x30, 0x10, 0xFF,
    0x42, 0x30, 0x18, 0xFF, 0x42, 0x30, 0x18, 0xFF, 0x42, 0x30, 0x10, 0xFF, 0x42, 0x30, 0x18, 0xFF,
    0x42, 0x30, 0x18, 0xFF, 0x42, 0x30, 0x10, 0xFF, 0x42, 0x30, 0x18, 0xFF, 0x42, 0x30, 0x10, 0xFF,
    0x42, 0x30, 0x18, 0xFF, 0x42, 0x30, 0x10, 0xFF, 0x42, 0x30, 0x18, 0xFF, 0x42, 0x30, 0x10, 0xFF,
    0x42, 0x30, 0x18, 0xFF, 0x42, 0x30, 0x18, 0xFF, 0x42, 0x30, 0x10, 0xFF, 0x42, 0x30, 0x18, 0xFF,
    0x42, 0x30, 0x10, 0xFF, 0x42, 0x30, 0x18, 0xFF, 0x42, 0x30, 0x10, 0xFF, 0x42, 0x30, 0x18, 0xFF,
    0x42, 0x30, 0x10, 0xFF, 0x42, 0x30, 0x18, 0xFF, 0x42, 0x30, 0x18, 0xFF, 0x42, 0x30, 0x10, 0xFF,
    0x42, 0x30, 0x18, 0xFF, 0x42, 0x30, 0x10, 0xFF, 0x42, 0x30, 0x18, 0xFF, 0x42, 0x30, 0x10, 0xFF,
    0x42, 0x30, 0x18, 0xFF, 0x42, 0x30, 0x10, 0xFF, 0x42, 0x30, 0x18, 0xFF, 0x42, 0x30, 0x18, 0xFF,
    0x42, 0x30, 0x10, 0xFF, 0x42, 0x30, 0x18, 0xFF, 0x42, 0x30, 0x10, 0xFF, 0x42, 0x30, 0x18, 0xFF,
    0x42, 0x30, 0x10, 0xFF, 0x42, 0x30, 0x18, 0xFF, 0x42, 0x30, 0x10, 0xFF, 0x42, 0x30, 0x18, 0xFF,
    0x42, 0x30, 0x18, 0xFF, 0x42, 0x30, 0x10, 0xFF, 0x42, 0x30, 0x18, 0xFF, 0x42, 0x30, 0x10, 0xFF,
    0x42, 0x30, 0x18, 0xFF, 0x42, 0x30, 0x10, 0xFF, 0x42, 0x30, 0x18, 0xFF, 0x42, 0x30, 0x10, 0xFF,
    0x42, 0x30, 0x18, 0xFF, 0x42, 0x30, 0x18, 0xFF, 0x42, 0x30, 0x10, 0xFF, 0x42, 0x30, 0x18, 0xFF,
    0x42, 0x30, 0x10, 0xFF, 0x42, 0x30, 0x18, 0xFF, 0x42, 0x30, 0x10, 0xFF, 0x42, 0x30, 0x18, 0xFF,
    0x42, 0x30, 0x10, 0xFF, 0x42, 0x30, 0x18, 0xFF, 0x42, 0x30, 0x18, 0xFF, 0x42, 0x30, 0x10, 0xFF,
    0x42, 0x30, 0x18, 0xFF, 0x42, 0x30, 0x10, 0xFF, 0x42, 0x30, 0x18, 0xFF, 0x42, 0x30, 0x10, 0xFF,
    0x42, 0x30, 0x18, 0xFF, 0x42, 0x30, 0x10, 0xFF, 0x42, 0x30, 0x18, 0xFF, 0x42, 0x30, 0x18, 0xFF,
    0x42, 0x30, 0x10, 0xFF, 0x42, 0x30, 0x18, 0xFF, 0x42, 0x30, 0x10, 0xFF, 0x42, 0x30, 0x18, 0xFF,
    0x42, 0x30, 0x10, 0xFF, 0x42, 0x30, 0x18, 0xFF, 0x42, 0x30, 0x10, 0xFF, 0x42, 0x30, 0x18, 0xFF,
    0x42, 0x30, 0x18, 0xFF, 0x42, 0x30, 0x10, 0xFF, 0x42, 0x30, 0x18, 0xFF, 0x42, 0x30, 0x10, 0xFF,
    0x42, 0x30, 0x18, 0xFF, 0x42, 0x30, 0x10, 0xFF, 0x42, 0x30, 0x18, 0xFF, 0x42, 0x30, 0x10, 0xFF,
    0x42, 0x30, 0x18, 0xFF, 0x42, 0x30, 0x18, 0xFF, 0x42, 0x30, 0x10, 0xFF, 0x42, 0x30, 0x18, 0xFF,
    0x42, 0x30, 0x10, 0xFF, 0x42, 0x30, 0x18, 0xFF, 0x42, 0x30, 0x10, 0xFF, 0x42, 0x30, 0x18, 0xFF,
    0x42, 0x30, 0x10, 0xFF, 0x42, 0x30, 0x18, 0xFF, 0x42, 0x30, 0x18, 0xFF, 0x42, 0x30, 0x10, 0xFF,
    0x42, 0x30, 0x18, 0xFF, 0x42, 0x30, 0x10, 0xFF, 0x42, 0x30, 0x18, 0xFF, 0x42, 0x30, 0x10, 0xFF,
    0x42, 0x30, 0x18, 0xFF, 0x42, 0x30, 0x10, 0xFF, 0x42, 0x30, 0x18, 0xFF, 0x42, 0x30, 0x18, 0xFF,
    0x42, 0x30, 0x10, 0xFF, 0x42, 0x30, 0x18, 0xFF, 0x42, 0x30, 0x10, 0xFF, 0x42, 0x30, 0x18, 0xFF,
    0x42, 0x30, 0x10, 0xFF, 0x42, 0x30, 0x18, 0xFF, 0x42, 0x30, 0x10, 0xFF, 0x42, 0x30, 0x18, 0xFF,
    0x42, 0x30, 0x10, 0xFF, 0x42, 0x30, 0x18, 0xFF, 0x42, 0x30, 0x10, 0xFF, 0x42, 0x30, 0x18, 0xFF,
    0x42, 0x30, 0x10, 0xFF, 0x42, 0x30, 0x18, 0xFF, 0x42, 0x30, 0x10, 0xFF, 0x42, 0x30, 0x18, 0xFF,
    0x42, 0x30, 0x18, 0xFF, 0x42, 0x30, 0x18, 0xFF, 0x42, 0x30, 0x18, 0xFF, 0x42, 0x30, 0x18, 0xFF,
    0x4A, 0x30, 0x18, 0xFF, 0x42, 0x30, 0x10, 0xFF, 0x4A, 0x30, 0x18, 0xFF, 0x42, 0x30, 0x18, 0xFF,
    0x4A, 0x30, 0x10, 0xFF, 0x42, 0x30, 0x18, 0xFF, 0x4A, 0x30, 0x18, 0xFF, 0x42, 0x30, 0x10, 0xFF,
    0x4A, 0x30, 0x18, 0xFF, 0x42, 0x30, 0x18, 0xFF, 0x4A, 0x30, 0x18, 0xFF, 0x42, 0x30, 0x18, 0xFF,
    0x4A, 0x30, 0x18, 0xFF, 0x42, 0x30, 0x18, 0xFF, 0x4A, 0x30, 0x18, 0xFF, 0x42, 0x30, 0x18, 0xFF,
    0x4A, 0x30, 0x10, 0xFF, 0x42, 0x30, 0x18, 0xFF, 0x4A, 0x30, 0x18, 0xFF, 0x42, 0x30, 0x18, 0xFF,
    0x4A, 0x30, 0x18, 0xFF, 0x42, 0x30, 0x18, 0xFF, 0x4A, 0x30, 0x18, 0xFF, 0x42, 0x30, 0x18, 0xFF,
    0x4A, 0x30, 0x18, 0xFF, 0x42, 0x30, 0x10, 0xFF, 0x4A, 0x30, 0x18, 0xFF, 0x42, 0x30, 0x18, 0xFF,
    0x4A, 0x30, 0x18, 0xFF, 0x42, 0x30, 0x18, 0xFF, 0x4A, 0x30, 0x18, 0xFF, 0x42, 0x30, 0x18, 0xFF,
    0x4A, 0x30, 0x18, 0xFF, 0x42, 0x30, 0x18, 0xFF, 0x4A, 0x30, 0x10, 0xFF, 0x42, 0x30, 0x18, 0xFF,
    0x4A, 0x30, 0x18, 0xFF, 0x42, 0x30, 0x18, 0xFF, 0x4A, 0x30, 0x18, 0xFF, 0x42, 0x30, 0x18, 0xFF,
    0x4A, 0x30, 0x18, 0xFF, 0x42, 0x30, 0x18, 0xFF, 0x4A, 0x30, 0x18, 0xFF, 0x42, 0x30, 0x10, 0xFF,
    0x4A, 0x30, 0x18, 0xFF, 0x42, 0x30, 0x18, 0xFF, 0x4A, 0x30, 0x18, 0xFF, 0x42, 0x30, 0x18, 0xFF,
    0x4A, 0x30, 0x18, 0xFF, 0x42, 0x30, 0x18, 0xFF, 0x4A, 0x30, 0x18, 0xFF, 0x42, 0x30, 0x18, 0xFF,
    0x4A, 0x30, 0x10, 0xFF, 0x42, 0x30, 0x18, 0xFF, 0x4A, 0x30, 0x18, 0xFF, 0x42, 0x30, 0x18, 0xFF,
    0x4A, 0x30, 0x18, 0xFF, 0x42, 0x30, 0x18, 0xFF, 0x4A, 0x30, 0x18, 0xFF, 0x42, 0x30, 0x18, 0xFF,
    0x4A, 0x30, 0x18, 0xFF, 0x42, 0x30, 0x10, 0xFF, 0x4A, 0x30, 0x18, 0xFF, 0x42, 0x30, 0x18, 0xFF,
    0x4A, 0x30, 0x18, 0xFF, 0x42, 0x30, 0x18, 0xFF, 0x4A, 0x30, 0x18, 0xFF, 0x42, 0x30, 0x18, 0xFF,
    0x4A, 0x30, 0x18, 0xFF, 0x42, 0x30, 0x18, 0xFF, 0x4A, 0x30, 0x10, 0xFF, 0x42, 0x30, 0x18, 0xFF,
    0x4A, 0x30, 0x18, 0xFF, 0x42, 0x30, 0x18, 0xFF, 0x4A, 0x30, 0x18, 0xFF, 0x42, 0x30, 0x18, 0xFF,
    0x4A, 0x30, 0x18, 0xFF, 0x42, 0x30, 0x18, 0xFF, 0x4A, 0x30, 0x18, 0xFF, 0x42, 0x30, 0x10, 0xFF,
    0x4A, 0x30, 0x18, 0xFF, 0x42, 0x30, 0x18, 0xFF, 0x4A, 0x30, 0x18, 0xFF, 0x42, 0x30, 0x18, 0xFF,
    0x4A, 0x30, 0x18, 0xFF, 0x42, 0x30, 0x18, 0xFF, 0x4A, 0x30, 0x18, 0xFF, 0x42, 0x30, 0x18, 0xFF,
    0x4A, 0x30, 0x10, 0xFF, 0x42, 0x30, 0x18, 0xFF, 0x4A, 0x30, 0x18, 0xFF, 0x42, 0x30, 0x18, 0xFF,
    0x4A, 0x30, 0x18, 0xFF, 0x42, 0x30, 0x18, 0xFF, 0x4A, 0x30, 0x18, 0xFF, 0x42, 0x30, 0x18, 0xFF,
    0x4A, 0x30, 0x18, 0xFF, 0x42, 0x30, 0x10, 0xFF, 0x4A, 0x30, 0x18, 0xFF, 0x42, 0x30, 0x18, 0xFF,
    0x4A, 0x30, 0x18, 0xFF, 0x42, 0x30, 0x18, 0xFF, 0x4A, 0x30, 0x18, 0xFF, 0x42, 0x30, 0x18, 0xFF,
    0x4A, 0x30, 0x18, 0xFF, 0x42, 0x30, 0x18, 0xFF, 0x4A, 0x30, 0x10, 0xFF, 0x42, 0x30, 0x18, 0xFF,
    0x4A, 0x30, 0x18, 0xFF, 0x42, 0x30, 0x18, 0xFF, 0x4A, 0x30, 0x18, 0xFF, 0x42, 0x30, 0x18, 0xFF,
    0x4A, 0x30, 0x18, 0xFF, 0x42, 0x30, 0x18, 0xFF, 0x4A, 0x30, 0x18, 0xFF, 0x42, 0x30, 0x10, 0xFF,
    0x4A, 0x30, 0x18, 0xFF, 0x42, 0x30, 0x18, 0xFF, 0x4A, 0x30, 0x18, 0xFF, 0x42, 0x30, 0x18, 0xFF,
    0x4A, 0x30, 0x18, 0xFF, 0x42, 0x30, 0x18, 0xFF, 0x4A, 0x30, 0x18, 0xFF, 0x42, 0x30, 0x10, 0xFF,
    0x42, 0x30, 0x18, 0xFF, 0x4A, 0x30, 0x10, 0xFF, 0x42, 0x30, 0x18, 0xFF, 0x42, 0x30, 0x10, 0xFF,
    0x42, 0x30, 0x18, 0xFF, 0x42, 0x30, 0x18, 0xFF, 0x42, 0x30, 0x10, 0xFF, 0x42, 0x30, 0x18, 0xFF,
    0x42, 0x30, 0x18, 0xFF, 0x42, 0x30, 0x18, 0xFF, 0x42, 0x30, 0x10, 0xFF, 0x42, 0x30, 0x18, 0xFF,
    0x42, 0x30, 0x18, 0xFF, 0x42, 0x30, 0x10, 0xFF, 0x42, 0x30, 0x18, 0xFF, 0x42, 0x30, 0x10, 0xFF,
    0x42, 0x30, 0x18, 0xFF, 0x42, 0x30, 0x10, 0xFF, 0x42, 0x30, 0x18, 0xFF, 0x42, 0x30, 0x18, 0xFF,
    0x42, 0x30, 0x18, 0xFF, 0x42, 0x30, 0x18, 0xFF, 0x42, 0x30, 0x10, 0xFF, 0x42, 0x30, 0x18, 0xFF,
    0x42, 0x30, 0x10, 0xFF, 0x42, 0x30, 0x18, 0xFF, 0x42, 0x30, 0x10, 0xFF, 0x42, 0x30, 0x18, 0xFF,
    0x42, 0x30, 0x18, 0xFF, 0x42, 0x30, 0x18, 0xFF, 0x42, 0x30, 0x18, 0xFF, 0x42, 0x30, 0x10, 0xFF,
    0x42, 0x30, 0x18, 0xFF, 0x42, 0x30, 0x10, 0xFF, 0x42, 0x30, 0x18, 0xFF, 0x42, 0x30, 0x10, 0xFF,
    0x42, 0x30, 0x18, 0xFF, 0x42, 0x30, 0x18, 0xFF, 0x42, 0x30, 0x18, 0xFF, 0x42, 0x30, 0x18, 0xFF,
    0x42, 0x30, 0x10, 0xFF, 0x42, 0x30, 0x18, 0xFF, 0x42, 0x30, 0x10, 0xFF, 0x42, 0x30, 0x18, 0xFF,
    0x42, 0x30, 0x10, 0xFF, 0x42, 0x30, 0x18, 0xFF, 0x42, 0x30, 0x18, 0xFF, 0x42, 0x30, 0x18, 0xFF,
    0x42, 0x30, 0x18, 0xFF, 0x42, 0x30, 0x10, 0xFF, 0x42, 0x30, 0x18, 0xFF, 0x42, 0x30, 0x10, 0xFF,
    0x42, 0x30, 0x18, 0xFF, 0x42, 0x30, 0x10, 0xFF, 0x42, 0x30, 0x18, 0xFF, 0x42, 0x30, 0x18, 0xFF,
    0x42, 0x30, 0x18, 0xFF, 0x42, 0x30, 0x18, 0xFF, 0x42, 0x30, 0x10, 0xFF, 0x42, 0x30, 0x18, 0xFF,
    0x42, 0x30, 0x10, 0xFF, 0x42, 0x30, 0x18, 0xFF, 0x42, 0x30, 0x10, 0xFF, 0x42, 0x30, 0x18, 0xFF,
    0x42, 0x30, 0x18, 0xFF, 0x42, 0x30, 0x18, 0xFF, 0x42, 0x30, 0x18, 0xFF, 0x42, 0x30, 0x10, 0xFF,
    0x42, 0x30, 0x18, 0xFF, 0x42, 0x30, 0x10, 0xFF, 0x42, 0x30, 0x18, 0xFF, 0x42, 0x30, 0x10, 0xFF,
    0x42, 0x30, 0x18, 0xFF, 0x42, 0x30, 0x18, 0xFF, 0x42, 0x30, 0x18, 0xFF, 0x42, 0x30, 0x18, 0xFF,
    0x42, 0x30, 0x10, 0xFF, 0x42, 0x30, 0x18, 0xFF, 0x42, 0x30, 0x10, 0xFF, 0x42, 0x30, 0x18, 0xFF,
    0x42, 0x30, 0x10, 0xFF, 0x42, 0x30, 0x18, 0xFF, 0x42, 0x30, 0x18, 0xFF, 0x42, 0x30, 0x18, 0xFF,
    0x42, 0x30, 0x18, 0xFF, 0x42, 0x30, 0x10, 0xFF, 0x42, 0x30, 0x18, 0xFF, 0x42, 0x30, 0x10, 0xFF,
    0x42, 0x30, 0x18, 0xFF, 0x42, 0x30, 0x10, 0xFF, 0x42, 0x30, 0x18, 0xFF, 0x42, 0x30, 0x18, 0xFF,
    0x42, 0x30, 0x18, 0xFF, 0x42, 0x30, 0x18, 0xFF, 0x42, 0x30, 0x10, 0xFF, 0x42, 0x30, 0x18, 0xFF,
    0x42, 0x30, 0x10, 0xFF, 0x42, 0x30, 0x18, 0xFF, 0x42, 0x30, 0x10, 0xFF, 0x42, 0x30, 0x18, 0xFF,
    0x42, 0x30, 0x18, 0xFF, 0x42, 0x30, 0x18, 0xFF, 0x42, 0x30, 0x18, 0xFF, 0x42, 0x30, 0x10, 0xFF,
    0x42, 0x30, 0x18, 0xFF, 0x42, 0x30, 0x10, 0xFF, 0x42, 0x30, 0x18, 0xFF, 0x42, 0x30, 0x10, 0xFF,
    0x42, 0x30, 0x18, 0xFF, 0x42, 0x30, 0x18, 0xFF, 0x42, 0x30, 0x18, 0xFF, 0x42, 0x30, 0x18, 0xFF,
    0x42, 0x30, 0x10, 0xFF, 0x42, 0x30, 0x18, 0xFF, 0x42, 0x30, 0x10, 0xFF, 0x42, 0x30, 0x18, 0xFF,
    0x42, 0x30, 0x10, 0xFF, 0x42, 0x30, 0x18, 0xFF, 0x42, 0x30, 0x10, 0xFF, 0x42, 0x30, 0x18, 0xFF,
    0x42, 0x30, 0x18, 0xFF, 0x42, 0x30, 0x10, 0xFF, 0x42, 0x30, 0x18, 0xFF, 0x42, 0x30, 0x10, 0xFF,
    0x42, 0x30, 0x18, 0xFF, 0x42, 0x30, 0x10, 0xFF, 0x42, 0x30, 0x18, 0xFF, 0x42, 0x30, 0x18, 0xFF,
    0x42, 0x30, 0x18, 0xFF, 0x42, 0x30, 0x18, 0xFF, 0x42, 0x30, 0x18, 0xFF, 0x4A, 0x30, 0x18, 0xFF,
    0x42, 0x30, 0x10, 0xFF, 0x42, 0x30, 0x18, 0xFF, 0x42, 0x30, 0x18, 0xFF, 0x42, 0x30, 0x18, 0xFF,
    0x42, 0x30, 0x10, 0xFF, 0x42, 0x30, 0x18, 0xFF, 0x42, 0x30, 0x18, 0xFF, 0x42, 0x30, 0x18, 0xFF,
    0x42, 0x30, 0x18, 0xFF, 0x42, 0x30, 0x18, 0xFF, 0x42, 0x30, 0x18, 0xFF, 0x42, 0x30, 0x18, 0xFF,
    0x42, 0x30, 0x18, 0xFF, 0x42, 0x30, 0x18, 0xFF, 0x42, 0x30, 0x10, 0xFF, 0x42, 0x30, 0x18, 0xFF,
    0x42, 0x30, 0x10, 0xFF, 0x42, 0x30, 0x18, 0xFF, 0x42, 0x30, 0x18, 0xFF, 0x42, 0x30, 0x18, 0xFF,
    0x42, 0x30, 0x18, 0xFF, 0x42, 0x30, 0x18, 0xFF, 0x42, 0x30, 0x18, 0xFF, 0x42, 0x30, 0x10, 0xFF,
    0x42, 0x30, 0x18, 0xFF, 0x42, 0x30, 0x10, 0xFF, 0x42, 0x30, 0x18, 0xFF, 0x42, 0x30, 0x18, 0xFF,
    0x42, 0x30, 0x18, 0xFF, 0x42, 0x30, 0x18, 0xFF, 0x42, 0x30, 0x18, 0xFF, 0x42, 0x30, 0x18, 0xFF,
    0x42, 0x30, 0x10, 0xFF, 0x42, 0x30, 0x18, 0xFF, 0x42, 0x30, 0x10, 0xFF, 0x42, 0x30, 0x18, 0xFF,
    0x42, 0x30, 0x18, 0xFF, 0x42, 0x30, 0x18, 0xFF, 0x42, 0x30, 0x18, 0xFF, 0x42, 0x30, 0x18, 0xFF,
    0x42, 0x30, 0x18, 0xFF, 0x42, 0x30, 0x10, 0xFF, 0x42, 0x30, 0x18, 0xFF, 0x42, 0x30, 0x10, 0xFF,
    0x42, 0x30, 0x18, 0xFF, 0x42, 0x30, 0x18, 0xFF, 0x42, 0x30, 0x18, 0xFF, 0x42, 0x30, 0x18, 0xFF,
    0x42, 0x30, 0x18, 0xFF, 0x42, 0x30, 0x18, 0xFF, 0x42, 0x30, 0x10, 0xFF, 0x42, 0x30, 0x18, 0xFF,
    0x42, 0x30, 0x10, 0xFF, 0x42, 0x30, 0x18, 0xFF, 0x42, 0x30, 0x18, 0xFF, 0x42, 0x30, 0x18, 0xFF,
    0x42, 0x30, 0x18, 0xFF, 0x42, 0x30, 0x18, 0xFF, 0x42, 0x30, 0x18, 0xFF, 0x42, 0x30, 0x10, 0xFF,
    0x42, 0x30, 0x18, 0xFF, 0x42, 0x30, 0x10, 0xFF, 0x42, 0x30, 0x18, 0xFF, 0x42, 0x30, 0x18, 0xFF,
    0x42, 0x30, 0x18, 0xFF, 0x42, 0x30, 0x18, 0xFF, 0x42, 0x30, 0x18, 0xFF, 0x42, 0x30, 0x18, 0xFF,
    0x42, 0x30, 0x10, 0xFF, 0x42, 0x30, 0x18, 0xFF, 0x42, 0x30, 0x10, 0xFF, 0x42, 0x30, 0x18, 0xFF,
    0x42, 0x30, 0x18, 0xFF, 0x42, 0x30, 0x18, 0xFF, 0x42, 0x30, 0x18, 0xFF, 0x42, 0x30, 0x18, 0xFF,
    0x42, 0x30, 0x18, 0xFF, 0x42, 0x30, 0x10, 0xFF, 0x42, 0x30, 0x18, 0xFF, 0x42, 0x30, 0x10, 0xFF,
    0x42, 0x30, 0x18, 0xFF, 0x42, 0x30, 0x18, 0xFF, 0x42, 0x30, 0x18, 0xFF, 0x42, 0x30, 0x18, 0xFF,
    0x42, 0x30, 0x18, 0xFF, 0x42, 0x30, 0x18, 0xFF, 0x42, 0x30, 0x10, 0xFF, 0x42, 0x30, 0x18, 0xFF,
    0x42, 0x30, 0x10, 0xFF, 0x42, 0x30, 0x18, 0xFF, 0x42, 0x30, 0x18, 0xFF, 0x42, 0x30, 0x18, 0xFF,
    0x42, 0x30, 0x18, 0xFF, 0x42, 0x30, 0x18, 0xFF, 0x42, 0x30, 0x18, 0xFF, 0x42, 0x30, 0x10, 0xFF,
    0x42, 0x30, 0x18, 0xFF, 0x42, 0x30, 0x10, 0xFF, 0x42, 0x30, 0x18, 0xFF, 0x42, 0x30, 0x18, 0xFF,
    0x42, 0x30, 0x18, 0xFF, 0x42, 0x30, 0x18, 0xFF, 0x42, 0x30, 0x18, 0xFF, 0x42, 0x30, 0x18, 0xFF,
    0x42, 0x30, 0x10, 0xFF, 0x42, 0x30, 0x18, 0xFF, 0x42, 0x30, 0x10, 0xFF, 0x42, 0x30, 0x18, 0xFF,
    0x42, 0x30, 0x18, 0xFF, 0x42, 0x30, 0x18, 0xFF, 0x42, 0x30, 0x18, 0xFF, 0x42, 0x30, 0x18, 0xFF,
    0x42, 0x30, 0x18, 0xFF, 0x42, 0x30, 0x18, 0xFF, 0x42, 0x30, 0x18, 0xFF, 0x42, 0x30, 0x18, 0xFF,
    0x42, 0x30, 0x18, 0xFF, 0x42, 0x30, 0x18, 0xFF, 0x42, 0x30, 0x18, 0xFF, 0x42, 0x30, 0x18, 0xFF,
    0x42, 0x30, 0x18, 0xFF, 0x42, 0x30, 0x18, 0xFF, 0x4A, 0x30, 0x10, 0xFF, 0x42, 0x30, 0x18, 0xFF,
    0x42, 0x30, 0x18, 0xFF, 0x4A, 0x30, 0x10, 0xFF, 0x42, 0x30, 0x18, 0xFF, 0x42, 0x30, 0x18, 0xFF,
    0x42, 0x30, 0x18, 0xFF, 0x4A, 0x30, 0x18, 0xFF, 0x42, 0x30, 0x18, 0xFF, 0x4A, 0x30, 0x18, 0xFF,
    0x42, 0x30, 0x18, 0xFF, 0x4A, 0x30, 0x18, 0xFF, 0x42, 0x30, 0x10, 0xFF, 0x4A, 0x30, 0x18, 0xFF,
    0x42, 0x30, 0x10, 0xFF, 0x4A, 0x30, 0x18, 0xFF, 0x42, 0x30, 0x10, 0xFF, 0x4A, 0x30, 0x18, 0xFF,
    0x42, 0x30, 0x10, 0xFF, 0x4A, 0x30, 0x18, 0xFF, 0x42, 0x30, 0x18, 0xFF, 0x4A, 0x30, 0x18, 0xFF,
    0x42, 0x30, 0x18, 0xFF, 0x4A, 0x30, 0x18, 0xFF, 0x42, 0x30, 0x18, 0xFF, 0x4A, 0x30, 0x10, 0xFF,
    0x42, 0x30, 0x18, 0xFF, 0x4A, 0x30, 0x10, 0xFF, 0x42, 0x30, 0x18, 0xFF, 0x4A, 0x30, 0x18, 0xFF,
    0x42, 0x30, 0x18, 0xFF, 0x4A, 0x30, 0x18, 0xFF, 0x42, 0x30, 0x18, 0xFF, 0x4A, 0x30, 0x18, 0xFF,
    0x42, 0x30, 0x10, 0xFF, 0x4A, 0x30, 0x18, 0xFF, 0x42, 0x30, 0x10, 0xFF, 0x4A, 0x30, 0x18, 0xFF,
    0x42, 0x30, 0x18, 0xFF, 0x4A, 0x30, 0x18, 0xFF, 0x42, 0x30, 0x18, 0xFF, 0x4A, 0x30, 0x18, 0xFF,
    0x42, 0x30, 0x18, 0xFF, 0x4A, 0x30, 0x10, 0xFF, 0x42, 0x30, 0x18, 0xFF, 0x4A, 0x30, 0x10, 0xFF,
    0x42, 0x30, 0x18, 0xFF, 0x4A, 0x30, 0x18, 0xFF, 0x42, 0x30, 0x18, 0xFF, 0x4A, 0x30, 0x18, 0xFF,
    0x42, 0x30, 0x18, 0xFF, 0x4A, 0x30, 0x18, 0xFF, 0x42, 0x30, 0x10, 0xFF, 0x4A, 0x30, 0x18, 0xFF,
    0x42, 0x30, 0x10, 0xFF, 0x4A, 0x30, 0x18, 0xFF, 0x42, 0x30, 0x18, 0xFF, 0x4A, 0x30, 0x18, 0xFF,
    0x42, 0x30, 0x18, 0xFF, 0x4A, 0x30, 0x18, 0xFF, 0x42, 0x30, 0x18, 0xFF, 0x4A, 0x30, 0x10, 0xFF,
    0x42, 0x30, 0x18, 0xFF, 0x4A, 0x30, 0x10, 0xFF, 0x42, 0x30, 0x18, 0xFF, 0x4A, 0x30, 0x18, 0xFF,
    0x42, 0x30, 0x18, 0xFF, 0x4A, 0x30, 0x18, 0xFF, 0x42, 0x30, 0x18, 0xFF, 0x4A, 0x30, 0x18, 0xFF,
    0x42, 0x30, 0x10, 0xFF, 0x4A, 0x30, 0x18, 0xFF, 0x42, 0x30, 0x10, 0xFF, 0x4A, 0x30, 0x18, 0xFF,
    0x42, 0x30, 0x18, 0xFF, 0x4A, 0x30, 0x18, 0xFF, 0x42, 0x30, 0x18, 0xFF, 0x4A, 0x30, 0x18, 0xFF,
    0x42, 0x30, 0x18, 0xFF, 0x4A, 0x30, 0x10, 0xFF, 0x42, 0x30, 0x18, 0xFF, 0x4A, 0x30, 0x10, 0xFF,
    0x42, 0x30, 0x18, 0xFF, 0x4A, 0x30, 0x18, 0xFF, 0x42, 0x30, 0x18, 0xFF, 0x4A, 0x30, 0x18, 0xFF,
    0x42, 0x30, 0x18, 0xFF, 0x4A, 0x30, 0x18, 0xFF, 0x42, 0x30, 0x10, 0xFF, 0x4A, 0x30, 0x18, 0xFF,
    0x42, 0x30, 0x10, 0xFF, 0x4A, 0x30, 0x18, 0xFF, 0x42, 0x30, 0x18, 0xFF, 0x4A, 0x30, 0x18, 0xFF,
    0x42, 0x30, 0x18, 0xFF, 0x4A, 0x30, 0x18, 0xFF, 0x42, 0x30, 0x18, 0xFF, 0x4A, 0x30, 0x10, 0xFF,
    0x42, 0x30, 0x18, 0xFF, 0x4A, 0x30, 0x10, 0xFF, 0x42, 0x30, 0x18, 0xFF, 0x4A, 0x30, 0x18, 0xFF,
    0x42, 0x30, 0x18, 0xFF, 0x4A, 0x30, 0x18, 0xFF, 0x42, 0x30, 0x18, 0xFF, 0x4A, 0x30, 0x18, 0xFF,
    0x42, 0x30, 0x10, 0xFF, 0x4A, 0x30, 0x18, 0xFF, 0x42, 0x30, 0x10, 0xFF, 0x4A, 0x30, 0x18, 0xFF,
    0x42, 0x30, 0x18, 0xFF, 0x4A, 0x30, 0x18, 0xFF, 0x42, 0x30, 0x18, 0xFF, 0x4A, 0x30, 0x18, 0xFF,
    0x42, 0x30, 0x18, 0xFF, 0x4A, 0x30, 0x10, 0xFF, 0x42, 0x30, 0x18, 0xFF, 0x4A, 0x30, 0x10, 0xFF,
    0x42, 0x30, 0x18, 0xFF, 0x4A, 0x30, 0x18, 0xFF, 0x42, 0x30, 0x10, 0xFF, 0x4A, 0x30, 0x18, 0xFF,
    0x42, 0x30, 0x10, 0xFF, 0x4A, 0x30, 0x18, 0xFF, 0x42, 0x30, 0x10, 0xFF, 0x4A, 0x30, 0x18, 0xFF,
    0x42, 0x30, 0x10, 0xFF, 0x42, 0x30, 0x18, 0xFF, 0x42, 0x30, 0x18, 0xFF, 0x42, 0x30, 0x18, 0xFF,
    0x42, 0x30, 0x18, 0xFF, 0x42, 0x30, 0x18, 0xFF, 0x4A, 0x30, 0x18, 0xFF, 0x42, 0x30, 0x18, 0xFF,
    0x4A, 0x30, 0x10, 0xFF, 0x42, 0x30, 0x18, 0xFF, 0x42, 0x30, 0x10, 0xFF, 0x42, 0x30, 0x18, 0xFF,
    0x42, 0x30, 0x18, 0xFF, 0x42, 0x30, 0x18, 0xFF, 0x42, 0x30, 0x18, 0xFF, 0x42, 0x30, 0x18, 0xFF,
    0x42, 0x30, 0x18, 0xFF, 0x42, 0x30, 0x18, 0xFF, 0x42, 0x30, 0x18, 0xFF, 0x42, 0x30, 0x18, 0xFF,
    0x42, 0x30, 0x18, 0xFF, 0x42, 0x30, 0x18, 0xFF, 0x42, 0x30, 0x18, 0xFF, 0x42, 0x30, 0x10, 0xFF,
    0x42, 0x30, 0x18, 0xFF, 0x42, 0x30, 0x18, 0xFF, 0x42, 0x30, 0x18, 0xFF, 0x42, 0x30, 0x18, 0xFF,
    0x42, 0x30, 0x18, 0xFF, 0x42, 0x30, 0x18, 0xFF, 0x42, 0x30, 0x18, 0xFF, 0x42, 0x30, 0x18, 0xFF,
    0x42, 0x30, 0x10, 0xFF, 0x42, 0x30, 0x18, 0xFF, 0x42, 0x30, 0x18, 0xFF, 0x42, 0x30, 0x18, 0xFF,
    0x42, 0x30, 0x18, 0xFF, 0x42, 0x30, 0x18, 0xFF, 0x42, 0x30, 0x18, 0xFF, 0x42, 0x30, 0x18, 0xFF,
    0x42, 0x30, 0x18, 0xFF, 0x42, 0x30, 0x10, 0xFF, 0x42, 0x30, 0x18, 0xFF, 0x42, 0x30, 0x18, 0xFF,
    0x42, 0x30, 0x18, 0xFF, 0x42, 0x30, 0x18, 0xFF, 0x42, 0x30, 0x18, 0xFF, 0x42, 0x30, 0x18, 0xFF,
    0x42, 0x30, 0x18, 0xFF, 0x42, 0x30, 0x18, 0xFF, 0x42, 0x30, 0x10, 0xFF, 0x42, 0x30, 0x18, 0xFF,
    0x42, 0x30, 0x18, 0xFF, 0x42, 0x30, 0x18, 0xFF, 0x42, 0x30, 0x18, 0xFF, 0x42, 0x30, 0x18, 0xFF,
    0x42, 0x30, 0x18, 0xFF, 0x42, 0x30, 0x18, 0xFF, 0x42, 0x30, 0x18, 0xFF, 0x42, 0x30, 0x10, 0xFF,
    0x42, 0x30, 0x18, 0xFF, 0x42, 0x30, 0x18, 0xFF, 0x42, 0x30, 0x18, 0xFF, 0x42, 0x30, 0x18, 0xFF,
    0x42, 0x30, 0x18, 0xFF, 0x42, 0x30, 0x18, 0xFF, 0x42, 0x30, 0x18, 0xFF, 0x42, 0x30, 0x18, 0xFF,
    0x42, 0x30, 0x10, 0xFF, 0x42, 0x30, 0x18, 0xFF, 0x42, 0x30, 0x18, 0xFF, 0x42, 0x30, 0x18, 0xFF,
    0x42, 0x30, 0x18, 0xFF, 0x42, 0x30, 0x18, 0xFF, 0x42, 0x30, 0x18, 0xFF, 0x42, 0x30, 0x18, 0xFF,
    0x42, 0x30, 0x18, 0xFF, 0x42, 0x30, 0x10, 0xFF, 0x42, 0x30, 0x18, 0xFF, 0x42, 0x30, 0x18, 0xFF,
    0x42, 0x30, 0x18, 0xFF, 0x42, 0x30, 0x18, 0xFF, 0x42, 0x30, 0x18, 0xFF, 0x42, 0x30, 0x18, 0xFF,
    0x42, 0x30, 0x18, 0xFF, 0x42, 0x30, 0x18, 0xFF, 0x42, 0x30, 0x10, 0xFF, 0x42, 0x30, 0x18, 0xFF,
    0x42, 0x30, 0x18, 0xFF, 0x42, 0x30, 0x18, 0xFF, 0x42, 0x30, 0x18, 0xFF, 0x42, 0x30, 0x18, 0xFF,
    0x42, 0x30, 0x18, 0xFF, 0x42, 0x30, 0x18, 0xFF, 0x42, 0x30, 0x18, 0xFF, 0x42, 0x30, 0x10, 0xFF,
    0x42, 0x30, 0x18, 0xFF, 0x42, 0x30, 0x18, 0xFF, 0x42, 0x30, 0x18, 0xFF, 0x42, 0x30, 0x18, 0xFF,
    0x42, 0x30, 0x18, 0xFF, 0x42, 0x30, 0x18, 0xFF, 0x42, 0x30, 0x18, 0xFF, 0x42, 0x30, 0x18, 0xFF,
    0x42, 0x30, 0x10, 0xFF, 0x42, 0x30, 0x18, 0xFF, 0x42, 0x30, 0x18, 0xFF, 0x42, 0x30, 0x18, 0xFF,
    0x42, 0x30, 0x18, 0xFF, 0x42, 0x30, 0x18, 0xFF, 0x42, 0x30, 0x18, 0xFF, 0x42, 0x30, 0x18, 0xFF,
    0x42, 0x30, 0x18, 0xFF, 0x42, 0x30, 0x10, 0xFF, 0x42, 0x30, 0x18, 0xFF, 0x42, 0x30, 0x18, 0xFF,
    0x42, 0x30, 0x18, 0xFF, 0x42, 0x30, 0x18, 0xFF, 0x42, 0x30, 0x18, 0xFF, 0x42, 0x30, 0x18, 0xFF,
    0x42, 0x30, 0x18, 0xFF, 0x42, 0x30, 0x18, 0xFF, 0x42, 0x30, 0x18, 0xFF, 0x42, 0x30, 0x18, 0xFF,
    0x42, 0x30, 0x18, 0xFF, 0x42, 0x30, 0x18, 0xFF, 0x42, 0x30, 0x18, 0xFF, 0x42, 0x30, 0x18, 0xFF,
    0x4A, 0x30, 0x18, 0xFF, 0x42, 0x30, 0x18, 0xFF, 0x4A, 0x30, 0x18, 0xFF, 0x42, 0x30, 0x18, 0xFF,
    0x4A, 0x30, 0x18, 0xFF, 0x42, 0x30, 0x18, 0xFF, 0x42, 0x30, 0x10, 0xFF, 0x42, 0x30, 0x18, 0xFF,
    0x42, 0x30, 0x18, 0xFF, 0x4A, 0x30, 0x18, 0xFF, 0x42, 0x30, 0x18, 0xFF, 0x4A, 0x30, 0x18, 0xFF,
    0x42, 0x30, 0x10, 0xFF, 0x4A, 0x30, 0x18, 0xFF, 0x42, 0x30, 0x18, 0xFF, 0x4A, 0x30, 0x18, 0xFF,
    0x42, 0x30, 0x18, 0xFF, 0x4A, 0x30, 0x18, 0xFF, 0x42, 0x30, 0x18, 0xFF, 0x4A, 0x30, 0x18, 0xFF,
    0x42, 0x30, 0x18, 0xFF, 0x4A, 0x30, 0x10, 0xFF, 0x42, 0x30, 0x18, 0xFF, 0x4A, 0x30, 0x18, 0xFF,
    0x42, 0x30, 0x18, 0xFF, 0x4A, 0x30, 0x10, 0xFF, 0x42, 0x30, 0x18, 0xFF, 0x4A, 0x30, 0x18, 0xFF,
    0x42, 0x30, 0x18, 0xFF, 0x4A, 0x30, 0x18, 0xFF, 0x42, 0x30, 0x10, 0xFF, 0x4A, 0x30, 0x18, 0xFF,
    0x42, 0x30, 0x18, 0xFF, 0x4A, 0x30, 0x18, 0xFF, 0x42, 0x30, 0x10, 0xFF, 0x4A, 0x30, 0x18, 0xFF,
    0x42, 0x30, 0x18, 0xFF, 0x4A, 0x30, 0x18, 0xFF, 0x42, 0x30, 0x18, 0xFF, 0x4A, 0x30, 0x10, 0xFF,
    0x42, 0x30, 0x18, 0xFF, 0x4A, 0x30, 0x18, 0xFF, 0x42, 0x30, 0x18, 0xFF, 0x4A, 0x30, 0x10, 0xFF,
    0x42, 0x30, 0x18, 0xFF, 0x4A, 0x30, 0x18, 0xFF, 0x42, 0x30, 0x18, 0xFF, 0x4A, 0x30, 0x18, 0xFF,
    0x42, 0x30, 0x10, 0xFF, 0x4A, 0x30, 0x18, 0xFF, 0x42, 0x30, 0x18, 0xFF, 0x4A, 0x30, 0x18, 0xFF,
    0x42, 0x30, 0x10, 0xFF, 0x4A, 0x30, 0x18, 0xFF, 0x42, 0x30, 0x18, 0xFF, 0x4A, 0x30, 0x18, 0xFF,
    0x42, 0x30, 0x18, 0xFF, 0x4A, 0x30, 0x10, 0xFF, 0x42, 0x30, 0x18, 0xFF, 0x4A, 0x30, 0x18, 0xFF,
    0x42, 0x30, 0x18, 0xFF, 0x4A, 0x30, 0x10, 0xFF, 0x42, 0x30, 0x18, 0xFF, 0x4A, 0x30, 0x18, 0xFF,
    0x42, 0x30, 0x18, 0xFF, 0x4A, 0x30, 0x18, 0xFF, 0x42, 0x30, 0x10, 0xFF, 0x4A, 0x30, 0x18, 0xFF,
    0x42, 0x30, 0x18, 0xFF, 0x4A, 0x30, 0x18, 0xFF, 0x42, 0x30, 0x10, 0xFF, 0x4A, 0x30, 0x18, 0xFF,
    0x42, 0x30, 0x18, 0xFF, 0x4A, 0x30, 0x18, 0xFF, 0x42, 0x30, 0x18, 0xFF, 0x4A, 0x30, 0x10, 0xFF,
    0x42, 0x30, 0x18, 0xFF, 0x4A, 0x30, 0x18, 0xFF, 0x42, 0x30, 0x18, 0xFF, 0x4A, 0x30, 0x10, 0xFF,
    0x42, 0x30, 0x18, 0xFF, 0x4A, 0x30, 0x18, 0xFF, 0x42, 0x30, 0x18, 0xFF, 0x4A, 0x30, 0x18, 0xFF,
    0x42, 0x30, 0x10, 0xFF, 0x4A, 0x30, 0x18, 0xFF, 0x42, 0x30, 0x18, 0xFF, 0x4A, 0x30, 0x18, 0xFF,
    0x42, 0x30, 0x10, 0xFF, 0x4A, 0x30, 0x18, 0xFF, 0x42, 0x30, 0x18, 0xFF, 0x4A, 0x30, 0x18, 0xFF,
    0x42, 0x30, 0x18, 0xFF, 0x4A, 0x30, 0x10, 0xFF, 0x42, 0x30, 0x18, 0xFF, 0x4A, 0x30, 0x18, 0xFF,
    0x42, 0x30, 0x18, 0xFF, 0x4A, 0x30, 0x10, 0xFF, 0x42, 0x30, 0x18, 0xFF, 0x4A, 0x30, 0x18, 0xFF,
    0x42, 0x30, 0x18, 0xFF, 0x4A, 0x30, 0x18, 0xFF, 0x42, 0x30, 0x10, 0xFF, 0x4A, 0x30, 0x18, 0xFF,
    0x42, 0x30, 0x18, 0xFF, 0x4A, 0x30, 0x18, 0xFF, 0x42, 0x30, 0x10, 0xFF, 0x4A, 0x30, 0x18, 0xFF,
    0x42, 0x30, 0x18, 0xFF, 0x4A, 0x30, 0x18, 0xFF, 0x42, 0x30, 0x18, 0xFF, 0x4A, 0x30, 0x10, 0xFF,
    0x42, 0x30, 0x18, 0xFF, 0x4A, 0x30, 0x18, 0xFF, 0x42, 0x30, 0x18, 0xFF, 0x4A, 0x30, 0x10, 0xFF,
    0x42, 0x30, 0x18, 0xFF, 0x4A, 0x30, 0x18, 0xFF, 0x42, 0x30, 0x18, 0xFF, 0x4A, 0x30, 0x10, 0xFF,
    0x42, 0x30, 0x18, 0xFF, 0x4A, 0x30, 0x18, 0xFF, 0x42, 0x30, 0x18, 0xFF, 0x4A, 0x30, 0x18, 0xFF,
    0x42, 0x30, 0x18, 0xFF, 0x4A, 0x30, 0x18, 0xFF, 0x42, 0x30, 0x18, 0xFF, 0x4A, 0x30, 0x18, 0xFF,
    0x42, 0x30, 0x18, 0xFF, 0x42, 0x30, 0x18, 0xFF, 0x42, 0x30, 0x10, 0xFF, 0x42, 0x30, 0x18, 0xFF,
    0x42, 0x34, 0x18, 0xFF, 0x42, 0x30, 0x18, 0xFF, 0x4A, 0x34, 0x18, 0xFF, 0x42, 0x34, 0x18, 0xFF,
    0x4A, 0x30, 0x18, 0xFF, 0x42, 0x34, 0x18, 0xFF, 0x42, 0x34, 0x18, 0xFF, 0x42, 0x30, 0x18, 0xFF,
    0x4A, 0x34, 0x18, 0xFF, 0x42, 0x34, 0x18, 0xFF, 0x42, 0x30, 0x18, 0xFF, 0x4A, 0x34, 0x18, 0xFF,
    0x42, 0x34, 0x18, 0xFF, 0x42, 0x30, 0x18, 0xFF, 0x4A, 0x34, 0x18, 0xFF, 0x42, 0x34, 0x18, 0xFF,
    0x42, 0x30, 0x18, 0xFF, 0x4A, 0x34, 0x18, 0xFF, 0x42, 0x34, 0x18, 0xFF, 0x42, 0x30, 0x18, 0xFF,
    0x4A, 0x34, 0x18, 0xFF, 0x42, 0x34, 0x18, 0xFF, 0x42, 0x30, 0x18, 0xFF, 0x4A, 0x34, 0x18, 0xFF,
    0x42, 0x34, 0x18, 0xFF, 0x42, 0x30, 0x18, 0xFF, 0x4A, 0x34, 0x18, 0xFF, 0x42, 0x34, 0x18, 0xFF,
    0x42, 0x30, 0x18, 0xFF, 0x4A, 0x34, 0x18, 0xFF, 0x42, 0x34, 0x18, 0xFF, 0x42, 0x30, 0x18, 0xFF,
    0x4A, 0x34, 0x18, 0xFF, 0x42, 0x34, 0x18, 0xFF, 0x42, 0x30, 0x18, 0xFF, 0x4A, 0x34, 0x18, 0xFF,
    0x42, 0x34, 0x18, 0xFF, 0x42, 0x30, 0x18, 0xFF, 0x4A, 0x34, 0x18, 0xFF, 0x42, 0x34, 0x18, 0xFF,
    0x42, 0x30, 0x18, 0xFF, 0x4A, 0x34, 0x18, 0xFF, 0x42, 0x34, 0x18, 0xFF, 0x42, 0x30, 0x18, 0xFF,
    0x4A, 0x34, 0x18, 0xFF, 0x42, 0x34, 0x18, 0xFF, 0x42, 0x30, 0x18, 0xFF, 0x4A, 0x34, 0x18, 0xFF,
    0x42, 0x34, 0x18, 0xFF, 0x42, 0x30, 0x18, 0xFF, 0x4A, 0x34, 0x18, 0xFF, 0x42, 0x34, 0x18, 0xFF,
    0x42, 0x30, 0x18, 0xFF, 0x4A, 0x34, 0x18, 0xFF, 0x42, 0x34, 0x18, 0xFF, 0x42, 0x30, 0x18, 0xFF,
    0x4A, 0x34, 0x18, 0xFF, 0x42, 0x34, 0x18, 0xFF, 0x42, 0x30, 0x18, 0xFF, 0x4A, 0x34, 0x18, 0xFF,
    0x42, 0x34, 0x18, 0xFF, 0x42, 0x30, 0x18, 0xFF, 0x4A, 0x34, 0x18, 0xFF, 0x42, 0x34, 0x18, 0xFF,
    0x42, 0x30, 0x18, 0xFF, 0x4A, 0x34, 0x18, 0xFF, 0x42, 0x34, 0x18, 0xFF, 0x42, 0x30, 0x18, 0xFF,
    0x4A, 0x34, 0x18, 0xFF, 0x42, 0x34, 0x18, 0xFF, 0x42, 0x30, 0x18, 0xFF, 0x4A, 0x34, 0x18, 0xFF,
    0x42, 0x34, 0x18, 0xFF, 0x42, 0x30, 0x18, 0xFF, 0x4A, 0x34, 0x18, 0xFF, 0x42, 0x34, 0x18, 0xFF,
    0x42, 0x30, 0x18, 0xFF, 0x4A, 0x34, 0x18, 0xFF, 0x42, 0x34, 0x18, 0xFF, 0x42, 0x30, 0x18, 0xFF,
    0x4A, 0x34, 0x18, 0xFF, 0x42, 0x34, 0x18, 0xFF, 0x42, 0x30, 0x18, 0xFF, 0x4A, 0x34, 0x18, 0xFF,
    0x42, 0x34, 0x18, 0xFF, 0x42, 0x30, 0x18, 0xFF, 0x4A, 0x34, 0x18, 0xFF, 0x42, 0x34, 0x18, 0xFF,
    0x42, 0x30, 0x18, 0xFF, 0x4A, 0x34, 0x18, 0xFF, 0x42, 0x34, 0x18, 0xFF, 0x42, 0x30, 0x18, 0xFF,
    0x4A, 0x34, 0x18, 0xFF, 0x42, 0x34, 0x18, 0xFF, 0x42, 0x30, 0x18, 0xFF, 0x4A, 0x34, 0x18, 0xFF,
    0x42, 0x34, 0x18, 0xFF, 0x42, 0x30, 0x18, 0xFF, 0x4A, 0x34, 0x18, 0xFF, 0x42, 0x34, 0x18, 0xFF,
    0x42, 0x30, 0x18, 0xFF, 0x4A, 0x34, 0x18, 0xFF, 0x42, 0x34, 0x18, 0xFF, 0x42, 0x30, 0x18, 0xFF,
    0x4A, 0x34, 0x18, 0xFF, 0x42, 0x34, 0x18, 0xFF, 0x42, 0x30, 0x18, 0xFF, 0x4A, 0x34, 0x18, 0xFF,
    0x42, 0x34, 0x18, 0xFF, 0x42, 0x30, 0x18, 0xFF, 0x4A, 0x34, 0x18, 0xFF, 0x42, 0x34, 0x18, 0xFF,
    0x42, 0x30, 0x18, 0xFF, 0x4A, 0x34, 0x18, 0xFF, 0x42, 0x34, 0x18, 0xFF, 0x42, 0x30, 0x18, 0xFF,
    0x4A, 0x34, 0x18, 0xFF, 0x42, 0x34, 0x18, 0xFF, 0x42, 0x30, 0x18, 0xFF, 0x4A, 0x34, 0x18, 0xFF,
    0x42, 0x34, 0x18, 0xFF, 0x42, 0x30, 0x18, 0xFF, 0x4A, 0x34, 0x18, 0xFF, 0x42, 0x34, 0x18, 0xFF,
    0x42, 0x30, 0x18, 0xFF, 0x4A, 0x34, 0x18, 0xFF, 0x42, 0x34, 0x18, 0xFF, 0x4A, 0x30, 0x18, 0xFF,
    0x42, 0x30, 0x18, 0xFF, 0x4A, 0x34, 0x18, 0xFF, 0x42, 0x30, 0x18, 0xFF, 0x42, 0x30, 0x18, 0xFF,
    0x42, 0x34, 0x18, 0xFF, 0x4A, 0x30, 0x18, 0xFF, 0x42, 0x30, 0x18, 0xFF, 0x4A, 0x34, 0x18, 0xFF,
    0x42, 0x30, 0x18, 0xFF, 0x42, 0x30, 0x18, 0xFF, 0x4A, 0x34, 0x18, 0xFF, 0x42, 0x30, 0x18, 0xFF,
    0x42, 0x30, 0x18, 0xFF, 0x4A, 0x34, 0x18, 0xFF, 0x42, 0x30, 0x18, 0xFF, 0x42, 0x30, 0x18, 0xFF,
    0x4A, 0x34, 0x18, 0xFF, 0x42, 0x30, 0x18, 0xFF, 0x42, 0x30, 0x18, 0xFF, 0x4A, 0x34, 0x18, 0xFF,
    0x42, 0x30, 0x18, 0xFF, 0x42, 0x30, 0x18, 0xFF, 0x4A, 0x34, 0x18, 0xFF, 0x42, 0x30, 0x18, 0xFF,
    0x42, 0x30, 0x18, 0xFF, 0x4A, 0x34, 0x18, 0xFF, 0x42, 0x30, 0x18, 0xFF, 0x42, 0x30, 0x18, 0xFF,
    0x4A, 0x34, 0x18, 0xFF, 0x42, 0x30, 0x18, 0xFF, 0x42, 0x30, 0x18, 0xFF, 0x4A, 0x34, 0x18, 0xFF,
    0x42, 0x30, 0x18, 0xFF, 0x42, 0x30, 0x18, 0xFF, 0x4A, 0x34, 0x18, 0xFF, 0x42, 0x30, 0x18, 0xFF,
    0x42, 0x30, 0x18, 0xFF, 0x4A, 0x34, 0x18, 0xFF, 0x42, 0x30, 0x18, 0xFF, 0x42, 0x30, 0x18, 0xFF,
    0x4A, 0x34, 0x18, 0xFF, 0x42, 0x30, 0x18, 0xFF, 0x42, 0x30, 0x18, 0xFF, 0x4A, 0x34, 0x18, 0xFF,
    0x42, 0x30, 0x18, 0xFF, 0x42, 0x30, 0x18, 0xFF, 0x4A, 0x34, 0x18, 0xFF, 0x42, 0x30, 0x18, 0xFF,
    0x42, 0x30, 0x18, 0xFF, 0x4A, 0x34, 0x18, 0xFF, 0x42, 0x30, 0x18, 0xFF, 0x42, 0x30, 0x18, 0xFF,
    0x4A, 0x34, 0x18, 0xFF, 0x42, 0x30, 0x18, 0xFF, 0x42, 0x30, 0x18, 0xFF, 0x4A, 0x34, 0x18, 0xFF,
    0x42, 0x30, 0x18, 0xFF, 0x42, 0x30, 0x18, 0xFF, 0x4A, 0x34, 0x18, 0xFF, 0x42, 0x30, 0x18, 0xFF,
    0x42, 0x30, 0x18, 0xFF, 0x4A, 0x34, 0x18, 0xFF, 0x42, 0x30, 0x18, 0xFF, 0x42, 0x30, 0x18, 0xFF,
    0x4A, 0x34, 0x18, 0xFF, 0x42, 0x30, 0x18, 0xFF, 0x42, 0x30, 0x18, 0xFF, 0x4A, 0x34, 0x18, 0xFF,
    0x42, 0x30, 0x18, 0xFF, 0x42, 0x30, 0x18, 0xFF, 0x4A, 0x34, 0x18, 0xFF, 0x42, 0x30, 0x18, 0xFF,
    0x42, 0x30, 0x18, 0xFF, 0x4A, 0x34, 0x18, 0xFF, 0x42, 0x30, 0x18, 0xFF, 0x42, 0x30, 0x18, 0xFF,
    0x4A, 0x34, 0x18, 0xFF, 0x42, 0x30, 0x18, 0xFF, 0x42, 0x30, 0x18, 0xFF, 0x4A, 0x34, 0x18, 0xFF,
    0x42, 0x30, 0x18, 0xFF, 0x42, 0x30, 0x18, 0xFF, 0x4A, 0x34, 0x18, 0xFF, 0x42, 0x30, 0x18, 0xFF,
    0x42, 0x30, 0x18, 0xFF, 0x4A, 0x34, 0x18, 0xFF, 0x42, 0x30, 0x18, 0xFF, 0x42, 0x30, 0x18, 0xFF,
    0x4A, 0x34, 0x18, 0xFF, 0x42, 0x30, 0x18, 0xFF, 0x42, 0x30, 0x18, 0xFF, 0x4A, 0x34, 0x18, 0xFF,
    0x42, 0x30, 0x18, 0xFF, 0x42, 0x30, 0x18, 0xFF, 0x4A, 0x34, 0x18, 0xFF, 0x42, 0x30, 0x18, 0xFF,
    0x42, 0x30, 0x18, 0xFF, 0x4A, 0x34, 0x18, 0xFF, 0x42, 0x30, 0x18, 0xFF, 0x42, 0x30, 0x18, 0xFF,
    0x4A, 0x34, 0x18, 0xFF, 0x42, 0x30, 0x18, 0xFF, 0x42, 0x30, 0x18, 0xFF, 0x4A, 0x34, 0x18, 0xFF,
    0x42, 0x30, 0x18, 0xFF, 0x42, 0x30, 0x18, 0xFF, 0x4A, 0x34, 0x18, 0xFF, 0x42, 0x30, 0x18, 0xFF,
    0x42, 0x30, 0x18, 0xFF, 0x4A, 0x34, 0x18, 0xFF, 0x42, 0x30, 0x18, 0xFF, 0x42, 0x30, 0x18, 0xFF,
    0x4A, 0x34, 0x18, 0xFF, 0x42, 0x30, 0x18, 0xFF, 0x42, 0x30, 0x18, 0xFF, 0x4A, 0x34, 0x18, 0xFF,
    0x42, 0x30, 0x18, 0xFF, 0x42, 0x30, 0x18, 0xFF, 0x4A, 0x34, 0x18, 0xFF, 0x42, 0x30, 0x18, 0xFF,
    0x42, 0x30, 0x18, 0xFF, 0x4A, 0x34, 0x18, 0xFF, 0x42, 0x30, 0x18, 0xFF, 0x42, 0x30, 0x18, 0xFF,
    0x4A, 0x34, 0x18, 0xFF, 0x42, 0x30, 0x18, 0xFF, 0x42, 0x30, 0x18, 0xFF, 0x42, 0x34, 0x18, 0xFF,
    0x42, 0x30, 0x18, 0xFF, 0x42, 0x30, 0x18, 0xFF, 0x4A, 0x34, 0x18, 0xFF, 0x42, 0x30, 0x18, 0xFF,
    0x4A, 0x30, 0x18, 0xFF, 0x42, 0x34, 0x18, 0xFF, 0x42, 0x30, 0x18, 0xFF, 0x42, 0x30, 0x18, 0xFF,
    0x4A, 0x34, 0x18, 0xFF, 0x42, 0x30, 0x18, 0xFF, 0x42, 0x30, 0x18, 0xFF, 0x4A, 0x34, 0x18, 0xFF,
    0x42, 0x30, 0x18, 0xFF, 0x42, 0x30, 0x18, 0xFF, 0x4A, 0x34, 0x18, 0xFF, 0x42, 0x30, 0x18, 0xFF,
    0x42, 0x30, 0x18, 0xFF, 0x4A, 0x34, 0x18, 0xFF, 0x42, 0x30, 0x18, 0xFF, 0x42, 0x30, 0x18, 0xFF,
    0x4A, 0x34, 0x18, 0xFF, 0x42, 0x30, 0x18, 0xFF, 0x42, 0x30, 0x18, 0xFF, 0x4A, 0x34, 0x18, 0xFF,
    0x42, 0x30, 0x18, 0xFF, 0x42, 0x30, 0x18, 0xFF, 0x4A, 0x34, 0x18, 0xFF, 0x42, 0x30, 0x18, 0xFF,
    0x42, 0x30, 0x18, 0xFF, 0x4A, 0x34, 0x18, 0xFF, 0x42, 0x30, 0x18, 0xFF, 0x42, 0x30, 0x18, 0xFF,
    0x4A, 0x34, 0x18, 0xFF, 0x42, 0x30, 0x18, 0xFF, 0x42, 0x30, 0x18, 0xFF, 0x4A, 0x34, 0x18, 0xFF,
    0x42, 0x30, 0x18, 0xFF, 0x42, 0x30, 0x18, 0xFF, 0x4A, 0x34, 0x18, 0xFF, 0x42, 0x30, 0x18, 0xFF,
    0x42, 0x30, 0x18, 0xFF, 0x4A, 0x34, 0x18, 0xFF, 0x42, 0x30, 0x18, 0xFF, 0x42, 0x30, 0x18, 0xFF,
    0x4A, 0x34, 0x18, 0xFF, 0x42, 0x30, 0x18, 0xFF, 0x42, 0x30, 0x18, 0xFF, 0x4A, 0x34, 0x18, 0xFF,
    0x42, 0x30, 0x18, 0xFF, 0x42, 0x30, 0x18, 0xFF, 0x4A, 0x34, 0x18, 0xFF, 0x42, 0x30, 0x18, 0xFF,
    0x42, 0x30, 0x18, 0xFF, 0x4A, 0x34, 0x18, 0xFF, 0x42, 0x30, 0x18, 0xFF, 0x42, 0x30, 0x18, 0xFF,
    0x4A, 0x34, 0x18, 0xFF, 0x42, 0x30, 0x18, 0xFF, 0x42, 0x30, 0x18, 0xFF, 0x4A, 0x34, 0x18, 0xFF,
    0x42, 0x30, 0x18, 0xFF, 0x42, 0x30, 0x18, 0xFF, 0x4A, 0x34, 0x18, 0xFF, 0x42, 0x30, 0x18, 0xFF,
    0x42, 0x30, 0x18, 0xFF, 0x4A, 0x34, 0x18, 0xFF, 0x42, 0x30, 0x18, 0xFF, 0x42, 0x30, 0x18, 0xFF,
    0x4A, 0x34, 0x18, 0xFF, 0x42, 0x30, 0x18, 0xFF, 0x42, 0x30, 0x18, 0xFF, 0x4A, 0x34, 0x18, 0xFF,
    0x42, 0x30, 0x18, 0xFF, 0x42, 0x30, 0x18, 0xFF, 0x4A, 0x34, 0x18, 0xFF, 0x42, 0x30, 0x18, 0xFF,
    0x42, 0x30, 0x18, 0xFF, 0x4A, 0x34, 0x18, 0xFF, 0x42, 0x30, 0x18, 0xFF, 0x42, 0x30, 0x18, 0xFF,
    0x4A, 0x34, 0x18, 0xFF, 0x42, 0x30, 0x18, 0xFF, 0x42, 0x30, 0x18, 0xFF, 0x4A, 0x34, 0x18, 0xFF,
    0x42, 0x30, 0x18, 0xFF, 0x42, 0x30, 0x18, 0xFF, 0x4A, 0x34, 0x18, 0xFF, 0x42, 0x30, 0x18, 0xFF,
    0x42, 0x30, 0x18, 0xFF, 0x4A, 0x34, 0x18, 0xFF, 0x42, 0x30, 0x18, 0xFF, 0x42, 0x30, 0x18, 0xFF,
    0x4A, 0x34, 0x18, 0xFF, 0x42, 0x30, 0x18, 0xFF, 0x42, 0x30, 0x18, 0xFF, 0x4A, 0x34, 0x18, 0xFF,
    0x42, 0x30, 0x18, 0xFF, 0x42, 0x30, 0x18, 0xFF, 0x4A, 0x34, 0x18, 0xFF, 0x42, 0x30, 0x18, 0xFF,
    0x42, 0x30, 0x18, 0xFF, 0x4A, 0x34, 0x18, 0xFF, 0x42, 0x30, 0x18, 0xFF, 0x42, 0x30, 0x18, 0xFF,
    0x4A, 0x34, 0x18, 0xFF, 0x42, 0x30, 0x18, 0xFF, 0x42, 0x30, 0x18, 0xFF, 0x4A, 0x34, 0x18, 0xFF,
    0x42, 0x30, 0x18, 0xFF, 0x42, 0x30, 0x18, 0xFF, 0x4A, 0x34, 0x18, 0xFF, 0x42, 0x30, 0x18, 0xFF,
    0x42, 0x30, 0x18, 0xFF, 0x4A, 0x34, 0x18, 0xFF, 0x42, 0x30, 0x18, 0xFF, 0x42, 0x30, 0x18, 0xFF,
    0x4A, 0x34, 0x18, 0xFF, 0x42, 0x30, 0x18, 0xFF, 0x42, 0x30, 0x18, 0xFF, 0x4A, 0x34, 0x18, 0xFF,
    0x42, 0x30, 0x18, 0xFF, 0x42, 0x30, 0x18, 0xFF, 0x4A, 0x34, 0x18, 0xFF, 0x42, 0x30, 0x18, 0xFF,
    0x42, 0x30, 0x18, 0xFF, 0x4A, 0x34, 0x18, 0xFF, 0x42, 0x30, 0x18, 0xFF, 0x4A, 0x30, 0x18, 0xFF,
    0x4A, 0x34, 0x18, 0xFF, 0x42, 0x30, 0x18, 0xFF, 0x4A, 0x34, 0x18, 0xFF, 0x42, 0x30, 0x18, 0xFF,
    0x42, 0x34, 0x18, 0xFF, 0x4A, 0x30, 0x18, 0xFF, 0x42, 0x34, 0x18, 0xFF, 0x4A, 0x30, 0x18, 0xFF,
    0x42, 0x34, 0x18, 0xFF, 0x4A, 0x30, 0x18, 0xFF, 0x42, 0x34, 0x18, 0xFF, 0x42, 0x30, 0x18, 0xFF,
    0x4A, 0x34, 0x18, 0xFF, 0x42, 0x30, 0x18, 0xFF, 0x42, 0x34, 0x18, 0xFF, 0x4A, 0x30, 0x18, 0xFF,
    0x42, 0x34, 0x18, 0xFF, 0x42, 0x30, 0x18, 0xFF, 0x4A, 0x34, 0x18, 0xFF, 0x42, 0x30, 0x18, 0xFF,
    0x42, 0x34, 0x18, 0xFF, 0x4A, 0x30, 0x18, 0xFF, 0x42, 0x34, 0x18, 0xFF, 0x42, 0x30, 0x18, 0xFF,
    0x4A, 0x34, 0x18, 0xFF, 0x42, 0x30, 0x18, 0xFF, 0x42, 0x34, 0x18, 0xFF, 0x4A, 0x30, 0x18, 0xFF,
    0x42, 0x34, 0x18, 0xFF, 0x42, 0x30, 0x18, 0xFF, 0x4A, 0x34, 0x18, 0xFF, 0x42, 0x30, 0x18, 0xFF,
    0x42, 0x34, 0x18, 0xFF, 0x4A, 0x30, 0x18, 0xFF, 0x42, 0x34, 0x18, 0xFF, 0x42, 0x30, 0x18, 0xFF,
    0x4A, 0x34, 0x18, 0xFF, 0x42, 0x30, 0x18, 0xFF, 0x42, 0x34, 0x18, 0xFF, 0x4A, 0x30, 0x18, 0xFF,
    0x42, 0x34, 0x18, 0xFF, 0x42, 0x30, 0x18, 0xFF, 0x4A, 0x34, 0x18, 0xFF, 0x42, 0x30, 0x18, 0xFF,
    0x42, 0x34, 0x18, 0xFF, 0x4A, 0x30, 0x18, 0xFF, 0x42, 0x34, 0x18, 0xFF, 0x42, 0x30, 0x18, 0xFF,
    0x4A, 0x34, 0x18, 0xFF, 0x42, 0x30, 0x18, 0xFF, 0x42, 0x34, 0x18, 0xFF, 0x4A, 0x30, 0x18, 0xFF,
    0x42, 0x34, 0x18, 0xFF, 0x42, 0x30, 0x18, 0xFF, 0x4A, 0x34, 0x18, 0xFF, 0x42, 0x30, 0x18, 0xFF,
    0x42, 0x34, 0x18, 0xFF, 0x4A, 0x30, 0x18, 0xFF, 0x42, 0x34, 0x18, 0xFF, 0x42, 0x30, 0x18, 0xFF,
    0x4A, 0x34, 0x18, 0xFF, 0x42, 0x30, 0x18, 0xFF, 0x42, 0x34, 0x18, 0xFF, 0x4A, 0x30, 0x18, 0xFF,
    0x42, 0x34, 0x18, 0xFF, 0x42, 0x30, 0x18, 0xFF, 0x4A, 0x34, 0x18, 0xFF, 0x42, 0x30, 0x18, 0xFF,
    0x42, 0x34, 0x18, 0xFF, 0x4A, 0x30, 0x18, 0xFF, 0x42, 0x34, 0x18, 0xFF, 0x42, 0x30, 0x18, 0xFF,
    0x4A, 0x34, 0x18, 0xFF, 0x42, 0x30, 0x18, 0xFF, 0x42, 0x34, 0x18, 0xFF, 0x4A, 0x30, 0x18, 0xFF,
    0x42, 0x34, 0x18, 0xFF, 0x42, 0x30, 0x18, 0xFF, 0x4A, 0x34, 0x18, 0xFF, 0x42, 0x30, 0x18, 0xFF,
    0x42, 0x34, 0x18, 0xFF, 0x4A, 0x30, 0x18, 0xFF, 0x42, 0x34, 0x18, 0xFF, 0x42, 0x30, 0x18, 0xFF,
    0x4A, 0x34, 0x18, 0xFF, 0x42, 0x30, 0x18, 0xFF, 0x42, 0x34, 0x18, 0xFF, 0x4A, 0x30, 0x18, 0xFF,
    0x42, 0x34, 0x18, 0xFF, 0x42, 0x30, 0x18, 0xFF, 0x4A, 0x34, 0x18, 0xFF, 0x42, 0x30, 0x18, 0xFF,
    0x42, 0x34, 0x18, 0xFF, 0x4A, 0x30, 0x18, 0xFF, 0x42, 0x34, 0x18, 0xFF, 0x42, 0x30, 0x18, 0xFF,
    0x4A, 0x34, 0x18, 0xFF, 0x42, 0x30, 0x18, 0xFF, 0x42, 0x34, 0x18, 0xFF, 0x4A, 0x30, 0x18, 0xFF,
    0x42, 0x34, 0x18, 0xFF, 0x42, 0x30, 0x18, 0xFF, 0x4A, 0x34, 0x18, 0xFF, 0x42, 0x30, 0x18, 0xFF,
    0x42, 0x34, 0x18, 0xFF, 0x4A, 0x30, 0x18, 0xFF, 0x42, 0x34, 0x18, 0xFF, 0x42, 0x30, 0x18, 0xFF,
    0x4A, 0x34, 0x18, 0xFF, 0x42, 0x30, 0x18, 0xFF, 0x42, 0x34, 0x18, 0xFF, 0x4A, 0x30, 0x18, 0xFF,
    0x42, 0x34, 0x18, 0xFF, 0x42, 0x30, 0x18, 0xFF, 0x4A, 0x34, 0x18, 0xFF, 0x42, 0x30, 0x18, 0xFF,
    0x42, 0x34, 0x18, 0xFF, 0x4A, 0x30, 0x18, 0xFF, 0x42, 0x34, 0x18, 0xFF, 0x42, 0x30, 0x18, 0xFF,
    0x4A, 0x34, 0x18, 0xFF, 0x42, 0x30, 0x18, 0xFF, 0x42, 0x34, 0x18, 0xFF, 0x4A, 0x30, 0x18, 0xFF,
    0x42, 0x34, 0x18, 0xFF, 0x4A, 0x30, 0x18, 0xFF, 0x42, 0x34, 0x18, 0xFF, 0x4A, 0x30, 0x18, 0xFF,
    0x42, 0x34, 0x18, 0xFF, 0x4A, 0x30, 0x18, 0xFF, 0x42, 0x34, 0x18, 0xFF, 0x4A, 0x34, 0x18, 0xFF,
    0x42, 0x30, 0x18, 0xFF, 0x4A, 0x34, 0x18, 0xFF, 0x42, 0x30, 0x18, 0xFF, 0x4A, 0x34, 0x18, 0xFF,
    0x42, 0x34, 0x18, 0xFF, 0x42, 0x30, 0x18, 0xFF, 0x4A, 0x34, 0x18, 0xFF, 0x42, 0x30, 0x18, 0xFF,
    0x4A, 0x34, 0x18, 0xFF, 0x42, 0x34, 0x18, 0xFF, 0x4A, 0x30, 0x18, 0xFF, 0x42, 0x34, 0x18, 0xFF,
    0x4A, 0x34, 0x18, 0xFF, 0x42, 0x30, 0x18, 0xFF, 0x4A, 0x34, 0x18, 0xFF, 0x42, 0x34, 0x18, 0xFF,
    0x4A, 0x30, 0x18, 0xFF, 0x42, 0x34, 0x18, 0xFF, 0x4A, 0x34, 0x18, 0xFF, 0x42, 0x30, 0x18, 0xFF,
    0x4A, 0x34, 0x18, 0xFF, 0x42, 0x34, 0x18, 0xFF, 0x4A, 0x30, 0x18, 0xFF, 0x42, 0x34, 0x18, 0xFF,
    0x4A, 0x34, 0x18, 0xFF, 0x42, 0x30, 0x18, 0xFF, 0x4A, 0x34, 0x18, 0xFF, 0x42, 0x34, 0x18, 0xFF,
    0x4A, 0x30, 0x18, 0xFF, 0x42, 0x34, 0x18, 0xFF, 0x4A, 0x34, 0x18, 0xFF, 0x42, 0x30, 0x18, 0xFF,
    0x4A, 0x34, 0x18, 0xFF, 0x42, 0x34, 0x18, 0xFF, 0x4A, 0x30, 0x18, 0xFF, 0x42, 0x34, 0x18, 0xFF,
    0x4A, 0x34, 0x18, 0xFF, 0x42, 0x30, 0x18, 0xFF, 0x4A, 0x34, 0x18, 0xFF, 0x42, 0x34, 0x18, 0xFF,
    0x4A, 0x30, 0x18, 0xFF, 0x42, 0x34, 0x18, 0xFF, 0x4A, 0x34, 0x18, 0xFF, 0x42, 0x30, 0x18, 0xFF,
    0x4A, 0x34, 0x18, 0xFF, 0x42, 0x34, 0x18, 0xFF, 0x4A, 0x30, 0x18, 0xFF, 0x42, 0x34, 0x18, 0xFF,
    0x4A, 0x34, 0x18, 0xFF, 0x42, 0x30, 0x18, 0xFF, 0x4A, 0x34, 0x18, 0xFF, 0x42, 0x34, 0x18, 0xFF,
    0x4A, 0x30, 0x18, 0xFF, 0x42, 0x34, 0x18, 0xFF, 0x4A, 0x34, 0x18, 0xFF, 0x42, 0x30, 0x18, 0xFF,
    0x4A, 0x34, 0x18, 0xFF, 0x42, 0x34, 0x18, 0xFF, 0x4A, 0x30, 0x18, 0xFF, 0x42, 0x34, 0x18, 0xFF,
    0x4A, 0x34, 0x18, 0xFF, 0x42, 0x30, 0x18, 0xFF, 0x4A, 0x34, 0x18, 0xFF, 0x42, 0x34, 0x18, 0xFF,
    0x4A, 0x30, 0x18, 0xFF, 0x42, 0x34, 0x18, 0xFF, 0x4A, 0x34, 0x18, 0xFF, 0x42, 0x30, 0x18, 0xFF,
    0x4A, 0x34, 0x18, 0xFF, 0x42, 0x34, 0x18, 0xFF, 0x4A, 0x30, 0x18, 0xFF, 0x42, 0x34, 0x18, 0xFF,
    0x4A, 0x34, 0x18, 0xFF, 0x42, 0x30, 0x18, 0xFF, 0x4A, 0x34, 0x18, 0xFF, 0x42, 0x34, 0x18, 0xFF,
    0x4A, 0x30, 0x18, 0xFF, 0x42, 0x34, 0x18, 0xFF, 0x4A, 0x34, 0x18, 0xFF, 0x42, 0x30, 0x18, 0xFF,
    0x4A, 0x34, 0x18, 0xFF, 0x42, 0x34, 0x18, 0xFF, 0x4A, 0x30, 0x18, 0xFF, 0x42, 0x34, 0x18, 0xFF,
    0x4A, 0x34, 0x18, 0xFF, 0x42, 0x30, 0x18, 0xFF, 0x4A, 0x34, 0x18, 0xFF, 0x42, 0x34, 0x18, 0xFF,
    0x4A, 0x30, 0x18, 0xFF, 0x42, 0x34, 0x18, 0xFF, 0x4A, 0x34, 0x18, 0xFF, 0x42, 0x30, 0x18, 0xFF,
    0x4A, 0x34, 0x18, 0xFF, 0x42, 0x34, 0x18, 0xFF, 0x4A, 0x30, 0x18, 0xFF, 0x42, 0x34, 0x18, 0xFF,
    0x4A, 0x34, 0x18, 0xFF, 0x42, 0x30, 0x18, 0xFF, 0x4A, 0x34, 0x18, 0xFF, 0x42, 0x34, 0x18, 0xFF,
    0x4A, 0x30, 0x18, 0xFF, 0x42, 0x34, 0x18, 0xFF, 0x4A, 0x34, 0x18, 0xFF, 0x42, 0x30, 0x18, 0xFF,
    0x4A, 0x34, 0x18, 0xFF, 0x42, 0x34, 0x18, 0xFF, 0x4A, 0x30, 0x18, 0xFF, 0x42, 0x34, 0x18, 0xFF,
    0x4A, 0x34, 0x18, 0xFF, 0x42, 0x30, 0x18, 0xFF, 0x4A, 0x34, 0x18, 0xFF, 0x42, 0x34, 0x18, 0xFF,
    0x4A, 0x30, 0x18, 0xFF, 0x42, 0x34, 0x18, 0xFF, 0x4A, 0x34, 0x18, 0xFF, 0x42, 0x30, 0x18, 0xFF,
    0x4A, 0x34, 0x18, 0xFF, 0x42, 0x34, 0x18, 0xFF, 0x4A, 0x30, 0x18, 0xFF, 0x42, 0x34, 0x18, 0xFF,
    0x4A, 0x34, 0x18, 0xFF, 0x42, 0x30, 0x18, 0xFF, 0x4A, 0x34, 0x18, 0xFF, 0x42, 0x34, 0x18, 0xFF,
    0x4A, 0x34, 0x18, 0xFF, 0x42, 0x34, 0x18, 0xFF, 0x4A, 0x30, 0x18, 0xFF, 0x42, 0x34, 0x18, 0xFF,
    0x4A, 0x30, 0x18, 0xFF, 0x42, 0x34, 0x18, 0xFF, 0x4A, 0x34, 0x18, 0xFF, 0x42, 0x30, 0x18, 0xFF,
    0x4A, 0x34, 0x18, 0xFF, 0x42, 0x30, 0x18, 0xFF, 0x4A, 0x34, 0x18, 0xFF, 0x42, 0x34, 0x18, 0xFF,
    0x4A, 0x30, 0x18, 0xFF, 0x42, 0x34, 0x18, 0xFF, 0x4A, 0x34, 0x18, 0xFF, 0x42, 0x30, 0x18, 0xFF,
    0x4A, 0x34, 0x18, 0xFF, 0x42, 0x34, 0x18, 0xFF, 0x4A, 0x30, 0x18, 0xFF, 0x42, 0x34, 0x18, 0xFF,
    0x4A, 0x34, 0x18, 0xFF, 0x42, 0x30, 0x18, 0xFF, 0x4A, 0x34, 0x18, 0xFF, 0x42, 0x34, 0x18, 0xFF,
    0x4A, 0x30, 0x18, 0xFF, 0x42, 0x34, 0x18, 0xFF, 0x4A, 0x34, 0x18, 0xFF, 0x42, 0x30, 0x18, 0xFF,
    0x4A, 0x34, 0x18, 0xFF, 0x42, 0x34, 0x18, 0xFF, 0x4A, 0x30, 0x18, 0xFF, 0x42, 0x34, 0x18, 0xFF,
    0x4A, 0x34, 0x18, 0xFF, 0x42, 0x30, 0x18, 0xFF, 0x4A, 0x34, 0x18, 0xFF, 0x42, 0x34, 0x18, 0xFF,
    0x4A, 0x30, 0x18, 0xFF, 0x42, 0x34, 0x18, 0xFF, 0x4A, 0x34, 0x18, 0xFF, 0x42, 0x30, 0x18, 0xFF,
    0x4A, 0x34, 0x18, 0xFF, 0x42, 0x34, 0x18, 0xFF, 0x4A, 0x30, 0x18, 0xFF, 0x42, 0x34, 0x18, 0xFF,
    0x4A, 0x34, 0x18, 0xFF, 0x42, 0x30, 0x18, 0xFF, 0x4A, 0x34, 0x18, 0xFF, 0x42, 0x34, 0x18, 0xFF,
    0x4A, 0x30, 0x18, 0xFF, 0x42, 0x34, 0x18, 0xFF, 0x4A, 0x34, 0x18, 0xFF, 0x42, 0x30, 0x18, 0xFF,
    0x4A, 0x34, 0x18, 0xFF, 0x42, 0x34, 0x18, 0xFF, 0x4A, 0x30, 0x18, 0xFF, 0x42, 0x34, 0x18, 0xFF,
    0x4A, 0x34, 0x18, 0xFF, 0x42, 0x30, 0x18, 0xFF, 0x4A, 0x34, 0x18, 0xFF, 0x42, 0x34, 0x18, 0xFF,
    0x4A, 0x30, 0x18, 0xFF, 0x42, 0x34, 0x18, 0xFF, 0x4A, 0x34, 0x18, 0xFF, 0x42, 0x30, 0x18, 0xFF,
    0x4A, 0x34, 0x18, 0xFF, 0x42, 0x34, 0x18, 0xFF, 0x4A, 0x30, 0x18, 0xFF, 0x42, 0x34, 0x18, 0xFF,
    0x4A, 0x34, 0x18, 0xFF, 0x42, 0x30, 0x18, 0xFF, 0x4A, 0x34, 0x18, 0xFF, 0x42, 0x34, 0x18, 0xFF,
    0x4A, 0x30, 0x18, 0xFF, 0x42, 0x34, 0x18, 0xFF, 0x4A, 0x34, 0x18, 0xFF, 0x42, 0x30, 0x18, 0xFF,
    0x4A, 0x34, 0x18, 0xFF, 0x42, 0x34, 0x18, 0xFF, 0x4A, 0x30, 0x18, 0xFF, 0x42, 0x34, 0x18, 0xFF,
    0x4A, 0x34, 0x18, 0xFF, 0x42, 0x30, 0x18, 0xFF, 0x4A, 0x34, 0x18, 0xFF, 0x42, 0x34, 0x18, 0xFF,
    0x4A, 0x30, 0x18, 0xFF, 0x42, 0x34, 0x18, 0xFF, 0x4A, 0x34, 0x18, 0xFF, 0x42, 0x30, 0x18, 0xFF,
    0x4A, 0x34, 0x18, 0xFF, 0x42, 0x34, 0x18, 0xFF, 0x4A, 0x30, 0x18, 0xFF, 0x42, 0x34, 0x18, 0xFF,
    0x4A, 0x34, 0x18, 0xFF, 0x42, 0x30, 0x18, 0xFF, 0x4A, 0x34, 0x18, 0xFF, 0x42, 0x34, 0x18, 0xFF,
    0x4A, 0x30, 0x18, 0xFF, 0x42, 0x34, 0x18, 0xFF, 0x4A, 0x34, 0x18, 0xFF, 0x42, 0x30, 0x18, 0xFF,
    0x4A, 0x34, 0x18, 0xFF, 0x42, 0x34, 0x18, 0xFF, 0x4A, 0x30, 0x18, 0xFF, 0x42, 0x34, 0x18, 0xFF,
    0x4A, 0x34, 0x18, 0xFF, 0x42, 0x30, 0x18, 0xFF, 0x4A, 0x34, 0x18, 0xFF, 0x42, 0x34, 0x18, 0xFF,
    0x4A, 0x30, 0x18, 0xFF, 0x42, 0x34, 0x18, 0xFF, 0x4A, 0x34, 0x18, 0xFF, 0x42, 0x30, 0x18, 0xFF,
    0x4A, 0x34, 0x18, 0xFF, 0x42, 0x34, 0x18, 0xFF, 0x4A, 0x30, 0x18, 0xFF, 0x42, 0x34, 0x18, 0xFF,
    0x4A, 0x34, 0x18, 0xFF, 0x42, 0x30, 0x18, 0xFF, 0x4A, 0x34, 0x18, 0xFF, 0x42, 0x34, 0x18, 0xFF,
    0x4A, 0x30, 0x18, 0xFF, 0x42, 0x34, 0x18, 0xFF, 0x4A, 0x34, 0x18, 0xFF, 0x42, 0x30, 0x18, 0xFF,
    0x42, 0x34, 0x18, 0xFF, 0x4A, 0x34, 0x18, 0xFF, 0x42, 0x30, 0x18, 0xFF, 0x4A, 0x34, 0x18, 0xFF,
    0x42, 0x34, 0x18, 0xFF, 0x4A, 0x30, 0x18, 0xFF, 0x42, 0x34, 0x18, 0xFF, 0x42, 0x34, 0x18, 0xFF,
    0x4A, 0x34, 0x18, 0xFF, 0x42, 0x30, 0x18, 0xFF, 0x42, 0x34, 0x18, 0xFF, 0x4A, 0x30, 0x18, 0xFF,
    0x42, 0x34, 0x18, 0xFF, 0x4A, 0x34, 0x18, 0xFF, 0x42, 0x30, 0x18, 0xFF, 0x4A, 0x34, 0x18, 0xFF,
    0x42, 0x30, 0x18, 0xFF, 0x4A, 0x34, 0x18, 0xFF, 0x42, 0x30, 0x18, 0xFF, 0x4A, 0x34, 0x18, 0xFF,
    0x42, 0x30, 0x18, 0xFF, 0x4A, 0x34, 0x18, 0xFF, 0x42, 0x30, 0x18, 0xFF, 0x4A, 0x34, 0x18, 0xFF,
    0x42, 0x30, 0x18, 0xFF, 0x4A, 0x34, 0x18, 0xFF, 0x42, 0x30, 0x18, 0xFF, 0x4A, 0x34, 0x18, 0xFF,
    0x42, 0x30, 0x18, 0xFF, 0x4A, 0x34, 0x18, 0xFF, 0x42, 0x30, 0x18, 0xFF, 0x4A, 0x34, 0x18, 0xFF,
    0x42, 0x30, 0x18, 0xFF, 0x4A, 0x34, 0x18, 0xFF, 0x42, 0x30, 0x18, 0xFF, 0x4A, 0x34, 0x18, 0xFF,
    0x42, 0x30, 0x18, 0xFF, 0x4A, 0x34, 0x18, 0xFF, 0x42, 0x30, 0x18, 0xFF, 0x4A, 0x34, 0x18, 0xFF,
    0x42, 0x30, 0x18, 0xFF, 0x4A, 0x34, 0x18, 0xFF, 0x42, 0x30, 0x18, 0xFF, 0x4A, 0x34, 0x18, 0xFF,
    0x42, 0x30, 0x18, 0xFF, 0x4A, 0x34, 0x18, 0xFF, 0x42, 0x30, 0x18, 0xFF, 0x4A, 0x34, 0x18, 0xFF,
    0x42, 0x30, 0x18, 0xFF, 0x4A, 0x34, 0x18, 0xFF, 0x42, 0x30, 0x18, 0xFF, 0x4A, 0x34, 0x18, 0xFF,
    0x42, 0x30, 0x18, 0xFF, 0x4A, 0x34, 0x18, 0xFF, 0x42, 0x30, 0x18, 0xFF, 0x4A, 0x34, 0x18, 0xFF,
    0x42, 0x30, 0x18, 0xFF, 0x4A, 0x34, 0x18, 0xFF, 0x42, 0x30, 0x18, 0xFF, 0x4A, 0x34, 0x18, 0xFF,
    0x42, 0x30, 0x18, 0xFF, 0x4A, 0x34, 0x18, 0xFF, 0x42, 0x30, 0x18, 0xFF, 0x4A, 0x34, 0x18, 0xFF,
    0x42, 0x30, 0x18, 0xFF, 0x4A, 0x34, 0x18, 0xFF, 0x42, 0x30, 0x18, 0xFF, 0x4A, 0x34, 0x18, 0xFF,
    0x42, 0x30, 0x18, 0xFF, 0x4A, 0x34, 0x18, 0xFF, 0x42, 0x30, 0x18, 0xFF, 0x4A, 0x34, 0x18, 0xFF,
    0x42, 0x30, 0x18, 0xFF, 0x4A, 0x34, 0x18, 0xFF, 0x42, 0x30, 0x18, 0xFF, 0x4A, 0x34, 0x18, 0xFF,
    0x42, 0x30, 0x18, 0xFF, 0x4A, 0x34, 0x18, 0xFF, 0x42, 0x30, 0x18, 0xFF, 0x4A, 0x34, 0x18, 0xFF,
    0x42, 0x30, 0x18, 0xFF, 0x4A, 0x34, 0x18, 0xFF, 0x42, 0x30, 0x18, 0xFF, 0x4A, 0x34, 0x18, 0xFF,
    0x42, 0x30, 0x18, 0xFF, 0x4A, 0x34, 0x18, 0xFF, 0x42, 0x30, 0x18, 0xFF, 0x4A, 0x34, 0x18, 0xFF,
    0x42, 0x30, 0x18, 0xFF, 0x4A, 0x34, 0x18, 0xFF, 0x42, 0x30, 0x18, 0xFF, 0x4A, 0x34, 0x18, 0xFF,
    0x42, 0x30, 0x18, 0xFF, 0x4A, 0x34, 0x18, 0xFF, 0x42, 0x30, 0x18, 0xFF, 0x4A, 0x34, 0x18, 0xFF,
    0x42, 0x30, 0x18, 0xFF, 0x4A, 0x34, 0x18, 0xFF, 0x42, 0x30, 0x18, 0xFF, 0x4A, 0x34, 0x18, 0xFF,
    0x42, 0x30, 0x18, 0xFF, 0x4A, 0x34, 0x18, 0xFF, 0x42, 0x30, 0x18, 0xFF, 0x4A, 0x34, 0x18, 0xFF,
    0x42, 0x30, 0x18, 0xFF, 0x4A, 0x34, 0x18, 0xFF, 0x42, 0x30, 0x18, 0xFF, 0x4A, 0x34, 0x18, 0xFF,
    0x42, 0x30, 0x18, 0xFF, 0x4A, 0x34, 0x18, 0xFF, 0x42, 0x30, 0x18, 0xFF, 0x4A, 0x34, 0x18, 0xFF,
    0x42, 0x30, 0x18, 0xFF, 0x4A, 0x34, 0x18, 0xFF, 0x42, 0x30, 0x18, 0xFF, 0x4A, 0x34, 0x18, 0xFF,
    0x42, 0x30, 0x18, 0xFF, 0x4A, 0x34, 0x18, 0xFF, 0x42, 0x30, 0x18, 0xFF, 0x4A, 0x34, 0x18, 0xFF,
    0x42, 0x30, 0x18, 0xFF, 0x4A, 0x34, 0x18, 0xFF, 0x42, 0x30, 0x18, 0xFF, 0x4A, 0x34, 0x18, 0xFF,
    0x42, 0x30, 0x18, 0xFF, 0x4A, 0x34, 0x18, 0xFF, 0x42, 0x30, 0x18, 0xFF, 0x4A, 0x34, 0x18, 0xFF,
    0x42, 0x30, 0x18, 0xFF, 0x4A, 0x34, 0x18, 0xFF, 0x42, 0x30, 0x18, 0xFF, 0x42, 0x34, 0x18, 0xFF,
    0x42, 0x34, 0x18, 0xFF, 0x4A, 0x34, 0x21, 0xFF, 0x42, 0x30, 0x18, 0xFF, 0x4A, 0x34, 0x21, 0xFF,
    0x42, 0x30, 0x18, 0xFF, 0x4A, 0x34, 0x21, 0xFF, 0x42, 0x34, 0x18, 0xFF, 0x4A, 0x34, 0x21, 0xFF,
    0x42, 0x30, 0x18, 0xFF, 0x42, 0x34, 0x18, 0xFF, 0x4A, 0x30, 0x21, 0xFF, 0x42, 0x34, 0x18, 0xFF,
    0x42, 0x34, 0x18, 0xFF, 0x4A, 0x30, 0x21, 0xFF, 0x42, 0x34, 0x18, 0xFF, 0x42, 0x34, 0x18, 0xFF,
    0x4A, 0x34, 0x21, 0xFF, 0x42, 0x30, 0x18, 0xFF, 0x42, 0x34, 0x18, 0xFF, 0x4A, 0x34, 0x21, 0xFF,
    0x42, 0x34, 0x18, 0xFF, 0x42, 0x34, 0x18, 0xFF, 0x4A, 0x34, 0x21, 0xFF, 0x42, 0x30, 0x18, 0xFF,
    0x42, 0x34, 0x18, 0xFF, 0x4A, 0x34, 0x21, 0xFF, 0x42, 0x34, 0x18, 0xFF, 0x42, 0x34, 0x18, 0xFF,
    0x4A, 0x34, 0x21, 0xFF, 0x42, 0x30, 0x18, 0xFF, 0x42, 0x34, 0x18, 0xFF, 0x4A, 0x34, 0x21, 0xFF,
    0x42, 0x34, 0x18, 0xFF, 0x42, 0x34, 0x18, 0xFF, 0x4A, 0x34, 0x21, 0xFF, 0x42, 0x30, 0x18, 0xFF,
    0x42, 0x34, 0x18, 0xFF, 0x4A, 0x34, 0x21, 0xFF, 0x42, 0x34, 0x18, 0xFF, 0x42, 0x34, 0x18, 0xFF,
    0x4A, 0x34, 0x21, 0xFF, 0x42, 0x30, 0x18, 0xFF, 0x42, 0x34, 0x18, 0xFF, 0x4A, 0x34, 0x21, 0xFF,
    0x42, 0x34, 0x18, 0xFF, 0x42, 0x34, 0x18, 0xFF, 0x4A, 0x34, 0x21, 0xFF, 0x42, 0x30, 0x18, 0xFF,
    0x42, 0x34, 0x18, 0xFF, 0x4A, 0x34, 0x21, 0xFF, 0x42, 0x34, 0x18, 0xFF, 0x42, 0x34, 0x18, 0xFF,
    0x4A, 0x34, 0x21, 0xFF, 0x42, 0x30, 0x18, 0xFF, 0x42, 0x34, 0x18, 0xFF, 0x4A, 0x34, 0x21, 0xFF,
    0x42, 0x34, 0x18, 0xFF, 0x42, 0x34, 0x18, 0xFF, 0x4A, 0x34, 0x21, 0xFF, 0x42, 0x30, 0x18, 0xFF,
    0x42, 0x34, 0x18, 0xFF, 0x4A, 0x34, 0x21, 0xFF, 0x42, 0x34, 0x18, 0xFF, 0x42, 0x34, 0x18, 0xFF,
    0x4A, 0x34, 0x21, 0xFF, 0x42, 0x30, 0x18, 0xFF, 0x42, 0x34, 0x18, 0xFF, 0x4A, 0x34, 0x21, 0xFF,
    0x42, 0x34, 0x18, 0xFF, 0x42, 0x34, 0x18, 0xFF, 0x4A, 0x34, 0x21, 0xFF, 0x42, 0x30, 0x18, 0xFF,
    0x42, 0x34, 0x18, 0xFF, 0x4A, 0x34, 0x21, 0xFF, 0x42, 0x34, 0x18, 0xFF, 0x42, 0x34, 0x18, 0xFF,
    0x4A, 0x34, 0x21, 0xFF, 0x42, 0x30, 0x18, 0xFF, 0x42, 0x34, 0x18, 0xFF, 0x4A, 0x34, 0x21, 0xFF,
    0x42, 0x34, 0x18, 0xFF, 0x42, 0x34, 0x18, 0xFF, 0x4A, 0x34, 0x21, 0xFF, 0x42, 0x30, 0x18, 0xFF,
    0x42, 0x34, 0x18, 0xFF, 0x4A, 0x34, 0x21, 0xFF, 0x42, 0x34, 0x18, 0xFF, 0x42, 0x34, 0x18, 0xFF,
    0x4A, 0x34, 0x21, 0xFF, 0x42, 0x30, 0x18, 0xFF, 0x42, 0x34, 0x18, 0xFF, 0x4A, 0x34, 0x21, 0xFF,
    0x42, 0x34, 0x18, 0xFF, 0x42, 0x34, 0x18, 0xFF, 0x4A, 0x34, 0x21, 0xFF, 0x42, 0x30, 0x18, 0xFF,
    0x42, 0x34, 0x18, 0xFF, 0x4A, 0x34, 0x21, 0xFF, 0x42, 0x34, 0x18, 0xFF, 0x42, 0x34, 0x18, 0xFF,
    0x4A, 0x34, 0x21, 0xFF, 0x42, 0x30, 0x18, 0xFF, 0x42, 0x34, 0x18, 0xFF, 0x4A, 0x34, 0x21, 0xFF,
    0x42, 0x34, 0x18, 0xFF, 0x42, 0x34, 0x18, 0xFF, 0x4A, 0x34, 0x21, 0xFF, 0x42, 0x30, 0x18, 0xFF,
    0x42, 0x34, 0x18, 0xFF, 0x4A, 0x34, 0x21, 0xFF, 0x42, 0x34, 0x18, 0xFF, 0x42, 0x34, 0x18, 0xFF,
    0x4A, 0x34, 0x21, 0xFF, 0x42, 0x30, 0x18, 0xFF, 0x42, 0x34, 0x18, 0xFF, 0x4A, 0x34, 0x21, 0xFF,
    0x42, 0x34, 0x18, 0xFF, 0x42, 0x34, 0x18, 0xFF, 0x4A, 0x34, 0x21, 0xFF, 0x42, 0x30, 0x18, 0xFF,
    0x42, 0x34, 0x18, 0xFF, 0x4A, 0x34, 0x21, 0xFF, 0x42, 0x34, 0x18, 0xFF, 0x42, 0x34, 0x18, 0xFF,
    0x4A, 0x34, 0x21, 0xFF, 0x42, 0x30, 0x18, 0xFF, 0x4A, 0x34, 0x18, 0xFF, 0x42, 0x34, 0x21, 0xFF,
    0x4A, 0x34, 0x18, 0xFF, 0x42, 0x34, 0x18, 0xFF, 0x4A, 0x34, 0x18, 0xFF, 0x42, 0x34, 0x18, 0xFF,
    0x4A, 0x34, 0x18, 0xFF, 0x42, 0x34, 0x18, 0xFF, 0x4A, 0x34, 0x18, 0xFF, 0x42, 0x34, 0x18, 0xFF,
    0x4A, 0x34, 0x18, 0xFF, 0x4A, 0x34, 0x18, 0xFF, 0x42, 0x34, 0x18, 0xFF, 0x4A, 0x34, 0x18, 0xFF,
    0x4A, 0x34, 0x18, 0xFF, 0x42, 0x34, 0x18, 0xFF, 0x4A, 0x34, 0x18, 0xFF, 0x4A, 0x34, 0x18, 0xFF,
    0x42, 0x34, 0x18, 0xFF, 0x4A, 0x34, 0x18, 0xFF, 0x4A, 0x34, 0x18, 0xFF, 0x42, 0x34, 0x18, 0xFF,
    0x4A, 0x34, 0x18, 0xFF, 0x4A, 0x34, 0x18, 0xFF, 0x42, 0x34, 0x18, 0xFF, 0x4A, 0x34, 0x18, 0xFF,
    0x4A, 0x34, 0x18, 0xFF, 0x42, 0x34, 0x18, 0xFF, 0x4A, 0x34, 0x18, 0xFF, 0x4A, 0x34, 0x18, 0xFF,
    0x42, 0x34, 0x18, 0xFF, 0x4A, 0x34, 0x18, 0xFF, 0x4A, 0x34, 0x18, 0xFF, 0x42, 0x34, 0x18, 0xFF,
    0x4A, 0x34, 0x18, 0xFF, 0x4A, 0x34, 0x18, 0xFF, 0x42, 0x34, 0x18, 0xFF, 0x4A, 0x34, 0x18, 0xFF,
    0x4A, 0x34, 0x18, 0xFF, 0x42, 0x34, 0x18, 0xFF, 0x4A, 0x34, 0x18, 0xFF, 0x4A, 0x34, 0x18, 0xFF,
    0x42, 0x34, 0x18, 0xFF, 0x4A, 0x34, 0x18, 0xFF, 0x4A, 0x34, 0x18, 0xFF, 0x42, 0x34, 0x18, 0xFF,
    0x4A, 0x34, 0x18, 0xFF, 0x4A, 0x34, 0x18, 0xFF, 0x42, 0x34, 0x18, 0xFF, 0x4A, 0x34, 0x18, 0xFF,
    0x4A, 0x34, 0x18, 0xFF, 0x42, 0x34, 0x18, 0xFF, 0x4A, 0x34, 0x18, 0xFF, 0x4A, 0x34, 0x18, 0xFF,
    0x42, 0x34, 0x18, 0xFF, 0x4A, 0x34, 0x18, 0xFF, 0x4A, 0x34, 0x18, 0xFF, 0x42, 0x34, 0x18, 0xFF,
    0x4A, 0x34, 0x18, 0xFF, 0x4A, 0x34, 0x18, 0xFF, 0x42, 0x34, 0x18, 0xFF, 0x4A, 0x34, 0x18, 0xFF,
    0x4A, 0x34, 0x18, 0xFF, 0x42, 0x34, 0x18, 0xFF, 0x4A, 0x34, 0x18, 0xFF, 0x4A, 0x34, 0x18, 0xFF,
    0x42, 0x34, 0x18, 0xFF, 0x4A, 0x34, 0x18, 0xFF, 0x4A, 0x34, 0x18, 0xFF, 0x42, 0x34, 0x18, 0xFF,
    0x4A, 0x34, 0x18, 0xFF, 0x4A, 0x34, 0x18, 0xFF, 0x42, 0x34, 0x18, 0xFF, 0x4A, 0x34, 0x18, 0xFF,
    0x4A, 0x34, 0x18, 0xFF, 0x42, 0x34, 0x18, 0xFF, 0x4A, 0x34, 0x18, 0xFF, 0x4A, 0x34, 0x18, 0xFF,
    0x42, 0x34, 0x18, 0xFF, 0x4A, 0x34, 0x18, 0xFF, 0x4A, 0x34, 0x18, 0xFF, 0x42, 0x34, 0x18, 0xFF,
    0x4A, 0x34, 0x18, 0xFF, 0x4A, 0x34, 0x18, 0xFF, 0x42, 0x34, 0x18, 0xFF, 0x4A, 0x34, 0x18, 0xFF,
    0x4A, 0x34, 0x18, 0xFF, 0x42, 0x34, 0x18, 0xFF, 0x4A, 0x34, 0x18, 0xFF, 0x4A, 0x34, 0x18, 0xFF,
    0x42, 0x34, 0x18, 0xFF, 0x4A, 0x34, 0x18, 0xFF, 0x4A, 0x34, 0x18, 0xFF, 0x42, 0x34, 0x18, 0xFF,
    0x4A, 0x34, 0x18, 0xFF, 0x4A, 0x34, 0x18, 0xFF, 0x42, 0x34, 0x18, 0xFF, 0x4A, 0x34, 0x18, 0xFF,
    0x4A, 0x34, 0x18, 0xFF, 0x42, 0x34, 0x18, 0xFF, 0x4A, 0x34, 0x18, 0xFF, 0x4A, 0x34, 0x18, 0xFF,
    0x42, 0x34, 0x18, 0xFF, 0x4A, 0x34, 0x18, 0xFF, 0x4A, 0x34, 0x18, 0xFF, 0x42, 0x34, 0x18, 0xFF,
    0x4A, 0x34, 0x18, 0xFF, 0x4A, 0x34, 0x18, 0xFF, 0x42, 0x34, 0x18, 0xFF, 0x4A, 0x34, 0x18, 0xFF,
    0x4A, 0x34, 0x18, 0xFF, 0x42, 0x34, 0x18, 0xFF, 0x4A, 0x34, 0x18, 0xFF, 0x4A, 0x34, 0x18, 0xFF,
    0x42, 0x34, 0x18, 0xFF, 0x4A, 0x34, 0x18, 0xFF, 0x4A, 0x34, 0x18, 0xFF, 0x42, 0x34, 0x18, 0xFF,
    0x4A, 0x34, 0x18, 0xFF, 0x4A, 0x34, 0x18, 0xFF, 0x42, 0x34, 0x18, 0xFF, 0x4A, 0x34, 0x18, 0xFF,
    0x4A, 0x34, 0x18, 0xFF, 0x42, 0x34, 0x18, 0xFF, 0x4A, 0x34, 0x18, 0xFF, 0x4A, 0x34, 0x18, 0xFF,
    0x42, 0x34, 0x18, 0xFF, 0x4A, 0x34, 0x18, 0xFF, 0x42, 0x34, 0x18, 0xFF, 0x4A, 0x34, 0x18, 0xFF,
    0x4A, 0x34, 0x21, 0xFF, 0x42, 0x34, 0x18, 0xFF, 0x4A, 0x34, 0x21, 0xFF, 0x4A, 0x34, 0x18, 0xFF,
    0x42, 0x34, 0x21, 0xFF, 0x4A, 0x34, 0x18, 0xFF, 0x4A, 0x34, 0x21, 0xFF, 0x42, 0x34, 0x18, 0xFF,
    0x4A, 0x34, 0x21, 0xFF, 0x42, 0x34, 0x18, 0xFF, 0x4A, 0x34, 0x21, 0xFF, 0x42, 0x34, 0x18, 0xFF,
    0x4A, 0x34, 0x21, 0xFF, 0x42, 0x34, 0x18, 0xFF, 0x4A, 0x34, 0x21, 0xFF, 0x42, 0x34, 0x18, 0xFF,
    0x4A, 0x34, 0x21, 0xFF, 0x42, 0x34, 0x18, 0xFF, 0x4A, 0x34, 0x21, 0xFF, 0x42, 0x34, 0x18, 0xFF,
    0x4A, 0x34, 0x21, 0xFF, 0x42, 0x34, 0x18, 0xFF, 0x4A, 0x34, 0x21, 0xFF, 0x42, 0x34, 0x18, 0xFF,
    0x4A, 0x34, 0x21, 0xFF, 0x42, 0x34, 0x18, 0xFF, 0x4A, 0x34, 0x21, 0xFF, 0x42, 0x34, 0x18, 0xFF,
    0x4A, 0x34, 0x21, 0xFF, 0x42, 0x34, 0x18, 0xFF, 0x4A, 0x34, 0x21, 0xFF, 0x42, 0x34, 0x18, 0xFF,
    0x4A, 0x34, 0x21, 0xFF, 0x42, 0x34, 0x18, 0xFF, 0x4A, 0x34, 0x21, 0xFF, 0x42, 0x34, 0x18, 0xFF,
    0x4A, 0x34, 0x21, 0xFF, 0x42, 0x34, 0x18, 0xFF, 0x4A, 0x34, 0x21, 0xFF, 0x42, 0x34, 0x18, 0xFF,
    0x4A, 0x34, 0x21, 0xFF, 0x42, 0x34, 0x18, 0xFF, 0x4A, 0x34, 0x21, 0xFF, 0x42, 0x34, 0x18, 0xFF,
    0x4A, 0x34, 0x21, 0xFF, 0x42, 0x34, 0x18, 0xFF, 0x4A, 0x34, 0x21, 0xFF, 0x42, 0x34, 0x18, 0xFF,
    0x4A, 0x34, 0x21, 0xFF, 0x42, 0x34, 0x18, 0xFF, 0x4A, 0x34, 0x21, 0xFF, 0x42, 0x34, 0x18, 0xFF,
    0x4A, 0x34, 0x21, 0xFF, 0x42, 0x34, 0x18, 0xFF, 0x4A, 0x34, 0x21, 0xFF, 0x42, 0x34, 0x18, 0xFF,
    0x4A, 0x34, 0x21, 0xFF, 0x42, 0x34, 0x18, 0xFF, 0x4A, 0x34, 0x21, 0xFF, 0x42, 0x34, 0x18, 0xFF,
    0x4A, 0x34, 0x21, 0xFF, 0x42, 0x34, 0x18, 0xFF, 0x4A, 0x34, 0x21, 0xFF, 0x42, 0x34, 0x18, 0xFF,
    0x4A, 0x34, 0x21, 0xFF, 0x42, 0x34, 0x18, 0xFF, 0x4A, 0x34, 0x21, 0xFF, 0x42, 0x34, 0x18, 0xFF,
    0x4A, 0x34, 0x21, 0xFF, 0x42, 0x34, 0x18, 0xFF, 0x4A, 0x34, 0x21, 0xFF, 0x42, 0x34, 0x18, 0xFF,
    0x4A, 0x34, 0x21, 0xFF, 0x42, 0x34, 0x18, 0xFF, 0x4A, 0x34, 0x21, 0xFF, 0x42, 0x34, 0x18, 0xFF,
    0x4A, 0x34, 0x21, 0xFF, 0x42, 0x34, 0x18, 0xFF, 0x4A, 0x34, 0x21, 0xFF, 0x42, 0x34, 0x18, 0xFF,
    0x4A, 0x34, 0x21, 0xFF, 0x42, 0x34, 0x18, 0xFF, 0x4A, 0x34, 0x21, 0xFF, 0x42, 0x34, 0x18, 0xFF,
    0x4A, 0x34, 0x21, 0xFF, 0x42, 0x34, 0x18, 0xFF, 0x4A, 0x34, 0x21, 0xFF, 0x42, 0x34, 0x18, 0xFF,
    0x4A, 0x34, 0x21, 0xFF, 0x42, 0x34, 0x18, 0xFF, 0x4A, 0x34, 0x21, 0xFF, 0x42, 0x34, 0x18, 0xFF,
    0x4A, 0x34, 0x21, 0xFF, 0x42, 0x34, 0x18, 0xFF, 0x4A, 0x34, 0x21, 0xFF, 0x42, 0x34, 0x18, 0xFF,
    0x4A, 0x34, 0x21, 0xFF, 0x42, 0x34, 0x18, 0xFF, 0x4A, 0x34, 0x21, 0xFF, 0x42, 0x34, 0x18, 0xFF,
    0x4A, 0x34, 0x21, 0xFF, 0x42, 0x34, 0x18, 0xFF, 0x4A, 0x34, 0x21, 0xFF, 0x42, 0x34, 0x18, 0xFF,
    0x4A, 0x34, 0x21, 0xFF, 0x42, 0x34, 0x18, 0xFF, 0x4A, 0x34, 0x21, 0xFF, 0x42, 0x34, 0x18, 0xFF,
    0x4A, 0x34, 0x21, 0xFF, 0x42, 0x34, 0x18, 0xFF, 0x4A, 0x34, 0x21, 0xFF, 0x42, 0x34, 0x18, 0xFF,
    0x4A, 0x34, 0x21, 0xFF, 0x42, 0x34, 0x18, 0xFF, 0x4A, 0x34, 0x21, 0xFF, 0x42, 0x34, 0x18, 0xFF,
    0x4A, 0x34, 0x21, 0xFF, 0x42, 0x34, 0x18, 0xFF, 0x4A, 0x34, 0x21, 0xFF, 0x42, 0x34, 0x18, 0xFF,
    0x4A, 0x34, 0x21, 0xFF, 0x42, 0x34, 0x18, 0xFF, 0x4A, 0x34, 0x21, 0xFF, 0x42, 0x34, 0x18, 0xFF,
    0x4A, 0x34, 0x21, 0xFF, 0x42, 0x34, 0x18, 0xFF, 0x4A, 0x34, 0x21, 0xFF, 0x4A, 0x34, 0x18, 0xFF,
    0x4A, 0x34, 0x18, 0xFF, 0x42, 0x34, 0x18, 0xFF, 0x4A, 0x34, 0x18, 0xFF, 0x42, 0x34, 0x18, 0xFF,
    0x4A, 0x34, 0x18, 0xFF, 0x42, 0x34, 0x18, 0xFF, 0x4A, 0x34, 0x18, 0xFF, 0x42, 0x34, 0x21, 0xFF,
    0x4A, 0x34, 0x18, 0xFF, 0x42, 0x34, 0x18, 0xFF, 0x4A, 0x34, 0x21, 0xFF, 0x42, 0x34, 0x18, 0xFF,
    0x4A, 0x34, 0x18, 0xFF, 0x42, 0x34, 0x21, 0xFF, 0x4A, 0x34, 0x18, 0xFF, 0x42, 0x34, 0x18, 0xFF,
    0x4A, 0x34, 0x21, 0xFF, 0x42, 0x34, 0x18, 0xFF, 0x4A, 0x34, 0x18, 0xFF, 0x42, 0x34, 0x21, 0xFF,
    0x4A, 0x34, 0x18, 0xFF, 0x42, 0x34, 0x18, 0xFF, 0x4A, 0x34, 0x21, 0xFF, 0x42, 0x34, 0x18, 0xFF,
    0x4A, 0x34, 0x18, 0xFF, 0x42, 0x34, 0x21, 0xFF, 0x4A, 0x34, 0x18, 0xFF, 0x42, 0x34, 0x18, 0xFF,
    0x4A, 0x34, 0x21, 0xFF, 0x42, 0x34, 0x18, 0xFF, 0x4A, 0x34, 0x18, 0xFF, 0x42, 0x34, 0x21, 0xFF,
    0x4A, 0x34, 0x18, 0xFF, 0x42, 0x34, 0x18, 0xFF, 0x4A, 0x34, 0x21, 0xFF, 0x42, 0x34, 0x18, 0xFF,
    0x4A, 0x34, 0x18, 0xFF, 0x42, 0x34, 0x21, 0xFF, 0x4A, 0x34, 0x18, 0xFF, 0x42, 0x34, 0x18, 0xFF,
    0x4A, 0x34, 0x21, 0xFF, 0x42, 0x34, 0x18, 0xFF, 0x4A, 0x34, 0x18, 0xFF, 0x42, 0x34, 0x21, 0xFF,
    0x4A, 0x34, 0x18, 0xFF, 0x42, 0x34, 0x18, 0xFF, 0x4A, 0x34, 0x21, 0xFF, 0x42, 0x34, 0x18, 0xFF,
    0x4A, 0x34, 0x18, 0xFF, 0x42, 0x34, 0x21, 0xFF, 0x4A, 0x34, 0x18, 0xFF, 0x42, 0x34, 0x18, 0xFF,
    0x4A, 0x34, 0x21, 0xFF, 0x42, 0x34, 0x18, 0xFF, 0x4A, 0x34, 0x18, 0xFF, 0x42, 0x34, 0x21, 0xFF,
    0x4A, 0x34, 0x18, 0xFF, 0x42, 0x34, 0x18, 0xFF, 0x4A, 0x34, 0x21, 0xFF, 0x42, 0x34, 0x18, 0xFF,
    0x4A, 0x34, 0x18, 0xFF, 0x42, 0x34, 0x21, 0xFF, 0x4A, 0x34, 0x18, 0xFF, 0x42, 0x34, 0x18, 0xFF,
    0x4A, 0x34, 0x21, 0xFF, 0x42, 0x34, 0x18, 0xFF, 0x4A, 0x34, 0x18, 0xFF, 0x42, 0x34, 0x21, 0xFF,
    0x4A, 0x34, 0x18, 0xFF, 0x42, 0x34, 0x18, 0xFF, 0x4A, 0x34, 0x21, 0xFF, 0x42, 0x34, 0x18, 0xFF,
    0x4A, 0x34, 0x18, 0xFF, 0x42, 0x34, 0x21, 0xFF, 0x4A, 0x34, 0x18, 0xFF, 0x42, 0x34, 0x18, 0xFF,
    0x4A, 0x34, 0x21, 0xFF, 0x42, 0x34, 0x18, 0xFF, 0x4A, 0x34, 0x18, 0xFF, 0x42, 0x34, 0x21, 0xFF,
    0x4A, 0x34, 0x18, 0xFF, 0x42, 0x34, 0x18, 0xFF, 0x4A, 0x34, 0x21, 0xFF, 0x42, 0x34, 0x18, 0xFF,
    0x4A, 0x34, 0x18, 0xFF, 0x42, 0x34, 0x21, 0xFF, 0x4A, 0x34, 0x18, 0xFF, 0x42, 0x34, 0x18, 0xFF,
    0x4A, 0x34, 0x21, 0xFF, 0x42, 0x34, 0x18, 0xFF, 0x4A, 0x34, 0x18, 0xFF, 0x42, 0x34, 0x21, 0xFF,
    0x4A, 0x34, 0x18, 0xFF, 0x42, 0x34, 0x18, 0xFF, 0x4A, 0x34, 0x21, 0xFF, 0x42, 0x34, 0x18, 0xFF,
    0x4A, 0x34, 0x18, 0xFF, 0x42, 0x34, 0x21, 0xFF, 0x4A, 0x34, 0x18, 0xFF, 0x42, 0x34, 0x18, 0xFF,
    0x4A, 0x34, 0x21, 0xFF, 0x42, 0x34, 0x18, 0xFF, 0x4A, 0x34, 0x18, 0xFF, 0x42, 0x34, 0x21, 0xFF,
    0x4A, 0x34, 0x18, 0xFF, 0x42, 0x34, 0x18, 0xFF, 0x4A, 0x34, 0x21, 0xFF, 0x42, 0x34, 0x18, 0xFF,
    0x4A, 0x34, 0x18, 0xFF, 0x42, 0x34, 0x21, 0xFF, 0x4A, 0x34, 0x18, 0xFF, 0x42, 0x34, 0x18, 0xFF,
    0x4A, 0x34, 0x21, 0xFF, 0x42, 0x34, 0x18, 0xFF, 0x4A, 0x34, 0x18, 0xFF, 0x42, 0x34, 0x21, 0xFF,
    0x4A, 0x34, 0x18, 0xFF, 0x42, 0x34, 0x18, 0xFF, 0x4A, 0x34, 0x21, 0xFF, 0x42, 0x34, 0x18, 0xFF,
    0x4A, 0x34, 0x18, 0xFF, 0x42, 0x34, 0x21, 0xFF, 0x4A, 0x34, 0x18, 0xFF, 0x42, 0x34, 0x18, 0xFF,
    0x4A, 0x34, 0x21, 0xFF, 0x4A, 0x34, 0x18, 0xFF, 0x42, 0x34, 0x18, 0xFF, 0x4A, 0x34, 0x21, 0xFF,
    0x4A, 0x34, 0x21, 0xFF, 0x42, 0x34, 0x18, 0xFF, 0x4A, 0x34, 0x21, 0xFF, 0x42, 0x34, 0x18, 0xFF,
    0x4A, 0x34, 0x21, 0xFF, 0x4A, 0x34, 0x18, 0xFF, 0x42, 0x34, 0x21, 0xFF, 0x4A, 0x34, 0x18, 0xFF,
    0x42, 0x34, 0x18, 0xFF, 0x4A, 0x34, 0x21, 0xFF, 0x42, 0x34, 0x18, 0xFF, 0x4A, 0x34, 0x18, 0xFF,
    0x42, 0x34, 0x21, 0xFF, 0x4A, 0x34, 0x18, 0xFF, 0x42, 0x34, 0x18, 0xFF, 0x4A, 0x34, 0x21, 0xFF,
    0x42, 0x34, 0x18, 0xFF, 0x4A, 0x34, 0x18, 0xFF, 0x42, 0x34, 0x21, 0xFF, 0x4A, 0x34, 0x18, 0xFF,
    0x42, 0x34, 0x18, 0xFF, 0x4A, 0x34, 0x21, 0xFF, 0x42, 0x34, 0x18, 0xFF, 0x4A, 0x34, 0x18, 0xFF,
    0x42, 0x34, 0x21, 0xFF, 0x4A, 0x34, 0x18, 0xFF, 0x42, 0x34, 0x18, 0xFF, 0x4A, 0x34, 0x21, 0xFF,
    0x42, 0x34, 0x18, 0xFF, 0x4A, 0x34, 0x18, 0xFF, 0x42, 0x34, 0x21, 0xFF, 0x4A, 0x34, 0x18, 0xFF,
    0x42, 0x34, 0x18, 0xFF, 0x4A, 0x34, 0x21, 0xFF, 0x42, 0x34, 0x18, 0xFF, 0x4A, 0x34, 0x18, 0xFF,
    0x42, 0x34, 0x21, 0xFF, 0x4A, 0x34, 0x18, 0xFF, 0x42, 0x34, 0x18, 0xFF, 0x4A, 0x34, 0x21, 0xFF,
    0x42, 0x34, 0x18, 0xFF, 0x4A, 0x34, 0x18, 0xFF, 0x42, 0x34, 0x21, 0xFF, 0x4A, 0x34, 0x18, 0xFF,
    0x42, 0x34, 0x18, 0xFF, 0x4A, 0x34, 0x21, 0xFF, 0x42, 0x34, 0x18, 0xFF, 0x4A, 0x34, 0x18, 0xFF,
    0x42, 0x34, 0x21, 0xFF, 0x4A, 0x34, 0x18, 0xFF, 0x42, 0x34, 0x18, 0xFF, 0x4A, 0x34, 0x21, 0xFF,
    0x42, 0x34, 0x18, 0xFF, 0x4A, 0x34, 0x18, 0xFF, 0x42, 0x34, 0x21, 0xFF, 0x4A, 0x34, 0x18, 0xFF,
    0x42, 0x34, 0x18, 0xFF, 0x4A, 0x34, 0x21, 0xFF, 0x42, 0x34, 0x18, 0xFF, 0x4A, 0x34, 0x18, 0xFF,
    0x42, 0x34, 0x21, 0xFF, 0x4A, 0x34, 0x18, 0xFF, 0x42, 0x34, 0x18, 0xFF, 0x4A, 0x34, 0x21, 0xFF,
    0x42, 0x34, 0x18, 0xFF, 0x4A, 0x34, 0x18, 0xFF, 0x42, 0x34, 0x21, 0xFF, 0x4A, 0x34, 0x18, 0xFF,
    0x42, 0x34, 0x18, 0xFF, 0x4A, 0x34, 0x21, 0xFF, 0x42, 0x34, 0x18, 0xFF, 0x4A, 0x34, 0x18, 0xFF,
    0x42, 0x34, 0x21, 0xFF, 0x4A, 0x34, 0x18, 0xFF, 0x42, 0x34, 0x18, 0xFF, 0x4A, 0x34, 0x21, 0xFF,
    0x42, 0x34, 0x18, 0xFF, 0x4A, 0x34, 0x18, 0xFF, 0x42, 0x34, 0x21, 0xFF, 0x4A, 0x34, 0x18, 0xFF,
    0x42, 0x34, 0x18, 0xFF, 0x4A, 0x34, 0x21, 0xFF, 0x42, 0x34, 0x18, 0xFF, 0x4A, 0x34, 0x18, 0xFF,
    0x42, 0x34, 0x21, 0xFF, 0x4A, 0x34, 0x18, 0xFF, 0x42, 0x34, 0x18, 0xFF, 0x4A, 0x34, 0x21, 0xFF,
    0x42, 0x34, 0x18, 0xFF, 0x4A, 0x34, 0x18, 0xFF, 0x42, 0x34, 0x21, 0xFF, 0x4A, 0x34, 0x18, 0xFF,
    0x42, 0x34, 0x18, 0xFF, 0x4A, 0x34, 0x21, 0xFF, 0x42, 0x34, 0x18, 0xFF, 0x4A, 0x34, 0x18, 0xFF,
    0x42, 0x34, 0x21, 0xFF, 0x4A, 0x34, 0x18, 0xFF, 0x42, 0x34, 0x18, 0xFF, 0x4A, 0x34, 0x21, 0xFF,
    0x42, 0x34, 0x18, 0xFF, 0x4A, 0x34, 0x18, 0xFF, 0x42, 0x34, 0x21, 0xFF, 0x4A, 0x34, 0x18, 0xFF,
    0x42, 0x34, 0x18, 0xFF, 0x4A, 0x34, 0x21, 0xFF, 0x42, 0x34, 0x18, 0xFF, 0x4A, 0x34, 0x18, 0xFF,
    0x42, 0x34, 0x21, 0xFF, 0x4A, 0x34, 0x18, 0xFF, 0x42, 0x34, 0x18, 0xFF, 0x4A, 0x34, 0x21, 0xFF,
    0x42, 0x34, 0x18, 0xFF, 0x4A, 0x34, 0x18, 0xFF, 0x42, 0x34, 0x21, 0xFF, 0x4A, 0x34, 0x18, 0xFF,
    0x42, 0x34, 0x18, 0xFF, 0x4A, 0x34, 0x21, 0xFF, 0x42, 0x34, 0x18, 0xFF, 0x4A, 0x34, 0x18, 0xFF,
    0x42, 0x34, 0x21, 0xFF, 0x4A, 0x34, 0x18, 0xFF, 0x42, 0x34, 0x18, 0xFF, 0x4A, 0x34, 0x21, 0xFF,
    0x42, 0x34, 0x18, 0xFF, 0x4A, 0x34, 0x18, 0xFF, 0x42, 0x34, 0x21, 0xFF, 0x4A, 0x34, 0x18, 0xFF,
    0x4A, 0x34, 0x18, 0xFF, 0x42, 0x34, 0x21, 0xFF, 0x4A, 0x34, 0x18, 0xFF, 0x4A, 0x34, 0x21, 0xFF,
    0x42, 0x34, 0x18, 0xFF, 0x4A, 0x34, 0x21, 0xFF, 0x4A, 0x34, 0x18, 0xFF, 0x42, 0x34, 0x21, 0xFF,
    0x4A, 0x34, 0x18, 0xFF, 0x4A, 0x34, 0x18, 0xFF, 0x42, 0x34, 0x21, 0xFF, 0x4A, 0x34, 0x18, 0xFF,
    0x4A, 0x34, 0x18, 0xFF, 0x42, 0x34, 0x21, 0xFF, 0x4A, 0x34, 0x18, 0xFF, 0x4A, 0x34, 0x18, 0xFF,
    0x42, 0x34, 0x21, 0xFF, 0x4A, 0x34, 0x18, 0xFF, 0x4A, 0x34, 0x18, 0xFF, 0x42, 0x34, 0x21, 0xFF,
    0x4A, 0x34, 0x18, 0xFF, 0x4A, 0x34, 0x18, 0xFF, 0x42, 0x34, 0x21, 0xFF, 0x4A, 0x34, 0x18, 0xFF,
    0x4A, 0x34, 0x18, 0xFF, 0x42, 0x34, 0x21, 0xFF, 0x4A, 0x34, 0x18, 0xFF, 0x4A, 0x34, 0x18, 0xFF,
    0x42, 0x34, 0x21, 0xFF, 0x4A, 0x34, 0x18, 0xFF, 0x4A, 0x34, 0x18, 0xFF, 0x42, 0x34, 0x21, 0xFF,
    0x4A, 0x34, 0x18, 0xFF, 0x4A, 0x34, 0x18, 0xFF, 0x42, 0x34, 0x21, 0xFF, 0x4A, 0x34, 0x18, 0xFF,
    0x4A, 0x34, 0x18, 0xFF, 0x42, 0x34, 0x21, 0xFF, 0x4A, 0x34, 0x18, 0xFF, 0x4A, 0x34, 0x18, 0xFF,
    0x42, 0x34, 0x21, 0xFF, 0x4A, 0x34, 0x18, 0xFF, 0x4A, 0x34, 0x18, 0xFF, 0x42, 0x34, 0x21, 0xFF,
    0x4A, 0x34, 0x18, 0xFF, 0x4A, 0x34, 0x18, 0xFF, 0x42, 0x34, 0x21, 0xFF, 0x4A, 0x34, 0x18, 0xFF,
    0x4A, 0x34, 0x18, 0xFF, 0x42, 0x34, 0x21, 0xFF, 0x4A, 0x34, 0x18, 0xFF, 0x4A, 0x34, 0x18, 0xFF,
    0x42, 0x34, 0x21, 0xFF, 0x4A, 0x34, 0x18, 0xFF, 0x4A, 0x34, 0x18, 0xFF, 0x42, 0x34, 0x21, 0xFF,
    0x4A, 0x34, 0x18, 0xFF, 0x4A, 0x34, 0x18, 0xFF, 0x42, 0x34, 0x21, 0xFF, 0x4A, 0x34, 0x18, 0xFF,
    0x4A, 0x34, 0x18, 0xFF, 0x42, 0x34, 0x21, 0xFF, 0x4A, 0x34, 0x18, 0xFF, 0x4A, 0x34, 0x18, 0xFF,
    0x42, 0x34, 0x21, 0xFF, 0x4A, 0x34, 0x18, 0xFF, 0x4A, 0x34, 0x18, 0xFF, 0x42, 0x34, 0x21, 0xFF,
    0x4A, 0x34, 0x18, 0xFF, 0x4A, 0x34, 0x18, 0xFF, 0x42, 0x34, 0x21, 0xFF, 0x4A, 0x34, 0x18, 0xFF,
    0x4A, 0x34, 0x18, 0xFF, 0x42, 0x34, 0x21, 0xFF, 0x4A, 0x34, 0x18, 0xFF, 0x4A, 0x34, 0x18, 0xFF,
    0x42, 0x34, 0x21, 0xFF, 0x4A, 0x34, 0x18, 0xFF, 0x4A, 0x34, 0x18, 0xFF, 0x42, 0x34, 0x21, 0xFF,
    0x4A, 0x34, 0x18, 0xFF, 0x4A, 0x34, 0x18, 0xFF, 0x42, 0x34, 0x21, 0xFF, 0x4A, 0x34, 0x18, 0xFF,
    0x4A, 0x34, 0x18, 0xFF, 0x42, 0x34, 0x21, 0xFF, 0x4A, 0x34, 0x18, 0xFF, 0x4A, 0x34, 0x18, 0xFF,
    0x42, 0x34, 0x21, 0xFF, 0x4A, 0x34, 0x18, 0xFF, 0x4A, 0x34, 0x18, 0xFF, 0x42, 0x34, 0x21, 0xFF,
    0x4A, 0x34, 0x18, 0xFF, 0x4A, 0x34, 0x18, 0xFF, 0x42, 0x34, 0x21, 0xFF, 0x4A, 0x34, 0x18, 0xFF,
    0x4A, 0x34, 0x18, 0xFF, 0x42, 0x34, 0x21, 0xFF, 0x4A, 0x34, 0x18, 0xFF, 0x4A, 0x34, 0x18, 0xFF,
    0x42, 0x34, 0x21, 0xFF, 0x4A, 0x34, 0x18, 0xFF, 0x4A, 0x34, 0x18, 0xFF, 0x42, 0x34, 0x21, 0xFF,
    0x4A, 0x34, 0x18, 0xFF, 0x4A, 0x34, 0x18, 0xFF, 0x42, 0x34, 0x21, 0xFF, 0x4A, 0x34, 0x18, 0xFF,
    0x4A, 0x34, 0x18, 0xFF, 0x42, 0x34, 0x21, 0xFF, 0x4A, 0x34, 0x18, 0xFF, 0x4A, 0x34, 0x18, 0xFF,
    0x42, 0x34, 0x21, 0xFF, 0x4A, 0x34, 0x18, 0xFF, 0x4A, 0x34, 0x18, 0xFF, 0x42, 0x34, 0x21, 0xFF,
    0x4A, 0x34, 0x18, 0xFF, 0x4A, 0x34, 0x18, 0xFF, 0x42, 0x34, 0x21, 0xFF, 0x4A, 0x34, 0x18, 0xFF,
    0x4A, 0x34, 0x18, 0xFF, 0x42, 0x34, 0x21, 0xFF, 0x4A, 0x34, 0x18, 0xFF, 0x4A, 0x34, 0x18, 0xFF,
    0x42, 0x34, 0x21, 0xFF, 0x4A, 0x34, 0x18, 0xFF, 0x42, 0x34, 0x18, 0xFF, 0x4A, 0x34, 0x21, 0xFF,
    0x4A, 0x34, 0x21, 0xFF, 0x4A, 0x34, 0x18, 0xFF, 0x42, 0x34, 0x21, 0xFF, 0x4A, 0x34, 0x18, 0xFF,
    0x4A, 0x34, 0x21, 0xFF, 0x42, 0x34, 0x18, 0xFF, 0x4A, 0x34, 0x18, 0xFF, 0x4A, 0x34, 0x21, 0xFF,
    0x42, 0x34, 0x18, 0xFF, 0x4A, 0x34, 0x21, 0xFF, 0x4A, 0x34, 0x18, 0xFF, 0x42, 0x34, 0x21, 0xFF,
    0x4A, 0x34, 0x18, 0xFF, 0x4A, 0x34, 0x21, 0xFF, 0x42, 0x34, 0x18, 0xFF, 0x4A, 0x34, 0x21, 0xFF,
    0x4A, 0x34, 0x18, 0xFF, 0x42, 0x34, 0x21, 0xFF, 0x4A, 0x34, 0x18, 0xFF, 0x4A, 0x34, 0x21, 0xFF,
    0x42, 0x34, 0x18, 0xFF, 0x4A, 0x34, 0x21, 0xFF, 0x4A, 0x34, 0x18, 0xFF, 0x42, 0x34, 0x21, 0xFF,
    0x4A, 0x34, 0x18, 0xFF, 0x4A, 0x34, 0x21, 0xFF, 0x42, 0x34, 0x18, 0xFF, 0x4A, 0x34, 0x21, 0xFF,
    0x4A, 0x34, 0x18, 0xFF, 0x42, 0x34, 0x21, 0xFF, 0x4A, 0x34, 0x18, 0xFF, 0x4A, 0x34, 0x21, 0xFF,
    0x42, 0x34, 0x18, 0xFF, 0x4A, 0x34, 0x21, 0xFF, 0x4A, 0x34, 0x18, 0xFF, 0x42, 0x34, 0x21, 0xFF,
    0x4A, 0x34, 0x18, 0xFF, 0x4A, 0x34, 0x21, 0xFF, 0x42, 0x34, 0x18, 0xFF, 0x4A, 0x34, 0x21, 0xFF,
    0x4A, 0x34, 0x18, 0xFF, 0x42, 0x34, 0x21, 0xFF, 0x4A, 0x34, 0x18, 0xFF, 0x4A, 0x34, 0x21, 0xFF,
    0x42, 0x34, 0x18, 0xFF, 0x4A, 0x34, 0x21, 0xFF, 0x4A, 0x34, 0x18, 0xFF, 0x42, 0x34, 0x21, 0xFF,
    0x4A, 0x34, 0x18, 0xFF, 0x4A, 0x34, 0x21, 0xFF, 0x42, 0x34, 0x18, 0xFF, 0x4A, 0x34, 0x21, 0xFF,
    0x4A, 0x34, 0x18, 0xFF, 0x42, 0x34, 0x21, 0xFF, 0x4A, 0x34, 0x18, 0xFF, 0x4A, 0x34, 0x21, 0xFF,
    0x42, 0x34, 0x18, 0xFF, 0x4A, 0x34, 0x21, 0xFF, 0x4A, 0x34, 0x18, 0xFF, 0x42, 0x34, 0x21, 0xFF,
    0x4A, 0x34, 0x18, 0xFF, 0x4A, 0x34, 0x21, 0xFF, 0x42, 0x34, 0x18, 0xFF, 0x4A, 0x34, 0x21, 0xFF,
    0x4A, 0x34, 0x18, 0xFF, 0x42, 0x34, 0x21, 0xFF, 0x4A, 0x34, 0x18, 0xFF, 0x4A, 0x34, 0x21, 0xFF,
    0x42, 0x34, 0x18, 0xFF, 0x4A, 0x34, 0x21, 0xFF, 0x4A, 0x34, 0x18, 0xFF, 0x42, 0x34, 0x21, 0xFF,
    0x4A, 0x34, 0x18, 0xFF, 0x4A, 0x34, 0x21, 0xFF, 0x42, 0x34, 0x18, 0xFF, 0x4A, 0x34, 0x21, 0xFF,
    0x4A, 0x34, 0x18, 0xFF, 0x42, 0x34, 0x21, 0xFF, 0x4A, 0x34, 0x18, 0xFF, 0x4A, 0x34, 0x21, 0xFF,
    0x42, 0x34, 0x18, 0xFF, 0x4A, 0x34, 0x21, 0xFF, 0x4A, 0x34, 0x18, 0xFF, 0x42, 0x34, 0x21, 0xFF,
    0x4A, 0x34, 0x18, 0xFF, 0x4A, 0x34, 0x21, 0xFF, 0x42, 0x34, 0x18, 0xFF, 0x4A, 0x34, 0x21, 0xFF,
    0x4A, 0x34, 0x18, 0xFF, 0x42, 0x34, 0x21, 0xFF, 0x4A, 0x34, 0x18, 0xFF, 0x4A, 0x34, 0x21, 0xFF,
    0x42, 0x34, 0x18, 0xFF, 0x4A, 0x34, 0x21, 0xFF, 0x4A, 0x34, 0x18, 0xFF, 0x42, 0x34, 0x21, 0xFF,
    0x4A, 0x34, 0x18, 0xFF, 0x4A, 0x34, 0x21, 0xFF, 0x42, 0x34, 0x18, 0xFF, 0x4A, 0x34, 0x21, 0xFF,
    0x4A, 0x34, 0x18, 0xFF, 0x42, 0x34, 0x21, 0xFF, 0x4A, 0x34, 0x18, 0xFF, 0x4A, 0x34, 0x21, 0xFF,
    0x42, 0x34, 0x18, 0xFF, 0x4A, 0x34, 0x21, 0xFF, 0x4A, 0x34, 0x18, 0xFF, 0x42, 0x34, 0x21, 0xFF,
    0x4A, 0x34, 0x18, 0xFF, 0x4A, 0x34, 0x21, 0xFF, 0x42, 0x34, 0x18, 0xFF, 0x4A, 0x34, 0x21, 0xFF,
    0x4A, 0x34, 0x18, 0xFF, 0x42, 0x34, 0x21, 0xFF, 0x4A, 0x34, 0x18, 0xFF, 0x4A, 0x34, 0x21, 0xFF,
    0x42, 0x34, 0x18, 0xFF, 0x4A, 0x34, 0x21, 0xFF, 0x4A, 0x34, 0x18, 0xFF, 0x42, 0x34, 0x21, 0xFF,
    0x4A, 0x34, 0x18, 0xFF, 0x4A, 0x34, 0x21, 0xFF, 0x42, 0x34, 0x18, 0xFF, 0x4A, 0x34, 0x21, 0xFF,
    0x4A, 0x34, 0x18, 0xFF, 0x4A, 0x34, 0x21, 0xFF, 0x4A, 0x34, 0x18, 0xFF, 0x42, 0x34, 0x21, 0xFF,
    0x4A, 0x34, 0x18, 0xFF, 0x42, 0x34, 0x21, 0xFF, 0x4A, 0x34, 0x18, 0xFF, 0x4A, 0x34, 0x18, 0xFF,
    0x42, 0x34, 0x21, 0xFF, 0x4A, 0x34, 0x18, 0xFF, 0x4A, 0x34, 0x21, 0xFF, 0x42, 0x34, 0x18, 0xFF,
    0x4A, 0x34, 0x21, 0xFF, 0x4A, 0x34, 0x18, 0xFF, 0x42, 0x34, 0x21, 0xFF, 0x4A, 0x34, 0x18, 0xFF,
    0x4A, 0x34, 0x21, 0xFF, 0x42, 0x34, 0x18, 0xFF, 0x4A, 0x34, 0x21, 0xFF, 0x4A, 0x34, 0x18, 0xFF,
    0x42, 0x34, 0x21, 0xFF, 0x4A, 0x34, 0x18, 0xFF, 0x4A, 0x34, 0x21, 0xFF, 0x42, 0x34, 0x18, 0xFF,
    0x4A, 0x34, 0x21, 0xFF, 0x4A, 0x34, 0x18, 0xFF, 0x42, 0x34, 0x21, 0xFF, 0x4A, 0x34, 0x18, 0xFF,
    0x4A, 0x34, 0x21, 0xFF, 0x42, 0x34, 0x18, 0xFF, 0x4A, 0x34, 0x21, 0xFF, 0x4A, 0x34, 0x18, 0xFF,
    0x42, 0x34, 0x21, 0xFF, 0x4A, 0x34, 0x18, 0xFF, 0x4A, 0x34, 0x21, 0xFF, 0x42, 0x34, 0x18, 0xFF,
    0x4A, 0x34, 0x21, 0xFF, 0x4A, 0x34, 0x18, 0xFF, 0x42, 0x34, 0x21, 0xFF, 0x4A, 0x34, 0x18, 0xFF,
    0x4A, 0x34, 0x21, 0xFF, 0x42, 0x34, 0x18, 0xFF, 0x4A, 0x34, 0x21, 0xFF, 0x4A, 0x34, 0x18, 0xFF,
    0x42, 0x34, 0x21, 0xFF, 0x4A, 0x34, 0x18, 0xFF, 0x4A, 0x34, 0x21, 0xFF, 0x42, 0x34, 0x18, 0xFF,
    0x4A, 0x34, 0x21, 0xFF, 0x4A, 0x34, 0x18, 0xFF, 0x42, 0x34, 0x21, 0xFF, 0x4A, 0x34, 0x18, 0xFF,
    0x4A, 0x34, 0x21, 0xFF, 0x42, 0x34, 0x18, 0xFF, 0x4A, 0x34, 0x21, 0xFF, 0x4A, 0x34, 0x18, 0xFF,
    0x42, 0x34, 0x21, 0xFF, 0x4A, 0x34, 0x18, 0xFF, 0x4A, 0x34, 0x21, 0xFF, 0x42, 0x34, 0x18, 0xFF,
    0x4A, 0x34, 0x21, 0xFF, 0x4A, 0x34, 0x18, 0xFF, 0x42, 0x34, 0x21, 0xFF, 0x4A, 0x34, 0x18, 0xFF,
    0x4A, 0x34, 0x21, 0xFF, 0x42, 0x34, 0x18, 0xFF, 0x4A, 0x34, 0x21, 0xFF, 0x4A, 0x34, 0x18, 0xFF,
    0x42, 0x34, 0x21, 0xFF, 0x4A, 0x34, 0x18, 0xFF, 0x4A, 0x34, 0x21, 0xFF, 0x42, 0x34, 0x18, 0xFF,
    0x4A, 0x34, 0x21, 0xFF, 0x4A, 0x34, 0x18, 0xFF, 0x42, 0x34, 0x21, 0xFF, 0x4A, 0x34, 0x18, 0xFF,
    0x4A, 0x34, 0x21, 0xFF, 0x42, 0x34, 0x18, 0xFF, 0x4A, 0x34, 0x21, 0xFF, 0x4A, 0x34, 0x18, 0xFF,
    0x42, 0x34, 0x21, 0xFF, 0x4A, 0x34, 0x18, 0xFF, 0x4A, 0x34, 0x21, 0xFF, 0x42, 0x34, 0x18, 0xFF,
    0x4A, 0x34, 0x21, 0xFF, 0x4A, 0x34, 0x18, 0xFF, 0x42, 0x34, 0x21, 0xFF, 0x4A, 0x34, 0x18, 0xFF,
    0x4A, 0x34, 0x21, 0xFF, 0x42, 0x34, 0x18, 0xFF, 0x4A, 0x34, 0x21, 0xFF, 0x4A, 0x34, 0x18, 0xFF,
    0x42, 0x34, 0x21, 0xFF, 0x4A, 0x34, 0x18, 0xFF, 0x4A, 0x34, 0x21, 0xFF, 0x42, 0x34, 0x18, 0xFF,
    0x4A, 0x34, 0x21, 0xFF, 0x4A, 0x34, 0x18, 0xFF, 0x42, 0x34, 0x21, 0xFF, 0x4A, 0x34, 0x18, 0xFF,
    0x4A, 0x34, 0x21, 0xFF, 0x42, 0x34, 0x18, 0xFF, 0x4A, 0x34, 0x21, 0xFF, 0x4A, 0x34, 0x18, 0xFF,
    0x42, 0x34, 0x21, 0xFF, 0x4A, 0x34, 0x18, 0xFF, 0x4A, 0x34, 0x21, 0xFF, 0x42, 0x34, 0x18, 0xFF,
    0x4A, 0x34, 0x21, 0xFF, 0x4A, 0x34, 0x18, 0xFF, 0x42, 0x34, 0x21, 0xFF, 0x4A, 0x34, 0x18, 0xFF,
    0x4A, 0x34, 0x21, 0xFF, 0x42, 0x34, 0x18, 0xFF, 0x4A, 0x34, 0x21, 0xFF, 0x4A, 0x34, 0x18, 0xFF,
    0x42, 0x34, 0x21, 0xFF, 0x4A, 0x34, 0x18, 0xFF, 0x4A, 0x34, 0x21, 0xFF, 0x42, 0x34, 0x18, 0xFF,
    0x4A, 0x34, 0x21, 0xFF, 0x4A, 0x34, 0x18, 0xFF, 0x42, 0x34, 0x21, 0xFF, 0x4A, 0x34, 0x18, 0xFF,
    0x4A, 0x34, 0x21, 0xFF, 0x42, 0x34, 0x18, 0xFF, 0x4A, 0x34, 0x21, 0xFF, 0x4A, 0x34, 0x18, 0xFF,
    0x42, 0x34, 0x21, 0xFF, 0x4A, 0x34, 0x18, 0xFF, 0x42, 0x34, 0x21, 0xFF, 0x4A, 0x34, 0x18, 0xFF,
    0x4A, 0x34, 0x21, 0xFF, 0x4A, 0x38, 0x18, 0xFF, 0x42, 0x34, 0x21, 0xFF, 0x4A, 0x34, 0x21, 0xFF,
    0x4A, 0x38, 0x18, 0xFF, 0x42, 0x34, 0x21, 0xFF, 0x4A, 0x34, 0x18, 0xFF, 0x4A, 0x38, 0x21, 0xFF,
    0x42, 0x34, 0x18, 0xFF, 0x4A, 0x34, 0x21, 0xFF, 0x4A, 0x38, 0x18, 0xFF, 0x42, 0x34, 0x21, 0xFF,
    0x4A, 0x34, 0x18, 0xFF, 0x4A, 0x38, 0x21, 0xFF, 0x42, 0x34, 0x18, 0xFF, 0x4A, 0x34, 0x21, 0xFF,
    0x4A, 0x38, 0x18, 0xFF, 0x42, 0x34, 0x21, 0xFF, 0x4A, 0x34, 0x18, 0xFF, 0x4A, 0x38, 0x21, 0xFF,
    0x42, 0x34, 0x18, 0xFF, 0x4A, 0x34, 0x21, 0xFF, 0x4A, 0x38, 0x18, 0xFF, 0x42, 0x34, 0x21, 0xFF,
    0x4A, 0x34, 0x18, 0xFF, 0x4A, 0x38, 0x21, 0xFF, 0x42, 0x34, 0x18, 0xFF, 0x4A, 0x34, 0x21, 0xFF,
    0x4A, 0x38, 0x18, 0xFF, 0x42, 0x34, 0x21, 0xFF, 0x4A, 0x34, 0x18, 0xFF, 0x4A, 0x38, 0x21, 0xFF,
    0x42, 0x34, 0x18, 0xFF, 0x4A, 0x34, 0x21, 0xFF, 0x4A, 0x38, 0x18, 0xFF, 0x42, 0x34, 0x21, 0xFF,
    0x4A, 0x34, 0x18, 0xFF, 0x4A, 0x38, 0x21, 0xFF, 0x42, 0x34, 0x18, 0xFF, 0x4A, 0x34, 0x21, 0xFF,
    0x4A, 0x38, 0x18, 0xFF, 0x42, 0x34, 0x21, 0xFF, 0x4A, 0x34, 0x18, 0xFF, 0x4A, 0x38, 0x21, 0xFF,
    0x42, 0x34, 0x18, 0xFF, 0x4A, 0x34, 0x21, 0xFF, 0x4A, 0x38, 0x18, 0xFF, 0x42, 0x34, 0x21, 0xFF,
    0x4A, 0x34, 0x18, 0xFF, 0x4A, 0x38, 0x21, 0xFF, 0x42, 0x34, 0x18, 0xFF, 0x4A, 0x34, 0x21, 0xFF,
    0x4A, 0x38, 0x18, 0xFF, 0x42, 0x34, 0x21, 0xFF, 0x4A, 0x34, 0x18, 0xFF, 0x4A, 0x38, 0x21, 0xFF,
    0x42, 0x34, 0x18, 0xFF, 0x4A, 0x34, 0x21, 0xFF, 0x4A, 0x38, 0x18, 0xFF, 0x42, 0x34, 0x21, 0xFF,
    0x4A, 0x34, 0x18, 0xFF, 0x4A, 0x38, 0x21, 0xFF, 0x42, 0x34, 0x18, 0xFF, 0x4A, 0x34, 0x21, 0xFF,
    0x4A, 0x38, 0x18, 0xFF, 0x42, 0x34, 0x21, 0xFF, 0x4A, 0x34, 0x18, 0xFF, 0x4A, 0x38, 0x21, 0xFF,
    0x42, 0x34, 0x18, 0xFF, 0x4A, 0x34, 0x21, 0xFF, 0x4A, 0x38, 0x18, 0xFF, 0x42, 0x34, 0x21, 0xFF,
    0x4A, 0x34, 0x18, 0xFF, 0x4A, 0x38, 0x21, 0xFF, 0x42, 0x34, 0x18, 0xFF, 0x4A, 0x34, 0x21, 0xFF,
    0x4A, 0x38, 0x18, 0xFF, 0x42, 0x34, 0x21, 0xFF, 0x4A, 0x34, 0x18, 0xFF, 0x4A, 0x38, 0x21, 0xFF,
    0x42, 0x34, 0x18, 0xFF, 0x4A, 0x34, 0x21, 0xFF, 0x4A, 0x38, 0x18, 0xFF, 0x42, 0x34, 0x21, 0xFF,
    0x4A, 0x34, 0x18, 0xFF, 0x4A, 0x38, 0x21, 0xFF, 0x42, 0x34, 0x18, 0xFF, 0x4A, 0x34, 0x21, 0xFF,
    0x4A, 0x38, 0x18, 0xFF, 0x42, 0x34, 0x21, 0xFF, 0x4A, 0x34, 0x18, 0xFF, 0x4A, 0x38, 0x21, 0xFF,
    0x42, 0x34, 0x18, 0xFF, 0x4A, 0x34, 0x21, 0xFF, 0x4A, 0x38, 0x18, 0xFF, 0x42, 0x34, 0x21, 0xFF,
    0x4A, 0x34, 0x18, 0xFF, 0x4A, 0x38, 0x21, 0xFF, 0x42, 0x34, 0x18, 0xFF, 0x4A, 0x34, 0x21, 0xFF,
    0x4A, 0x38, 0x18, 0xFF, 0x42, 0x34, 0x21, 0xFF, 0x4A, 0x34, 0x18, 0xFF, 0x4A, 0x38, 0x21, 0xFF,
    0x42, 0x34, 0x18, 0xFF, 0x4A, 0x34, 0x21, 0xFF, 0x4A, 0x38, 0x18, 0xFF, 0x42, 0x34, 0x21, 0xFF,
    0x4A, 0x34, 0x18, 0xFF, 0x4A, 0x38, 0x21, 0xFF, 0x42, 0x34, 0x18, 0xFF, 0x4A, 0x34, 0x21, 0xFF,
    0x4A, 0x38, 0x18, 0xFF, 0x42, 0x34, 0x21, 0xFF, 0x4A, 0x34, 0x18, 0xFF, 0x4A, 0x38, 0x21, 0xFF,
    0x42, 0x34, 0x18, 0xFF, 0x4A, 0x34, 0x21, 0xFF, 0x4A, 0x38, 0x18, 0xFF, 0x42, 0x34, 0x21, 0xFF,
    0x4A, 0x34, 0x18, 0xFF, 0x4A, 0x38, 0x21, 0xFF, 0x42, 0x34, 0x18, 0xFF, 0x4A, 0x34, 0x21, 0xFF,
    0x4A, 0x38, 0x18, 0xFF, 0x42, 0x34, 0x21, 0xFF, 0x4A, 0x34, 0x18, 0xFF, 0x4A, 0x34, 0x21, 0xFF,
    0x4A, 0x34, 0x21, 0xFF, 0x42, 0x34, 0x18, 0xFF, 0x4A, 0x38, 0x21, 0xFF, 0x4A, 0x34, 0x18, 0xFF,
    0x42, 0x34, 0x21, 0xFF, 0x4A, 0x38, 0x18, 0xFF, 0x4A, 0x34, 0x21, 0xFF, 0x42, 0x34, 0x21, 0xFF,
    0x4A, 0x38, 0x18, 0xFF, 0x4A, 0x34, 0x21, 0xFF, 0x42, 0x34, 0x21, 0xFF, 0x4A, 0x38, 0x18, 0xFF,
    0x4A, 0x34, 0x21, 0xFF, 0x42, 0x34, 0x18, 0xFF, 0x4A, 0x38, 0x21, 0xFF, 0x4A, 0x34, 0x18, 0xFF,
    0x42, 0x34, 0x21, 0xFF, 0x4A, 0x38, 0x18, 0xFF, 0x4A, 0x34, 0x21, 0xFF, 0x42, 0x34, 0x18, 0xFF,
    0x4A, 0x38, 0x21, 0xFF, 0x4A, 0x34, 0x18, 0xFF, 0x42, 0x34, 0x21, 0xFF, 0x4A, 0x38, 0x18, 0xFF,
    0x4A, 0x34, 0x21, 0xFF, 0x42, 0x34, 0x18, 0xFF, 0x4A, 0x38, 0x21, 0xFF, 0x4A, 0x34, 0x18, 0xFF,
    0x42, 0x34, 0x21, 0xFF, 0x4A, 0x38, 0x18, 0xFF, 0x4A, 0x34, 0x21, 0xFF, 0x42, 0x34, 0x18, 0xFF,
    0x4A, 0x38, 0x21, 0xFF, 0x4A, 0x34, 0x18, 0xFF, 0x42, 0x34, 0x21, 0xFF, 0x4A, 0x38, 0x18, 0xFF,
    0x4A, 0x34, 0x21, 0xFF, 0x42, 0x34, 0x18, 0xFF, 0x4A, 0x38, 0x21, 0xFF, 0x4A, 0x34, 0x18, 0xFF,
    0x42, 0x34, 0x21, 0xFF, 0x4A, 0x38, 0x18, 0xFF, 0x4A, 0x34, 0x21, 0xFF, 0x42, 0x34, 0x18, 0xFF,
    0x4A, 0x38, 0x21, 0xFF, 0x4A, 0x34, 0x18, 0xFF, 0x42, 0x34, 0x21, 0xFF, 0x4A, 0x38, 0x18, 0xFF,
    0x4A, 0x34, 0x21, 0xFF, 0x42, 0x34, 0x18, 0xFF, 0x4A, 0x38, 0x21, 0xFF, 0x4A, 0x34, 0x18, 0xFF,
    0x42, 0x34, 0x21, 0xFF, 0x4A, 0x38, 0x18, 0xFF, 0x4A, 0x34, 0x21, 0xFF, 0x42, 0x34, 0x18, 0xFF,
    0x4A, 0x38, 0x21, 0xFF, 0x4A, 0x34, 0x18, 0xFF, 0x42, 0x34, 0x21, 0xFF, 0x4A, 0x38, 0x18, 0xFF,
    0x4A, 0x34, 0x21, 0xFF, 0x42, 0x34, 0x18, 0xFF, 0x4A, 0x38, 0x21, 0xFF, 0x4A, 0x34, 0x18, 0xFF,
    0x42, 0x34, 0x21, 0xFF, 0x4A, 0x38, 0x18, 0xFF, 0x4A, 0x34, 0x21, 0xFF, 0x42, 0x34, 0x18, 0xFF,
    0x4A, 0x38, 0x21, 0xFF, 0x4A, 0x34, 0x18, 0xFF, 0x42, 0x34, 0x21, 0xFF, 0x4A, 0x38, 0x18, 0xFF,
    0x4A, 0x34, 0x21, 0xFF, 0x42, 0x34, 0x18, 0xFF, 0x4A, 0x38, 0x21, 0xFF, 0x4A, 0x34, 0x18, 0xFF,
    0x42, 0x34, 0x21, 0xFF, 0x4A, 0x38, 0x18, 0xFF, 0x4A, 0x34, 0x21, 0xFF, 0x42, 0x34, 0x18, 0xFF,
    0x4A, 0x38, 0x21, 0xFF, 0x4A, 0x34, 0x18, 0xFF, 0x42, 0x34, 0x21, 0xFF, 0x4A, 0x38, 0x18, 0xFF,
    0x4A, 0x34, 0x21, 0xFF, 0x42, 0x34, 0x18, 0xFF, 0x4A, 0x38, 0x21, 0xFF, 0x4A, 0x34, 0x18, 0xFF,
    0x42, 0x34, 0x21, 0xFF, 0x4A, 0x38, 0x18, 0xFF, 0x4A, 0x34, 0x21, 0xFF, 0x42, 0x34, 0x18, 0xFF,
    0x4A, 0x38, 0x21, 0xFF, 0x4A, 0x34, 0x18, 0xFF, 0x42, 0x34, 0x21, 0xFF, 0x4A, 0x38, 0x18, 0xFF,
    0x4A, 0x34, 0x21, 0xFF, 0x42, 0x34, 0x18, 0xFF, 0x4A, 0x38, 0x21, 0xFF, 0x4A, 0x34, 0x18, 0xFF,
    0x42, 0x34, 0x21, 0xFF, 0x4A, 0x38, 0x18, 0xFF, 0x4A, 0x34, 0x21, 0xFF, 0x42, 0x34, 0x18, 0xFF,
    0x4A, 0x38, 0x21, 0xFF, 0x4A, 0x34, 0x18, 0xFF, 0x42, 0x34, 0x21, 0xFF, 0x4A, 0x38, 0x18, 0xFF,
    0x4A, 0x34, 0x21, 0xFF, 0x42, 0x34, 0x18, 0xFF, 0x4A, 0x38, 0x21, 0xFF, 0x4A, 0x34, 0x18, 0xFF,
    0x42, 0x34, 0x21, 0xFF, 0x4A, 0x38, 0x18, 0xFF, 0x4A, 0x34, 0x21, 0xFF, 0x42, 0x34, 0x18, 0xFF,
    0x4A, 0x38, 0x21, 0xFF, 0x4A, 0x34, 0x18, 0xFF, 0x42, 0x34, 0x21, 0xFF, 0x4A, 0x38, 0x18, 0xFF,
    0x4A, 0x34, 0x21, 0xFF, 0x42, 0x34, 0x18, 0xFF, 0x4A, 0x38, 0x21, 0xFF, 0x4A, 0x34, 0x18, 0xFF,
    0x42, 0x34, 0x21, 0xFF, 0x4A, 0x38, 0x18, 0xFF, 0x4A, 0x34, 0x21, 0xFF, 0x4A, 0x38, 0x18, 0xFF,
    0x4A, 0x38, 0x21, 0xFF, 0x4A, 0x34, 0x18, 0xFF, 0x42, 0x38, 0x21, 0xFF, 0x4A, 0x34, 0x18, 0xFF,
    0x4A, 0x38, 0x21, 0xFF, 0x42, 0x34, 0x21, 0xFF, 0x4A, 0x38, 0x18, 0xFF, 0x4A, 0x34, 0x21, 0xFF,
    0x42, 0x38, 0x21, 0xFF, 0x4A, 0x34, 0x18, 0xFF, 0x4A, 0x38, 0x21, 0xFF, 0x42, 0x34, 0x18, 0xFF,
    0x4A, 0x38, 0x21, 0xFF, 0x4A, 0x34, 0x21, 0xFF, 0x42, 0x38, 0x18, 0xFF, 0x4A, 0x34, 0x21, 0xFF,
    0x4A, 0x38, 0x21, 0xFF, 0x42, 0x34, 0x18, 0xFF, 0x4A, 0x38, 0x21, 0xFF, 0x4A, 0x34, 0x21, 0xFF,
    0x42, 0x38, 0x18, 0xFF, 0x4A, 0x34, 0x21, 0xFF, 0x4A, 0x38, 0x21, 0xFF, 0x42, 0x34, 0x18, 0xFF,
    0x4A, 0x38, 0x21, 0xFF, 0x4A, 0x34, 0x21, 0xFF, 0x42, 0x38, 0x18, 0xFF, 0x4A, 0x34, 0x21, 0xFF,
    0x4A, 0x38, 0x21, 0xFF, 0x42, 0x34, 0x18, 0xFF, 0x4A, 0x38, 0x21, 0xFF, 0x4A, 0x34, 0x21, 0xFF,
    0x42, 0x38, 0x18, 0xFF, 0x4A, 0x34, 0x21, 0xFF, 0x4A, 0x38, 0x21, 0xFF, 0x42, 0x34, 0x18, 0xFF,
    0x4A, 0x38, 0x21, 0xFF, 0x4A, 0x34, 0x21, 0xFF, 0x42, 0x38, 0x18, 0xFF, 0x4A, 0x34, 0x21, 0xFF,
    0x4A, 0x38, 0x21, 0xFF, 0x42, 0x34, 0x18, 0xFF, 0x4A, 0x38, 0x21, 0xFF, 0x4A, 0x34, 0x21, 0xFF,
    0x42, 0x38, 0x18, 0xFF, 0x4A, 0x34, 0x21, 0xFF, 0x4A, 0x38, 0x21, 0xFF, 0x42, 0x34, 0x18, 0xFF,
    0x4A, 0x38, 0x21, 0xFF, 0x4A, 0x34, 0x21, 0xFF, 0x42, 0x38, 0x18, 0xFF, 0x4A, 0x34, 0x21, 0xFF,
    0x4A, 0x38, 0x21, 0xFF, 0x42, 0x34, 0x18, 0xFF, 0x4A, 0x38, 0x21, 0xFF, 0x4A, 0x34, 0x21, 0xFF,
    0x42, 0x38, 0x18, 0xFF, 0x4A, 0x34, 0x21, 0xFF, 0x4A, 0x38, 0x21, 0xFF, 0x42, 0x34, 0x18, 0xFF,
    0x4A, 0x38, 0x21, 0xFF, 0x4A, 0x34, 0x21, 0xFF, 0x42, 0x38, 0x18, 0xFF, 0x4A, 0x34, 0x21, 0xFF,
    0x4A, 0x38, 0x21, 0xFF, 0x42, 0x34, 0x18, 0xFF, 0x4A, 0x38, 0x21, 0xFF, 0x4A, 0x34, 0x21, 0xFF,
    0x42, 0x38, 0x18, 0xFF, 0x4A, 0x34, 0x21, 0xFF, 0x4A, 0x38, 0x21, 0xFF, 0x42, 0x34, 0x18, 0xFF,
    0x4A, 0x38, 0x21, 0xFF, 0x4A, 0x34, 0x21, 0xFF, 0x42, 0x38, 0x18, 0xFF, 0x4A, 0x34, 0x21, 0xFF,
    0x4A, 0x38, 0x21, 0xFF, 0x42, 0x34, 0x18, 0xFF, 0x4A, 0x38, 0x21, 0xFF, 0x4A, 0x34, 0x21, 0xFF,
    0x42, 0x38, 0x18, 0xFF, 0x4A, 0x34, 0x21, 0xFF, 0x4A, 0x38, 0x21, 0xFF, 0x42, 0x34, 0x18, 0xFF,
    0x4A, 0x38, 0x21, 0xFF, 0x4A, 0x34, 0x21, 0xFF, 0x42, 0x38, 0x18, 0xFF, 0x4A, 0x34, 0x21, 0xFF,
    0x4A, 0x38, 0x21, 0xFF, 0x42, 0x34, 0x18, 0xFF, 0x4A, 0x38, 0x21, 0xFF, 0x4A, 0x34, 0x21, 0xFF,
    0x42, 0x38, 0x18, 0xFF, 0x4A, 0x34, 0x21, 0xFF, 0x4A, 0x38, 0x21, 0xFF, 0x42, 0x34, 0x18, 0xFF,
    0x4A, 0x38, 0x21, 0xFF, 0x4A, 0x34, 0x21, 0xFF, 0x42, 0x38, 0x18, 0xFF, 0x4A, 0x34, 0x21, 0xFF,
    0x4A, 0x38, 0x21, 0xFF, 0x42, 0x34, 0x18, 0xFF, 0x4A, 0x38, 0x21, 0xFF, 0x4A, 0x34, 0x21, 0xFF,
    0x42, 0x38, 0x18, 0xFF, 0x4A, 0x34, 0x21, 0xFF, 0x4A, 0x38, 0x21, 0xFF, 0x42, 0x34, 0x18, 0xFF,
    0x4A, 0x38, 0x21, 0xFF, 0x4A, 0x34, 0x21, 0xFF, 0x42, 0x38, 0x18, 0xFF, 0x4A, 0x34, 0x21, 0xFF,
    0x4A, 0x38, 0x21, 0xFF, 0x42, 0x34, 0x18, 0xFF, 0x4A, 0x38, 0x21, 0xFF, 0x4A, 0x34, 0x21, 0xFF,
    0x42, 0x38, 0x18, 0xFF, 0x4A, 0x34, 0x21, 0xFF, 0x4A, 0x38, 0x21, 0xFF, 0x42, 0x34, 0x18, 0xFF,
    0x4A, 0x38, 0x21, 0xFF, 0x4A, 0x34, 0x21, 0xFF, 0x42, 0x38, 0x18, 0xFF, 0x4A, 0x34, 0x21, 0xFF,
    0x4A, 0x38, 0x21, 0xFF, 0x4A, 0x34, 0x18, 0xFF, 0x42, 0x34, 0x21, 0xFF, 0x4A, 0x34, 0x21, 0xFF,
    0x4A, 0x34, 0x21, 0xFF, 0x4A, 0x38, 0x21, 0xFF, 0x4A, 0x34, 0x21, 0xFF, 0x4A, 0x34, 0x21, 0xFF,
    0x4A, 0x34, 0x18, 0xFF, 0x4A, 0x34, 0x21, 0xFF, 0x4A, 0x38, 0x21, 0xFF, 0x4A, 0x34, 0x18, 0xFF,
    0x4A, 0x34, 0x21, 0xFF, 0x4A, 0x38, 0x21, 0xFF, 0x4A, 0x34, 0x18, 0xFF, 0x4A, 0x34, 0x21, 0xFF,
    0x4A, 0x38, 0x21, 0xFF, 0x4A, 0x34, 0x18, 0xFF, 0x4A, 0x34, 0x21, 0xFF, 0x4A, 0x38, 0x21, 0xFF,
    0x4A, 0x34, 0x18, 0xFF, 0x4A, 0x34, 0x21, 0xFF, 0x4A, 0x38, 0x21, 0xFF, 0x4A, 0x34, 0x18, 0xFF,
    0x4A, 0x34, 0x21, 0xFF, 0x4A, 0x38, 0x21, 0xFF, 0x4A, 0x34, 0x18, 0xFF, 0x4A, 0x34, 0x21, 0xFF,
    0x4A, 0x38, 0x21, 0xFF, 0x4A, 0x34, 0x18, 0xFF, 0x4A, 0x34, 0x21, 0xFF, 0x4A, 0x38, 0x21, 0xFF,
    0x4A, 0x34, 0x18, 0xFF, 0x4A, 0x34, 0x21, 0xFF, 0x4A, 0x38, 0x21, 0xFF, 0x4A, 0x34, 0x18, 0xFF,
    0x4A, 0x34, 0x21, 0xFF, 0x4A, 0x38, 0x21, 0xFF, 0x4A, 0x34, 0x18, 0xFF, 0x4A, 0x34, 0x21, 0xFF,
    0x4A, 0x38, 0x21, 0xFF, 0x4A, 0x34, 0x18, 0xFF, 0x4A, 0x34, 0x21, 0xFF, 0x4A, 0x38, 0x21, 0xFF,
    0x4A, 0x34, 0x18, 0xFF, 0x4A, 0x34, 0x21, 0xFF, 0x4A, 0x38, 0x21, 0xFF, 0x4A, 0x34, 0x18, 0xFF,
    0x4A, 0x34, 0x21, 0xFF, 0x4A, 0x38, 0x21, 0xFF, 0x4A, 0x34, 0x18, 0xFF, 0x4A, 0x34, 0x21, 0xFF,
    0x4A, 0x38, 0x21, 0xFF, 0x4A, 0x34, 0x18, 0xFF, 0x4A, 0x34, 0x21, 0xFF, 0x4A, 0x38, 0x21, 0xFF,
    0x4A, 0x34, 0x18, 0xFF, 0x4A, 0x34, 0x21, 0xFF, 0x4A, 0x38, 0x21, 0xFF, 0x4A, 0x34, 0x18, 0xFF,
    0x4A, 0x34, 0x21, 0xFF, 0x4A, 0x38, 0x21, 0xFF, 0x4A, 0x34, 0x18, 0xFF, 0x4A, 0x34, 0x21, 0xFF,
    0x4A, 0x38, 0x21, 0xFF, 0x4A, 0x34, 0x18, 0xFF, 0x4A, 0x34, 0x21, 0xFF, 0x4A, 0x38, 0x21, 0xFF,
    0x4A, 0x34, 0x18, 0xFF, 0x4A, 0x34, 0x21, 0xFF, 0x4A, 0x38, 0x21, 0xFF, 0x4A, 0x34, 0x18, 0xFF,
    0x4A, 0x34, 0x21, 0xFF, 0x4A, 0x38, 0x21, 0xFF, 0x4A, 0x34, 0x18, 0xFF, 0x4A, 0x34, 0x21, 0xFF,
    0x4A, 0x38, 0x21, 0xFF, 0x4A, 0x34, 0x18, 0xFF, 0x4A, 0x34, 0x21, 0xFF, 0x4A, 0x38, 0x21, 0xFF,
    0x4A, 0x34, 0x18, 0xFF, 0x4A, 0x34, 0x21, 0xFF, 0x4A, 0x38, 0x21, 0xFF, 0x4A, 0x34, 0x18, 0xFF,
    0x4A, 0x34, 0x21, 0xFF, 0x4A, 0x38, 0x21, 0xFF, 0x4A, 0x34, 0x18, 0xFF, 0x4A, 0x34, 0x21, 0xFF,
    0x4A, 0x38, 0x21, 0xFF, 0x4A, 0x34, 0x18, 0xFF, 0x4A, 0x34, 0x21, 0xFF, 0x4A, 0x38, 0x21, 0xFF,
    0x4A, 0x34, 0x18, 0xFF, 0x4A, 0x34, 0x21, 0xFF, 0x4A, 0x38, 0x21, 0xFF, 0x4A, 0x34, 0x18, 0xFF,
    0x4A, 0x34, 0x21, 0xFF, 0x4A, 0x38, 0x21, 0xFF, 0x4A, 0x34, 0x18, 0xFF, 0x4A, 0x34, 0x21, 0xFF,
    0x4A, 0x38, 0x21, 0xFF, 0x4A, 0x34, 0x18, 0xFF, 0x4A, 0x34, 0x21, 0xFF, 0x4A, 0x38, 0x21, 0xFF,
    0x4A, 0x34, 0x18, 0xFF, 0x4A, 0x34, 0x21, 0xFF, 0x4A, 0x38, 0x21, 0xFF, 0x4A, 0x34, 0x18, 0xFF,
    0x4A, 0x34, 0x21, 0xFF, 0x4A, 0x38, 0x21, 0xFF, 0x4A, 0x34, 0x18, 0xFF, 0x4A, 0x34, 0x21, 0xFF,
    0x4A, 0x38, 0x21, 0xFF, 0x4A, 0x34, 0x18, 0xFF, 0x4A, 0x34, 0x21, 0xFF, 0x4A, 0x38, 0x21, 0xFF,
    0x4A, 0x34, 0x18, 0xFF, 0x4A, 0x34, 0x21, 0xFF, 0x4A, 0x38, 0x21, 0xFF, 0x4A, 0x34, 0x18, 0xFF,
    0x4A, 0x34, 0x21, 0xFF, 0x4A, 0x38, 0x21, 0xFF, 0x4A, 0x34, 0x18, 0xFF, 0x4A, 0x34, 0x21, 0xFF,
    0x4A, 0x38, 0x21, 0xFF, 0x4A, 0x34, 0x18, 0xFF, 0x4A, 0x34, 0x21, 0xFF, 0x4A, 0x38, 0x21, 0xFF,
    0x42, 0x34, 0x18, 0xFF, 0x4A, 0x38, 0x21, 0xFF, 0x4A, 0x34, 0x21, 0xFF, 0x4A, 0x38, 0x18, 0xFF,
    0x4A, 0x38, 0x21, 0xFF, 0x4A, 0x34, 0x18, 0xFF, 0x42, 0x38, 0x21, 0xFF, 0x4A, 0x38, 0x18, 0xFF,
    0x4A, 0x38, 0x21, 0xFF, 0x42, 0x38, 0x21, 0xFF, 0x4A, 0x34, 0x18, 0xFF, 0x4A, 0x38, 0x21, 0xFF,
    0x42, 0x38, 0x21, 0xFF, 0x4A, 0x34, 0x18, 0xFF, 0x4A, 0x38, 0x21, 0xFF, 0x42, 0x38, 0x21, 0xFF,
    0x4A, 0x34, 0x18, 0xFF, 0x4A, 0x38, 0x21, 0xFF, 0x42, 0x38, 0x21, 0xFF, 0x4A, 0x34, 0x18, 0xFF,
    0x4A, 0x38, 0x21, 0xFF, 0x42, 0x38, 0x21, 0xFF, 0x4A, 0x34, 0x18, 0xFF, 0x4A, 0x38, 0x21, 0xFF,
    0x42, 0x38, 0x21, 0xFF, 0x4A, 0x34, 0x18, 0xFF, 0x4A, 0x38, 0x21, 0xFF, 0x42, 0x38, 0x21, 0xFF,
    0x4A, 0x34, 0x18, 0xFF, 0x4A, 0x38, 0x21, 0xFF, 0x42, 0x38, 0x21, 0xFF, 0x4A, 0x34, 0x18, 0xFF,
    0x4A, 0x38, 0x21, 0xFF, 0x42, 0x38, 0x21, 0xFF, 0x4A, 0x34, 0x18, 0xFF, 0x4A, 0x38, 0x21, 0xFF,
    0x42, 0x38, 0x21, 0xFF, 0x4A, 0x34, 0x18, 0xFF, 0x4A, 0x38, 0x21, 0xFF, 0x42, 0x38, 0x21, 0xFF,
    0x4A, 0x34, 0x18, 0xFF, 0x4A, 0x38, 0x21, 0xFF, 0x42, 0x38, 0x21, 0xFF, 0x4A, 0x34, 0x18, 0xFF,
    0x4A, 0x38, 0x21, 0xFF, 0x42, 0x38, 0x21, 0xFF, 0x4A, 0x34, 0x18, 0xFF, 0x4A, 0x38, 0x21, 0xFF,
    0x42, 0x38, 0x21, 0xFF, 0x4A, 0x34, 0x18, 0xFF, 0x4A, 0x38, 0x21, 0xFF, 0x42, 0x38, 0x21, 0xFF,
    0x4A, 0x34, 0x18, 0xFF, 0x4A, 0x38, 0x21, 0xFF, 0x42, 0x38, 0x21, 0xFF, 0x4A, 0x34, 0x18, 0xFF,
    0x4A, 0x38, 0x21, 0xFF, 0x42, 0x38, 0x21, 0xFF, 0x4A, 0x34, 0x18, 0xFF, 0x4A, 0x38, 0x21, 0xFF,
    0x42, 0x38, 0x21, 0xFF, 0x4A, 0x34, 0x18, 0xFF, 0x4A, 0x38, 0x21, 0xFF, 0x42, 0x38, 0x21, 0xFF,
    0x4A, 0x34, 0x18, 0xFF, 0x4A, 0x38, 0x21, 0xFF, 0x42, 0x38, 0x21, 0xFF, 0x4A, 0x34, 0x18, 0xFF,
    0x4A, 0x38, 0x21, 0xFF, 0x42, 0x38, 0x21, 0xFF, 0x4A, 0x34, 0x18, 0xFF, 0x4A, 0x38, 0x21, 0xFF,
    0x42, 0x38, 0x21, 0xFF, 0x4A, 0x34, 0x18, 0xFF, 0x4A, 0x38, 0x21, 0xFF, 0x42, 0x38, 0x21, 0xFF,
    0x4A, 0x34, 0x18, 0xFF, 0x4A, 0x38, 0x21, 0xFF, 0x42, 0x38, 0x21, 0xFF, 0x4A, 0x34, 0x18, 0xFF,
    0x4A, 0x38, 0x21, 0xFF, 0x42, 0x38, 0x21, 0xFF, 0x4A, 0x34, 0x18, 0xFF, 0x4A, 0x38, 0x21, 0xFF,
    0x42, 0x38, 0x21, 0xFF, 0x4A, 0x34, 0x18, 0xFF, 0x4A, 0x38, 0x21, 0xFF, 0x42, 0x38, 0x21, 0xFF,
    0x4A, 0x34, 0x18, 0xFF, 0x4A, 0x38, 0x21, 0xFF, 0x42, 0x38, 0x21, 0xFF, 0x4A, 0x34, 0x18, 0xFF,
    0x4A, 0x38, 0x21, 0xFF, 0x42, 0x38, 0x21, 0xFF, 0x4A, 0x34, 0x18, 0xFF, 0x4A, 0x38, 0x21, 0xFF,
    0x42, 0x38, 0x21, 0xFF, 0x4A, 0x34, 0x18, 0xFF, 0x4A, 0x38, 0x21, 0xFF, 0x42, 0x38, 0x21, 0xFF,
    0x4A, 0x34, 0x18, 0xFF, 0x4A, 0x38, 0x21, 0xFF, 0x42, 0x38, 0x21, 0xFF, 0x4A, 0x34, 0x18, 0xFF,
    0x4A, 0x38, 0x21, 0xFF, 0x42, 0x38, 0x21, 0xFF, 0x4A, 0x34, 0x18, 0xFF, 0x4A, 0x38, 0x21, 0xFF,
    0x42, 0x38, 0x21, 0xFF, 0x4A, 0x34, 0x18, 0xFF, 0x4A, 0x38, 0x21, 0xFF, 0x42, 0x38, 0x21, 0xFF,
    0x4A, 0x34, 0x18, 0xFF, 0x4A, 0x38, 0x21, 0xFF, 0x42, 0x38, 0x21, 0xFF, 0x4A, 0x34, 0x18, 0xFF,
    0x4A, 0x38, 0x21, 0xFF, 0x42, 0x38, 0x21, 0xFF, 0x4A, 0x34, 0x18, 0xFF, 0x4A, 0x38, 0x21, 0xFF,
    0x42, 0x38, 0x21, 0xFF, 0x4A, 0x34, 0x18, 0xFF, 0x4A, 0x38, 0x21, 0xFF, 0x42, 0x38, 0x21, 0xFF,
    0x4A, 0x34, 0x18, 0xFF, 0x4A, 0x38, 0x21, 0xFF, 0x42, 0x38, 0x21, 0xFF, 0x4A, 0x34, 0x18, 0xFF,
    0x4A, 0x38, 0x21, 0xFF, 0x4A, 0x34, 0x21, 0xFF, 0x4A, 0x38, 0x18, 0xFF, 0x4A, 0x38, 0x21, 0xFF,
    0x4A, 0x38, 0x21, 0xFF, 0x4A, 0x38, 0x21, 0xFF, 0x4A, 0x34, 0x18, 0xFF, 0x4A, 0x38, 0x21, 0xFF,
    0x4A, 0x34, 0x21, 0xFF, 0x4A, 0x38, 0x18, 0xFF, 0x4A, 0x38, 0x21, 0xFF, 0x4A, 0x34, 0x21, 0xFF,
    0x4A, 0x38, 0x18, 0xFF, 0x4A, 0x38, 0x21, 0xFF, 0x4A, 0x34, 0x21, 0xFF, 0x4A, 0x38, 0x18, 0xFF,
    0x4A, 0x38, 0x21, 0xFF, 0x4A, 0x34, 0x21, 0xFF, 0x4A, 0x38, 0x18, 0xFF, 0x4A, 0x38, 0x21, 0xFF,
    0x4A, 0x34, 0x21, 0xFF, 0x4A, 0x38, 0x18, 0xFF, 0x4A, 0x38, 0x21, 0xFF, 0x4A, 0x34, 0x21, 0xFF,
    0x4A, 0x38, 0x18, 0xFF, 0x4A, 0x38, 0x21, 0xFF, 0x4A, 0x34, 0x21, 0xFF, 0x4A, 0x38, 0x18, 0xFF,
    0x4A, 0x38, 0x21, 0xFF, 0x4A, 0x34, 0x21, 0xFF, 0x4A, 0x38, 0x18, 0xFF, 0x4A, 0x38, 0x21, 0xFF,
    0x4A, 0x34, 0x21, 0xFF, 0x4A, 0x38, 0x18, 0xFF, 0x4A, 0x38, 0x21, 0xFF, 0x4A, 0x34, 0x21, 0xFF,
    0x4A, 0x38, 0x18, 0xFF, 0x4A, 0x38, 0x21, 0xFF, 0x4A, 0x34, 0x21, 0xFF, 0x4A, 0x38, 0x18, 0xFF,
    0x4A, 0x38, 0x21, 0xFF, 0x4A, 0x34, 0x21, 0xFF, 0x4A, 0x38, 0x18, 0xFF, 0x4A, 0x38, 0x21, 0xFF,
    0x4A, 0x34, 0x21, 0xFF, 0x4A, 0x38, 0x18, 0xFF, 0x4A, 0x38, 0x21, 0xFF, 0x4A, 0x34, 0x21, 0xFF,
    0x4A, 0x38, 0x18, 0xFF, 0x4A, 0x38, 0x21, 0xFF, 0x4A, 0x34, 0x21, 0xFF, 0x4A, 0x38, 0x18, 0xFF,
    0x4A, 0x38, 0x21, 0xFF, 0x4A, 0x34, 0x21, 0xFF, 0x4A, 0x38, 0x18, 0xFF, 0x4A, 0x38, 0x21, 0xFF,
    0x4A, 0x34, 0x21, 0xFF, 0x4A, 0x38, 0x18, 0xFF, 0x4A, 0x38, 0x21, 0xFF, 0x4A, 0x34, 0x21, 0xFF,
    0x4A, 0x38, 0x18, 0xFF, 0x4A, 0x38, 0x21, 0xFF, 0x4A, 0x34, 0x21, 0xFF, 0x4A, 0x38, 0x18, 0xFF,
    0x4A, 0x38, 0x21, 0xFF, 0x4A, 0x34, 0x21, 0xFF, 0x4A, 0x38, 0x18, 0xFF, 0x4A, 0x38, 0x21, 0xFF,
    0x4A, 0x34, 0x21, 0xFF, 0x4A, 0x38, 0x18, 0xFF, 0x4A, 0x38, 0x21, 0xFF, 0x4A, 0x34, 0x21, 0xFF,
    0x4A, 0x38, 0x18, 0xFF, 0x4A, 0x38, 0x21, 0xFF, 0x4A, 0x34, 0x21, 0xFF, 0x4A, 0x38, 0x18, 0xFF,
    0x4A, 0x38, 0x21, 0xFF, 0x4A, 0x34, 0x21, 0xFF, 0x4A, 0x38, 0x18, 0xFF, 0x4A, 0x38, 0x21, 0xFF,
    0x4A, 0x34, 0x21, 0xFF, 0x4A, 0x38, 0x18, 0xFF, 0x4A, 0x38, 0x21, 0xFF, 0x4A, 0x34, 0x21, 0xFF,
    0x4A, 0x38, 0x18, 0xFF, 0x4A, 0x38, 0x21, 0xFF, 0x4A, 0x34, 0x21, 0xFF, 0x4A, 0x38, 0x18, 0xFF,
    0x4A, 0x38, 0x21, 0xFF, 0x4A, 0x34, 0x21, 0xFF, 0x4A, 0x38, 0x18, 0xFF, 0x4A, 0x38, 0x21, 0xFF,
    0x4A, 0x34, 0x21, 0xFF, 0x4A, 0x38, 0x18, 0xFF, 0x4A, 0x38, 0x21, 0xFF, 0x4A, 0x34, 0x21, 0xFF,
    0x4A, 0x38, 0x18, 0xFF, 0x4A, 0x38, 0x21, 0xFF, 0x4A, 0x34, 0x21, 0xFF, 0x4A, 0x38, 0x18, 0xFF,
    0x4A, 0x38, 0x21, 0xFF, 0x4A, 0x34, 0x21, 0xFF, 0x4A, 0x38, 0x18, 0xFF, 0x4A, 0x38, 0x21, 0xFF,
    0x4A, 0x34, 0x21, 0xFF, 0x4A, 0x38, 0x18, 0xFF, 0x4A, 0x38, 0x21, 0xFF, 0x4A, 0x34, 0x21, 0xFF,
    0x4A, 0x38, 0x18, 0xFF, 0x4A, 0x38, 0x21, 0xFF, 0x4A, 0x34, 0x21, 0xFF, 0x4A, 0x38, 0x18, 0xFF,
    0x4A, 0x38, 0x21, 0xFF, 0x4A, 0x34, 0x21, 0xFF, 0x4A, 0x38, 0x18, 0xFF, 0x4A, 0x38, 0x21, 0xFF,
    0x4A, 0x34, 0x21, 0xFF, 0x4A, 0x38, 0x18, 0xFF, 0x4A, 0x38, 0x21, 0xFF, 0x4A, 0x34, 0x21, 0xFF,
    0x4A, 0x38, 0x18, 0xFF, 0x4A, 0x38, 0x21, 0xFF, 0x4A, 0x34, 0x21, 0xFF, 0x4A, 0x38, 0x18, 0xFF,
    0x4A, 0x38, 0x21, 0xFF, 0x4A, 0x34, 0x21, 0xFF, 0x4A, 0x38, 0x18, 0xFF, 0x4A, 0x34, 0x21, 0xFF,
    0x4A, 0x38, 0x21, 0xFF, 0x42, 0x38, 0x18, 0xFF, 0x4A, 0x34, 0x21, 0xFF, 0x4A, 0x38, 0x21, 0xFF,
    0x4A, 0x38, 0x21, 0xFF, 0x42, 0x34, 0x21, 0xFF, 0x4A, 0x38, 0x21, 0xFF, 0x42, 0x38, 0x21, 0xFF,
    0x4A, 0x34, 0x21, 0xFF, 0x4A, 0x38, 0x21, 0xFF, 0x42, 0x34, 0x21, 0xFF, 0x4A, 0x38, 0x21, 0xFF,
    0x4A, 0x34, 0x21, 0xFF, 0x42, 0x38, 0x21, 0xFF, 0x4A, 0x34, 0x21, 0xFF, 0x4A, 0x38, 0x21, 0xFF,
    0x42, 0x34, 0x21, 0xFF, 0x4A, 0x38, 0x21, 0xFF, 0x4A, 0x34, 0x21, 0xFF, 0x42, 0x38, 0x21, 0xFF,
    0x4A, 0x34, 0x21, 0xFF, 0x4A, 0x38, 0x21, 0xFF, 0x42, 0x34, 0x21, 0xFF, 0x4A, 0x38, 0x21, 0xFF,
    0x4A, 0x34, 0x21, 0xFF, 0x42, 0x38, 0x21, 0xFF, 0x4A, 0x34, 0x21, 0xFF, 0x4A, 0x38, 0x21, 0xFF,
    0x42, 0x34, 0x21, 0xFF, 0x4A, 0x38, 0x21, 0xFF, 0x4A, 0x34, 0x21, 0xFF, 0x42, 0x38, 0x21, 0xFF,
    0x4A, 0x34, 0x21, 0xFF, 0x4A, 0x38, 0x21, 0xFF, 0x42, 0x34, 0x21, 0xFF, 0x4A, 0x38, 0x21, 0xFF,
    0x4A, 0x34, 0x21, 0xFF, 0x42, 0x38, 0x21, 0xFF, 0x4A, 0x34, 0x21, 0xFF, 0x4A, 0x38, 0x21, 0xFF,
    0x42, 0x34, 0x21, 0xFF, 0x4A, 0x38, 0x21, 0xFF, 0x4A, 0x34, 0x21, 0xFF, 0x42, 0x38, 0x21, 0xFF,
    0x4A, 0x34, 0x21, 0xFF, 0x4A, 0x38, 0x21, 0xFF, 0x42, 0x34, 0x21, 0xFF, 0x4A, 0x38, 0x21, 0xFF,
    0x4A, 0x34, 0x21, 0xFF, 0x42, 0x38, 0x21, 0xFF, 0x4A, 0x34, 0x21, 0xFF, 0x4A, 0x38, 0x21, 0xFF,
    0x42, 0x34, 0x21, 0xFF, 0x4A, 0x38, 0x21, 0xFF, 0x4A, 0x34, 0x21, 0xFF, 0x42, 0x38, 0x21, 0xFF,
    0x4A, 0x34, 0x21, 0xFF, 0x4A, 0x38, 0x21, 0xFF, 0x42, 0x34, 0x21, 0xFF, 0x4A, 0x38, 0x21, 0xFF,
    0x4A, 0x34, 0x21, 0xFF, 0x42, 0x38, 0x21, 0xFF, 0x4A, 0x34, 0x21, 0xFF, 0x4A, 0x38, 0x21, 0xFF,
    0x42, 0x34, 0x21, 0xFF, 0x4A, 0x38, 0x21, 0xFF, 0x4A, 0x34, 0x21, 0xFF, 0x42, 0x38, 0x21, 0xFF,
    0x4A, 0x34, 0x21, 0xFF, 0x4A, 0x38, 0x21, 0xFF, 0x42, 0x34, 0x21, 0xFF, 0x4A, 0x38, 0x21, 0xFF,
    0x4A, 0x34, 0x21, 0xFF, 0x42, 0x38, 0x21, 0xFF, 0x4A, 0x34, 0x21, 0xFF, 0x4A, 0x38, 0x21, 0xFF,
    0x42, 0x34, 0x21, 0xFF, 0x4A, 0x38, 0x21, 0xFF, 0x4A, 0x34, 0x21, 0xFF, 0x42, 0x38, 0x21, 0xFF,
    0x4A, 0x34, 0x21, 0xFF, 0x4A, 0x38, 0x21, 0xFF, 0x42, 0x34, 0x21, 0xFF, 0x4A, 0x38, 0x21, 0xFF,
    0x4A, 0x34, 0x21, 0xFF, 0x42, 0x38, 0x21, 0xFF, 0x4A, 0x34, 0x21, 0xFF, 0x4A, 0x38, 0x21, 0xFF,
    0x42, 0x34, 0x21, 0xFF, 0x4A, 0x38, 0x21, 0xFF, 0x4A, 0x34, 0x21, 0xFF, 0x42, 0x38, 0x21, 0xFF,
    0x4A, 0x34, 0x21, 0xFF, 0x4A, 0x38, 0x21, 0xFF, 0x42, 0x34, 0x21, 0xFF, 0x4A, 0x38, 0x21, 0xFF,
    0x4A, 0x34, 0x21, 0xFF, 0x42, 0x38, 0x21, 0xFF, 0x4A, 0x34, 0x21, 0xFF, 0x4A, 0x38, 0x21, 0xFF,
    0x42, 0x34, 0x21, 0xFF, 0x4A, 0x38, 0x21, 0xFF, 0x4A, 0x34, 0x21, 0xFF, 0x42, 0x38, 0x21, 0xFF,
    0x4A, 0x34, 0x21, 0xFF, 0x4A, 0x38, 0x21, 0xFF, 0x42, 0x34, 0x21, 0xFF, 0x4A, 0x38, 0x21, 0xFF,
    0x4A, 0x34, 0x21, 0xFF, 0x42, 0x38, 0x21, 0xFF, 0x4A, 0x34, 0x21, 0xFF, 0x4A, 0x38, 0x21, 0xFF,
    0x42, 0x34, 0x21, 0xFF, 0x4A, 0x38, 0x21, 0xFF, 0x4A, 0x34, 0x21, 0xFF, 0x42, 0x38, 0x21, 0xFF,
    0x4A, 0x34, 0x21, 0xFF, 0x4A, 0x38, 0x21, 0xFF, 0x42, 0x34, 0x21, 0xFF, 0x4A, 0x38, 0x21, 0xFF,
    0x4A, 0x34, 0x21, 0xFF, 0x42, 0x38, 0x21, 0xFF, 0x4A, 0x34, 0x21, 0xFF, 0x4A, 0x38, 0x21, 0xFF,
    0x42, 0x34, 0x21, 0xFF, 0x4A, 0x38, 0x21, 0xFF, 0x4A, 0x38, 0x21, 0xFF, 0x42, 0x38, 0x21, 0xFF,
    0x4A, 0x34, 0x21, 0xFF, 0x4A, 0x38, 0x21, 0xFF, 0x4A, 0x34, 0x21, 0xFF, 0x42, 0x38, 0x21, 0xFF,
    0x4A, 0x38, 0x21, 0xFF, 0x4A, 0x38, 0x18, 0xFF, 0x4A, 0x34, 0x21, 0xFF, 0x4A, 0x38, 0x18, 0xFF,
    0x4A, 0x34, 0x21, 0xFF, 0x4A, 0x38, 0x21, 0xFF, 0x4A, 0x38, 0x18, 0xFF, 0x4A, 0x38, 0x21, 0xFF,
    0x4A, 0x38, 0x21, 0xFF, 0x4A, 0x34, 0x18, 0xFF, 0x4A, 0x38, 0x21, 0xFF, 0x4A, 0x38, 0x21, 0xFF,
    0x4A, 0x38, 0x18, 0xFF, 0x4A, 0x38, 0x21, 0xFF, 0x4A, 0x38, 0x21, 0xFF, 0x4A, 0x34, 0x18, 0xFF,
    0x4A, 0x38, 0x21, 0xFF, 0x4A, 0x38, 0x21, 0xFF, 0x4A, 0x38, 0x18, 0xFF, 0x4A, 0x38, 0x21, 0xFF,
    0x4A, 0x38, 0x21, 0xFF, 0x4A, 0x34, 0x18, 0xFF, 0x4A, 0x38, 0x21, 0xFF, 0x4A, 0x38, 0x21, 0xFF,
    0x4A, 0x38, 0x18, 0xFF, 0x4A, 0x38, 0x21, 0xFF, 0x4A, 0x38, 0x21, 0xFF, 0x4A, 0x34, 0x18, 0xFF,
    0x4A, 0x38, 0x21, 0xFF, 0x4A, 0x38, 0x21, 0xFF, 0x4A, 0x38, 0x18, 0xFF, 0x4A, 0x38, 0x21, 0xFF,
    0x4A, 0x38, 0x21, 0xFF, 0x4A, 0x34, 0x18, 0xFF, 0x4A, 0x38, 0x21, 0xFF, 0x4A, 0x38, 0x21, 0xFF,
    0x4A, 0x38, 0x18, 0xFF, 0x4A, 0x38, 0x21, 0xFF, 0x4A, 0x38, 0x21, 0xFF, 0x4A, 0x34, 0x18, 0xFF,
    0x4A, 0x38, 0x21, 0xFF, 0x4A, 0x38, 0x21, 0xFF, 0x4A, 0x38, 0x18, 0xFF, 0x4A, 0x38, 0x21, 0xFF,
    0x4A, 0x38, 0x21, 0xFF, 0x4A, 0x34, 0x18, 0xFF, 0x4A, 0x38, 0x21, 0xFF, 0x4A, 0x38, 0x21, 0xFF,
    0x4A, 0x38, 0x18, 0xFF, 0x4A, 0x38, 0x21, 0xFF, 0x4A, 0x38, 0x21, 0xFF, 0x4A, 0x34, 0x18, 0xFF,
    0x4A, 0x38, 0x21, 0xFF, 0x4A, 0x38, 0x21, 0xFF, 0x4A, 0x38, 0x18, 0xFF, 0x4A, 0x38, 0x21, 0xFF,
    0x4A, 0x38, 0x21, 0xFF, 0x4A, 0x34, 0x18, 0xFF, 0x4A, 0x38, 0x21, 0xFF, 0x4A, 0x38, 0x21, 0xFF,
    0x4A, 0x38, 0x18, 0xFF, 0x4A, 0x38, 0x21, 0xFF, 0x4A, 0x38, 0x21, 0xFF, 0x4A, 0x34, 0x18, 0xFF,
    0x4A, 0x38, 0x21, 0xFF, 0x4A, 0x38, 0x21, 0xFF, 0x4A, 0x38, 0x18, 0xFF, 0x4A, 0x38, 0x21, 0xFF,
    0x4A, 0x38, 0x21, 0xFF, 0x4A, 0x34, 0x18, 0xFF, 0x4A, 0x38, 0x21, 0xFF, 0x4A, 0x38, 0x21, 0xFF,
    0x4A, 0x38, 0x18, 0xFF, 0x4A, 0x38, 0x21, 0xFF, 0x4A, 0x38, 0x21, 0xFF, 0x4A, 0x34, 0x18, 0xFF,
    0x4A, 0x38, 0x21, 0xFF, 0x4A, 0x38, 0x21, 0xFF, 0x4A, 0x38, 0x18, 0xFF, 0x4A, 0x38, 0x21, 0xFF,
    0x4A, 0x38, 0x21, 0xFF, 0x4A, 0x34, 0x18, 0xFF, 0x4A, 0x38, 0x21, 0xFF, 0x4A, 0x38, 0x21, 0xFF,
    0x4A, 0x38, 0x18, 0xFF, 0x4A, 0x38, 0x21, 0xFF, 0x4A, 0x38, 0x21, 0xFF, 0x4A, 0x34, 0x18, 0xFF,
    0x4A, 0x38, 0x21, 0xFF, 0x4A, 0x38, 0x21, 0xFF, 0x4A, 0x38, 0x18, 0xFF, 0x4A, 0x38, 0x21, 0xFF,
    0x4A, 0x38, 0x21, 0xFF, 0x4A, 0x34, 0x18, 0xFF, 0x4A, 0x38, 0x21, 0xFF, 0x4A, 0x38, 0x21, 0xFF,
    0x4A, 0x38, 0x18, 0xFF, 0x4A, 0x38, 0x21, 0xFF, 0x4A, 0x38, 0x21, 0xFF, 0x4A, 0x34, 0x18, 0xFF,
    0x4A, 0x38, 0x21, 0xFF, 0x4A, 0x38, 0x21, 0xFF, 0x4A, 0x38, 0x18, 0xFF, 0x4A, 0x38, 0x21, 0xFF,
    0x4A, 0x38, 0x21, 0xFF, 0x4A, 0x34, 0x18, 0xFF, 0x4A, 0x38, 0x21, 0xFF, 0x4A, 0x38, 0x21, 0xFF,
    0x4A, 0x38, 0x18, 0xFF, 0x4A, 0x38, 0x21, 0xFF, 0x4A, 0x38, 0x21, 0xFF, 0x4A, 0x34, 0x18, 0xFF,
    0x4A, 0x38, 0x21, 0xFF, 0x4A, 0x38, 0x21, 0xFF, 0x4A, 0x38, 0x18, 0xFF, 0x4A, 0x38, 0x21, 0xFF,
    0x4A, 0x38, 0x21, 0xFF, 0x4A, 0x34, 0x18, 0xFF, 0x4A, 0x38, 0x21, 0xFF, 0x4A, 0x38, 0x21, 0xFF,
    0x4A, 0x38, 0x18, 0xFF, 0x4A, 0x34, 0x21, 0xFF, 0x4A, 0x38, 0x21, 0xFF, 0x4A, 0x34, 0x18, 0xFF,
    0x4A, 0x38, 0x21, 0xFF, 0x4A, 0x38, 0x21, 0xFF, 0x4A, 0x34, 0x18, 0xFF, 0x4A, 0x38, 0x21, 0xFF,
    0x4A, 0x38, 0x21, 0xFF, 0x4A, 0x38, 0x21, 0xFF, 0x4A, 0x38, 0x21, 0xFF, 0x4A, 0x38, 0x21, 0xFF,
    0x4A, 0x38, 0x21, 0xFF, 0x4A, 0x38, 0x21, 0xFF, 0x4A, 0x38, 0x21, 0xFF, 0x4A, 0x38, 0x21, 0xFF,
    0x4A, 0x38, 0x21, 0xFF, 0x4A, 0x38, 0x21, 0xFF, 0x4A, 0x38, 0x21, 0xFF, 0x4A, 0x38, 0x21, 0xFF,
    0x4A, 0x38, 0x21, 0xFF, 0x4A, 0x38, 0x21, 0xFF, 0x4A, 0x38, 0x21, 0xFF, 0x4A, 0x38, 0x21, 0xFF,
    0x4A, 0x38, 0x21, 0xFF, 0x4A, 0x38, 0x21, 0xFF, 0x4A, 0x38, 0x21, 0xFF, 0x4A, 0x38, 0x21, 0xFF,
    0x4A, 0x38, 0x21, 0xFF, 0x4A, 0x38, 0x21, 0xFF, 0x4A, 0x38, 0x21, 0xFF, 0x4A, 0x38, 0x21, 0xFF,
    0x4A, 0x38, 0x21, 0xFF, 0x4A, 0x38, 0x21, 0xFF, 0x4A, 0x38, 0x21, 0xFF, 0x4A, 0x38, 0x21, 0xFF,
    0x4A, 0x38, 0x21, 0xFF, 0x4A, 0x38, 0x21, 0xFF, 0x4A, 0x38, 0x21, 0xFF, 0x4A, 0x38, 0x21, 0xFF,
    0x4A, 0x38, 0x21, 0xFF, 0x4A, 0x38, 0x21, 0xFF, 0x4A, 0x38, 0x21, 0xFF, 0x4A, 0x38, 0x21, 0xFF,
    0x4A, 0x38, 0x21, 0xFF, 0x4A, 0x38, 0x21, 0xFF, 0x4A, 0x38, 0x21, 0xFF, 0x4A, 0x38, 0x21, 0xFF,
    0x4A, 0x38, 0x21, 0xFF, 0x4A, 0x38, 0x21, 0xFF, 0x4A, 0x38, 0x21, 0xFF, 0x4A, 0x38, 0x21, 0xFF,
    0x4A, 0x38, 0x21, 0xFF, 0x4A, 0x38, 0x21, 0xFF, 0x4A, 0x38, 0x21, 0xFF, 0x4A, 0x38, 0x21, 0xFF,
    0x4A, 0x38, 0x21, 0xFF, 0x4A, 0x38, 0x21, 0xFF, 0x4A, 0x38, 0x21, 0xFF, 0x4A, 0x38, 0x21, 0xFF,
    0x4A, 0x38, 0x21, 0xFF, 0x4A, 0x38, 0x21, 0xFF, 0x4A, 0x38, 0x21, 0xFF, 0x4A, 0x38, 0x21, 0xFF,
    0x4A, 0x38, 0x21, 0xFF, 0x4A, 0x38, 0x21, 0xFF, 0x4A, 0x38, 0x21, 0xFF, 0x4A, 0x38, 0x21, 0xFF,
    0x4A, 0x38, 0x21, 0xFF, 0x4A, 0x38, 0x21, 0xFF, 0x4A, 0x38, 0x21, 0xFF, 0x4A, 0x38, 0x21, 0xFF,
    0x4A, 0x38, 0x21, 0xFF, 0x4A, 0x38, 0x21, 0xFF, 0x4A, 0x38, 0x21, 0xFF, 0x4A, 0x38, 0x21, 0xFF,
    0x4A, 0x38, 0x21, 0xFF, 0x4A, 0x38, 0x21, 0xFF, 0x4A, 0x38, 0x21, 0xFF, 0x4A, 0x38, 0x21, 0xFF,
    0x4A, 0x38, 0x21, 0xFF, 0x4A, 0x38, 0x21, 0xFF, 0x4A, 0x38, 0x21, 0xFF, 0x4A, 0x38, 0x21, 0xFF,
    0x4A, 0x38, 0x21, 0xFF, 0x4A, 0x38, 0x21, 0xFF, 0x4A, 0x38, 0x21, 0xFF, 0x4A, 0x38, 0x21, 0xFF,
    0x4A, 0x38, 0x21, 0xFF, 0x4A, 0x38, 0x21, 0xFF, 0x4A, 0x38, 0x21, 0xFF, 0x4A, 0x38, 0x21, 0xFF,
    0x4A, 0x38, 0x21, 0xFF, 0x4A, 0x38, 0x21, 0xFF, 0x4A, 0x38, 0x21, 0xFF, 0x4A, 0x38, 0x21, 0xFF,
    0x4A, 0x38, 0x21, 0xFF, 0x4A, 0x38, 0x21, 0xFF, 0x4A, 0x38, 0x21, 0xFF, 0x4A, 0x38, 0x21, 0xFF,
    0x4A, 0x38, 0x21, 0xFF, 0x4A, 0x38, 0x21, 0xFF, 0x4A, 0x38, 0x21, 0xFF, 0x4A, 0x38, 0x21, 0xFF,
    0x4A, 0x38, 0x21, 0xFF, 0x4A, 0x38, 0x21, 0xFF, 0x4A, 0x38, 0x21, 0xFF, 0x4A, 0x38, 0x21, 0xFF,
    0x4A, 0x38, 0x21, 0xFF, 0x4A, 0x38, 0x21, 0xFF, 0x4A, 0x38, 0x21, 0xFF, 0x4A, 0x38, 0x21, 0xFF,
    0x4A, 0x38, 0x21, 0xFF, 0x4A, 0x38, 0x21, 0xFF, 0x4A, 0x38, 0x21, 0xFF, 0x4A, 0x38, 0x21, 0xFF,
    0x4A, 0x38, 0x21, 0xFF, 0x4A, 0x38, 0x21, 0xFF, 0x4A, 0x38, 0x21, 0xFF, 0x4A, 0x38, 0x21, 0xFF,
    0x4A, 0x38, 0x21, 0xFF, 0x4A, 0x38, 0x21, 0xFF, 0x4A, 0x38, 0x21, 0xFF, 0x4A, 0x38, 0x21, 0xFF,
    0x4A, 0x38, 0x21, 0xFF, 0x4A, 0x38, 0x21, 0xFF, 0x4A, 0x38, 0x21, 0xFF, 0x4A, 0x38, 0x21, 0xFF,
    0x4A, 0x38, 0x21, 0xFF, 0x4A, 0x38, 0x21, 0xFF, 0x4A, 0x38, 0x21, 0xFF, 0x4A, 0x38, 0x21, 0xFF,
    0x4A, 0x38, 0x21, 0xFF, 0x4A, 0x38, 0x21, 0xFF, 0x4A, 0x38, 0x21, 0xFF, 0x4A, 0x38, 0x21, 0xFF,
    0x4A, 0x38, 0x21, 0xFF, 0x4A, 0x38, 0x21, 0xFF, 0x4A, 0x38, 0x21, 0xFF, 0x4A, 0x38, 0x21, 0xFF,
    0x4A, 0x38, 0x21, 0xFF, 0x4A, 0x38, 0x21, 0xFF, 0x4A, 0x38, 0x21, 0xFF, 0x4A, 0x38, 0x21, 0xFF,
    0x4A, 0x38, 0x21, 0xFF, 0x4A, 0x38, 0x21, 0xFF, 0x4A, 0x38, 0x21, 0xFF, 0x4A, 0x38, 0x21, 0xFF,
    0x4A, 0x38, 0x21, 0xFF, 0x4A, 0x38, 0x21, 0xFF, 0x4A, 0x38, 0x21, 0xFF, 0x4A, 0x38, 0x21, 0xFF,
    0x4A, 0x38, 0x21, 0xFF, 0x4A, 0x38, 0x21, 0xFF, 0x4A, 0x38, 0x21, 0xFF, 0x4A, 0x38, 0x21, 0xFF,
    0x4A, 0x38, 0x21, 0xFF, 0x4A, 0x38, 0x21, 0xFF, 0x4A, 0x38, 0x21, 0xFF, 0x4A, 0x38, 0x21, 0xFF,
    0x4A, 0x38, 0x21, 0xFF, 0x4A, 0x38, 0x21, 0xFF, 0x4A, 0x38, 0x21, 0xFF, 0x4A, 0x38, 0x21, 0xFF,
    0x4A, 0x38, 0x21, 0xFF, 0x4A, 0x38, 0x21, 0xFF, 0x4A, 0x38, 0x21, 0xFF, 0x4A, 0x38, 0x21, 0xFF,
    0x4A, 0x38, 0x21, 0xFF, 0x4A, 0x38, 0x21, 0xFF, 0x4A, 0x38, 0x21, 0xFF, 0x4A, 0x38, 0x21, 0xFF,
    0x4A, 0x38, 0x21, 0xFF, 0x4A, 0x38, 0x21, 0xFF, 0x4A, 0x38, 0x21, 0xFF, 0x4A, 0x38, 0x21, 0xFF,
    0x4A, 0x38, 0x21, 0xFF, 0x4A, 0x38, 0x21, 0xFF, 0x4A, 0x38, 0x21, 0xFF, 0x4A, 0x38, 0x21, 0xFF,
    0x4A, 0x38, 0x21, 0xFF, 0x4A, 0x38, 0x21, 0xFF, 0x4A, 0x38, 0x21, 0xFF, 0x4A, 0x38, 0x21, 0xFF,
    0x4A, 0x38, 0x21, 0xFF, 0x4A, 0x38, 0x21, 0xFF, 0x4A, 0x38, 0x21, 0xFF, 0x4A, 0x38, 0x21, 0xFF,
    0x4A, 0x38, 0x21, 0xFF, 0x4A, 0x38, 0x21, 0xFF, 0x4A, 0x38, 0x21, 0xFF, 0x4A, 0x38, 0x21, 0xFF,
    0x4A, 0x38, 0x21, 0xFF, 0x4A, 0x38, 0x21, 0xFF, 0x4A, 0x38, 0x21, 0xFF, 0x4A, 0x38, 0x21, 0xFF,
    0x4A, 0x38, 0x21, 0xFF, 0x4A, 0x38, 0x21, 0xFF, 0x4A, 0x38, 0x21, 0xFF, 0x4A, 0x38, 0x21, 0xFF,
    0x4A, 0x38, 0x21, 0xFF, 0x4A, 0x38, 0x21, 0xFF, 0x4A, 0x38, 0x21, 0xFF, 0x4A, 0x38, 0x21, 0xFF,
    0x4A, 0x38, 0x21, 0xFF, 0x4A, 0x38, 0x21, 0xFF, 0x4A, 0x38, 0x21, 0xFF, 0x4A, 0x38, 0x21, 0xFF,
    0x4A, 0x38, 0x21, 0xFF, 0x4A, 0x38, 0x21, 0xFF, 0x4A, 0x38, 0x21, 0xFF, 0x4A, 0x38, 0x21, 0xFF,
    0x4A, 0x38, 0x21, 0xFF, 0x4A, 0x38, 0x21, 0xFF, 0x4A, 0x38, 0x21, 0xFF, 0x4A, 0x38, 0x21, 0xFF,
    0x4A, 0x38, 0x21, 0xFF, 0x4A, 0x38, 0x21, 0xFF, 0x4A, 0x38, 0x21, 0xFF, 0x4A, 0x38, 0x21, 0xFF,
    0x4A, 0x38, 0x21, 0xFF, 0x4A, 0x38, 0x21, 0xFF, 0x4A, 0x38, 0x21, 0xFF, 0x4A, 0x38, 0x21, 0xFF,
    0x4A, 0x38, 0x21, 0xFF, 0x4A, 0x38, 0x21, 0xFF, 0x4A, 0x38, 0x21, 0xFF, 0x4A, 0x38, 0x21, 0xFF,
    0x4A, 0x38, 0x21, 0xFF, 0x4A, 0x38, 0x21, 0xFF, 0x4A, 0x38, 0x21, 0xFF, 0x4A, 0x38, 0x21, 0xFF,
    0x4A, 0x38, 0x21, 0xFF, 0x4A, 0x38, 0x21, 0xFF, 0x4A, 0x38, 0x21, 0xFF, 0x4A, 0x38, 0x21, 0xFF,
    0x4A, 0x38, 0x21, 0xFF, 0x4A, 0x38, 0x21, 0xFF, 0x4A, 0x38, 0x21, 0xFF, 0x4A, 0x38, 0x21, 0xFF,
    0x4A, 0x38, 0x21, 0xFF, 0x4A, 0x38, 0x21, 0xFF, 0x4A, 0x38, 0x21, 0xFF, 0x4A, 0x38, 0x21, 0xFF,
    0x4A, 0x38, 0x21, 0xFF, 0x4A, 0x38, 0x21, 0xFF, 0x4A, 0x38, 0x21, 0xFF, 0x4A, 0x38, 0x21, 0xFF,
    0x4A, 0x38, 0x21, 0xFF, 0x4A, 0x38, 0x21, 0xFF, 0x4A, 0x38, 0x21, 0xFF, 0x4A, 0x38, 0x21, 0xFF,
    0x4A, 0x38, 0x21, 0xFF, 0x4A, 0x38, 0x21, 0xFF, 0x4A, 0x38, 0x21, 0xFF, 0x4A, 0x38, 0x21, 0xFF,
    0x4A, 0x38, 0x21, 0xFF, 0x4A, 0x38, 0x21, 0xFF, 0x4A, 0x38, 0x21, 0xFF, 0x4A, 0x38, 0x21, 0xFF,
    0x4A, 0x38, 0x21, 0xFF, 0x4A, 0x38, 0x21, 0xFF, 0x4A, 0x38, 0x21, 0xFF, 0x4A, 0x38, 0x21, 0xFF,
    0x4A, 0x38, 0x21, 0xFF, 0x4A, 0x38, 0x21, 0xFF, 0x4A, 0x38, 0x21, 0xFF, 0x4A, 0x38, 0x21, 0xFF,
    0x4A, 0x38, 0x21, 0xFF, 0x4A, 0x38, 0x21, 0xFF, 0x4A, 0x38, 0x21, 0xFF, 0x4A, 0x38, 0x21, 0xFF,
    0x4A, 0x38, 0x21, 0xFF, 0x4A, 0x38, 0x21, 0xFF, 0x4A, 0x38, 0x21, 0xFF, 0x4A, 0x38, 0x21, 0xFF,
    0x4A, 0x38, 0x21, 0xFF, 0x4A, 0x38, 0x21, 0xFF, 0x4A, 0x38, 0x21, 0xFF, 0x4A, 0x38, 0x21, 0xFF,
    0x4A, 0x38, 0x21, 0xFF, 0x4A, 0x38, 0x21, 0xFF, 0x4A, 0x38, 0x21, 0xFF, 0x4A, 0x38, 0x21, 0xFF,
    0x4A, 0x38, 0x21, 0xFF, 0x4A, 0x38, 0x21, 0xFF, 0x4A, 0x38, 0x21, 0xFF, 0x4A, 0x38, 0x21, 0xFF,
    0x4A, 0x38, 0x21, 0xFF, 0x4A, 0x38, 0x21, 0xFF, 0x4A, 0x38, 0x21, 0xFF, 0x4A, 0x38, 0x21, 0xFF,
    0x4A, 0x38, 0x21, 0xFF, 0x4A, 0x38, 0x21, 0xFF, 0x4A, 0x38, 0x21, 0xFF, 0x4A, 0x38, 0x21, 0xFF,
    0x4A, 0x38, 0x21, 0xFF, 0x4A, 0x38, 0x21, 0xFF, 0x4A, 0x38, 0x21, 0xFF, 0x4A, 0x38, 0x21, 0xFF,
    0x4A, 0x38, 0x21, 0xFF, 0x4A, 0x38, 0x21, 0xFF, 0x4A, 0x38, 0x21, 0xFF, 0x4A, 0x38, 0x21, 0xFF,
    0x4A, 0x38, 0x21, 0xFF, 0x4A, 0x38, 0x21, 0xFF, 0x4A, 0x38, 0x21, 0xFF, 0x4A, 0x38, 0x21, 0xFF,
    0x4A, 0x38, 0x21, 0xFF, 0x4A, 0x38, 0x21, 0xFF, 0x4A, 0x38, 0x21, 0xFF, 0x4A, 0x38, 0x21, 0xFF,
    0x4A, 0x38, 0x21, 0xFF, 0x4A, 0x38, 0x21, 0xFF, 0x4A, 0x38, 0x21, 0xFF, 0x4A, 0x38, 0x21, 0xFF,
    0x4A, 0x38, 0x21, 0xFF, 0x4A, 0x38, 0x21, 0xFF, 0x4A, 0x38, 0x21, 0xFF, 0x4A, 0x38, 0x21, 0xFF,
    0x4A, 0x38, 0x21, 0xFF, 0x4A, 0x38, 0x21, 0xFF, 0x4A, 0x38, 0x21, 0xFF, 0x4A, 0x38, 0x21, 0xFF,
    0x4A, 0x38, 0x21, 0xFF, 0x4A, 0x38, 0x21, 0xFF, 0x4A, 0x38, 0x21, 0xFF, 0x4A, 0x38, 0x21, 0xFF,
    0x4A, 0x38, 0x21, 0xFF, 0x4A, 0x38, 0x21, 0xFF, 0x4A, 0x38, 0x21, 0xFF, 0x4A, 0x38, 0x21, 0xFF,
    0x4A, 0x38, 0x21, 0xFF, 0x4A, 0x38, 0x21, 0xFF, 0x4A, 0x38, 0x21, 0xFF, 0x4A, 0x38, 0x21, 0xFF,
    0x4A, 0x38, 0x21, 0xFF, 0x4A, 0x38, 0x21, 0xFF, 0x4A, 0x38, 0x21, 0xFF, 0x4A, 0x38, 0x21, 0xFF,
    0x4A, 0x38, 0x21, 0xFF, 0x4A, 0x38, 0x21, 0xFF, 0x4A, 0x38, 0x21, 0xFF, 0x4A, 0x38, 0x21, 0xFF,
    0x4A, 0x38, 0x21, 0xFF, 0x4A, 0x38, 0x21, 0xFF, 0x4A, 0x38, 0x21, 0xFF, 0x4A, 0x38, 0x21, 0xFF,
    0x4A, 0x38, 0x21, 0xFF, 0x4A, 0x38, 0x21, 0xFF, 0x4A, 0x38, 0x21, 0xFF, 0x4A, 0x38, 0x21, 0xFF,
    0x4A, 0x38, 0x21, 0xFF, 0x4A, 0x38, 0x21, 0xFF, 0x4A, 0x38, 0x21, 0xFF, 0x4A, 0x38, 0x21, 0xFF,
    0x4A, 0x38, 0x21, 0xFF, 0x4A, 0x38, 0x21, 0xFF, 0x4A, 0x38, 0x21, 0xFF, 0x4A, 0x38, 0x21, 0xFF,
    0x4A, 0x38, 0x21, 0xFF, 0x4A, 0x38, 0x21, 0xFF, 0x4A, 0x38, 0x21, 0xFF, 0x4A, 0x38, 0x21, 0xFF,
    0x4A, 0x38, 0x21, 0xFF, 0x4A, 0x38, 0x21, 0xFF, 0x4A, 0x38, 0x21, 0xFF, 0x4A, 0x38, 0x21, 0xFF,
    0x4A, 0x38, 0x21, 0xFF, 0x4A, 0x38, 0x21, 0xFF, 0x4A, 0x38, 0x21, 0xFF, 0x4A, 0x38, 0x21, 0xFF,
    0x4A, 0x38, 0x21, 0xFF, 0x4A, 0x38, 0x21, 0xFF, 0x4A, 0x38, 0x21, 0xFF, 0x4A, 0x38, 0x21, 0xFF,
    0x4A, 0x38, 0x21, 0xFF, 0x4A, 0x38, 0x21, 0xFF, 0x4A, 0x38, 0x21, 0xFF, 0x4A, 0x38, 0x21, 0xFF,
    0x4A, 0x38, 0x21, 0xFF, 0x4A, 0x38, 0x21, 0xFF, 0x4A, 0x38, 0x21, 0xFF, 0x4A, 0x38, 0x21, 0xFF,
    0x4A, 0x38, 0x21, 0xFF, 0x4A, 0x38, 0x21, 0xFF, 0x4A, 0x38, 0x21, 0xFF, 0x4A, 0x38, 0x21, 0xFF,
    0x4A, 0x38, 0x21, 0xFF, 0x4A, 0x38, 0x21, 0xFF, 0x4A, 0x38, 0x21, 0xFF, 0x4A, 0x38, 0x21, 0xFF,
    0x4A, 0x38, 0x21, 0xFF, 0x4A, 0x38, 0x21, 0xFF, 0x4A, 0x38, 0x21, 0xFF, 0x4A, 0x38, 0x21, 0xFF,
    0x4A, 0x38, 0x21, 0xFF, 0x4A, 0x38, 0x21, 0xFF, 0x4A, 0x38, 0x21, 0xFF, 0x4A, 0x38, 0x21, 0xFF,
    0x4A, 0x38, 0x21, 0xFF, 0x4A, 0x38, 0x21, 0xFF, 0x4A, 0x38, 0x21, 0xFF, 0x4A, 0x38, 0x21, 0xFF,
    0x4A, 0x38, 0x21, 0xFF, 0x4A, 0x38, 0x21, 0xFF, 0x4A, 0x38, 0x21, 0xFF, 0x4A, 0x38, 0x21, 0xFF,
    0x4A, 0x38, 0x21, 0xFF, 0x4A, 0x38, 0x21, 0xFF, 0x4A, 0x38, 0x21, 0xFF, 0x4A, 0x38, 0x21, 0xFF,
    0x4A, 0x38, 0x21, 0xFF, 0x4A, 0x38, 0x21, 0xFF, 0x4A, 0x38, 0x21, 0xFF, 0x4A, 0x38, 0x21, 0xFF,
    0x4A, 0x38, 0x21, 0xFF, 0x4A, 0x38, 0x21, 0xFF, 0x4A, 0x38, 0x21, 0xFF, 0x4A, 0x38, 0x21, 0xFF,
    0x4A, 0x38, 0x21, 0xFF, 0x4A, 0x38, 0x21, 0xFF, 0x4A, 0x38, 0x21, 0xFF, 0x4A, 0x38, 0x21, 0xFF,
    0x4A, 0x38, 0x21, 0xFF, 0x4A, 0x38, 0x21, 0xFF, 0x4A, 0x38, 0x21, 0xFF, 0x4A, 0x38, 0x21, 0xFF,
    0x4A, 0x38, 0x21, 0xFF, 0x4A, 0x38, 0x21, 0xFF, 0x4A, 0x38, 0x21, 0xFF, 0x4A, 0x38, 0x21, 0xFF,
    0x4A, 0x38, 0x21, 0xFF, 0x4A, 0x38, 0x21, 0xFF, 0x4A, 0x38, 0x21, 0xFF, 0x4A, 0x38, 0x21, 0xFF,
    0x4A, 0x38, 0x21, 0xFF, 0x4A, 0x38, 0x21, 0xFF, 0x4A, 0x38, 0x21, 0xFF, 0x4A, 0x38, 0x21, 0xFF,
    0x4A, 0x38, 0x21, 0xFF, 0x4A, 0x38, 0x21, 0xFF, 0x4A, 0x38, 0x21, 0xFF, 0x4A, 0x38, 0x21, 0xFF,
    0x4A, 0x38, 0x21, 0xFF, 0x4A, 0x38, 0x21, 0xFF, 0x4A, 0x38, 0x21, 0xFF, 0x4A, 0x38, 0x21, 0xFF,
    0x4A, 0x38, 0x21, 0xFF, 0x4A, 0x38, 0x21, 0xFF, 0x4A, 0x38, 0x21, 0xFF, 0x4A, 0x38, 0x21, 0xFF,
    0x4A, 0x38, 0x21, 0xFF, 0x4A, 0x38, 0x21, 0xFF, 0x4A, 0x38, 0x21, 0xFF, 0x4A, 0x38, 0x21, 0xFF,
    0x4A, 0x38, 0x21, 0xFF, 0x4A, 0x38, 0x21, 0xFF, 0x4A, 0x38, 0x21, 0xFF, 0x4A, 0x38, 0x21, 0xFF,
    0x4A, 0x38, 0x21, 0xFF, 0x4A, 0x38, 0x21, 0xFF, 0x4A, 0x38, 0x21, 0xFF, 0x4A, 0x38, 0x21, 0xFF,
    0x4A, 0x38, 0x21, 0xFF, 0x4A, 0x38, 0x21, 0xFF, 0x4A, 0x38, 0x21, 0xFF, 0x4A, 0x38, 0x21, 0xFF,
    0x4A, 0x38, 0x21, 0xFF, 0x4A, 0x38, 0x21, 0xFF, 0x4A, 0x38, 0x21, 0xFF, 0x4A, 0x38, 0x21, 0xFF,
    0x4A, 0x38, 0x21, 0xFF, 0x4A, 0x38, 0x21, 0xFF, 0x4A, 0x38, 0x21, 0xFF, 0x4A, 0x38, 0x21, 0xFF,
    0x4A, 0x38, 0x21, 0xFF, 0x4A, 0x38, 0x21, 0xFF, 0x4A, 0x38, 0x21, 0xFF, 0x4A, 0x38, 0x21, 0xFF,
    0x4A, 0x38, 0x21, 0xFF, 0x4A, 0x38, 0x21, 0xFF, 0x4A, 0x38, 0x21, 0xFF, 0x4A, 0x38, 0x21, 0xFF,
    0x4A, 0x38, 0x21, 0xFF, 0x4A, 0x38, 0x21, 0xFF, 0x4A, 0x38, 0x21, 0xFF, 0x4A, 0x38, 0x21, 0xFF,
    0x4A, 0x38, 0x21, 0xFF, 0x4A, 0x38, 0x21, 0xFF, 0x4A, 0x38, 0x21, 0xFF, 0x4A, 0x38, 0x21, 0xFF,
    0x4A, 0x38, 0x21, 0xFF, 0x4A, 0x38, 0x21, 0xFF, 0x4A, 0x38, 0x21, 0xFF, 0x4A, 0x38, 0x21, 0xFF,
    0x4A, 0x38, 0x21, 0xFF, 0x4A, 0x38, 0x21, 0xFF, 0x4A, 0x38, 0x21, 0xFF, 0x4A, 0x38, 0x21, 0xFF,
    0x4A, 0x38, 0x21, 0xFF, 0x4A, 0x38, 0x21, 0xFF, 0x4A, 0x38, 0x21, 0xFF, 0x4A, 0x38, 0x21, 0xFF,
    0x4A, 0x38, 0x21, 0xFF, 0x4A, 0x38, 0x21, 0xFF, 0x4A, 0x38, 0x21, 0xFF, 0x4A, 0x38, 0x21, 0xFF,
    0x4A, 0x38, 0x21, 0xFF, 0x4A, 0x38, 0x21, 0xFF, 0x4A, 0x38, 0x21, 0xFF, 0x4A, 0x38, 0x21, 0xFF,
    0x4A, 0x38, 0x21, 0xFF, 0x4A, 0x38, 0x21, 0xFF, 0x4A, 0x38, 0x21, 0xFF, 0x4A, 0x38, 0x21, 0xFF,
    0x4A, 0x38, 0x21, 0xFF, 0x4A, 0x38, 0x21, 0xFF, 0x4A, 0x38, 0x21, 0xFF, 0x4A, 0x38, 0x21, 0xFF,
    0x4A, 0x38, 0x21, 0xFF, 0x4A, 0x38, 0x21, 0xFF, 0x4A, 0x38, 0x21, 0xFF, 0x4A, 0x38, 0x21, 0xFF,
    0x4A, 0x38, 0x21, 0xFF, 0x4A, 0x38, 0x21, 0xFF, 0x4A, 0x38, 0x21, 0xFF, 0x4A, 0x38, 0x21, 0xFF,
    0x4A, 0x38, 0x21, 0xFF, 0x4A, 0x38, 0x21, 0xFF, 0x4A, 0x38, 0x21, 0xFF, 0x4A, 0x38, 0x21, 0xFF,
    0x4A, 0x38, 0x21, 0xFF, 0x4A, 0x38, 0x21, 0xFF, 0x4A, 0x38, 0x21, 0xFF, 0x4A, 0x38, 0x21, 0xFF,
    0x4A, 0x38, 0x21, 0xFF, 0x4A, 0x38, 0x21, 0xFF, 0x4A, 0x38, 0x21, 0xFF, 0x4A, 0x38, 0x21, 0xFF,
    0x4A, 0x38, 0x21, 0xFF, 0x4A, 0x38, 0x21, 0xFF, 0x4A, 0x38, 0x21, 0xFF, 0x4A, 0x38, 0x21, 0xFF,
    0x4A, 0x38, 0x21, 0xFF, 0x4A, 0x38, 0x21, 0xFF, 0x4A, 0x38, 0x21, 0xFF, 0x4A, 0x38, 0x21, 0xFF,
    0x4A, 0x38, 0x21, 0xFF, 0x4A, 0x38, 0x21, 0xFF, 0x4A, 0x38, 0x21, 0xFF, 0x4A, 0x38, 0x21, 0xFF,
    0x4A, 0x38, 0x21, 0xFF, 0x4A, 0x38, 0x21, 0xFF, 0x4A, 0x38, 0x21, 0xFF, 0x4A, 0x38, 0x21, 0xFF,
    0x4A, 0x38, 0x21, 0xFF, 0x4A, 0x38, 0x21, 0xFF, 0x4A, 0x38, 0x21, 0xFF, 0x4A, 0x38, 0x21, 0xFF,
    0x4A, 0x38, 0x21, 0xFF, 0x4A, 0x38, 0x21, 0xFF, 0x4A, 0x38, 0x21, 0xFF, 0x4A, 0x38, 0x21, 0xFF,
    0x4A, 0x38, 0x21, 0xFF, 0x4A, 0x38, 0x21, 0xFF, 0x4A, 0x38, 0x21, 0xFF, 0x4A, 0x38, 0x21, 0xFF,
    0x4A, 0x38, 0x21, 0xFF, 0x4A, 0x38, 0x21, 0xFF, 0x4A, 0x38, 0x21, 0xFF, 0x4A, 0x38, 0x21, 0xFF,
    0x4A, 0x38, 0x21, 0xFF, 0x4A, 0x38, 0x21, 0xFF, 0x4A, 0x38, 0x21, 0xFF, 0x4A, 0x38, 0x21, 0xFF,
    0x4A, 0x38, 0x21, 0xFF, 0x4A, 0x38, 0x21, 0xFF, 0x4A, 0x38, 0x21, 0xFF, 0x4A, 0x38, 0x21, 0xFF,
    0x4A, 0x38, 0x21, 0xFF, 0x4A, 0x38, 0x21, 0xFF, 0x4A, 0x38, 0x21, 0xFF, 0x4A, 0x38, 0x21, 0xFF,
    0x4A, 0x38, 0x21, 0xFF, 0x4A, 0x38, 0x21, 0xFF, 0x4A, 0x38, 0x21, 0xFF, 0x4A, 0x38, 0x21, 0xFF,
    0x4A, 0x38, 0x21, 0xFF, 0x4A, 0x38, 0x21, 0xFF, 0x4A, 0x38, 0x21, 0xFF, 0x4A, 0x38, 0x21, 0xFF,
    0x4A, 0x38, 0x21, 0xFF, 0x4A, 0x38, 0x21, 0xFF, 0x4A, 0x38, 0x21, 0xFF, 0x4A, 0x38, 0x21, 0xFF,
    0x4A, 0x38, 0x21, 0xFF, 0x4A, 0x38, 0x21, 0xFF, 0x4A, 0x38, 0x21, 0xFF, 0x4A, 0x38, 0x21, 0xFF,
    0x4A, 0x38, 0x21, 0xFF, 0x4A, 0x38, 0x21, 0xFF, 0x4A, 0x38, 0x21, 0xFF, 0x4A, 0x38, 0x21, 0xFF,
    0x4A, 0x38, 0x21, 0xFF, 0x4A, 0x38, 0x21, 0xFF, 0x4A, 0x38, 0x21, 0xFF, 0x4A, 0x38, 0x21, 0xFF,
    0x4A, 0x38, 0x21, 0xFF, 0x4A, 0x38, 0x21, 0xFF, 0x4A, 0x38, 0x21, 0xFF, 0x4A, 0x38, 0x21, 0xFF,
    0x4A, 0x38, 0x21, 0xFF, 0x4A, 0x38, 0x21, 0xFF, 0x4A, 0x38, 0x21, 0xFF, 0x4A, 0x38, 0x21, 0xFF,
    0x4A, 0x38, 0x21, 0xFF, 0x4A, 0x38, 0x21, 0xFF, 0x4A, 0x38, 0x21, 0xFF, 0x4A, 0x38, 0x21, 0xFF,
    0x4A, 0x38, 0x21, 0xFF, 0x4A, 0x38, 0x21, 0xFF, 0x4A, 0x38, 0x21, 0xFF, 0x4A, 0x38, 0x21, 0xFF,
    0x4A, 0x38, 0x21, 0xFF, 0x4A, 0x38, 0x21, 0xFF, 0x4A, 0x38, 0x21, 0xFF, 0x4A, 0x38, 0x21, 0xFF,
    0x4A, 0x38, 0x21, 0xFF, 0x4A, 0x38, 0x21, 0xFF, 0x4A, 0x38, 0x21, 0xFF, 0x4A, 0x38, 0x21, 0xFF,
    0x4A, 0x38, 0x21, 0xFF, 0x4A, 0x38, 0x21, 0xFF, 0x4A, 0x38, 0x21, 0xFF, 0x4A, 0x38, 0x21, 0xFF,
    0x4A, 0x38, 0x21, 0xFF, 0x4A, 0x38, 0x21, 0xFF, 0x4A, 0x38, 0x21, 0xFF, 0x4A, 0x38, 0x21, 0xFF,
    0x4A, 0x38, 0x21, 0xFF, 0x4A, 0x38, 0x21, 0xFF, 0x4A, 0x38, 0x21, 0xFF, 0x4A, 0x38, 0x21, 0xFF,
    0x4A, 0x38, 0x21, 0xFF, 0x4A, 0x38, 0x21, 0xFF, 0x4A, 0x38, 0x21, 0xFF, 0x4A, 0x38, 0x21, 0xFF,
    0x4A, 0x38, 0x21, 0xFF, 0x4A, 0x38, 0x21, 0xFF, 0x4A, 0x38, 0x21, 0xFF, 0x4A, 0x38, 0x21, 0xFF,
    0x4A, 0x38, 0x21, 0xFF, 0x4A, 0x38, 0x21, 0xFF, 0x4A, 0x38, 0x21, 0xFF, 0x4A, 0x38, 0x21, 0xFF,
    0x4A, 0x38, 0x21, 0xFF, 0x4A, 0x38, 0x21, 0xFF, 0x4A, 0x38, 0x21, 0xFF, 0x4A, 0x38, 0x21, 0xFF,
    0x4A, 0x38, 0x21, 0xFF, 0x4A, 0x38, 0x21, 0xFF, 0x4A, 0x38, 0x21, 0xFF, 0x4A, 0x38, 0x21, 0xFF,
    0x4A, 0x38, 0x21, 0xFF, 0x4A, 0x38, 0x21, 0xFF, 0x4A, 0x38, 0x21, 0xFF, 0x4A, 0x38, 0x21, 0xFF,
    0x4A, 0x38, 0x21, 0xFF, 0x4A, 0x38, 0x21, 0xFF, 0x4A, 0x38, 0x21, 0xFF, 0x4A, 0x38, 0x21, 0xFF,
    0x4A, 0x38, 0x21, 0xFF, 0x4A, 0x38, 0x21, 0xFF, 0x4A, 0x38, 0x21, 0xFF, 0x4A, 0x38, 0x21, 0xFF,
    0x4A, 0x38, 0x21, 0xFF, 0x4A, 0x38, 0x21, 0xFF, 0x4A, 0x38, 0x21, 0xFF, 0x4A, 0x38, 0x21, 0xFF,
    0x4A, 0x38, 0x21, 0xFF, 0x4A, 0x38, 0x21, 0xFF, 0x4A, 0x38, 0x21, 0xFF, 0x4A, 0x38, 0x21, 0xFF,
    0x4A, 0x38, 0x21, 0xFF, 0x4A, 0x38, 0x21, 0xFF, 0x4A, 0x38, 0x21, 0xFF, 0x4A, 0x38, 0x21, 0xFF,
    0x4A, 0x38, 0x21, 0xFF, 0x4A, 0x38, 0x21, 0xFF, 0x4A, 0x38, 0x21, 0xFF, 0x4A, 0x38, 0x21, 0xFF,
    0x4A, 0x38, 0x21, 0xFF, 0x4A, 0x38, 0x21, 0xFF, 0x4A, 0x38, 0x21, 0xFF, 0x4A, 0x38, 0x21, 0xFF,
    0x4A, 0x38, 0x21, 0xFF, 0x4A, 0x38, 0x21, 0xFF, 0x4A, 0x38, 0x21, 0xFF, 0x4A, 0x38, 0x21, 0xFF,
    0x4A, 0x38, 0x21, 0xFF, 0x4A, 0x38, 0x21, 0xFF, 0x4A, 0x38, 0x21, 0xFF, 0x4A, 0x38, 0x21, 0xFF,
    0x4A, 0x38, 0x21, 0xFF, 0x4A, 0x38, 0x21, 0xFF, 0x4A, 0x38, 0x21, 0xFF, 0x4A, 0x38, 0x21, 0xFF,
    0x4A, 0x38, 0x21, 0xFF, 0x4A, 0x38, 0x21, 0xFF, 0x4A, 0x38, 0x21, 0xFF, 0x4A, 0x38, 0x21, 0xFF,
    0x4A, 0x38, 0x21, 0xFF, 0x4A, 0x38, 0x21, 0xFF, 0x4A, 0x38, 0x21, 0xFF, 0x4A, 0x38, 0x21, 0xFF,
    0x4A, 0x38, 0x21, 0xFF, 0x4A, 0x38, 0x21, 0xFF, 0x4A, 0x38, 0x21, 0xFF, 0x4A, 0x38, 0x21, 0xFF,
    0x4A, 0x38, 0x21, 0xFF, 0x4A, 0x38, 0x21, 0xFF, 0x4A, 0x38, 0x21, 0xFF, 0x4A, 0x38, 0x21, 0xFF,
    0x4A, 0x38, 0x21, 0xFF, 0x4A, 0x38, 0x21, 0xFF, 0x4A, 0x38, 0x21, 0xFF, 0x4A, 0x38, 0x21, 0xFF,
    0x4A, 0x38, 0x21, 0xFF, 0x4A, 0x38, 0x21, 0xFF, 0x4A, 0x38, 0x21, 0xFF, 0x4A, 0x38, 0x21, 0xFF,
    0x4A, 0x38, 0x21, 0xFF, 0x4A, 0x38, 0x21, 0xFF, 0x4A, 0x38, 0x21, 0xFF, 0x4A, 0x38, 0x21, 0xFF,
    0x4A, 0x38, 0x21, 0xFF, 0x4A, 0x38, 0x21, 0xFF, 0x4A, 0x38, 0x21, 0xFF, 0x4A, 0x38, 0x21, 0xFF,
    0x4A, 0x38, 0x21, 0xFF, 0x4A, 0x38, 0x21, 0xFF, 0x4A, 0x38, 0x21, 0xFF, 0x4A, 0x38, 0x21, 0xFF,
    0x4A, 0x38, 0x21, 0xFF, 0x4A, 0x38, 0x21, 0xFF, 0x4A, 0x38, 0x21, 0xFF, 0x4A, 0x38, 0x21, 0xFF,
    0x4A, 0x38, 0x21, 0xFF, 0x4A, 0x38, 0x21, 0xFF, 0x4A, 0x38, 0x21, 0xFF, 0x4A, 0x38, 0x21, 0xFF,
    0x4A, 0x38, 0x21, 0xFF, 0x4A, 0x38, 0x21, 0xFF, 0x4A, 0x38, 0x21, 0xFF, 0x4A, 0x38, 0x21, 0xFF,
    0x4A, 0x38, 0x21, 0xFF, 0x4A, 0x38, 0x21, 0xFF, 0x4A, 0x38, 0x21, 0xFF, 0x4A, 0x38, 0x21, 0xFF,
    0x4A, 0x38, 0x21, 0xFF, 0x4A, 0x38, 0x21, 0xFF, 0x4A, 0x38, 0x21, 0xFF, 0x4A, 0x38, 0x21, 0xFF,
    0x4A, 0x38, 0x21, 0xFF, 0x4A, 0x38, 0x21, 0xFF, 0x4A, 0x38, 0x21, 0xFF, 0x4A, 0x38, 0x21, 0xFF,
    0x4A, 0x38, 0x21, 0xFF, 0x4A, 0x38, 0x21, 0xFF, 0x4A, 0x38, 0x21, 0xFF, 0x4A, 0x38, 0x21, 0xFF,
    0x4A, 0x38, 0x21, 0xFF, 0x4A, 0x38, 0x21, 0xFF, 0x4A, 0x38, 0x21, 0xFF, 0x4A, 0x38, 0x21, 0xFF,
    0x4A, 0x38, 0x21, 0xFF, 0x4A, 0x38, 0x21, 0xFF, 0x4A, 0x38, 0x21, 0xFF, 0x4A, 0x38, 0x21, 0xFF,
    0x4A, 0x38, 0x21, 0xFF, 0x4A, 0x38, 0x21, 0xFF, 0x4A, 0x38, 0x21, 0xFF, 0x4A, 0x38, 0x21, 0xFF,
    0x4A, 0x38, 0x21, 0xFF, 0x4A, 0x38, 0x21, 0xFF, 0x4A, 0x38, 0x21, 0xFF, 0x4A, 0x38, 0x21, 0xFF,
    0x4A, 0x38, 0x21, 0xFF, 0x4A, 0x38, 0x21, 0xFF, 0x4A, 0x38, 0x21, 0xFF, 0x4A, 0x38, 0x21, 0xFF,
    0x4A, 0x38, 0x21, 0xFF, 0x4A, 0x38, 0x21, 0xFF, 0x4A, 0x38, 0x21, 0xFF, 0x4A, 0x38, 0x21, 0xFF,
    0x4A, 0x38, 0x21, 0xFF, 0x4A, 0x38, 0x21, 0xFF, 0x4A, 0x38, 0x21, 0xFF, 0x4A, 0x38, 0x21, 0xFF,
    0x4A, 0x38, 0x21, 0xFF, 0x4A, 0x38, 0x21, 0xFF, 0x4A, 0x38, 0x21, 0xFF, 0x4A, 0x38, 0x21, 0xFF,
    0x4A, 0x38, 0x21, 0xFF, 0x4A, 0x38, 0x21, 0xFF, 0x4A, 0x38, 0x21, 0xFF, 0x4A, 0x38, 0x21, 0xFF,
    0x4A, 0x38, 0x21, 0xFF, 0x4A, 0x38, 0x21, 0xFF, 0x4A, 0x38, 0x21, 0xFF, 0x4A, 0x38, 0x21, 0xFF,
    0x4A, 0x38, 0x21, 0xFF, 0x4A, 0x38, 0x21, 0xFF, 0x4A, 0x38, 0x21, 0xFF, 0x4A, 0x38, 0x21, 0xFF,
    0x4A, 0x38, 0x21, 0xFF, 0x4A, 0x38, 0x21, 0xFF, 0x4A, 0x38, 0x21, 0xFF, 0x4A, 0x38, 0x21, 0xFF,
    0x4A, 0x38, 0x21, 0xFF, 0x4A, 0x38, 0x21, 0xFF, 0x4A, 0x38, 0x21, 0xFF, 0x4A, 0x38, 0x21, 0xFF,
    0x4A, 0x38, 0x21, 0xFF, 0x4A, 0x38, 0x21, 0xFF, 0x4A, 0x38, 0x21, 0xFF, 0x4A, 0x38, 0x21, 0xFF,
    0x4A, 0x38, 0x21, 0xFF, 0x4A, 0x38, 0x21, 0xFF, 0x4A, 0x38, 0x21, 0xFF, 0x4A, 0x38, 0x21, 0xFF,
    0x4A, 0x38, 0x21, 0xFF, 0x4A, 0x38, 0x21, 0xFF, 0x4A, 0x38, 0x21, 0xFF, 0x4A, 0x38, 0x21, 0xFF,
    0x4A, 0x38, 0x21, 0xFF, 0x4A, 0x38, 0x21, 0xFF, 0x4A, 0x38, 0x21, 0xFF, 0x4A, 0x38, 0x21, 0xFF,
    0x4A, 0x38, 0x21, 0xFF, 0x4A, 0x38, 0x21, 0xFF, 0x4A, 0x38, 0x21, 0xFF, 0x4A, 0x38, 0x21, 0xFF,
    0x4A, 0x38, 0x21, 0xFF, 0x4A, 0x38, 0x21, 0xFF, 0x4A, 0x38, 0x21, 0xFF, 0x4A, 0x38, 0x21, 0xFF,
    0x4A, 0x38, 0x21, 0xFF, 0x4A, 0x38, 0x21, 0xFF, 0x4A, 0x38, 0x21, 0xFF, 0x4A, 0x38, 0x21, 0xFF,
    0x4A, 0x38, 0x21, 0xFF, 0x4A, 0x38, 0x21, 0xFF, 0x4A, 0x38, 0x21, 0xFF, 0x4A, 0x38, 0x21, 0xFF,
    0x4A, 0x38, 0x21, 0xFF, 0x4A, 0x38, 0x21, 0xFF, 0x4A, 0x38, 0x21, 0xFF, 0x4A, 0x38, 0x21, 0xFF,
    0x4A, 0x38, 0x21, 0xFF, 0x4A, 0x38, 0x21, 0xFF, 0x4A, 0x38, 0x21, 0xFF, 0x4A, 0x38, 0x21, 0xFF,
    0x4A, 0x38, 0x21, 0xFF, 0x4A, 0x38, 0x21, 0xFF, 0x4A, 0x38, 0x21, 0xFF, 0x4A, 0x38, 0x21, 0xFF,
    0x4A, 0x38, 0x21, 0xFF, 0x4A, 0x38, 0x21, 0xFF, 0x4A, 0x38, 0x21, 0xFF, 0x4A, 0x38, 0x21, 0xFF,
    0x4A, 0x38, 0x21, 0xFF, 0x4A, 0x38, 0x21, 0xFF, 0x4A, 0x38, 0x21, 0xFF, 0x4A, 0x38, 0x21, 0xFF,
    0x4A, 0x38, 0x21, 0xFF, 0x4A, 0x38, 0x21, 0xFF, 0x4A, 0x38, 0x21, 0xFF, 0x4A, 0x38, 0x21, 0xFF,
    0x4A, 0x38, 0x21, 0xFF, 0x4A, 0x38, 0x21, 0xFF, 0x4A, 0x38, 0x21, 0xFF, 0x4A, 0x38, 0x21, 0xFF,
    0x4A, 0x38, 0x21, 0xFF, 0x4A, 0x38, 0x21, 0xFF, 0x4A, 0x38, 0x21, 0xFF, 0x4A, 0x38, 0x21, 0xFF,
    0x4A, 0x38, 0x21, 0xFF, 0x4A, 0x38, 0x21, 0xFF, 0x4A, 0x38, 0x21, 0xFF, 0x4A, 0x38, 0x21, 0xFF,
    0x4A, 0x38, 0x21, 0xFF, 0x4A, 0x38, 0x21, 0xFF, 0x4A, 0x38, 0x21, 0xFF, 0x4A, 0x38, 0x21, 0xFF,
    0x4A, 0x38, 0x21, 0xFF, 0x4A, 0x38, 0x21, 0xFF, 0x4A, 0x38, 0x21, 0xFF, 0x4A, 0x38, 0x21, 0xFF,
    0x4A, 0x38, 0x21, 0xFF, 0x4A, 0x38, 0x21, 0xFF, 0x4A, 0x38, 0x21, 0xFF, 0x4A, 0x38, 0x21, 0xFF,
    0x4A, 0x38, 0x21, 0xFF, 0x4A, 0x3C, 0x21, 0xFF, 0x4A, 0x38, 0x21, 0xFF, 0x4A, 0x38, 0x21, 0xFF,
    0x4A, 0x3C, 0x21, 0xFF, 0x4A, 0x38, 0x21, 0xFF, 0x4A, 0x38, 0x21, 0xFF, 0x4A, 0x3C, 0x21, 0xFF,
    0x4A, 0x38, 0x21, 0xFF, 0x4A, 0x38, 0x21, 0xFF, 0x4A, 0x3C, 0x21, 0xFF, 0x4A, 0x38, 0x21, 0xFF,
    0x4A, 0x38, 0x21, 0xFF, 0x4A, 0x3C, 0x21, 0xFF, 0x4A, 0x38, 0x21, 0xFF, 0x4A, 0x38, 0x21, 0xFF,
    0x4A, 0x3C, 0x21, 0xFF, 0x4A, 0x38, 0x21, 0xFF, 0x4A, 0x38, 0x21, 0xFF, 0x4A, 0x3C, 0x21, 0xFF,
    0x4A, 0x38, 0x21, 0xFF, 0x4A, 0x38, 0x21, 0xFF, 0x4A, 0x3C, 0x21, 0xFF, 0x4A, 0x38, 0x21, 0xFF,
    0x4A, 0x38, 0x21, 0xFF, 0x4A, 0x3C, 0x21, 0xFF, 0x4A, 0x38, 0x21, 0xFF, 0x4A, 0x38, 0x21, 0xFF,
    0x4A, 0x3C, 0x21, 0xFF, 0x4A, 0x38, 0x21, 0xFF, 0x4A, 0x38, 0x21, 0xFF, 0x4A, 0x3C, 0x21, 0xFF,
    0x4A, 0x38, 0x21, 0xFF, 0x4A, 0x38, 0x21, 0xFF, 0x4A, 0x3C, 0x21, 0xFF, 0x4A, 0x38, 0x21, 0xFF,
    0x4A, 0x38, 0x21, 0xFF, 0x4A, 0x3C, 0x21, 0xFF, 0x4A, 0x38, 0x21, 0xFF, 0x4A, 0x38, 0x21, 0xFF,
    0x4A, 0x3C, 0x21, 0xFF, 0x4A, 0x38, 0x21, 0xFF, 0x4A, 0x38, 0x21, 0xFF, 0x4A, 0x3C, 0x21, 0xFF,
    0x4A, 0x38, 0x21, 0xFF, 0x4A, 0x38, 0x21, 0xFF, 0x4A, 0x3C, 0x21, 0xFF, 0x4A, 0x38, 0x21, 0xFF,
    0x4A, 0x38, 0x21, 0xFF, 0x4A, 0x3C, 0x21, 0xFF, 0x4A, 0x38, 0x21, 0xFF, 0x4A, 0x38, 0x21, 0xFF,
    0x4A, 0x3C, 0x21, 0xFF, 0x4A, 0x38, 0x21, 0xFF, 0x4A, 0x38, 0x21, 0xFF, 0x4A, 0x3C, 0x21, 0xFF,
    0x4A, 0x38, 0x21, 0xFF, 0x4A, 0x38, 0x21, 0xFF, 0x4A, 0x3C, 0x21, 0xFF, 0x4A, 0x38, 0x21, 0xFF,
    0x4A, 0x38, 0x21, 0xFF, 0x4A, 0x3C, 0x21, 0xFF, 0x4A, 0x38, 0x21, 0xFF, 0x4A, 0x38, 0x21, 0xFF,
    0x4A, 0x3C, 0x21, 0xFF, 0x4A, 0x38, 0x21, 0xFF, 0x4A, 0x38, 0x21, 0xFF, 0x4A, 0x3C, 0x21, 0xFF,
    0x4A, 0x38, 0x21, 0xFF, 0x4A, 0x38, 0x21, 0xFF, 0x4A, 0x3C, 0x21, 0xFF, 0x4A, 0x38, 0x21, 0xFF,
    0x4A, 0x38, 0x21, 0xFF, 0x4A, 0x3C, 0x21, 0xFF, 0x4A, 0x38, 0x21, 0xFF, 0x4A, 0x38, 0x21, 0xFF,
    0x4A, 0x3C, 0x21, 0xFF, 0x4A, 0x38, 0x21, 0xFF, 0x4A, 0x38, 0x21, 0xFF, 0x4A, 0x3C, 0x21, 0xFF,
    0x4A, 0x38, 0x21, 0xFF, 0x4A, 0x38, 0x21, 0xFF, 0x4A, 0x3C, 0x21, 0xFF, 0x4A, 0x38, 0x21, 0xFF,
    0x4A, 0x38, 0x21, 0xFF, 0x4A, 0x3C, 0x21, 0xFF, 0x4A, 0x38, 0x21, 0xFF, 0x4A, 0x38, 0x21, 0xFF,
    0x4A, 0x3C, 0x21, 0xFF, 0x4A, 0x38, 0x21, 0xFF, 0x4A, 0x38, 0x21, 0xFF, 0x4A, 0x3C, 0x21, 0xFF,
    0x4A, 0x38, 0x21, 0xFF, 0x4A, 0x38, 0x21, 0xFF, 0x4A, 0x3C, 0x21, 0xFF, 0x4A, 0x38, 0x21, 0xFF,
    0x4A, 0x38, 0x21, 0xFF, 0x4A, 0x3C, 0x21, 0xFF, 0x4A, 0x38, 0x21, 0xFF, 0x4A, 0x38, 0x21, 0xFF,
    0x4A, 0x3C, 0x21, 0xFF, 0x4A, 0x38, 0x21, 0xFF, 0x4A, 0x38, 0x21, 0xFF, 0x4A, 0x3C, 0x21, 0xFF,
    0x4A, 0x38, 0x21, 0xFF, 0x4A, 0x38, 0x21, 0xFF, 0x4A, 0x3C, 0x21, 0xFF, 0x4A, 0x38, 0x21, 0xFF,
    0x4A, 0x38, 0x21, 0xFF, 0x4A, 0x3C, 0x21, 0xFF, 0x4A, 0x38, 0x21, 0xFF, 0x4A, 0x38, 0x21, 0xFF,
    0x4A, 0x3C, 0x21, 0xFF, 0x4A, 0x38, 0x21, 0xFF, 0x4A, 0x38, 0x21, 0xFF, 0x4A, 0x3C, 0x21, 0xFF,
    0x4A, 0x38, 0x21, 0xFF, 0x4A, 0x38, 0x21, 0xFF, 0x4A, 0x3C, 0x21, 0xFF, 0x4A, 0x38, 0x21, 0xFF,
    0x4A, 0x38, 0x21, 0xFF, 0x4A, 0x3C, 0x21, 0xFF, 0x4A, 0x38, 0x21, 0xFF, 0x4A, 0x38, 0x21, 0xFF,
    0x4A, 0x3C, 0x21, 0xFF, 0x4A, 0x38, 0x21, 0xFF, 0x4A, 0x38, 0x21, 0xFF, 0x4A, 0x38, 0x21, 0xFF,
    0x4A, 0x38, 0x21, 0xFF, 0x4A, 0x38, 0x29, 0xFF, 0x4A, 0x3C, 0x21, 0xFF, 0x4A, 0x38, 0x21, 0xFF,
    0x4A, 0x38, 0x29, 0xFF, 0x4A, 0x3C, 0x21, 0xFF, 0x4A, 0x38, 0x21, 0xFF, 0x4A, 0x38, 0x29, 0xFF,
    0x4A, 0x3C, 0x21, 0xFF, 0x4A, 0x38, 0x21, 0xFF, 0x4A, 0x38, 0x29, 0xFF, 0x4A, 0x3C, 0x21, 0xFF,
    0x4A, 0x38, 0x21, 0xFF, 0x4A, 0x38, 0x29, 0xFF, 0x4A, 0x3C, 0x21, 0xFF, 0x4A, 0x38, 0x21, 0xFF,
    0x4A, 0x38, 0x29, 0xFF, 0x4A, 0x3C, 0x21, 0xFF, 0x4A, 0x38, 0x21, 0xFF, 0x4A, 0x38, 0x29, 0xFF,
    0x4A, 0x3C, 0x21, 0xFF, 0x4A, 0x38, 0x21, 0xFF, 0x4A, 0x38, 0x29, 0xFF, 0x4A, 0x3C, 0x21, 0xFF,
    0x4A, 0x38, 0x21, 0xFF, 0x4A, 0x38, 0x29, 0xFF, 0x4A, 0x3C, 0x21, 0xFF, 0x4A, 0x38, 0x21, 0xFF,
    0x4A, 0x38, 0x29, 0xFF, 0x4A, 0x3C, 0x21, 0xFF, 0x4A, 0x38, 0x21, 0xFF, 0x4A, 0x38, 0x29, 0xFF,
    0x4A, 0x3C, 0x21, 0xFF, 0x4A, 0x38, 0x21, 0xFF, 0x4A, 0x38, 0x29, 0xFF, 0x4A, 0x3C, 0x21, 0xFF,
    0x4A, 0x38, 0x21, 0xFF, 0x4A, 0x38, 0x29, 0xFF, 0x4A, 0x3C, 0x21, 0xFF, 0x4A, 0x38, 0x21, 0xFF,
    0x4A, 0x38, 0x29, 0xFF, 0x4A, 0x3C, 0x21, 0xFF, 0x4A, 0x38, 0x21, 0xFF, 0x4A, 0x38, 0x29, 0xFF,
    0x4A, 0x3C, 0x21, 0xFF, 0x4A, 0x38, 0x21, 0xFF, 0x4A, 0x38, 0x29, 0xFF, 0x4A, 0x3C, 0x21, 0xFF,
    0x4A, 0x38, 0x21, 0xFF, 0x4A, 0x38, 0x29, 0xFF, 0x4A, 0x3C, 0x21, 0xFF, 0x4A, 0x38, 0x21, 0xFF,
    0x4A, 0x38, 0x29, 0xFF, 0x4A, 0x3C, 0x21, 0xFF, 0x4A, 0x38, 0x21, 0xFF, 0x4A, 0x38, 0x29, 0xFF,
    0x4A, 0x3C, 0x21, 0xFF, 0x4A, 0x38, 0x21, 0xFF, 0x4A, 0x38, 0x29, 0xFF, 0x4A, 0x3C, 0x21, 0xFF,
    0x4A, 0x38, 0x21, 0xFF, 0x4A, 0x38, 0x29, 0xFF, 0x4A, 0x3C, 0x21, 0xFF, 0x4A, 0x38, 0x21, 0xFF,
    0x4A, 0x38, 0x29, 0xFF, 0x4A, 0x3C, 0x21, 0xFF, 0x4A, 0x38, 0x21, 0xFF, 0x4A, 0x38, 0x29, 0xFF,
    0x4A, 0x3C, 0x21, 0xFF, 0x4A, 0x38, 0x21, 0xFF, 0x4A, 0x38, 0x29, 0xFF, 0x4A, 0x3C, 0x21, 0xFF,
    0x4A, 0x38, 0x21, 0xFF, 0x4A, 0x38, 0x29, 0xFF, 0x4A, 0x3C, 0x21, 0xFF, 0x4A, 0x38, 0x21, 0xFF,
    0x4A, 0x38, 0x29, 0xFF, 0x4A, 0x3C, 0x21, 0xFF, 0x4A, 0x38, 0x21, 0xFF, 0x4A, 0x38, 0x29, 0xFF,
    0x4A, 0x3C, 0x21, 0xFF, 0x4A, 0x38, 0x21, 0xFF, 0x4A, 0x38, 0x29, 0xFF, 0x4A, 0x3C, 0x21, 0xFF,
    0x4A, 0x38, 0x21, 0xFF, 0x4A, 0x38, 0x29, 0xFF, 0x4A, 0x3C, 0x21, 0xFF, 0x4A, 0x38, 0x21, 0xFF,
    0x4A, 0x38, 0x29, 0xFF, 0x4A, 0x3C, 0x21, 0xFF, 0x4A, 0x38, 0x21, 0xFF, 0x4A, 0x38, 0x29, 0xFF,
    0x4A, 0x3C, 0x21, 0xFF, 0x4A, 0x38, 0x21, 0xFF, 0x4A, 0x38, 0x29, 0xFF, 0x4A, 0x3C, 0x21, 0xFF,
    0x4A, 0x38, 0x21, 0xFF, 0x4A, 0x38, 0x29, 0xFF, 0x4A, 0x3C, 0x21, 0xFF, 0x4A, 0x38, 0x21, 0xFF,
    0x4A, 0x38, 0x29, 0xFF, 0x4A, 0x3C, 0x21, 0xFF, 0x4A, 0x38, 0x21, 0xFF, 0x4A, 0x38, 0x29, 0xFF,
    0x4A, 0x3C, 0x21, 0xFF, 0x4A, 0x38, 0x21, 0xFF, 0x4A, 0x38, 0x29, 0xFF, 0x4A, 0x3C, 0x21, 0xFF,
    0x4A, 0x38, 0x21, 0xFF, 0x4A, 0x38, 0x29, 0xFF, 0x4A, 0x3C, 0x21, 0xFF, 0x4A, 0x38, 0x21, 0xFF,
    0x4A, 0x38, 0x29, 0xFF, 0x4A, 0x3C, 0x21, 0xFF, 0x4A, 0x38, 0x21, 0xFF, 0x4A, 0x38, 0x29, 0xFF,
    0x4A, 0x3C, 0x21, 0xFF, 0x4A, 0x38, 0x21, 0xFF, 0x4A, 0x38, 0x29, 0xFF, 0x4A, 0x3C, 0x21, 0xFF,
    0x4A, 0x38, 0x21, 0xFF, 0x4A, 0x38, 0x29, 0xFF, 0x4A, 0x3C, 0x21, 0xFF, 0x4A, 0x38, 0x21, 0xFF,
    0x4A, 0x38, 0x29, 0xFF, 0x4A, 0x3C, 0x21, 0xFF, 0x4A, 0x38, 0x21, 0xFF, 0x4A, 0x3C, 0x29, 0xFF,
    0x4A, 0x3C, 0x21, 0xFF, 0x4A, 0x38, 0x21, 0xFF, 0x4A, 0x3C, 0x21, 0xFF, 0x4A, 0x38, 0x21, 0xFF,
    0x4A, 0x3C, 0x21, 0xFF, 0x4A, 0x38, 0x21, 0xFF, 0x4A, 0x3C, 0x21, 0xFF, 0x4A, 0x38, 0x21, 0xFF,
    0x4A, 0x3C, 0x21, 0xFF, 0x4A, 0x38, 0x21, 0xFF, 0x4A, 0x3C, 0x21, 0xFF, 0x4A, 0x38, 0x21, 0xFF,
    0x4A, 0x3C, 0x21, 0xFF, 0x4A, 0x38, 0x21, 0xFF, 0x4A, 0x3C, 0x21, 0xFF, 0x4A, 0x38, 0x21, 0xFF,
    0x4A, 0x3C, 0x21, 0xFF, 0x4A, 0x38, 0x21, 0xFF, 0x4A, 0x3C, 0x21, 0xFF, 0x4A, 0x38, 0x21, 0xFF,
    0x4A, 0x3C, 0x21, 0xFF, 0x4A, 0x38, 0x21, 0xFF, 0x4A, 0x3C, 0x21, 0xFF, 0x4A, 0x38, 0x21, 0xFF,
    0x4A, 0x3C, 0x21, 0xFF, 0x4A, 0x38, 0x21, 0xFF, 0x4A, 0x3C, 0x21, 0xFF, 0x4A, 0x38, 0x21, 0xFF,
    0x4A, 0x3C, 0x21, 0xFF, 0x4A, 0x38, 0x21, 0xFF, 0x4A, 0x3C, 0x21, 0xFF, 0x4A, 0x38, 0x21, 0xFF,
    0x4A, 0x3C, 0x21, 0xFF, 0x4A, 0x38, 0x21, 0xFF, 0x4A, 0x3C, 0x21, 0xFF, 0x4A, 0x38, 0x21, 0xFF,
    0x4A, 0x3C, 0x21, 0xFF, 0x4A, 0x38, 0x21, 0xFF, 0x4A, 0x3C, 0x21, 0xFF, 0x4A, 0x38, 0x21, 0xFF,
    0x4A, 0x3C, 0x21, 0xFF, 0x4A, 0x38, 0x21, 0xFF, 0x4A, 0x3C, 0x21, 0xFF, 0x4A, 0x38, 0x21, 0xFF,
    0x4A, 0x3C, 0x21, 0xFF, 0x4A, 0x38, 0x21, 0xFF, 0x4A, 0x3C, 0x21, 0xFF, 0x4A, 0x38, 0x21, 0xFF,
    0x4A, 0x3C, 0x21, 0xFF, 0x4A, 0x38, 0x21, 0xFF, 0x4A, 0x3C, 0x21, 0xFF, 0x4A, 0x38, 0x21, 0xFF,
    0x4A, 0x3C, 0x21, 0xFF, 0x4A, 0x38, 0x21, 0xFF, 0x4A, 0x3C, 0x21, 0xFF, 0x4A, 0x38, 0x21, 0xFF,
    0x4A, 0x3C, 0x21, 0xFF, 0x4A, 0x38, 0x21, 0xFF, 0x4A, 0x3C, 0x21, 0xFF, 0x4A, 0x38, 0x21, 0xFF,
    0x4A, 0x3C, 0x21, 0xFF, 0x4A, 0x38, 0x21, 0xFF, 0x4A, 0x3C, 0x21, 0xFF, 0x4A, 0x38, 0x21, 0xFF,
    0x4A, 0x3C, 0x21, 0xFF, 0x4A, 0x38, 0x21, 0xFF, 0x4A, 0x3C, 0x21, 0xFF, 0x4A, 0x38, 0x21, 0xFF,
    0x4A, 0x3C, 0x21, 0xFF, 0x4A, 0x38, 0x21, 0xFF, 0x4A, 0x3C, 0x21, 0xFF, 0x4A, 0x38, 0x21, 0xFF,
    0x4A, 0x3C, 0x21, 0xFF, 0x4A, 0x38, 0x21, 0xFF, 0x4A, 0x3C, 0x21, 0xFF, 0x4A, 0x38, 0x21, 0xFF,
    0x4A, 0x3C, 0x21, 0xFF, 0x4A, 0x38, 0x21, 0xFF, 0x4A, 0x3C, 0x21, 0xFF, 0x4A, 0x38, 0x21, 0xFF,
    0x4A, 0x3C, 0x21, 0xFF, 0x4A, 0x38, 0x21, 0xFF, 0x4A, 0x3C, 0x21, 0xFF, 0x4A, 0x38, 0x21, 0xFF,
    0x4A, 0x3C, 0x21, 0xFF, 0x4A, 0x38, 0x21, 0xFF, 0x4A, 0x3C, 0x21, 0xFF, 0x4A, 0x38, 0x21, 0xFF,
    0x4A, 0x3C, 0x21, 0xFF, 0x4A, 0x38, 0x21, 0xFF, 0x4A, 0x3C, 0x21, 0xFF, 0x4A, 0x38, 0x21, 0xFF,
    0x4A, 0x3C, 0x21, 0xFF, 0x4A, 0x38, 0x21, 0xFF, 0x4A, 0x3C, 0x21, 0xFF, 0x4A, 0x38, 0x21, 0xFF,
    0x4A, 0x3C, 0x21, 0xFF, 0x4A, 0x38, 0x21, 0xFF, 0x4A, 0x3C, 0x21, 0xFF, 0x4A, 0x38, 0x21, 0xFF,
    0x4A, 0x3C, 0x21, 0xFF, 0x4A, 0x38, 0x21, 0xFF, 0x4A, 0x3C, 0x21, 0xFF, 0x4A, 0x38, 0x21, 0xFF,
    0x4A, 0x3C, 0x21, 0xFF, 0x4A, 0x38, 0x21, 0xFF, 0x4A, 0x3C, 0x21, 0xFF, 0x4A, 0x38, 0x21, 0xFF,
    0x4A, 0x3C, 0x21, 0xFF, 0x4A, 0x38, 0x21, 0xFF, 0x4A, 0x3C, 0x21, 0xFF, 0x4A, 0x38, 0x21, 0xFF,
    0x4A, 0x3C, 0x21, 0xFF, 0x4A, 0x38, 0x21, 0xFF, 0x4A, 0x3C, 0x21, 0xFF, 0x4A, 0x38, 0x21, 0xFF,
    0x4A, 0x3C, 0x21, 0xFF, 0x4A, 0x38, 0x21, 0xFF, 0x4A, 0x3C, 0x21, 0xFF, 0x4A, 0x38, 0x21, 0xFF,
    0x4A, 0x3C, 0x21, 0xFF, 0x4A, 0x38, 0x21, 0xFF, 0x4A, 0x3C, 0x21, 0xFF, 0x4A, 0x38, 0x21, 0xFF,
    0x4A, 0x3C, 0x21, 0xFF, 0x4A, 0x38, 0x21, 0xFF, 0x4A, 0x38, 0x21, 0xFF, 0x4A, 0x38, 0x21, 0xFF,
    0x4A, 0x38, 0x29, 0xFF, 0x4A, 0x3C, 0x21, 0xFF, 0x4A, 0x38, 0x29, 0xFF, 0x4A, 0x38, 0x21, 0xFF,
    0x4A, 0x38, 0x29, 0xFF, 0x4A, 0x38, 0x21, 0xFF, 0x4A, 0x3C, 0x29, 0xFF, 0x4A, 0x38, 0x21, 0xFF,
    0x4A, 0x38, 0x29, 0xFF, 0x4A, 0x3C, 0x21, 0xFF, 0x4A, 0x38, 0x29, 0xFF, 0x4A, 0x38, 0x21, 0xFF,
    0x4A, 0x3C, 0x29, 0xFF, 0x4A, 0x38, 0x21, 0xFF, 0x4A, 0x38, 0x29, 0xFF, 0x4A, 0x3C, 0x21, 0xFF,
    0x4A, 0x38, 0x29, 0xFF, 0x4A, 0x38, 0x21, 0xFF, 0x4A, 0x3C, 0x29, 0xFF, 0x4A, 0x38, 0x21, 0xFF,
    0x4A, 0x38, 0x29, 0xFF, 0x4A, 0x3C, 0x21, 0xFF, 0x4A, 0x38, 0x29, 0xFF, 0x4A, 0x38, 0x21, 0xFF,
    0x4A, 0x3C, 0x29, 0xFF, 0x4A, 0x38, 0x21, 0xFF, 0x4A, 0x38, 0x29, 0xFF, 0x4A, 0x3C, 0x21, 0xFF,
    0x4A, 0x38, 0x29, 0xFF, 0x4A, 0x38, 0x21, 0xFF, 0x4A, 0x3C, 0x29, 0xFF, 0x4A, 0x38, 0x21, 0xFF,
    0x4A, 0x38, 0x29, 0xFF, 0x4A, 0x3C, 0x21, 0xFF, 0x4A, 0x38, 0x29, 0xFF, 0x4A, 0x38, 0x21, 0xFF,
    0x4A, 0x3C, 0x29, 0xFF, 0x4A, 0x38, 0x21, 0xFF, 0x4A, 0x38, 0x29, 0xFF, 0x4A, 0x3C, 0x21, 0xFF,
    0x4A, 0x38, 0x29, 0xFF, 0x4A, 0x38, 0x21, 0xFF, 0x4A, 0x3C, 0x29, 0xFF, 0x4A, 0x38, 0x21, 0xFF,
    0x4A, 0x38, 0x29, 0xFF, 0x4A, 0x3C, 0x21, 0xFF, 0x4A, 0x38, 0x29, 0xFF, 0x4A, 0x38, 0x21, 0xFF,
    0x4A, 0x3C, 0x29, 0xFF, 0x4A, 0x38, 0x21, 0xFF, 0x4A, 0x38, 0x29, 0xFF, 0x4A, 0x3C, 0x21, 0xFF,
    0x4A, 0x38, 0x29, 0xFF, 0x4A, 0x38, 0x21, 0xFF, 0x4A, 0x3C, 0x29, 0xFF, 0x4A, 0x38, 0x21, 0xFF,
    0x4A, 0x38, 0x29, 0xFF, 0x4A, 0x3C, 0x21, 0xFF, 0x4A, 0x38, 0x29, 0xFF, 0x4A, 0x38, 0x21, 0xFF,
    0x4A, 0x3C, 0x29, 0xFF, 0x4A, 0x38, 0x21, 0xFF, 0x4A, 0x38, 0x29, 0xFF, 0x4A, 0x3C, 0x21, 0xFF,
    0x4A, 0x38, 0x29, 0xFF, 0x4A, 0x38, 0x21, 0xFF, 0x4A, 0x3C, 0x29, 0xFF, 0x4A, 0x38, 0x21, 0xFF,
    0x4A, 0x38, 0x29, 0xFF, 0x4A, 0x3C, 0x21, 0xFF, 0x4A, 0x38, 0x29, 0xFF, 0x4A, 0x38, 0x21, 0xFF,
    0x4A, 0x3C, 0x29, 0xFF, 0x4A, 0x38, 0x21, 0xFF, 0x4A, 0x38, 0x29, 0xFF, 0x4A, 0x3C, 0x21, 0xFF,
    0x4A, 0x38, 0x29, 0xFF, 0x4A, 0x38, 0x21, 0xFF, 0x4A, 0x3C, 0x29, 0xFF, 0x4A, 0x38, 0x21, 0xFF,
    0x4A, 0x38, 0x29, 0xFF, 0x4A, 0x3C, 0x21, 0xFF, 0x4A, 0x38, 0x29, 0xFF, 0x4A, 0x38, 0x21, 0xFF,
    0x4A, 0x3C, 0x29, 0xFF, 0x4A, 0x38, 0x21, 0xFF, 0x4A, 0x38, 0x29, 0xFF, 0x4A, 0x3C, 0x21, 0xFF,
    0x4A, 0x38, 0x29, 0xFF, 0x4A, 0x38, 0x21, 0xFF, 0x4A, 0x3C, 0x29, 0xFF, 0x4A, 0x38, 0x21, 0xFF,
    0x4A, 0x38, 0x29, 0xFF, 0x4A, 0x3C, 0x21, 0xFF, 0x4A, 0x38, 0x29, 0xFF, 0x4A, 0x38, 0x21, 0xFF,
    0x4A, 0x3C, 0x29, 0xFF, 0x4A, 0x38, 0x21, 0xFF, 0x4A, 0x38, 0x29, 0xFF, 0x4A, 0x3C, 0x21, 0xFF,
    0x4A, 0x38, 0x29, 0xFF, 0x4A, 0x38, 0x21, 0xFF, 0x4A, 0x3C, 0x29, 0xFF, 0x4A, 0x38, 0x21, 0xFF,
    0x4A, 0x38, 0x29, 0xFF, 0x4A, 0x3C, 0x21, 0xFF, 0x4A, 0x38, 0x29, 0xFF, 0x4A, 0x38, 0x21, 0xFF,
    0x4A, 0x3C, 0x29, 0xFF, 0x4A, 0x38, 0x21, 0xFF, 0x4A, 0x38, 0x29, 0xFF, 0x4A, 0x3C, 0x21, 0xFF,
    0x4A, 0x38, 0x29, 0xFF, 0x4A, 0x38, 0x21, 0xFF, 0x4A, 0x3C, 0x29, 0xFF, 0x4A, 0x38, 0x21, 0xFF,
    0x4A, 0x38, 0x29, 0xFF, 0x4A, 0x3C, 0x21, 0xFF, 0x4A, 0x38, 0x29, 0xFF, 0x4A, 0x38, 0x21, 0xFF,
    0x4A, 0x3C, 0x29, 0xFF, 0x4A, 0x38, 0x21, 0xFF, 0x4A, 0x38, 0x29, 0xFF, 0x4A, 0x3C, 0x21, 0xFF,
    0x4A, 0x38, 0x29, 0xFF, 0x4A, 0x3C, 0x21, 0xFF, 0x4A, 0x38, 0x29, 0xFF, 0x4A, 0x3C, 0x21, 0xFF,
    0x4A, 0x38, 0x21, 0xFF, 0x52, 0x38, 0x21, 0xFF, 0x4A, 0x3C, 0x29, 0xFF, 0x52, 0x38, 0x21, 0xFF,
    0x4A, 0x3C, 0x21, 0xFF, 0x52, 0x38, 0x29, 0xFF, 0x4A, 0x38, 0x21, 0xFF, 0x52, 0x3C, 0x21, 0xFF,
    0x4A, 0x38, 0x29, 0xFF, 0x52, 0x38, 0x21, 0xFF, 0x4A, 0x3C, 0x21, 0xFF, 0x52, 0x38, 0x29, 0xFF,
    0x4A, 0x38, 0x21, 0xFF, 0x52, 0x3C, 0x21, 0xFF, 0x4A, 0x38, 0x29, 0xFF, 0x52, 0x38, 0x21, 0xFF,
    0x4A, 0x3C, 0x21, 0xFF, 0x52, 0x38, 0x29, 0xFF, 0x4A, 0x38, 0x21, 0xFF, 0x52, 0x3C, 0x21, 0xFF,
    0x4A, 0x38, 0x29, 0xFF, 0x52, 0x38, 0x21, 0xFF, 0x4A, 0x3C, 0x21, 0xFF, 0x52, 0x38, 0x29, 0xFF,
    0x4A, 0x38, 0x21, 0xFF, 0x52, 0x3C, 0x21, 0xFF, 0x4A, 0x38, 0x29, 0xFF, 0x52, 0x38, 0x21, 0xFF,
    0x4A, 0x3C, 0x21, 0xFF, 0x52, 0x38, 0x29, 0xFF, 0x4A, 0x38, 0x21, 0xFF, 0x52, 0x3C, 0x21, 0xFF,
    0x4A, 0x38, 0x29, 0xFF, 0x52, 0x38, 0x21, 0xFF, 0x4A, 0x3C, 0x21, 0xFF, 0x52, 0x38, 0x29, 0xFF,
    0x4A, 0x38, 0x21, 0xFF, 0x52, 0x3C, 0x21, 0xFF, 0x4A, 0x38, 0x29, 0xFF, 0x52, 0x38, 0x21, 0xFF,
    0x4A, 0x3C, 0x21, 0xFF, 0x52, 0x38, 0x29, 0xFF, 0x4A, 0x38, 0x21, 0xFF, 0x52, 0x3C, 0x21, 0xFF,
    0x4A, 0x38, 0x29, 0xFF, 0x52, 0x38, 0x21, 0xFF, 0x4A, 0x3C, 0x21, 0xFF, 0x52, 0x38, 0x29, 0xFF,
    0x4A, 0x38, 0x21, 0xFF, 0x52, 0x3C, 0x21, 0xFF, 0x4A, 0x38, 0x29, 0xFF, 0x52, 0x38, 0x21, 0xFF,
    0x4A, 0x3C, 0x21, 0xFF, 0x52, 0x38, 0x29, 0xFF, 0x4A, 0x38, 0x21, 0xFF, 0x52, 0x3C, 0x21, 0xFF,
    0x4A, 0x38, 0x29, 0xFF, 0x52, 0x38, 0x21, 0xFF, 0x4A, 0x3C, 0x21, 0xFF, 0x52, 0x38, 0x29, 0xFF,
    0x4A, 0x38, 0x21, 0xFF, 0x52, 0x3C, 0x21, 0xFF, 0x4A, 0x38, 0x29, 0xFF, 0x52, 0x38, 0x21, 0xFF,
    0x4A, 0x3C, 0x21, 0xFF, 0x52, 0x38, 0x29, 0xFF, 0x4A, 0x38, 0x21, 0xFF, 0x52, 0x3C, 0x21, 0xFF,
    0x4A, 0x38, 0x29, 0xFF, 0x52, 0x38, 0x21, 0xFF, 0x4A, 0x3C, 0x21, 0xFF, 0x52, 0x38, 0x29, 0xFF,
    0x4A, 0x38, 0x21, 0xFF, 0x52, 0x3C, 0x21, 0xFF, 0x4A, 0x38, 0x29, 0xFF, 0x52, 0x38, 0x21, 0xFF,
    0x4A, 0x3C, 0x21, 0xFF, 0x52, 0x38, 0x29, 0xFF, 0x4A, 0x38, 0x21, 0xFF, 0x52, 0x3C, 0x21, 0xFF,
    0x4A, 0x38, 0x29, 0xFF, 0x52, 0x38, 0x21, 0xFF, 0x4A, 0x3C, 0x21, 0xFF, 0x52, 0x38, 0x29, 0xFF,
    0x4A, 0x38, 0x21, 0xFF, 0x52, 0x3C, 0x21, 0xFF, 0x4A, 0x38, 0x29, 0xFF, 0x52, 0x38, 0x21, 0xFF,
    0x4A, 0x3C, 0x21, 0xFF, 0x52, 0x38, 0x29, 0xFF, 0x4A, 0x38, 0x21, 0xFF, 0x52, 0x3C, 0x21, 0xFF,
    0x4A, 0x38, 0x29, 0xFF, 0x52, 0x38, 0x21, 0xFF, 0x4A, 0x3C, 0x21, 0xFF, 0x52, 0x38, 0x29, 0xFF,
    0x4A, 0x38, 0x21, 0xFF, 0x52, 0x3C, 0x21, 0xFF, 0x4A, 0x38, 0x29, 0xFF, 0x52, 0x38, 0x21, 0xFF,
    0x4A, 0x3C, 0x21, 0xFF, 0x52, 0x38, 0x29, 0xFF, 0x4A, 0x38, 0x21, 0xFF, 0x52, 0x3C, 0x21, 0xFF,
    0x4A, 0x38, 0x29, 0xFF, 0x52, 0x38, 0x21, 0xFF, 0x4A, 0x3C, 0x21, 0xFF, 0x52, 0x38, 0x29, 0xFF,
    0x4A, 0x38, 0x21, 0xFF, 0x52, 0x3C, 0x21, 0xFF, 0x4A, 0x38, 0x29, 0xFF, 0x52, 0x38, 0x21, 0xFF,
    0x4A, 0x3C, 0x21, 0xFF, 0x52, 0x38, 0x29, 0xFF, 0x4A, 0x38, 0x21, 0xFF, 0x52, 0x3C, 0x21, 0xFF,
    0x4A, 0x38, 0x29, 0xFF, 0x52, 0x38, 0x21, 0xFF, 0x4A, 0x3C, 0x21, 0xFF, 0x52, 0x38, 0x29, 0xFF,
    0x4A, 0x38, 0x21, 0xFF, 0x52, 0x3C, 0x21, 0xFF, 0x4A, 0x38, 0x29, 0xFF, 0x52, 0x38, 0x21, 0xFF,
    0x4A, 0x38, 0x21, 0xFF, 0x52, 0x3C, 0x29, 0xFF, 0x4A, 0x38, 0x21, 0xFF, 0x4A, 0x38, 0x21, 0xFF,
    0x4A, 0x3C, 0x29, 0xFF, 0x4A, 0x3C, 0x21, 0xFF, 0x4A, 0x38, 0x21, 0xFF, 0x4A, 0x3C, 0x29, 0xFF,
    0x4A, 0x3C, 0x21, 0xFF, 0x4A, 0x3C, 0x21, 0xFF, 0x4A, 0x3C, 0x29, 0xFF, 0x4A, 0x38, 0x21, 0xFF,
    0x4A, 0x3C, 0x21, 0xFF, 0x4A, 0x3C, 0x29, 0xFF, 0x4A, 0x38, 0x21, 0xFF, 0x4A, 0x3C, 0x21, 0xFF,
    0x4A, 0x3C, 0x29, 0xFF, 0x4A, 0x38, 0x21, 0xFF, 0x4A, 0x3C, 0x21, 0xFF, 0x4A, 0x3C, 0x29, 0xFF,
    0x4A, 0x38, 0x21, 0xFF, 0x4A, 0x3C, 0x21, 0xFF, 0x4A, 0x3C, 0x29, 0xFF, 0x4A, 0x38, 0x21, 0xFF,
    0x4A, 0x3C, 0x21, 0xFF, 0x4A, 0x3C, 0x29, 0xFF, 0x4A, 0x38, 0x21, 0xFF, 0x4A, 0x3C, 0x21, 0xFF,
    0x4A, 0x3C, 0x29, 0xFF, 0x4A, 0x38, 0x21, 0xFF, 0x4A, 0x3C, 0x21, 0xFF, 0x4A, 0x3C, 0x29, 0xFF,
    0x4A, 0x38, 0x21, 0xFF, 0x4A, 0x3C, 0x21, 0xFF, 0x4A, 0x3C, 0x29, 0xFF, 0x4A, 0x38, 0x21, 0xFF,
    0x4A, 0x3C, 0x21, 0xFF, 0x4A, 0x3C, 0x29, 0xFF, 0x4A, 0x38, 0x21, 0xFF, 0x4A, 0x3C, 0x21, 0xFF,
    0x4A, 0x3C, 0x29, 0xFF, 0x4A, 0x38, 0x21, 0xFF, 0x4A, 0x3C, 0x21, 0xFF, 0x4A, 0x3C, 0x29, 0xFF,
    0x4A, 0x38, 0x21, 0xFF, 0x4A, 0x3C, 0x21, 0xFF, 0x4A, 0x3C, 0x29, 0xFF, 0x4A, 0x38, 0x21, 0xFF,
    0x4A, 0x3C, 0x21, 0xFF, 0x4A, 0x3C, 0x29, 0xFF, 0x4A, 0x38, 0x21, 0xFF, 0x4A, 0x3C, 0x21, 0xFF,
    0x4A, 0x3C, 0x29, 0xFF, 0x4A, 0x38, 0x21, 0xFF, 0x4A, 0x3C, 0x21, 0xFF, 0x4A, 0x3C, 0x29, 0xFF,
    0x4A, 0x38, 0x21, 0xFF, 0x4A, 0x3C, 0x21, 0xFF, 0x4A, 0x3C, 0x29, 0xFF, 0x4A, 0x38, 0x21, 0xFF,
    0x4A, 0x3C, 0x21, 0xFF, 0x4A, 0x3C, 0x29, 0xFF, 0x4A, 0x38, 0x21, 0xFF, 0x4A, 0x3C, 0x21, 0xFF,
    0x4A, 0x3C, 0x29, 0xFF, 0x4A, 0x38, 0x21, 0xFF, 0x4A, 0x3C, 0x21, 0xFF, 0x4A, 0x3C, 0x29, 0xFF,
    0x4A, 0x38, 0x21, 0xFF, 0x4A, 0x3C, 0x21, 0xFF, 0x4A, 0x3C, 0x29, 0xFF, 0x4A, 0x38, 0x21, 0xFF,
    0x4A, 0x3C, 0x21, 0xFF, 0x4A, 0x3C, 0x29, 0xFF, 0x4A, 0x38, 0x21, 0xFF, 0x4A, 0x3C, 0x21, 0xFF,
    0x4A, 0x3C, 0x29, 0xFF, 0x4A, 0x38, 0x21, 0xFF, 0x4A, 0x3C, 0x21, 0xFF, 0x4A, 0x3C, 0x29, 0xFF,
    0x4A, 0x38, 0x21, 0xFF, 0x4A, 0x3C, 0x21, 0xFF, 0x4A, 0x3C, 0x29, 0xFF, 0x4A, 0x38, 0x21, 0xFF,
    0x4A, 0x3C, 0x21, 0xFF, 0x4A, 0x3C, 0x29, 0xFF, 0x4A, 0x38, 0x21, 0xFF, 0x4A, 0x3C, 0x21, 0xFF,
    0x4A, 0x3C, 0x29, 0xFF, 0x4A, 0x38, 0x21, 0xFF, 0x4A, 0x3C, 0x21, 0xFF, 0x4A, 0x3C, 0x29, 0xFF,
    0x4A, 0x38, 0x21, 0xFF, 0x4A, 0x3C, 0x21, 0xFF, 0x4A, 0x3C, 0x29, 0xFF, 0x4A, 0x38, 0x21, 0xFF,
    0x4A, 0x3C, 0x21, 0xFF, 0x4A, 0x3C, 0x29, 0xFF, 0x4A, 0x38, 0x21, 0xFF, 0x4A, 0x3C, 0x21, 0xFF,
    0x4A, 0x3C, 0x29, 0xFF, 0x4A, 0x38, 0x21, 0xFF, 0x4A, 0x3C, 0x21, 0xFF, 0x4A, 0x3C, 0x29, 0xFF,
    0x4A, 0x38, 0x21, 0xFF, 0x4A, 0x3C, 0x21, 0xFF, 0x4A, 0x3C, 0x29, 0xFF, 0x4A, 0x38, 0x21, 0xFF,
    0x4A, 0x3C, 0x21, 0xFF, 0x4A, 0x3C, 0x29, 0xFF, 0x4A, 0x38, 0x21, 0xFF, 0x4A, 0x3C, 0x21, 0xFF,
    0x4A, 0x3C, 0x29, 0xFF, 0x4A, 0x38, 0x21, 0xFF, 0x4A, 0x3C, 0x21, 0xFF, 0x4A, 0x3C, 0x29, 0xFF,
    0x4A, 0x38, 0x21, 0xFF, 0x4A, 0x3C, 0x21, 0xFF, 0x4A, 0x3C, 0x29, 0xFF, 0x4A, 0x38, 0x21, 0xFF,
    0x4A, 0x3C, 0x21, 0xFF, 0x4A, 0x3C, 0x29, 0xFF, 0x4A, 0x38, 0x21, 0xFF, 0x4A, 0x3C, 0x21, 0xFF,
    0x4A, 0x3C, 0x29, 0xFF, 0x4A, 0x38, 0x21, 0xFF, 0x4A, 0x3C, 0x21, 0xFF, 0x4A, 0x3C, 0x29, 0xFF,
    0x4A, 0x3C, 0x21, 0xFF, 0x4A, 0x38, 0x21, 0xFF, 0x4A, 0x3C, 0x29, 0xFF, 0x52, 0x3C, 0x21, 0xFF,
    0x4A, 0x3C, 0x21, 0xFF, 0x4A, 0x38, 0x29, 0xFF, 0x4A, 0x3C, 0x21, 0xFF, 0x4A, 0x38, 0x21, 0xFF,
    0x4A, 0x3C, 0x29, 0xFF, 0x4A, 0x38, 0x21, 0xFF, 0x4A, 0x3C, 0x21, 0xFF, 0x4A, 0x3C, 0x29, 0xFF,
    0x4A, 0x38, 0x21, 0xFF, 0x4A, 0x3C, 0x21, 0xFF, 0x4A, 0x3C, 0x29, 0xFF, 0x4A, 0x38, 0x21, 0xFF,
    0x4A, 0x3C, 0x21, 0xFF, 0x4A, 0x3C, 0x29, 0xFF, 0x4A, 0x38, 0x21, 0xFF, 0x4A, 0x3C, 0x21, 0xFF,
    0x4A, 0x3C, 0x29, 0xFF, 0x4A, 0x38, 0x21, 0xFF, 0x4A, 0x3C, 0x21, 0xFF, 0x4A, 0x3C, 0x29, 0xFF,
    0x4A, 0x38, 0x21, 0xFF, 0x4A, 0x3C, 0x21, 0xFF, 0x4A, 0x3C, 0x29, 0xFF, 0x4A, 0x38, 0x21, 0xFF,
    0x4A, 0x3C, 0x21, 0xFF, 0x4A, 0x3C, 0x29, 0xFF, 0x4A, 0x38, 0x21, 0xFF, 0x4A, 0x3C, 0x21, 0xFF,
    0x4A, 0x3C, 0x29, 0xFF, 0x4A, 0x38, 0x21, 0xFF, 0x4A, 0x3C, 0x21, 0xFF, 0x4A, 0x3C, 0x29, 0xFF,
    0x4A, 0x38, 0x21, 0xFF, 0x4A, 0x3C, 0x21, 0xFF, 0x4A, 0x3C, 0x29, 0xFF, 0x4A, 0x38, 0x21, 0xFF,
    0x4A, 0x3C, 0x21, 0xFF, 0x4A, 0x3C, 0x29, 0xFF, 0x4A, 0x38, 0x21, 0xFF, 0x4A, 0x3C, 0x21, 0xFF,
    0x4A, 0x3C, 0x29, 0xFF, 0x4A, 0x38, 0x21, 0xFF, 0x4A, 0x3C, 0x21, 0xFF, 0x4A, 0x3C, 0x29, 0xFF,
    0x4A, 0x38, 0x21, 0xFF, 0x4A, 0x3C, 0x21, 0xFF, 0x4A, 0x3C, 0x29, 0xFF, 0x4A, 0x38, 0x21, 0xFF,
    0x4A, 0x3C, 0x21, 0xFF, 0x4A, 0x3C, 0x29, 0xFF, 0x4A, 0x38, 0x21, 0xFF, 0x4A, 0x3C, 0x21, 0xFF,
    0x4A, 0x3C, 0x29, 0xFF, 0x4A, 0x38, 0x21, 0xFF, 0x4A, 0x3C, 0x21, 0xFF, 0x4A, 0x3C, 0x29, 0xFF,
    0x4A, 0x38, 0x21, 0xFF, 0x4A, 0x3C, 0x21, 0xFF, 0x4A, 0x3C, 0x29, 0xFF, 0x4A, 0x38, 0x21, 0xFF,
    0x4A, 0x3C, 0x21, 0xFF, 0x4A, 0x3C, 0x29, 0xFF, 0x4A, 0x38, 0x21, 0xFF, 0x4A, 0x3C, 0x21, 0xFF,
    0x4A, 0x3C, 0x29, 0xFF, 0x4A, 0x38, 0x21, 0xFF, 0x4A, 0x3C, 0x21, 0xFF, 0x4A, 0x3C, 0x29, 0xFF,
    0x4A, 0x38, 0x21, 0xFF, 0x4A, 0x3C, 0x21, 0xFF, 0x4A, 0x3C, 0x29, 0xFF, 0x4A, 0x38, 0x21, 0xFF,
    0x4A, 0x3C, 0x21, 0xFF, 0x4A, 0x3C, 0x29, 0xFF, 0x4A, 0x38, 0x21, 0xFF, 0x4A, 0x3C, 0x21, 0xFF,
    0x4A, 0x3C, 0x29, 0xFF, 0x4A, 0x38, 0x21, 0xFF, 0x4A, 0x3C, 0x21, 0xFF, 0x4A, 0x3C, 0x29, 0xFF,
    0x4A, 0x38, 0x21, 0xFF, 0x4A, 0x3C, 0x21, 0xFF, 0x4A, 0x3C, 0x29, 0xFF, 0x4A, 0x38, 0x21, 0xFF,
    0x4A, 0x3C, 0x21, 0xFF, 0x4A, 0x3C, 0x29, 0xFF, 0x4A, 0x38, 0x21, 0xFF, 0x4A, 0x3C, 0x21, 0xFF,
    0x4A, 0x3C, 0x29, 0xFF, 0x4A, 0x38, 0x21, 0xFF, 0x4A, 0x3C, 0x21, 0xFF, 0x4A, 0x3C, 0x29, 0xFF,
    0x4A, 0x38, 0x21, 0xFF, 0x4A, 0x3C, 0x21, 0xFF, 0x4A, 0x3C, 0x29, 0xFF, 0x4A, 0x38, 0x21, 0xFF,
    0x4A, 0x3C, 0x21, 0xFF, 0x4A, 0x3C, 0x29, 0xFF, 0x4A, 0x38, 0x21, 0xFF, 0x4A, 0x3C, 0x21, 0xFF,
    0x4A, 0x3C, 0x29, 0xFF, 0x4A, 0x38, 0x21, 0xFF, 0x4A, 0x3C, 0x21, 0xFF, 0x4A, 0x3C, 0x29, 0xFF,
    0x4A, 0x38, 0x21, 0xFF, 0x4A, 0x3C, 0x21, 0xFF, 0x4A, 0x3C, 0x29, 0xFF, 0x4A, 0x38, 0x21, 0xFF,
    0x4A, 0x3C, 0x21, 0xFF, 0x4A, 0x3C, 0x29, 0xFF, 0x4A, 0x38, 0x21, 0xFF, 0x4A, 0x3C, 0x21, 0xFF,
    0x4A, 0x3C, 0x29, 0xFF, 0x4A, 0x38, 0x21, 0xFF, 0x4A, 0x3C, 0x21, 0xFF, 0x4A, 0x3C, 0x29, 0xFF,
    0x4A, 0x38, 0x21, 0xFF, 0x4A, 0x3C, 0x21, 0xFF, 0x4A, 0x3C, 0x29, 0xFF, 0x4A, 0x38, 0x21, 0xFF,
    0x4A, 0x3C, 0x21, 0xFF, 0x4A, 0x3C, 0x29, 0xFF, 0x4A, 0x38, 0x21, 0xFF, 0x4A, 0x3C, 0x21, 0xFF,
    0x4A, 0x38, 0x29, 0xFF, 0x52, 0x3C, 0x21, 0xFF, 0x4A, 0x38, 0x29, 0xFF, 0x4A, 0x3C, 0x21, 0xFF,
    0x4A, 0x3C, 0x29, 0xFF, 0x52, 0x3C, 0x21, 0xFF, 0x4A, 0x3C, 0x29, 0xFF, 0x52, 0x3C, 0x21, 0xFF,
    0x4A, 0x38, 0x29, 0xFF, 0x52, 0x3C, 0x21, 0xFF, 0x4A, 0x38, 0x29, 0xFF, 0x52, 0x3C, 0x21, 0xFF,
    0x4A, 0x38, 0x29, 0xFF, 0x52, 0x3C, 0x21, 0xFF, 0x4A, 0x38, 0x29, 0xFF, 0x52, 0x3C, 0x21, 0xFF,
    0x4A, 0x38, 0x29, 0xFF, 0x52, 0x3C, 0x21, 0xFF, 0x4A, 0x38, 0x29, 0xFF, 0x52, 0x3C, 0x21, 0xFF,
    0x4A, 0x38, 0x29, 0xFF, 0x52, 0x3C, 0x21, 0xFF, 0x4A, 0x38, 0x29, 0xFF, 0x52, 0x3C, 0x21, 0xFF,
    0x4A, 0x38, 0x29, 0xFF, 0x52, 0x3C, 0x21, 0xFF, 0x4A, 0x38, 0x29, 0xFF, 0x52, 0x3C, 0x21, 0xFF,
    0x4A, 0x38, 0x29, 0xFF, 0x52, 0x3C, 0x21, 0xFF, 0x4A, 0x38, 0x29, 0xFF, 0x52, 0x3C, 0x21, 0xFF,
    0x4A, 0x38, 0x29, 0xFF, 0x52, 0x3C, 0x21, 0xFF, 0x4A, 0x38, 0x29, 0xFF, 0x52, 0x3C, 0x21, 0xFF,
    0x4A, 0x38, 0x29, 0xFF, 0x52, 0x3C, 0x21, 0xFF, 0x4A, 0x38, 0x29, 0xFF, 0x52, 0x3C, 0x21, 0xFF,
    0x4A, 0x38, 0x29, 0xFF, 0x52, 0x3C, 0x21, 0xFF, 0x4A, 0x38, 0x29, 0xFF, 0x52, 0x3C, 0x21, 0xFF,
    0x4A, 0x38, 0x29, 0xFF, 0x52, 0x3C, 0x21, 0xFF, 0x4A, 0x38, 0x29, 0xFF, 0x52, 0x3C, 0x21, 0xFF,
    0x4A, 0x38, 0x29, 0xFF, 0x52, 0x3C, 0x21, 0xFF, 0x4A, 0x38, 0x29, 0xFF, 0x52, 0x3C, 0x21, 0xFF,
    0x4A, 0x38, 0x29, 0xFF, 0x52, 0x3C, 0x21, 0xFF, 0x4A, 0x38, 0x29, 0xFF, 0x52, 0x3C, 0x21, 0xFF,
    0x4A, 0x38, 0x29, 0xFF, 0x52, 0x3C, 0x21, 0xFF, 0x4A, 0x38, 0x29, 0xFF, 0x52, 0x3C, 0x21, 0xFF,
    0x4A, 0x38, 0x29, 0xFF, 0x52, 0x3C, 0x21, 0xFF, 0x4A, 0x38, 0x29, 0xFF, 0x52, 0x3C, 0x21, 0xFF,
    0x4A, 0x38, 0x29, 0xFF, 0x52, 0x3C, 0x21, 0xFF, 0x4A, 0x38, 0x29, 0xFF, 0x52, 0x3C, 0x21, 0xFF,
    0x4A, 0x38, 0x29, 0xFF, 0x52, 0x3C, 0x21, 0xFF, 0x4A, 0x38, 0x29, 0xFF, 0x52, 0x3C, 0x21, 0xFF,
    0x4A, 0x38, 0x29, 0xFF, 0x52, 0x3C, 0x21, 0xFF, 0x4A, 0x38, 0x29, 0xFF, 0x52, 0x3C, 0x21, 0xFF,
    0x4A, 0x38, 0x29, 0xFF, 0x52, 0x3C, 0x21, 0xFF, 0x4A, 0x38, 0x29, 0xFF, 0x52, 0x3C, 0x21, 0xFF,
    0x4A, 0x38, 0x29, 0xFF, 0x52, 0x3C, 0x21, 0xFF, 0x4A, 0x38, 0x29, 0xFF, 0x52, 0x3C, 0x21, 0xFF,
    0x4A, 0x38, 0x29, 0xFF, 0x52, 0x3C, 0x21, 0xFF, 0x4A, 0x38, 0x29, 0xFF, 0x52, 0x3C, 0x21, 0xFF,
    0x4A, 0x38, 0x29, 0xFF, 0x52, 0x3C, 0x21, 0xFF, 0x4A, 0x38, 0x29, 0xFF, 0x52, 0x3C, 0x21, 0xFF,
    0x4A, 0x38, 0x29, 0xFF, 0x52, 0x3C, 0x21, 0xFF, 0x4A, 0x38, 0x29, 0xFF, 0x52, 0x3C, 0x21, 0xFF,
    0x4A, 0x38, 0x29, 0xFF, 0x52, 0x3C, 0x21, 0xFF, 0x4A, 0x38, 0x29, 0xFF, 0x52, 0x3C, 0x21, 0xFF,
    0x4A, 0x38, 0x29, 0xFF, 0x52, 0x3C, 0x21, 0xFF, 0x4A, 0x38, 0x29, 0xFF, 0x52, 0x3C, 0x21, 0xFF,
    0x4A, 0x38, 0x29, 0xFF, 0x52, 0x3C, 0x21, 0xFF, 0x4A, 0x38, 0x29, 0xFF, 0x52, 0x3C, 0x21, 0xFF,
    0x4A, 0x38, 0x29, 0xFF, 0x52, 0x3C, 0x21, 0xFF, 0x4A, 0x38, 0x29, 0xFF, 0x52, 0x3C, 0x21, 0xFF,
    0x4A, 0x38, 0x29, 0xFF, 0x52, 0x3C, 0x21, 0xFF, 0x4A, 0x38, 0x29, 0xFF, 0x52, 0x3C, 0x21, 0xFF,
    0x4A, 0x38, 0x29, 0xFF, 0x52, 0x3C, 0x21, 0xFF, 0x4A, 0x38, 0x29, 0xFF, 0x52, 0x3C, 0x21, 0xFF,
    0x4A, 0x38, 0x29, 0xFF, 0x52, 0x3C, 0x21, 0xFF, 0x4A, 0x38, 0x29, 0xFF, 0x52, 0x3C, 0x21, 0xFF,
    0x4A, 0x38, 0x29, 0xFF, 0x52, 0x3C, 0x21, 0xFF, 0x4A, 0x38, 0x29, 0xFF, 0x52, 0x3C, 0x21, 0xFF,
    0x4A, 0x3C, 0x29, 0xFF, 0x4A, 0x3C, 0x21, 0xFF, 0x4A, 0x3C, 0x21, 0xFF, 0x4A, 0x38, 0x29, 0xFF,
    0x4A, 0x3C, 0x21, 0xFF, 0x4A, 0x3C, 0x29, 0xFF, 0x4A, 0x3C, 0x21, 0xFF, 0x4A, 0x3C, 0x29, 0xFF,
    0x4A, 0x3C, 0x21, 0xFF, 0x4A, 0x3C, 0x29, 0xFF, 0x4A, 0x3C, 0x21, 0xFF, 0x4A, 0x3C, 0x29, 0xFF,
    0x4A, 0x3C, 0x21, 0xFF, 0x4A, 0x3C, 0x29, 0xFF, 0x4A, 0x3C, 0x21, 0xFF, 0x4A, 0x3C, 0x29, 0xFF,
    0x4A, 0x3C, 0x21, 0xFF, 0x4A, 0x3C, 0x29, 0xFF, 0x4A, 0x3C, 0x21, 0xFF, 0x4A, 0x3C, 0x29, 0xFF,
    0x4A, 0x3C, 0x21, 0xFF, 0x4A, 0x3C, 0x29, 0xFF, 0x4A, 0x3C, 0x21, 0xFF, 0x4A, 0x3C, 0x29, 0xFF,
    0x4A, 0x3C, 0x21, 0xFF, 0x4A, 0x3C, 0x29, 0xFF, 0x4A, 0x3C, 0x21, 0xFF, 0x4A, 0x3C, 0x29, 0xFF,
    0x4A, 0x3C, 0x21, 0xFF, 0x4A, 0x3C, 0x29, 0xFF, 0x4A, 0x3C, 0x21, 0xFF, 0x4A, 0x3C, 0x29, 0xFF,
    0x4A, 0x3C, 0x21, 0xFF, 0x4A, 0x3C, 0x29, 0xFF, 0x4A, 0x3C, 0x21, 0xFF, 0x4A, 0x3C, 0x29, 0xFF,
    0x4A, 0x3C, 0x21, 0xFF, 0x4A, 0x3C, 0x29, 0xFF, 0x4A, 0x3C, 0x21, 0xFF, 0x4A, 0x3C, 0x29, 0xFF,
    0x4A, 0x3C, 0x21, 0xFF, 0x4A, 0x3C, 0x29, 0xFF, 0x4A, 0x3C, 0x21, 0xFF, 0x4A, 0x3C, 0x29, 0xFF,
    0x4A, 0x3C, 0x21, 0xFF, 0x4A, 0x3C, 0x29, 0xFF, 0x4A, 0x3C, 0x21, 0xFF, 0x4A, 0x3C, 0x29, 0xFF,
    0x4A, 0x3C, 0x21, 0xFF, 0x4A, 0x3C, 0x29, 0xFF, 0x4A, 0x3C, 0x21, 0xFF, 0x4A, 0x3C, 0x29, 0xFF,
    0x4A, 0x3C, 0x21, 0xFF, 0x4A, 0x3C, 0x29, 0xFF, 0x4A, 0x3C, 0x21, 0xFF, 0x4A, 0x3C, 0x29, 0xFF,
    0x4A, 0x3C, 0x21, 0xFF, 0x4A, 0x3C, 0x29, 0xFF, 0x4A, 0x3C, 0x21, 0xFF, 0x4A, 0x3C, 0x29, 0xFF,
    0x4A, 0x3C, 0x21, 0xFF, 0x4A, 0x3C, 0x29, 0xFF, 0x4A, 0x3C, 0x21, 0xFF, 0x4A, 0x3C, 0x29, 0xFF,
    0x4A, 0x3C, 0x21, 0xFF, 0x4A, 0x3C, 0x29, 0xFF, 0x4A, 0x3C, 0x21, 0xFF, 0x4A, 0x3C, 0x29, 0xFF,
    0x4A, 0x3C, 0x21, 0xFF, 0x4A, 0x3C, 0x29, 0xFF, 0x4A, 0x3C, 0x21, 0xFF, 0x4A, 0x3C, 0x29, 0xFF,
    0x4A, 0x3C, 0x21, 0xFF, 0x4A, 0x3C, 0x29, 0xFF, 0x4A, 0x3C, 0x21, 0xFF, 0x4A, 0x3C, 0x29, 0xFF,
    0x4A, 0x3C, 0x21, 0xFF, 0x4A, 0x3C, 0x29, 0xFF, 0x4A, 0x3C, 0x21, 0xFF, 0x4A, 0x3C, 0x29, 0xFF,
    0x4A, 0x3C, 0x21, 0xFF, 0x4A, 0x3C, 0x29, 0xFF, 0x4A, 0x3C, 0x21, 0xFF, 0x4A, 0x3C, 0x29, 0xFF,
    0x4A, 0x3C, 0x21, 0xFF, 0x4A, 0x3C, 0x29, 0xFF, 0x4A, 0x3C, 0x21, 0xFF, 0x4A, 0x3C, 0x29, 0xFF,
    0x4A, 0x3C, 0x21, 0xFF, 0x4A, 0x3C, 0x29, 0xFF, 0x4A, 0x3C, 0x21, 0xFF, 0x4A, 0x3C, 0x29, 0xFF,
    0x4A, 0x3C, 0x21, 0xFF, 0x4A, 0x3C, 0x29, 0xFF, 0x4A, 0x3C, 0x21, 0xFF, 0x4A, 0x3C, 0x29, 0xFF,
    0x4A, 0x3C, 0x21, 0xFF, 0x4A, 0x3C, 0x29, 0xFF, 0x4A, 0x3C, 0x21, 0xFF, 0x4A, 0x3C, 0x29, 0xFF,
    0x4A, 0x3C, 0x21, 0xFF, 0x4A, 0x3C, 0x29, 0xFF, 0x4A, 0x3C, 0x21, 0xFF, 0x4A, 0x3C, 0x29, 0xFF,
    0x4A, 0x3C, 0x21, 0xFF, 0x4A, 0x3C, 0x29, 0xFF, 0x4A, 0x3C, 0x21, 0xFF, 0x4A, 0x3C, 0x29, 0xFF,
    0x4A, 0x3C, 0x21, 0xFF, 0x4A, 0x3C, 0x29, 0xFF, 0x4A, 0x3C, 0x21, 0xFF, 0x4A, 0x3C, 0x29, 0xFF,
    0x4A, 0x3C, 0x21, 0xFF, 0x4A, 0x3C, 0x29, 0xFF, 0x4A, 0x3C, 0x21, 0xFF, 0x4A, 0x3C, 0x29, 0xFF,
    0x4A, 0x3C, 0x21, 0xFF, 0x4A, 0x3C, 0x29, 0xFF, 0x4A, 0x3C, 0x21, 0xFF, 0x4A, 0x3C, 0x29, 0xFF,
    0x4A, 0x3C, 0x21, 0xFF, 0x4A, 0x3C, 0x29, 0xFF, 0x4A, 0x3C, 0x21, 0xFF, 0x4A, 0x3C, 0x29, 0xFF,
    0x4A, 0x3C, 0x21, 0xFF, 0x4A, 0x3C, 0x29, 0xFF, 0x4A, 0x3C, 0x21, 0xFF, 0x4A, 0x3C, 0x29, 0xFF,
    0x52, 0x3C, 0x21, 0xFF, 0x4A, 0x3C, 0x29, 0xFF, 0x52, 0x3C, 0x29, 0xFF, 0x4A, 0x3C, 0x21, 0xFF,
    0x4A, 0x3C, 0x29, 0xFF, 0x52, 0x38, 0x21, 0xFF, 0x4A, 0x3C, 0x29, 0xFF, 0x52, 0x38, 0x21, 0xFF,
    0x4A, 0x3C, 0x29, 0xFF, 0x52, 0x38, 0x21, 0xFF, 0x4A, 0x3C, 0x29, 0xFF, 0x52, 0x38, 0x21, 0xFF,
    0x4A, 0x3C, 0x29, 0xFF, 0x52, 0x38, 0x21, 0xFF, 0x4A, 0x3C, 0x29, 0xFF, 0x52, 0x38, 0x21, 0xFF,
    0x4A, 0x3C, 0x29, 0xFF, 0x52, 0x38, 0x21, 0xFF, 0x4A, 0x3C, 0x29, 0xFF, 0x52, 0x38, 0x21, 0xFF,
    0x4A, 0x3C, 0x29, 0xFF, 0x52, 0x38, 0x21, 0xFF, 0x4A, 0x3C, 0x29, 0xFF, 0x52, 0x38, 0x21, 0xFF,
    0x4A, 0x3C, 0x29, 0xFF, 0x52, 0x38, 0x21, 0xFF, 0x4A, 0x3C, 0x29, 0xFF, 0x52, 0x38, 0x21, 0xFF,
    0x4A, 0x3C, 0x29, 0xFF, 0x52, 0x38, 0x21, 0xFF, 0x4A, 0x3C, 0x29, 0xFF, 0x52, 0x38, 0x21, 0xFF,
    0x4A, 0x3C, 0x29, 0xFF, 0x52, 0x38, 0x21, 0xFF, 0x4A, 0x3C, 0x29, 0xFF, 0x52, 0x38, 0x21, 0xFF,
    0x4A, 0x3C, 0x29, 0xFF, 0x52, 0x38, 0x21, 0xFF, 0x4A, 0x3C, 0x29, 0xFF, 0x52, 0x38, 0x21, 0xFF,
    0x4A, 0x3C, 0x29, 0xFF, 0x52, 0x38, 0x21, 0xFF, 0x4A, 0x3C, 0x29, 0xFF, 0x52, 0x38, 0x21, 0xFF,
    0x4A, 0x3C, 0x29, 0xFF, 0x52, 0x38, 0x21, 0xFF, 0x4A, 0x3C, 0x29, 0xFF, 0x52, 0x38, 0x21, 0xFF,
    0x4A, 0x3C, 0x29, 0xFF, 0x52, 0x38, 0x21, 0xFF, 0x4A, 0x3C, 0x29, 0xFF, 0x52, 0x38, 0x21, 0xFF,
    0x4A, 0x3C, 0x29, 0xFF, 0x52, 0x38, 0x21, 0xFF, 0x4A, 0x3C, 0x29, 0xFF, 0x52, 0x38, 0x21, 0xFF,
    0x4A, 0x3C, 0x29, 0xFF, 0x52, 0x38, 0x21, 0xFF, 0x4A, 0x3C, 0x29, 0xFF, 0x52, 0x38, 0x21, 0xFF,
    0x4A, 0x3C, 0x29, 0xFF, 0x52, 0x38, 0x21, 0xFF, 0x4A, 0x3C, 0x29, 0xFF, 0x52, 0x38, 0x21, 0xFF,
    0x4A, 0x3C, 0x29, 0xFF, 0x52, 0x38, 0x21, 0xFF, 0x4A, 0x3C, 0x29, 0xFF, 0x52, 0x38, 0x21, 0xFF,
    0x4A, 0x3C, 0x29, 0xFF, 0x52, 0x38, 0x21, 0xFF, 0x4A, 0x3C, 0x29, 0xFF, 0x52, 0x38, 0x21, 0xFF,
    0x4A, 0x3C, 0x29, 0xFF, 0x52, 0x38, 0x21, 0xFF, 0x4A, 0x3C, 0x29, 0xFF, 0x52, 0x38, 0x21, 0xFF,
    0x4A, 0x3C, 0x29, 0xFF, 0x52, 0x38, 0x21, 0xFF, 0x4A, 0x3C, 0x29, 0xFF, 0x52, 0x38, 0x21, 0xFF,
    0x4A, 0x3C, 0x29, 0xFF, 0x52, 0x38, 0x21, 0xFF, 0x4A, 0x3C, 0x29, 0xFF, 0x52, 0x38, 0x21, 0xFF,
    0x4A, 0x3C, 0x29, 0xFF, 0x52, 0x38, 0x21, 0xFF, 0x4A, 0x3C, 0x29, 0xFF, 0x52, 0x38, 0x21, 0xFF,
    0x4A, 0x3C, 0x29, 0xFF, 0x52, 0x38, 0x21, 0xFF, 0x4A, 0x3C, 0x29, 0xFF, 0x52, 0x38, 0x21, 0xFF,
    0x4A, 0x3C, 0x29, 0xFF, 0x52, 0x38, 0x21, 0xFF, 0x4A, 0x3C, 0x29, 0xFF, 0x52, 0x38, 0x21, 0xFF,
    0x4A, 0x3C, 0x29, 0xFF, 0x52, 0x38, 0x21, 0xFF, 0x4A, 0x3C, 0x29, 0xFF, 0x52, 0x38, 0x21, 0xFF,
    0x4A, 0x3C, 0x29, 0xFF, 0x52, 0x38, 0x21, 0xFF, 0x4A, 0x3C, 0x29, 0xFF, 0x52, 0x38, 0x21, 0xFF,
    0x4A, 0x3C, 0x29, 0xFF, 0x52, 0x38, 0x21, 0xFF, 0x4A, 0x3C, 0x29, 0xFF, 0x52, 0x38, 0x21, 0xFF,
    0x4A, 0x3C, 0x29, 0xFF, 0x52, 0x38, 0x21, 0xFF, 0x4A, 0x3C, 0x29, 0xFF, 0x52, 0x38, 0x21, 0xFF,
    0x4A, 0x3C, 0x29, 0xFF, 0x52, 0x38, 0x21, 0xFF, 0x4A, 0x3C, 0x29, 0xFF, 0x52, 0x38, 0x21, 0xFF,
    0x4A, 0x3C, 0x29, 0xFF, 0x52, 0x38, 0x21, 0xFF, 0x4A, 0x3C, 0x29, 0xFF, 0x52, 0x38, 0x21, 0xFF,
    0x4A, 0x3C, 0x29, 0xFF, 0x52, 0x38, 0x21, 0xFF, 0x4A, 0x3C, 0x29, 0xFF, 0x52, 0x38, 0x21, 0xFF,
    0x4A, 0x3C, 0x29, 0xFF, 0x52, 0x38, 0x21, 0xFF, 0x4A, 0x3C, 0x29, 0xFF, 0x4A, 0x38, 0x21, 0xFF,
    0x4A, 0x3C, 0x29, 0xFF, 0x4A, 0x38, 0x21, 0xFF, 0x4A, 0x3C, 0x21, 0xFF, 0x4A, 0x38, 0x29, 0xFF,
    0x4A, 0x3C, 0x21, 0xFF, 0x4A, 0x38, 0x29, 0xFF, 0x4A, 0x3C, 0x21, 0xFF, 0x4A, 0x3C, 0x29, 0xFF,
    0x4A, 0x38, 0x21, 0xFF, 0x4A, 0x3C, 0x29, 0xFF, 0x4A, 0x3C, 0x21, 0xFF, 0x4A, 0x38, 0x29, 0xFF,
    0x4A, 0x3C, 0x21, 0xFF, 0x4A, 0x3C, 0x29, 0xFF, 0x4A, 0x38, 0x21, 0xFF, 0x4A, 0x3C, 0x29, 0xFF,
    0x4A, 0x3C, 0x21, 0xFF, 0x4A, 0x38, 0x29, 0xFF, 0x4A, 0x3C, 0x21, 0xFF, 0x4A, 0x3C, 0x29, 0xFF,
    0x4A, 0x38, 0x21, 0xFF, 0x4A, 0x3C, 0x29, 0xFF, 0x4A, 0x3C, 0x21, 0xFF, 0x4A, 0x38, 0x29, 0xFF,
    0x4A, 0x3C, 0x21, 0xFF, 0x4A, 0x3C, 0x29, 0xFF, 0x4A, 0x38, 0x21, 0xFF, 0x4A, 0x3C, 0x29, 0xFF,
    0x4A, 0x3C, 0x21, 0xFF, 0x4A, 0x38, 0x29, 0xFF, 0x4A, 0x3C, 0x21, 0xFF, 0x4A, 0x3C, 0x29, 0xFF,
    0x4A, 0x38, 0x21, 0xFF, 0x4A, 0x3C, 0x29, 0xFF, 0x4A, 0x3C, 0x21, 0xFF, 0x4A, 0x38, 0x29, 0xFF,
    0x4A, 0x3C, 0x21, 0xFF, 0x4A, 0x3C, 0x29, 0xFF, 0x4A, 0x38, 0x21, 0xFF, 0x4A, 0x3C, 0x29, 0xFF,
    0x4A, 0x3C, 0x21, 0xFF, 0x4A, 0x38, 0x29, 0xFF, 0x4A, 0x3C, 0x21, 0xFF, 0x4A, 0x3C, 0x29, 0xFF,
    0x4A, 0x38, 0x21, 0xFF, 0x4A, 0x3C, 0x29, 0xFF, 0x4A, 0x3C, 0x21, 0xFF, 0x4A, 0x38, 0x29, 0xFF,
    0x4A, 0x3C, 0x21, 0xFF, 0x4A, 0x3C, 0x29, 0xFF, 0x4A, 0x38, 0x21, 0xFF, 0x4A, 0x3C, 0x29, 0xFF,
    0x4A, 0x3C, 0x21, 0xFF, 0x4A, 0x38, 0x29, 0xFF, 0x4A, 0x3C, 0x21, 0xFF, 0x4A, 0x3C, 0x29, 0xFF,
    0x4A, 0x38, 0x21, 0xFF, 0x4A, 0x3C, 0x29, 0xFF, 0x4A, 0x3C, 0x21, 0xFF, 0x4A, 0x38, 0x29, 0xFF,
    0x4A, 0x3C, 0x21, 0xFF, 0x4A, 0x3C, 0x29, 0xFF, 0x4A, 0x38, 0x21, 0xFF, 0x4A, 0x3C, 0x29, 0xFF,
    0x4A, 0x3C, 0x21, 0xFF, 0x4A, 0x38, 0x29, 0xFF, 0x4A, 0x3C, 0x21, 0xFF, 0x4A, 0x3C, 0x29, 0xFF,
    0x4A, 0x38, 0x21, 0xFF, 0x4A, 0x3C, 0x29, 0xFF, 0x4A, 0x3C, 0x21, 0xFF, 0x4A, 0x38, 0x29, 0xFF,
    0x4A, 0x3C, 0x21, 0xFF, 0x4A, 0x3C, 0x29, 0xFF, 0x4A, 0x38, 0x21, 0xFF, 0x4A, 0x3C, 0x29, 0xFF,
    0x4A, 0x3C, 0x21, 0xFF, 0x4A, 0x38, 0x29, 0xFF, 0x4A, 0x3C, 0x21, 0xFF, 0x4A, 0x3C, 0x29, 0xFF,
    0x4A, 0x38, 0x21, 0xFF, 0x4A, 0x3C, 0x29, 0xFF, 0x4A, 0x3C, 0x21, 0xFF, 0x4A, 0x38, 0x29, 0xFF,
    0x4A, 0x3C, 0x21, 0xFF, 0x4A, 0x3C, 0x29, 0xFF, 0x4A, 0x38, 0x21, 0xFF, 0x4A, 0x3C, 0x29, 0xFF,
    0x4A, 0x3C, 0x21, 0xFF, 0x4A, 0x38, 0x29, 0xFF, 0x4A, 0x3C, 0x21, 0xFF, 0x4A, 0x3C, 0x29, 0xFF,
    0x4A, 0x38, 0x21, 0xFF, 0x4A, 0x3C, 0x29, 0xFF, 0x4A, 0x3C, 0x21, 0xFF, 0x4A, 0x38, 0x29, 0xFF,
    0x4A, 0x3C, 0x21, 0xFF, 0x4A, 0x3C, 0x29, 0xFF, 0x4A, 0x38, 0x21, 0xFF, 0x4A, 0x3C, 0x29, 0xFF,
    0x4A, 0x3C, 0x21, 0xFF, 0x4A, 0x38, 0x29, 0xFF, 0x4A, 0x3C, 0x21, 0xFF, 0x4A, 0x3C, 0x29, 0xFF,
    0x4A, 0x38, 0x21, 0xFF, 0x4A, 0x3C, 0x29, 0xFF, 0x4A, 0x3C, 0x21, 0xFF, 0x4A, 0x38, 0x29, 0xFF,
    0x4A, 0x3C, 0x21, 0xFF, 0x4A, 0x3C, 0x29, 0xFF, 0x4A, 0x38, 0x21, 0xFF, 0x4A, 0x3C, 0x29, 0xFF,
    0x4A, 0x3C, 0x21, 0xFF, 0x4A, 0x38, 0x29, 0xFF, 0x4A, 0x3C, 0x21, 0xFF, 0x4A, 0x3C, 0x29, 0xFF,
    0x4A, 0x38, 0x21, 0xFF, 0x4A, 0x3C, 0x29, 0xFF, 0x4A, 0x3C, 0x21, 0xFF, 0x4A, 0x38, 0x29, 0xFF,
    0x4A, 0x3C, 0x21, 0xFF, 0x4A, 0x3C, 0x29, 0xFF, 0x4A, 0x38, 0x21, 0xFF, 0x4A, 0x3C, 0x29, 0xFF,
    0x4A, 0x3C, 0x21, 0xFF, 0x4A, 0x38, 0x29, 0xFF, 0x4A, 0x3C, 0x21, 0xFF, 0x4A, 0x3C, 0x29, 0xFF,
    0x52, 0x38, 0x21, 0xFF, 0x4A, 0x3C, 0x29, 0xFF, 0x4A, 0x3C, 0x21, 0xFF, 0x4A, 0x3C, 0x29, 0xFF,
    0x4A, 0x3C, 0x21, 0xFF, 0x4A, 0x3C, 0x21, 0xFF, 0x4A, 0x38, 0x29, 0xFF, 0x4A, 0x3C, 0x21, 0xFF,
    0x4A, 0x3C, 0x21, 0xFF, 0x4A, 0x38, 0x21, 0xFF, 0x4A, 0x3C, 0x21, 0xFF, 0x4A, 0x3C, 0x21, 0xFF,
    0x4A, 0x38, 0x21, 0xFF, 0x4A, 0x3C, 0x21, 0xFF, 0x4A, 0x3C, 0x21, 0xFF, 0x4A, 0x38, 0x21, 0xFF,
    0x4A, 0x3C, 0x21, 0xFF, 0x4A, 0x3C, 0x21, 0xFF, 0x4A, 0x38, 0x21, 0xFF, 0x4A, 0x3C, 0x21, 0xFF,
    0x4A, 0x3C, 0x21, 0xFF, 0x4A, 0x38, 0x21, 0xFF, 0x4A, 0x3C, 0x21, 0xFF, 0x4A, 0x3C, 0x21, 0xFF,
    0x4A, 0x38, 0x21, 0xFF, 0x4A, 0x3C, 0x21, 0xFF, 0x4A, 0x3C, 0x21, 0xFF, 0x4A, 0x38, 0x21, 0xFF,
    0x4A, 0x3C, 0x21, 0xFF, 0x4A, 0x3C, 0x21, 0xFF, 0x4A, 0x38, 0x21, 0xFF, 0x4A, 0x3C, 0x21, 0xFF,
    0x4A, 0x3C, 0x21, 0xFF, 0x4A, 0x38, 0x21, 0xFF, 0x4A, 0x3C, 0x21, 0xFF, 0x4A, 0x3C, 0x21, 0xFF,
    0x4A, 0x38, 0x21, 0xFF, 0x4A, 0x3C, 0x21, 0xFF, 0x4A, 0x3C, 0x21, 0xFF, 0x4A, 0x38, 0x21, 0xFF,
    0x4A, 0x3C, 0x21, 0xFF, 0x4A, 0x3C, 0x21, 0xFF, 0x4A, 0x38, 0x21, 0xFF, 0x4A, 0x3C, 0x21, 0xFF,
    0x4A, 0x3C, 0x21, 0xFF, 0x4A, 0x38, 0x21, 0xFF, 0x4A, 0x3C, 0x21, 0xFF, 0x4A, 0x3C, 0x21, 0xFF,
    0x4A, 0x38, 0x21, 0xFF, 0x4A, 0x3C, 0x21, 0xFF, 0x4A, 0x3C, 0x21, 0xFF, 0x4A, 0x38, 0x21, 0xFF,
    0x4A, 0x3C, 0x21, 0xFF, 0x4A, 0x3C, 0x21, 0xFF, 0x4A, 0x38, 0x21, 0xFF, 0x4A, 0x3C, 0x21, 0xFF,
    0x4A, 0x3C, 0x21, 0xFF, 0x4A, 0x38, 0x21, 0xFF, 0x4A, 0x3C, 0x21, 0xFF, 0x4A, 0x3C, 0x21, 0xFF,
    0x4A, 0x38, 0x21, 0xFF, 0x4A, 0x3C, 0x21, 0xFF, 0x4A, 0x3C, 0x21, 0xFF, 0x4A, 0x38, 0x21, 0xFF,
    0x4A, 0x3C, 0x21, 0xFF, 0x4A, 0x3C, 0x21, 0xFF, 0x4A, 0x38, 0x21, 0xFF, 0x4A, 0x3C, 0x21, 0xFF,
    0x4A, 0x3C, 0x21, 0xFF, 0x4A, 0x38, 0x21, 0xFF, 0x4A, 0x3C, 0x21, 0xFF, 0x4A, 0x3C, 0x21, 0xFF,
    0x4A, 0x38, 0x21, 0xFF, 0x4A, 0x3C, 0x21, 0xFF, 0x4A, 0x3C, 0x21, 0xFF, 0x4A, 0x38, 0x21, 0xFF,
    0x4A, 0x3C, 0x21, 0xFF, 0x4A, 0x3C, 0x21, 0xFF, 0x4A, 0x38, 0x21, 0xFF, 0x4A, 0x3C, 0x21, 0xFF,
    0x4A, 0x3C, 0x21, 0xFF, 0x4A, 0x38, 0x21, 0xFF, 0x4A, 0x3C, 0x21, 0xFF, 0x4A, 0x3C, 0x21, 0xFF,
    0x4A, 0x38, 0x21, 0xFF, 0x4A, 0x3C, 0x21, 0xFF, 0x4A, 0x3C, 0x21, 0xFF, 0x4A, 0x38, 0x21, 0xFF,
    0x4A, 0x3C, 0x21, 0xFF, 0x4A, 0x3C, 0x21, 0xFF, 0x4A, 0x38, 0x21, 0xFF, 0x4A, 0x3C, 0x21, 0xFF,
    0x4A, 0x3C, 0x21, 0xFF, 0x4A, 0x38, 0x21, 0xFF, 0x4A, 0x3C, 0x21, 0xFF, 0x4A, 0x3C, 0x21, 0xFF,
    0x4A, 0x38, 0x21, 0xFF, 0x4A, 0x3C, 0x21, 0xFF, 0x4A, 0x3C, 0x21, 0xFF, 0x4A, 0x38, 0x21, 0xFF,
    0x4A, 0x3C, 0x21, 0xFF, 0x4A, 0x3C, 0x21, 0xFF, 0x4A, 0x38, 0x21, 0xFF, 0x4A, 0x3C, 0x21, 0xFF,
    0x4A, 0x3C, 0x21, 0xFF, 0x4A, 0x38, 0x21, 0xFF, 0x4A, 0x3C, 0x21, 0xFF, 0x4A, 0x3C, 0x21, 0xFF,
    0x4A, 0x38, 0x21, 0xFF, 0x4A, 0x3C, 0x21, 0xFF, 0x4A, 0x3C, 0x21, 0xFF, 0x4A, 0x38, 0x21, 0xFF,
    0x4A, 0x3C, 0x21, 0xFF, 0x4A, 0x3C, 0x21, 0xFF, 0x4A, 0x38, 0x21, 0xFF, 0x4A, 0x3C, 0x21, 0xFF,
    0x4A, 0x3C, 0x21, 0xFF, 0x4A, 0x38, 0x21, 0xFF, 0x4A, 0x3C, 0x21, 0xFF, 0x4A, 0x3C, 0x21, 0xFF,
    0x4A, 0x38, 0x21, 0xFF, 0x4A, 0x3C, 0x21, 0xFF, 0x4A, 0x3C, 0x21, 0xFF, 0x4A, 0x38, 0x21, 0xFF,
    0x4A, 0x3C, 0x21, 0xFF, 0x52, 0x3C, 0x21, 0xFF, 0x4A, 0x38, 0x21, 0xFF, 0x4A, 0x3C, 0x21, 0xFF,
    0x4A, 0x3C, 0x21, 0xFF, 0x4A, 0x38, 0x29, 0xFF, 0x52, 0x3C, 0x21, 0xFF, 0x4A, 0x38, 0x21, 0xFF,
    0x4A, 0x38, 0x29, 0xFF, 0x52, 0x38, 0x21, 0xFF, 0x4A, 0x3C, 0x21, 0xFF, 0x52, 0x38, 0x29, 0xFF,
    0x4A, 0x38, 0x21, 0xFF, 0x52, 0x3C, 0x29, 0xFF, 0x4A, 0x38, 0x21, 0xFF, 0x52, 0x38, 0x29, 0xFF,
    0x4A, 0x3C, 0x21, 0xFF, 0x52, 0x38, 0x29, 0xFF, 0x4A, 0x38, 0x21, 0xFF, 0x52, 0x3C, 0x29, 0xFF,
    0x4A, 0x38, 0x21, 0xFF, 0x52, 0x38, 0x29, 0xFF, 0x4A, 0x3C, 0x21, 0xFF, 0x52, 0x38, 0x29, 0xFF,
    0x4A, 0x38, 0x21, 0xFF, 0x52, 0x3C, 0x29, 0xFF, 0x4A, 0x38, 0x21, 0xFF, 0x52, 0x38, 0x29, 0xFF,
    0x4A, 0x3C, 0x21, 0xFF, 0x52, 0x38, 0x29, 0xFF, 0x4A, 0x38, 0x21, 0xFF, 0x52, 0x3C, 0x29, 0xFF,
    0x4A, 0x38, 0x21, 0xFF, 0x52, 0x38, 0x29, 0xFF, 0x4A, 0x3C, 0x21, 0xFF, 0x52, 0x38, 0x29, 0xFF,
    0x4A, 0x38, 0x21, 0xFF, 0x52, 0x3C, 0x29, 0xFF, 0x4A, 0x38, 0x21, 0xFF, 0x52, 0x38, 0x29, 0xFF,
    0x4A, 0x3C, 0x21, 0xFF, 0x52, 0x38, 0x29, 0xFF, 0x4A, 0x38, 0x21, 0xFF, 0x52, 0x3C, 0x29, 0xFF,
    0x4A, 0x38, 0x21, 0xFF, 0x52, 0x38, 0x29, 0xFF, 0x4A, 0x3C, 0x21, 0xFF, 0x52, 0x38, 0x29, 0xFF,
    0x4A, 0x38, 0x21, 0xFF, 0x52, 0x3C, 0x29, 0xFF, 0x4A, 0x38, 0x21, 0xFF, 0x52, 0x38, 0x29, 0xFF,
    0x4A, 0x3C, 0x21, 0xFF, 0x52, 0x38, 0x29, 0xFF, 0x4A, 0x38, 0x21, 0xFF, 0x52, 0x3C, 0x29, 0xFF,
    0x4A, 0x38, 0x21, 0xFF, 0x52, 0x38, 0x29, 0xFF, 0x4A, 0x3C, 0x21, 0xFF, 0x52, 0x38, 0x29, 0xFF,
    0x4A, 0x38, 0x21, 0xFF, 0x52, 0x3C, 0x29, 0xFF, 0x4A, 0x38, 0x21, 0xFF, 0x52, 0x38, 0x29, 0xFF,
    0x4A, 0x3C, 0x21, 0xFF, 0x52, 0x38, 0x29, 0xFF, 0x4A, 0x38, 0x21, 0xFF, 0x52, 0x3C, 0x29, 0xFF,
    0x4A, 0x38, 0x21, 0xFF, 0x52, 0x38, 0x29, 0xFF, 0x4A, 0x3C, 0x21, 0xFF, 0x52, 0x38, 0x29, 0xFF,
    0x4A, 0x38, 0x21, 0xFF, 0x52, 0x3C, 0x29, 0xFF, 0x4A, 0x38, 0x21, 0xFF, 0x52, 0x38, 0x29, 0xFF,
    0x4A, 0x3C, 0x21, 0xFF, 0x52, 0x38, 0x29, 0xFF, 0x4A, 0x38, 0x21, 0xFF, 0x52, 0x3C, 0x29, 0xFF,
    0x4A, 0x38, 0x21, 0xFF, 0x52, 0x38, 0x29, 0xFF, 0x4A, 0x3C, 0x21, 0xFF, 0x52, 0x38, 0x29, 0xFF,
    0x4A, 0x38, 0x21, 0xFF, 0x52, 0x3C, 0x29, 0xFF, 0x4A, 0x38, 0x21, 0xFF, 0x52, 0x38, 0x29, 0xFF,
    0x4A, 0x3C, 0x21, 0xFF, 0x52, 0x38, 0x29, 0xFF, 0x4A, 0x38, 0x21, 0xFF, 0x52, 0x3C, 0x29, 0xFF,
    0x4A, 0x38, 0x21, 0xFF, 0x52, 0x38, 0x29, 0xFF, 0x4A, 0x3C, 0x21, 0xFF, 0x52, 0x38, 0x29, 0xFF,
    0x4A, 0x38, 0x21, 0xFF, 0x52, 0x3C, 0x29, 0xFF, 0x4A, 0x38, 0x21, 0xFF, 0x52, 0x38, 0x29, 0xFF,
    0x4A, 0x3C, 0x21, 0xFF, 0x52, 0x38, 0x29, 0xFF, 0x4A, 0x38, 0x21, 0xFF, 0x52, 0x3C, 0x29, 0xFF,
    0x4A, 0x38, 0x21, 0xFF, 0x52, 0x38, 0x29, 0xFF, 0x4A, 0x3C, 0x21, 0xFF, 0x52, 0x38, 0x29, 0xFF,
    0x4A, 0x38, 0x21, 0xFF, 0x52, 0x3C, 0x29, 0xFF, 0x4A, 0x38, 0x21, 0xFF, 0x52, 0x38, 0x29, 0xFF,
    0x4A, 0x3C, 0x21, 0xFF, 0x52, 0x38, 0x29, 0xFF, 0x4A, 0x38, 0x21, 0xFF, 0x52, 0x3C, 0x29, 0xFF,
    0x4A, 0x38, 0x21, 0xFF, 0x52, 0x38, 0x29, 0xFF, 0x4A, 0x3C, 0x21, 0xFF, 0x52, 0x38, 0x29, 0xFF,
    0x4A, 0x38, 0x21, 0xFF, 0x52, 0x3C, 0x29, 0xFF, 0x4A, 0x38, 0x21, 0xFF, 0x52, 0x38, 0x29, 0xFF,
    0x4A, 0x3C, 0x21, 0xFF, 0x52, 0x38, 0x29, 0xFF, 0x4A, 0x38, 0x21, 0xFF, 0x52, 0x3C, 0x29, 0xFF,
    0x4A, 0x38, 0x21, 0xFF, 0x4A, 0x38, 0x29, 0xFF, 0x4A, 0x3C, 0x21, 0xFF, 0x4A, 0x38, 0x29, 0xFF,
    0x52, 0x38, 0x21, 0xFF, 0x4A, 0x3C, 0x21, 0xFF, 0x4A, 0x38, 0x29, 0xFF, 0x4A, 0x3C, 0x21, 0xFF,
    0x4A, 0x3C, 0x21, 0xFF, 0x4A, 0x38, 0x21, 0xFF, 0x4A, 0x38, 0x21, 0xFF, 0x4A, 0x3C, 0x21, 0xFF,
    0x4A, 0x38, 0x21, 0xFF, 0x4A, 0x38, 0x21, 0xFF, 0x4A, 0x3C, 0x21, 0xFF, 0x4A, 0x38, 0x21, 0xFF,
    0x4A, 0x38, 0x21, 0xFF, 0x4A, 0x3C, 0x21, 0xFF, 0x4A, 0x38, 0x21, 0xFF, 0x4A, 0x38, 0x21, 0xFF,
    0x4A, 0x3C, 0x21, 0xFF, 0x4A, 0x38, 0x21, 0xFF, 0x4A, 0x38, 0x21, 0xFF, 0x4A, 0x3C, 0x21, 0xFF,
    0x4A, 0x38, 0x21, 0xFF, 0x4A, 0x38, 0x21, 0xFF, 0x4A, 0x3C, 0x21, 0xFF, 0x4A, 0x38, 0x21, 0xFF,
    0x4A, 0x38, 0x21, 0xFF, 0x4A, 0x3C, 0x21, 0xFF, 0x4A, 0x38, 0x21, 0xFF, 0x4A, 0x38, 0x21, 0xFF,
    0x4A, 0x3C, 0x21, 0xFF, 0x4A, 0x38, 0x21, 0xFF, 0x4A, 0x38, 0x21, 0xFF, 0x4A, 0x3C, 0x21, 0xFF,
    0x4A, 0x38, 0x21, 0xFF, 0x4A, 0x38, 0x21, 0xFF, 0x4A, 0x3C, 0x21, 0xFF, 0x4A, 0x38, 0x21, 0xFF,
    0x4A, 0x38, 0x21, 0xFF, 0x4A, 0x3C, 0x21, 0xFF, 0x4A, 0x38, 0x21, 0xFF, 0x4A, 0x38, 0x21, 0xFF,
    0x4A, 0x3C, 0x21, 0xFF, 0x4A, 0x38, 0x21, 0xFF, 0x4A, 0x38, 0x21, 0xFF, 0x4A, 0x3C, 0x21, 0xFF,
    0x4A, 0x38, 0x21, 0xFF, 0x4A, 0x38, 0x21, 0xFF, 0x4A, 0x3C, 0x21, 0xFF, 0x4A, 0x38, 0x21, 0xFF,
    0x4A, 0x38, 0x21, 0xFF, 0x4A, 0x3C, 0x21, 0xFF, 0x4A, 0x38, 0x21, 0xFF, 0x4A, 0x38, 0x21, 0xFF,
    0x4A, 0x3C, 0x21, 0xFF, 0x4A, 0x38, 0x21, 0xFF, 0x4A, 0x38, 0x21, 0xFF, 0x4A, 0x3C, 0x21, 0xFF,
    0x4A, 0x38, 0x21, 0xFF, 0x4A, 0x38, 0x21, 0xFF, 0x4A, 0x3C, 0x21, 0xFF, 0x4A, 0x38, 0x21, 0xFF,
    0x4A, 0x38, 0x21, 0xFF, 0x4A, 0x3C, 0x21, 0xFF, 0x4A, 0x38, 0x21, 0xFF, 0x4A, 0x38, 0x21, 0xFF,
    0x4A, 0x3C, 0x21, 0xFF, 0x4A, 0x38, 0x21, 0xFF, 0x4A, 0x38, 0x21, 0xFF, 0x4A, 0x3C, 0x21, 0xFF,
    0x4A, 0x38, 0x21, 0xFF, 0x4A, 0x38, 0x21, 0xFF, 0x4A, 0x3C, 0x21, 0xFF, 0x4A, 0x38, 0x21, 0xFF,
    0x4A, 0x38, 0x21, 0xFF, 0x4A, 0x3C, 0x21, 0xFF, 0x4A, 0x38, 0x21, 0xFF, 0x4A, 0x38, 0x21, 0xFF,
    0x4A, 0x3C, 0x21, 0xFF, 0x4A, 0x38, 0x21, 0xFF, 0x4A, 0x38, 0x21, 0xFF, 0x4A, 0x3C, 0x21, 0xFF,
    0x4A, 0x38, 0x21, 0xFF, 0x4A, 0x38, 0x21, 0xFF, 0x4A, 0x3C, 0x21, 0xFF, 0x4A, 0x38, 0x21, 0xFF,
    0x4A, 0x38, 0x21, 0xFF, 0x4A, 0x3C, 0x21, 0xFF, 0x4A, 0x38, 0x21, 0xFF, 0x4A, 0x38, 0x21, 0xFF,
    0x4A, 0x3C, 0x21, 0xFF, 0x4A, 0x38, 0x21, 0xFF, 0x4A, 0x38, 0x21, 0xFF, 0x4A, 0x3C, 0x21, 0xFF,
    0x4A, 0x38, 0x21, 0xFF, 0x4A, 0x38, 0x21, 0xFF, 0x4A, 0x3C, 0x21, 0xFF, 0x4A, 0x38, 0x21, 0xFF,
    0x4A, 0x38, 0x21, 0xFF, 0x4A, 0x3C, 0x21, 0xFF, 0x4A, 0x38, 0x21, 0xFF, 0x4A, 0x38, 0x21, 0xFF,
    0x4A, 0x3C, 0x21, 0xFF, 0x4A, 0x38, 0x21, 0xFF, 0x4A, 0x38, 0x21, 0xFF, 0x4A, 0x3C, 0x21, 0xFF,
    0x4A, 0x38, 0x21, 0xFF, 0x4A, 0x38, 0x21, 0xFF, 0x4A, 0x3C, 0x21, 0xFF, 0x4A, 0x38, 0x21, 0xFF,
    0x4A, 0x38, 0x21, 0xFF, 0x4A, 0x3C, 0x21, 0xFF, 0x4A, 0x38, 0x21, 0xFF, 0x4A, 0x38, 0x21, 0xFF,
    0x4A, 0x3C, 0x21, 0xFF, 0x4A, 0x38, 0x21, 0xFF, 0x4A, 0x38, 0x21, 0xFF, 0x4A, 0x3C, 0x21, 0xFF,
    0x4A, 0x38, 0x21, 0xFF, 0x4A, 0x38, 0x21, 0xFF, 0x4A, 0x3C, 0x21, 0xFF, 0x4A, 0x38, 0x21, 0xFF,
    0x4A, 0x38, 0x21, 0xFF, 0x4A, 0x3C, 0x21, 0xFF, 0x4A, 0x38, 0x21, 0xFF, 0x4A, 0x38, 0x21, 0xFF,
    0x4A, 0x3C, 0x21, 0xFF, 0x4A, 0x38, 0x21, 0xFF, 0x52, 0x38, 0x21, 0xFF, 0x4A, 0x3C, 0x21, 0xFF,
    0x4A, 0x38, 0x29, 0xFF, 0x4A, 0x38, 0x21, 0xFF, 0x4A, 0x38, 0x21, 0xFF, 0x4A, 0x38, 0x21, 0xFF,
    0x4A, 0x38, 0x21, 0xFF, 0x4A, 0x3C, 0x21, 0xFF, 0x4A, 0x38, 0x29, 0xFF, 0x4A, 0x3C, 0x21, 0xFF,
    0x4A, 0x38, 0x21, 0xFF, 0x4A, 0x3C, 0x29, 0xFF, 0x4A, 0x38, 0x21, 0xFF, 0x4A, 0x3C, 0x29, 0xFF,
    0x4A, 0x38, 0x21, 0xFF, 0x4A, 0x3C, 0x29, 0xFF, 0x4A, 0x38, 0x21, 0xFF, 0x4A, 0x3C, 0x29, 0xFF,
    0x4A, 0x38, 0x21, 0xFF, 0x4A, 0x3C, 0x29, 0xFF, 0x4A, 0x38, 0x21, 0xFF, 0x4A, 0x3C, 0x29, 0xFF,
    0x4A, 0x38, 0x21, 0xFF, 0x4A, 0x3C, 0x29, 0xFF, 0x4A, 0x38, 0x21, 0xFF, 0x4A, 0x3C, 0x29, 0xFF,
    0x4A, 0x38, 0x21, 0xFF, 0x4A, 0x3C, 0x29, 0xFF, 0x4A, 0x38, 0x21, 0xFF, 0x4A, 0x3C, 0x29, 0xFF,
    0x4A, 0x38, 0x21, 0xFF, 0x4A, 0x3C, 0x29, 0xFF, 0x4A, 0x38, 0x21, 0xFF, 0x4A, 0x3C, 0x29, 0xFF,
    0x4A, 0x38, 0x21, 0xFF, 0x4A, 0x3C, 0x29, 0xFF, 0x4A, 0x38, 0x21, 0xFF, 0x4A, 0x3C, 0x29, 0xFF,
    0x4A, 0x38, 0x21, 0xFF, 0x4A, 0x3C, 0x29, 0xFF, 0x4A, 0x38, 0x21, 0xFF, 0x4A, 0x3C, 0x29, 0xFF,
    0x4A, 0x38, 0x21, 0xFF, 0x4A, 0x3C, 0x29, 0xFF, 0x4A, 0x38, 0x21, 0xFF, 0x4A, 0x3C, 0x29, 0xFF,
    0x4A, 0x38, 0x21, 0xFF, 0x4A, 0x3C, 0x29, 0xFF, 0x4A, 0x38, 0x21, 0xFF, 0x4A, 0x3C, 0x29, 0xFF,
    0x4A, 0x38, 0x21, 0xFF, 0x4A, 0x3C, 0x29, 0xFF, 0x4A, 0x38, 0x21, 0xFF, 0x4A, 0x3C, 0x29, 0xFF,
    0x4A, 0x38, 0x21, 0xFF, 0x4A, 0x3C, 0x29, 0xFF, 0x4A, 0x38, 0x21, 0xFF, 0x4A, 0x3C, 0x29, 0xFF,
    0x4A, 0x38, 0x21, 0xFF, 0x4A, 0x3C, 0x29, 0xFF, 0x4A, 0x38, 0x21, 0xFF, 0x4A, 0x3C, 0x29, 0xFF,
    0x4A, 0x38, 0x21, 0xFF, 0x4A, 0x3C, 0x29, 0xFF, 0x4A, 0x38, 0x21, 0xFF, 0x4A, 0x3C, 0x29, 0xFF,
    0x4A, 0x38, 0x21, 0xFF, 0x4A, 0x3C, 0x29, 0xFF, 0x4A, 0x38, 0x21, 0xFF, 0x4A, 0x3C, 0x29, 0xFF,
    0x4A, 0x38, 0x21, 0xFF, 0x4A, 0x3C, 0x29, 0xFF, 0x4A, 0x38, 0x21, 0xFF, 0x4A, 0x3C, 0x29, 0xFF,
    0x4A, 0x38, 0x21, 0xFF, 0x4A, 0x3C, 0x29, 0xFF, 0x4A, 0x38, 0x21, 0xFF, 0x4A, 0x3C, 0x29, 0xFF,
    0x4A, 0x38, 0x21, 0xFF, 0x4A, 0x3C, 0x29, 0xFF, 0x4A, 0x38, 0x21, 0xFF, 0x4A, 0x3C, 0x29, 0xFF,
    0x4A, 0x38, 0x21, 0xFF, 0x4A, 0x3C, 0x29, 0xFF, 0x4A, 0x38, 0x21, 0xFF, 0x4A, 0x3C, 0x29, 0xFF,
    0x4A, 0x38, 0x21, 0xFF, 0x4A, 0x3C, 0x29, 0xFF, 0x4A, 0x38, 0x21, 0xFF, 0x4A, 0x3C, 0x29, 0xFF,
    0x4A, 0x38, 0x21, 0xFF, 0x4A, 0x3C, 0x29, 0xFF, 0x4A, 0x38, 0x21, 0xFF, 0x4A, 0x3C, 0x29, 0xFF,
    0x4A, 0x38, 0x21, 0xFF, 0x4A, 0x3C, 0x29, 0xFF, 0x4A, 0x38, 0x21, 0xFF, 0x4A, 0x3C, 0x29, 0xFF,
    0x4A, 0x38, 0x21, 0xFF, 0x4A, 0x3C, 0x29, 0xFF, 0x4A, 0x38, 0x21, 0xFF, 0x4A, 0x3C, 0x29, 0xFF,
    0x4A, 0x38, 0x21, 0xFF, 0x4A, 0x3C, 0x29, 0xFF, 0x4A, 0x38, 0x21, 0xFF, 0x4A, 0x3C, 0x29, 0xFF,
    0x4A, 0x38, 0x21, 0xFF, 0x4A, 0x3C, 0x29, 0xFF, 0x4A, 0x38, 0x21, 0xFF, 0x4A, 0x3C, 0x29, 0xFF,
    0x4A, 0x38, 0x21, 0xFF, 0x4A, 0x3C, 0x29, 0xFF, 0x4A, 0x38, 0x21, 0xFF, 0x4A, 0x3C, 0x29, 0xFF,
    0x4A, 0x38, 0x21, 0xFF, 0x4A, 0x3C, 0x29, 0xFF, 0x4A, 0x38, 0x21, 0xFF, 0x4A, 0x3C, 0x29, 0xFF,
    0x4A, 0x38, 0x21, 0xFF, 0x4A, 0x3C, 0x29, 0xFF, 0x4A, 0x38, 0x21, 0xFF, 0x4A, 0x3C, 0x29, 0xFF,
    0x4A, 0x38, 0x21, 0xFF, 0x4A, 0x3C, 0x29, 0xFF, 0x4A, 0x38, 0x21, 0xFF, 0x4A, 0x3C, 0x29, 0xFF,
    0x4A, 0x38, 0x21, 0xFF, 0x4A, 0x3C, 0x29, 0xFF, 0x4A, 0x38, 0x21, 0xFF, 0x4A, 0x3C, 0x21, 0xFF,
    0x4A, 0x38, 0x21, 0xFF, 0x4A, 0x3C, 0x21, 0xFF, 0x4A, 0x3C, 0x21, 0xFF, 0x4A, 0x38, 0x29, 0xFF,
    0x4A, 0x38, 0x21, 0xFF, 0x4A, 0x38, 0x21, 0xFF, 0x4A, 0x38, 0x21, 0xFF, 0x4A, 0x38, 0x21, 0xFF,
    0x4A, 0x38, 0x21, 0xFF, 0x4A, 0x38, 0x21, 0xFF, 0x4A, 0x38, 0x21, 0xFF, 0x4A, 0x38, 0x21, 0xFF,
    0x4A, 0x38, 0x21, 0xFF, 0x4A, 0x38, 0x21, 0xFF, 0x4A, 0x38, 0x21, 0xFF, 0x4A, 0x38, 0x21, 0xFF,
    0x4A, 0x38, 0x21, 0xFF, 0x4A, 0x38, 0x21, 0xFF, 0x4A, 0x38, 0x21, 0xFF, 0x4A, 0x38, 0x21, 0xFF,
    0x4A, 0x38, 0x21, 0xFF, 0x4A, 0x38, 0x21, 0xFF, 0x4A, 0x38, 0x21, 0xFF, 0x4A, 0x38, 0x21, 0xFF,
    0x4A, 0x38, 0x21, 0xFF, 0x4A, 0x38, 0x21, 0xFF, 0x4A, 0x38, 0x21, 0xFF, 0x4A, 0x38, 0x21, 0xFF,
    0x4A, 0x38, 0x21, 0xFF, 0x4A, 0x38, 0x21, 0xFF, 0x4A, 0x38, 0x21, 0xFF, 0x4A, 0x38, 0x21, 0xFF,
    0x4A, 0x38, 0x21, 0xFF, 0x4A, 0x38, 0x21, 0xFF, 0x4A, 0x38, 0x21, 0xFF, 0x4A, 0x38, 0x21, 0xFF,
    0x4A, 0x38, 0x21, 0xFF, 0x4A, 0x38, 0x21, 0xFF, 0x4A, 0x38, 0x21, 0xFF, 0x4A, 0x38, 0x21, 0xFF,
    0x4A, 0x38, 0x21, 0xFF, 0x4A, 0x38, 0x21, 0xFF, 0x4A, 0x38, 0x21, 0xFF, 0x4A, 0x38, 0x21, 0xFF,
    0x4A, 0x38, 0x21, 0xFF, 0x4A, 0x38, 0x21, 0xFF, 0x4A, 0x38, 0x21, 0xFF, 0x4A, 0x38, 0x21, 0xFF,
    0x4A, 0x38, 0x21, 0xFF, 0x4A, 0x38, 0x21, 0xFF, 0x4A, 0x38, 0x21, 0xFF, 0x4A, 0x38, 0x21, 0xFF,
    0x4A, 0x38, 0x21, 0xFF, 0x4A, 0x38, 0x21, 0xFF, 0x4A, 0x38, 0x21, 0xFF, 0x4A, 0x38, 0x21, 0xFF,
    0x4A, 0x38, 0x21, 0xFF, 0x4A, 0x38, 0x21, 0xFF, 0x4A, 0x38, 0x21, 0xFF, 0x4A, 0x38, 0x21, 0xFF,
    0x4A, 0x38, 0x21, 0xFF, 0x4A, 0x38, 0x21, 0xFF, 0x4A, 0x38, 0x21, 0xFF, 0x4A, 0x38, 0x21, 0xFF,
    0x4A, 0x38, 0x21, 0xFF, 0x4A, 0x38, 0x21, 0xFF, 0x4A, 0x38, 0x21, 0xFF, 0x4A, 0x38, 0x21, 0xFF,
    0x4A, 0x38, 0x21, 0xFF, 0x4A, 0x38, 0x21, 0xFF, 0x4A, 0x38, 0x21, 0xFF, 0x4A, 0x38, 0x21, 0xFF,
    0x4A, 0x38, 0x21, 0xFF, 0x4A, 0x38, 0x21, 0xFF, 0x4A, 0x38, 0x21, 0xFF, 0x4A, 0x38, 0x21, 0xFF,
    0x4A, 0x38, 0x21, 0xFF, 0x4A, 0x38, 0x21, 0xFF, 0x4A, 0x38, 0x21, 0xFF, 0x4A, 0x38, 0x21, 0xFF,
    0x4A, 0x38, 0x21, 0xFF, 0x4A, 0x38, 0x21, 0xFF, 0x4A, 0x38, 0x21, 0xFF, 0x4A, 0x38, 0x21, 0xFF,
    0x4A, 0x38, 0x21, 0xFF, 0x4A, 0x38, 0x21, 0xFF, 0x4A, 0x38, 0x21, 0xFF, 0x4A, 0x38, 0x21, 0xFF,
    0x4A, 0x38, 0x21, 0xFF, 0x4A, 0x38, 0x21, 0xFF, 0x4A, 0x38, 0x21, 0xFF, 0x4A, 0x38, 0x21, 0xFF,
    0x4A, 0x38, 0x21, 0xFF, 0x4A, 0x38, 0x21, 0xFF, 0x4A, 0x38, 0x21, 0xFF, 0x4A, 0x38, 0x21, 0xFF,
    0x4A, 0x38, 0x21, 0xFF, 0x4A, 0x38, 0x21, 0xFF, 0x4A, 0x38, 0x21, 0xFF, 0x4A, 0x38, 0x21, 0xFF,
    0x4A, 0x38, 0x21, 0xFF, 0x4A, 0x38, 0x21, 0xFF, 0x4A, 0x38, 0x21, 0xFF, 0x4A, 0x38, 0x21, 0xFF,
    0x4A, 0x38, 0x21, 0xFF, 0x4A, 0x38, 0x21, 0xFF, 0x4A, 0x38, 0x21, 0xFF, 0x4A, 0x38, 0x21, 0xFF,
    0x4A, 0x38, 0x21, 0xFF, 0x4A, 0x38, 0x21, 0xFF, 0x4A, 0x38, 0x21, 0xFF, 0x4A, 0x38, 0x21, 0xFF,
    0x4A, 0x38, 0x21, 0xFF, 0x4A, 0x38, 0x21, 0xFF, 0x4A, 0x38, 0x21, 0xFF, 0x4A, 0x38, 0x21, 0xFF,
    0x4A, 0x38, 0x21, 0xFF, 0x4A, 0x38, 0x21, 0xFF, 0x4A, 0x38, 0x21, 0xFF, 0x4A, 0x38, 0x21, 0xFF,
    0x4A, 0x38, 0x21, 0xFF, 0x4A, 0x38, 0x21, 0xFF, 0x4A, 0x38, 0x21, 0xFF, 0x4A, 0x38, 0x21, 0xFF,
    0x4A, 0x38, 0x21, 0xFF, 0x4A, 0x38, 0x21, 0xFF, 0x4A, 0x38, 0x21, 0xFF, 0x4A, 0x38, 0x21, 0xFF,
    0x4A, 0x38, 0x29, 0xFF, 0x4A, 0x38, 0x21, 0xFF, 0x4A, 0x38, 0x21, 0xFF, 0x4A, 0x38, 0x21, 0xFF,
    0x4A, 0x38, 0x21, 0xFF, 0x4A, 0x38, 0x21, 0xFF, 0x4A, 0x38, 0x21, 0xFF, 0x52, 0x38, 0x21, 0xFF,
    0x4A, 0x38, 0x21, 0xFF, 0x4A, 0x38, 0x21, 0xFF, 0x4A, 0x38, 0x21, 0xFF, 0x52, 0x38, 0x21, 0xFF,
    0x4A, 0x38, 0x21, 0xFF, 0x4A, 0x38, 0x21, 0xFF, 0x4A, 0x38, 0x21, 0xFF, 0x52, 0x38, 0x21, 0xFF,
    0x4A, 0x38, 0x21, 0xFF, 0x4A, 0x38, 0x21, 0xFF, 0x4A, 0x38, 0x21, 0xFF, 0x52, 0x38, 0x21, 0xFF,
    0x4A, 0x38, 0x21, 0xFF, 0x4A, 0x38, 0x21, 0xFF, 0x4A, 0x38, 0x21, 0xFF, 0x52, 0x38, 0x21, 0xFF,
    0x4A, 0x38, 0x21, 0xFF, 0x4A, 0x38, 0x21, 0xFF, 0x4A, 0x38, 0x21, 0xFF, 0x52, 0x38, 0x21, 0xFF,
    0x4A, 0x38, 0x21, 0xFF, 0x4A, 0x38, 0x21, 0xFF, 0x4A, 0x38, 0x21, 0xFF, 0x52, 0x38, 0x21, 0xFF,
    0x4A, 0x38, 0x21, 0xFF, 0x4A, 0x38, 0x21, 0xFF, 0x4A, 0x38, 0x21, 0xFF, 0x52, 0x38, 0x21, 0xFF,
    0x4A, 0x38, 0x21, 0xFF, 0x4A, 0x38, 0x21, 0xFF, 0x4A, 0x38, 0x21, 0xFF, 0x52, 0x38, 0x21, 0xFF,
    0x4A, 0x38, 0x21, 0xFF, 0x4A, 0x38, 0x21, 0xFF, 0x4A, 0x38, 0x21, 0xFF, 0x52, 0x38, 0x21, 0xFF,
    0x4A, 0x38, 0x21, 0xFF, 0x4A, 0x38, 0x21, 0xFF, 0x4A, 0x38, 0x21, 0xFF, 0x52, 0x38, 0x21, 0xFF,
    0x4A, 0x38, 0x21, 0xFF, 0x4A, 0x38, 0x21, 0xFF, 0x4A, 0x38, 0x21, 0xFF, 0x52, 0x38, 0x21, 0xFF,
    0x4A, 0x38, 0x21, 0xFF, 0x4A, 0x38, 0x21, 0xFF, 0x4A, 0x38, 0x21, 0xFF, 0x52, 0x38, 0x21, 0xFF,
    0x4A, 0x38, 0x21, 0xFF, 0x4A, 0x38, 0x21, 0xFF, 0x4A, 0x38, 0x21, 0xFF, 0x52, 0x38, 0x21, 0xFF,
    0x4A, 0x38, 0x21, 0xFF, 0x4A, 0x38, 0x21, 0xFF, 0x4A, 0x38, 0x21, 0xFF, 0x52, 0x38, 0x21, 0xFF,
    0x4A, 0x38, 0x21, 0xFF, 0x4A, 0x38, 0x21, 0xFF, 0x4A, 0x38, 0x21, 0xFF, 0x52, 0x38, 0x21, 0xFF,
    0x4A, 0x38, 0x21, 0xFF, 0x4A, 0x38, 0x21, 0xFF, 0x4A, 0x38, 0x21, 0xFF, 0x52, 0x38, 0x21, 0xFF,
    0x4A, 0x38, 0x21, 0xFF, 0x4A, 0x38, 0x21, 0xFF, 0x4A, 0x38, 0x21, 0xFF, 0x52, 0x38, 0x21, 0xFF,
    0x4A, 0x38, 0x21, 0xFF, 0x4A, 0x38, 0x21, 0xFF, 0x4A, 0x38, 0x21, 0xFF, 0x52, 0x38, 0x21, 0xFF,
    0x4A, 0x38, 0x21, 0xFF, 0x4A, 0x38, 0x21, 0xFF, 0x4A, 0x38, 0x21, 0xFF, 0x52, 0x38, 0x21, 0xFF,
    0x4A, 0x38, 0x21, 0xFF, 0x4A, 0x38, 0x21, 0xFF, 0x4A, 0x38, 0x21, 0xFF, 0x52, 0x38, 0x21, 0xFF,
    0x4A, 0x38, 0x21, 0xFF, 0x4A, 0x38, 0x21, 0xFF, 0x4A, 0x38, 0x21, 0xFF, 0x52, 0x38, 0x21, 0xFF,
    0x4A, 0x38, 0x21, 0xFF, 0x4A, 0x38, 0x21, 0xFF, 0x4A, 0x38, 0x21, 0xFF, 0x52, 0x38, 0x21, 0xFF,
    0x4A, 0x38, 0x21, 0xFF, 0x4A, 0x38, 0x21, 0xFF, 0x4A, 0x38, 0x21, 0xFF, 0x52, 0x38, 0x21, 0xFF,
    0x4A, 0x38, 0x21, 0xFF, 0x4A, 0x38, 0x21, 0xFF, 0x4A, 0x38, 0x21, 0xFF, 0x52, 0x38, 0x21, 0xFF,
    0x4A, 0x38, 0x21, 0xFF, 0x4A, 0x38, 0x21, 0xFF, 0x4A, 0x38, 0x21, 0xFF, 0x52, 0x38, 0x21, 0xFF,
    0x4A, 0x38, 0x21, 0xFF, 0x4A, 0x38, 0x21, 0xFF, 0x4A, 0x38, 0x21, 0xFF, 0x52, 0x38, 0x21, 0xFF,
    0x4A, 0x38, 0x21, 0xFF, 0x4A, 0x38, 0x21, 0xFF, 0x4A, 0x38, 0x21, 0xFF, 0x52, 0x38, 0x21, 0xFF,
    0x4A, 0x38, 0x21, 0xFF, 0x4A, 0x38, 0x21, 0xFF, 0x4A, 0x38, 0x21, 0xFF, 0x52, 0x38, 0x21, 0xFF,
    0x4A, 0x38, 0x21, 0xFF, 0x4A, 0x38, 0x21, 0xFF, 0x4A, 0x38, 0x21, 0xFF, 0x52, 0x38, 0x21, 0xFF,
    0x4A, 0x38, 0x21, 0xFF, 0x4A, 0x38, 0x21, 0xFF, 0x4A, 0x38, 0x21, 0xFF, 0x4A, 0x38, 0x21, 0xFF,
    0x4A, 0x38, 0x21, 0xFF, 0x4A, 0x38, 0x21, 0xFF, 0x52, 0x38, 0x21, 0xFF, 0x4A, 0x38, 0x21, 0xFF,
    0x4A, 0x38, 0x21, 0xFF, 0x4A, 0x3C, 0x21, 0xFF, 0x4A, 0x38, 0x29, 0xFF, 0x4A, 0x38, 0x21, 0xFF,
    0x4A, 0x3C, 0x21, 0xFF, 0x4A, 0x38, 0x21, 0xFF, 0x4A, 0x38, 0x21, 0xFF, 0x4A, 0x3C, 0x21, 0xFF,
    0x4A, 0x38, 0x21, 0xFF, 0x4A, 0x38, 0x21, 0xFF, 0x4A, 0x3C, 0x21, 0xFF, 0x4A, 0x38, 0x21, 0xFF,
    0x4A, 0x38, 0x21, 0xFF, 0x4A, 0x3C, 0x21, 0xFF, 0x4A, 0x38, 0x21, 0xFF, 0x4A, 0x38, 0x21, 0xFF,
    0x4A, 0x3C, 0x21, 0xFF, 0x4A, 0x38, 0x21, 0xFF, 0x4A, 0x38, 0x21, 0xFF, 0x4A, 0x3C, 0x21, 0xFF,
    0x4A, 0x38, 0x21, 0xFF, 0x4A, 0x38, 0x21, 0xFF, 0x4A, 0x3C, 0x21, 0xFF, 0x4A, 0x38, 0x21, 0xFF,
    0x4A, 0x38, 0x21, 0xFF, 0x4A, 0x3C, 0x21, 0xFF, 0x4A, 0x38, 0x21, 0xFF, 0x4A, 0x38, 0x21, 0xFF,
    0x4A, 0x3C, 0x21, 0xFF, 0x4A, 0x38, 0x21, 0xFF, 0x4A, 0x38, 0x21, 0xFF, 0x4A, 0x3C, 0x21, 0xFF,
    0x4A, 0x38, 0x21, 0xFF, 0x4A, 0x38, 0x21, 0xFF, 0x4A, 0x3C, 0x21, 0xFF, 0x4A, 0x38, 0x21, 0xFF,
    0x4A, 0x38, 0x21, 0xFF, 0x4A, 0x3C, 0x21, 0xFF, 0x4A, 0x38, 0x21, 0xFF, 0x4A, 0x38, 0x21, 0xFF,
    0x4A, 0x3C, 0x21, 0xFF, 0x4A, 0x38, 0x21, 0xFF, 0x4A, 0x38, 0x21, 0xFF, 0x4A, 0x3C, 0x21, 0xFF,
    0x4A, 0x38, 0x21, 0xFF, 0x4A, 0x38, 0x21, 0xFF, 0x4A, 0x3C, 0x21, 0xFF, 0x4A, 0x38, 0x21, 0xFF,
    0x4A, 0x38, 0x21, 0xFF, 0x4A, 0x3C, 0x21, 0xFF, 0x4A, 0x38, 0x21, 0xFF, 0x4A, 0x38, 0x21, 0xFF,
    0x4A, 0x3C, 0x21, 0xFF, 0x4A, 0x38, 0x21, 0xFF, 0x4A, 0x38, 0x21, 0xFF, 0x4A, 0x3C, 0x21, 0xFF,
    0x4A, 0x38, 0x21, 0xFF, 0x4A, 0x38, 0x21, 0xFF, 0x4A, 0x3C, 0x21, 0xFF, 0x4A, 0x38, 0x21, 0xFF,
    0x4A, 0x38, 0x21, 0xFF, 0x4A, 0x3C, 0x21, 0xFF, 0x4A, 0x38, 0x21, 0xFF, 0x4A, 0x38, 0x21, 0xFF,
    0x4A, 0x3C, 0x21, 0xFF, 0x4A, 0x38, 0x21, 0xFF, 0x4A, 0x38, 0x21, 0xFF, 0x4A, 0x3C, 0x21, 0xFF,
    0x4A, 0x38, 0x21, 0xFF, 0x4A, 0x38, 0x21, 0xFF, 0x4A, 0x3C, 0x21, 0xFF, 0x4A, 0x38, 0x21, 0xFF,
    0x4A, 0x38, 0x21, 0xFF, 0x4A, 0x3C, 0x21, 0xFF, 0x4A, 0x38, 0x21, 0xFF, 0x4A, 0x38, 0x21, 0xFF,
    0x4A, 0x3C, 0x21, 0xFF, 0x4A, 0x38, 0x21, 0xFF, 0x4A, 0x38, 0x21, 0xFF, 0x4A, 0x3C, 0x21, 0xFF,
    0x4A, 0x38, 0x21, 0xFF, 0x4A, 0x38, 0x21, 0xFF, 0x4A, 0x3C, 0x21, 0xFF, 0x4A, 0x38, 0x21, 0xFF,
    0x4A, 0x38, 0x21, 0xFF, 0x4A, 0x3C, 0x21, 0xFF, 0x4A, 0x38, 0x21, 0xFF, 0x4A, 0x38, 0x21, 0xFF,
    0x4A, 0x3C, 0x21, 0xFF, 0x4A, 0x38, 0x21, 0xFF, 0x4A, 0x38, 0x21, 0xFF, 0x4A, 0x3C, 0x21, 0xFF,
    0x4A, 0x38, 0x21, 0xFF, 0x4A, 0x38, 0x21, 0xFF, 0x4A, 0x3C, 0x21, 0xFF, 0x4A, 0x38, 0x21, 0xFF,
    0x4A, 0x38, 0x21, 0xFF, 0x4A, 0x3C, 0x21, 0xFF, 0x4A, 0x38, 0x21, 0xFF, 0x4A, 0x38, 0x21, 0xFF,
    0x4A, 0x3C, 0x21, 0xFF, 0x4A, 0x38, 0x21, 0xFF, 0x4A, 0x38, 0x21, 0xFF, 0x4A, 0x3C, 0x21, 0xFF,
    0x4A, 0x38, 0x21, 0xFF, 0x4A, 0x38, 0x21, 0xFF, 0x4A, 0x3C, 0x21, 0xFF, 0x4A, 0x38, 0x21, 0xFF,
    0x4A, 0x38, 0x21, 0xFF, 0x4A, 0x3C, 0x21, 0xFF, 0x4A, 0x38, 0x21, 0xFF, 0x4A, 0x38, 0x21, 0xFF,
    0x4A, 0x3C, 0x21, 0xFF, 0x4A, 0x38, 0x21, 0xFF, 0x4A, 0x38, 0x21, 0xFF, 0x4A, 0x3C, 0x21, 0xFF,
    0x4A, 0x38, 0x21, 0xFF, 0x4A, 0x38, 0x21, 0xFF, 0x4A, 0x3C, 0x21, 0xFF, 0x4A, 0x38, 0x21, 0xFF,
    0x4A, 0x38, 0x21, 0xFF, 0x4A, 0x3C, 0x21, 0xFF, 0x4A, 0x38, 0x21, 0xFF, 0x52, 0x38, 0x21, 0xFF,
    0x4A, 0x3C, 0x21, 0xFF, 0x4A, 0x38, 0x21, 0xFF, 0x4A, 0x38, 0x21, 0xFF, 0x4A, 0x38, 0x21, 0xFF,
    0x4A, 0x38, 0x21, 0xFF, 0x4A, 0x38, 0x21, 0xFF, 0x4A, 0x38, 0x21, 0xFF, 0x4A, 0x38, 0x21, 0xFF,
    0x4A, 0x38, 0x21, 0xFF, 0x4A, 0x38, 0x21, 0xFF, 0x4A, 0x38, 0x21, 0xFF, 0x4A, 0x38, 0x21, 0xFF,
    0x4A, 0x38, 0x21, 0xFF, 0x4A, 0x38, 0x21, 0xFF, 0x4A, 0x38, 0x21, 0xFF, 0x4A, 0x38, 0x21, 0xFF,
    0x4A, 0x38, 0x21, 0xFF, 0x4A, 0x38, 0x21, 0xFF, 0x4A, 0x38, 0x21, 0xFF, 0x4A, 0x38, 0x21, 0xFF,
    0x4A, 0x38, 0x21, 0xFF, 0x4A, 0x38, 0x21, 0xFF, 0x4A, 0x38, 0x21, 0xFF, 0x4A, 0x38, 0x21, 0xFF,
    0x4A, 0x38, 0x21, 0xFF, 0x4A, 0x38, 0x21, 0xFF, 0x4A, 0x38, 0x21, 0xFF, 0x4A, 0x38, 0x21, 0xFF,
    0x4A, 0x38, 0x21, 0xFF, 0x4A, 0x38, 0x21, 0xFF, 0x4A, 0x38, 0x21, 0xFF, 0x4A, 0x38, 0x21, 0xFF,
    0x4A, 0x38, 0x21, 0xFF, 0x4A, 0x38, 0x21, 0xFF, 0x4A, 0x38, 0x21, 0xFF, 0x4A, 0x38, 0x21, 0xFF,
    0x4A, 0x38, 0x21, 0xFF, 0x4A, 0x38, 0x21, 0xFF, 0x4A, 0x38, 0x21, 0xFF, 0x4A, 0x38, 0x21, 0xFF,
    0x4A, 0x38, 0x21, 0xFF, 0x4A, 0x38, 0x21, 0xFF, 0x4A, 0x38, 0x21, 0xFF, 0x4A, 0x38, 0x21, 0xFF,
    0x4A, 0x38, 0x21, 0xFF, 0x4A, 0x38, 0x21, 0xFF, 0x4A, 0x38, 0x21, 0xFF, 0x4A, 0x38, 0x21, 0xFF,
    0x4A, 0x38, 0x21, 0xFF, 0x4A, 0x38, 0x21, 0xFF, 0x4A, 0x38, 0x21, 0xFF, 0x4A, 0x38, 0x21, 0xFF,
    0x4A, 0x38, 0x21, 0xFF, 0x4A, 0x38, 0x21, 0xFF, 0x4A, 0x38, 0x21, 0xFF, 0x4A, 0x38, 0x21, 0xFF,
    0x4A, 0x38, 0x21, 0xFF, 0x4A, 0x38, 0x21, 0xFF, 0x4A, 0x38, 0x21, 0xFF, 0x4A, 0x38, 0x21, 0xFF,
    0x4A, 0x38, 0x21, 0xFF, 0x4A, 0x38, 0x21, 0xFF, 0x4A, 0x38, 0x21, 0xFF, 0x4A, 0x38, 0x21, 0xFF,
    0x4A, 0x38, 0x21, 0xFF, 0x4A, 0x38, 0x21, 0xFF, 0x4A, 0x38, 0x21, 0xFF, 0x4A, 0x38, 0x21, 0xFF,
    0x4A, 0x38, 0x21, 0xFF, 0x4A, 0x38, 0x21, 0xFF, 0x4A, 0x38, 0x21, 0xFF, 0x4A, 0x38, 0x21, 0xFF,
    0x4A, 0x38, 0x21, 0xFF, 0x4A, 0x38, 0x21, 0xFF, 0x4A, 0x38, 0x21, 0xFF, 0x4A, 0x38, 0x21, 0xFF,
    0x4A, 0x38, 0x21, 0xFF, 0x4A, 0x38, 0x21, 0xFF, 0x4A, 0x38, 0x21, 0xFF, 0x4A, 0x38, 0x21, 0xFF,
    0x4A, 0x38, 0x21, 0xFF, 0x4A, 0x38, 0x21, 0xFF, 0x4A, 0x38, 0x21, 0xFF, 0x4A, 0x38, 0x21, 0xFF,
    0x4A, 0x38, 0x21, 0xFF, 0x4A, 0x38, 0x21, 0xFF, 0x4A, 0x38, 0x21, 0xFF, 0x4A, 0x38, 0x21, 0xFF,
    0x4A, 0x38, 0x21, 0xFF, 0x4A, 0x38, 0x21, 0xFF, 0x4A, 0x38, 0x21, 0xFF, 0x4A, 0x38, 0x21, 0xFF,
    0x4A, 0x38, 0x21, 0xFF, 0x4A, 0x38, 0x21, 0xFF, 0x4A, 0x38, 0x21, 0xFF, 0x4A, 0x38, 0x21, 0xFF,
    0x4A, 0x38, 0x21, 0xFF, 0x4A, 0x38, 0x21, 0xFF, 0x4A, 0x38, 0x21, 0xFF, 0x4A, 0x38, 0x21, 0xFF,
    0x4A, 0x38, 0x21, 0xFF, 0x4A, 0x38, 0x21, 0xFF, 0x4A, 0x38, 0x21, 0xFF, 0x4A, 0x38, 0x21, 0xFF,
    0x4A, 0x38, 0x21, 0xFF, 0x4A, 0x38, 0x21, 0xFF, 0x4A, 0x38, 0x21, 0xFF, 0x4A, 0x38, 0x21, 0xFF,
    0x4A, 0x38, 0x21, 0xFF, 0x4A, 0x38, 0x21, 0xFF, 0x4A, 0x38, 0x21, 0xFF, 0x4A, 0x38, 0x21, 0xFF,
    0x4A, 0x38, 0x21, 0xFF, 0x4A, 0x38, 0x21, 0xFF, 0x4A, 0x38, 0x21, 0xFF, 0x4A, 0x38, 0x21, 0xFF,
    0x4A, 0x38, 0x21, 0xFF, 0x4A, 0x38, 0x21, 0xFF, 0x4A, 0x38, 0x21, 0xFF, 0x4A, 0x38, 0x21, 0xFF,
    0x4A, 0x38, 0x21, 0xFF, 0x4A, 0x38, 0x21, 0xFF, 0x4A, 0x38, 0x21, 0xFF, 0x4A, 0x38, 0x21, 0xFF,
    0x4A, 0x38, 0x21, 0xFF, 0x4A, 0x38, 0x21, 0xFF, 0x4A, 0x38, 0x21, 0xFF, 0x4A, 0x38, 0x21, 0xFF,
    0x4A, 0x38, 0x21, 0xFF, 0x4A, 0x38, 0x21, 0xFF, 0x4A, 0x38, 0x21, 0xFF, 0x4A, 0x38, 0x21, 0xFF,
    0x4A, 0x38, 0x21, 0xFF, 0x4A, 0x38, 0x21, 0xFF, 0x4A, 0x38, 0x21, 0xFF, 0x4A, 0x38, 0x21, 0xFF,
    0x4A, 0x38, 0x21, 0xFF, 0x4A, 0x38, 0x21, 0xFF, 0x4A, 0x38, 0x21, 0xFF, 0x4A, 0x38, 0x21, 0xFF,
    0x4A, 0x38, 0x21, 0xFF, 0x4A, 0x38, 0x21, 0xFF, 0x4A, 0x38, 0x21, 0xFF, 0x4A, 0x38, 0x21, 0xFF,
    0x4A, 0x38, 0x21, 0xFF, 0x4A, 0x38, 0x21, 0xFF, 0x4A, 0x38, 0x21, 0xFF, 0x4A, 0x38, 0x21, 0xFF,
    0x4A, 0x38, 0x21, 0xFF, 0x4A, 0x38, 0x21, 0xFF, 0x4A, 0x38, 0x21, 0xFF, 0x4A, 0x38, 0x21, 0xFF,
    0x4A, 0x38, 0x21, 0xFF, 0x4A, 0x38, 0x21, 0xFF, 0x4A, 0x38, 0x21, 0xFF, 0x4A, 0x38, 0x21, 0xFF,
    0x4A, 0x38, 0x21, 0xFF, 0x4A, 0x38, 0x21, 0xFF, 0x4A, 0x38, 0x21, 0xFF, 0x4A, 0x38, 0x21, 0xFF,
    0x4A, 0x38, 0x21, 0xFF, 0x4A, 0x38, 0x21, 0xFF, 0x4A, 0x38, 0x21, 0xFF, 0x4A, 0x38, 0x21, 0xFF,
    0x4A, 0x38, 0x21, 0xFF, 0x4A, 0x38, 0x21, 0xFF, 0x4A, 0x38, 0x21, 0xFF, 0x4A, 0x38, 0x21, 0xFF,
    0x4A, 0x38, 0x21, 0xFF, 0x4A, 0x38, 0x21, 0xFF, 0x4A, 0x38, 0x21, 0xFF, 0x4A, 0x38, 0x21, 0xFF,
    0x4A, 0x38, 0x21, 0xFF, 0x4A, 0x38, 0x21, 0xFF, 0x4A, 0x38, 0x21, 0xFF, 0x4A, 0x38, 0x21, 0xFF,
    0x4A, 0x38, 0x21, 0xFF, 0x4A, 0x38, 0x21, 0xFF, 0x4A, 0x38, 0x21, 0xFF, 0x4A, 0x38, 0x21, 0xFF,
    0x4A, 0x38, 0x21, 0xFF, 0x4A, 0x38, 0x21, 0xFF, 0x4A, 0x38, 0x21, 0xFF, 0x4A, 0x38, 0x21, 0xFF,
    0x4A, 0x38, 0x21, 0xFF, 0x4A, 0x38, 0x21, 0xFF, 0x4A, 0x38, 0x21, 0xFF, 0x4A, 0x38, 0x21, 0xFF,
    0x4A, 0x38, 0x21, 0xFF, 0x4A, 0x38, 0x21, 0xFF, 0x4A, 0x38, 0x21, 0xFF, 0x4A, 0x38, 0x21, 0xFF,
    0x4A, 0x38, 0x21, 0xFF, 0x4A, 0x38, 0x21, 0xFF, 0x4A, 0x38, 0x21, 0xFF, 0x4A, 0x38, 0x21, 0xFF,
    0x4A, 0x38, 0x21, 0xFF, 0x4A, 0x38, 0x21, 0xFF, 0x4A, 0x38, 0x21, 0xFF, 0x4A, 0x38, 0x21, 0xFF,
    0x4A, 0x38, 0x21, 0xFF, 0x4A, 0x38, 0x21, 0xFF, 0x4A, 0x38, 0x21, 0xFF, 0x4A, 0x38, 0x21, 0xFF,
    0x4A, 0x38, 0x21, 0xFF, 0x4A, 0x38, 0x21, 0xFF, 0x4A, 0x38, 0x21, 0xFF, 0x4A, 0x38, 0x21, 0xFF,
    0x4A, 0x38, 0x21, 0xFF, 0x4A, 0x38, 0x21, 0xFF, 0x4A, 0x38, 0x21, 0xFF, 0x4A, 0x38, 0x21, 0xFF,
    0x4A, 0x38, 0x21, 0xFF, 0x4A, 0x38, 0x21, 0xFF, 0x4A, 0x38, 0x21, 0xFF, 0x4A, 0x38, 0x21, 0xFF,
    0x4A, 0x38, 0x21, 0xFF, 0x4A, 0x38, 0x21, 0xFF, 0x4A, 0x38, 0x21, 0xFF, 0x4A, 0x38, 0x21, 0xFF,
    0x4A, 0x38, 0x21, 0xFF, 0x4A, 0x38, 0x21, 0xFF, 0x4A, 0x38, 0x21, 0xFF, 0x4A, 0x38, 0x21, 0xFF,
    0x4A, 0x38, 0x21, 0xFF, 0x4A, 0x38, 0x21, 0xFF, 0x4A, 0x38, 0x21, 0xFF, 0x4A, 0x38, 0x21, 0xFF,
    0x4A, 0x38, 0x21, 0xFF, 0x4A, 0x38, 0x21, 0xFF, 0x4A, 0x38, 0x21, 0xFF, 0x4A, 0x38, 0x21, 0xFF,
    0x4A, 0x38, 0x21, 0xFF, 0x4A, 0x38, 0x21, 0xFF, 0x4A, 0x38, 0x21, 0xFF, 0x4A, 0x38, 0x21, 0xFF,
    0x4A, 0x38, 0x21, 0xFF, 0x4A, 0x38, 0x21, 0xFF, 0x4A, 0x38, 0x21, 0xFF, 0x4A, 0x38, 0x21, 0xFF,
    0x4A, 0x38, 0x21, 0xFF, 0x4A, 0x38, 0x21, 0xFF, 0x4A, 0x38, 0x21, 0xFF, 0x4A, 0x38, 0x21, 0xFF,
    0x4A, 0x38, 0x21, 0xFF, 0x4A, 0x38, 0x21, 0xFF, 0x4A, 0x38, 0x21, 0xFF, 0x4A, 0x38, 0x21, 0xFF,
    0x4A, 0x38, 0x21, 0xFF, 0x4A, 0x38, 0x21, 0xFF, 0x4A, 0x38, 0x21, 0xFF, 0x4A, 0x38, 0x21, 0xFF,
    0x4A, 0x38, 0x21, 0xFF, 0x4A, 0x38, 0x21, 0xFF, 0x4A, 0x38, 0x21, 0xFF, 0x4A, 0x38, 0x21, 0xFF,
    0x4A, 0x38, 0x21, 0xFF, 0x4A, 0x38, 0x21, 0xFF, 0x4A, 0x38, 0x21, 0xFF, 0x4A, 0x38, 0x21, 0xFF,
    0x4A, 0x38, 0x21, 0xFF, 0x4A, 0x38, 0x21, 0xFF, 0x4A, 0x38, 0x21, 0xFF, 0x4A, 0x38, 0x21, 0xFF,
    0x4A, 0x38, 0x21, 0xFF, 0x4A, 0x38, 0x21, 0xFF, 0x4A, 0x38, 0x21, 0xFF, 0x4A, 0x38, 0x21, 0xFF,
    0x4A, 0x38, 0x21, 0xFF, 0x4A, 0x38, 0x21, 0xFF, 0x4A, 0x38, 0x21, 0xFF, 0x4A, 0x38, 0x21, 0xFF,
    0x4A, 0x38, 0x21, 0xFF, 0x4A, 0x38, 0x21, 0xFF, 0x4A, 0x38, 0x21, 0xFF, 0x4A, 0x38, 0x21, 0xFF,
    0x4A, 0x38, 0x21, 0xFF, 0x4A, 0x38, 0x21, 0xFF, 0x4A, 0x38, 0x21, 0xFF, 0x4A, 0x38, 0x21, 0xFF,
    0x4A, 0x38, 0x21, 0xFF, 0x4A, 0x38, 0x21, 0xFF, 0x4A, 0x38, 0x21, 0xFF, 0x4A, 0x38, 0x21, 0xFF,
    0x4A, 0x38, 0x21, 0xFF, 0x4A, 0x38, 0x21, 0xFF, 0x4A, 0x38, 0x21, 0xFF, 0x4A, 0x38, 0x21, 0xFF,
    0x4A, 0x38, 0x21, 0xFF, 0x4A, 0x38, 0x21, 0xFF, 0x4A, 0x38, 0x21, 0xFF, 0x4A, 0x38, 0x21, 0xFF,
    0x4A, 0x38, 0x21, 0xFF, 0x4A, 0x38, 0x21, 0xFF, 0x4A, 0x38, 0x21, 0xFF, 0x4A, 0x38, 0x21, 0xFF,
    0x4A, 0x38, 0x21, 0xFF, 0x4A, 0x38, 0x21, 0xFF, 0x4A, 0x38, 0x21, 0xFF, 0x4A, 0x38, 0x21, 0xFF,
    0x4A, 0x38, 0x21, 0xFF, 0x4A, 0x38, 0x21, 0xFF, 0x4A, 0x38, 0x21, 0xFF, 0x4A, 0x38, 0x21, 0xFF,
    0x4A, 0x38, 0x21, 0xFF, 0x4A, 0x38, 0x21, 0xFF, 0x4A, 0x38, 0x21, 0xFF, 0x4A, 0x38, 0x21, 0xFF,
    0x4A, 0x38, 0x21, 0xFF, 0x4A, 0x38, 0x21, 0xFF, 0x4A, 0x38, 0x21, 0xFF, 0x4A, 0x38, 0x21, 0xFF,
    0x4A, 0x38, 0x21, 0xFF, 0x4A, 0x38, 0x21, 0xFF, 0x4A, 0x38, 0x21, 0xFF, 0x4A, 0x38, 0x21, 0xFF,
    0x4A, 0x38, 0x21, 0xFF, 0x4A, 0x38, 0x21, 0xFF, 0x4A, 0x38, 0x21, 0xFF, 0x4A, 0x38, 0x21, 0xFF,
    0x4A, 0x38, 0x21, 0xFF, 0x4A, 0x38, 0x21, 0xFF, 0x4A, 0x38, 0x21, 0xFF, 0x4A, 0x38, 0x21, 0xFF,
    0x4A, 0x38, 0x21, 0xFF, 0x4A, 0x38, 0x21, 0xFF, 0x4A, 0x38, 0x21, 0xFF, 0x4A, 0x38, 0x21, 0xFF,
    0x4A, 0x38, 0x21, 0xFF, 0x4A, 0x38, 0x21, 0xFF, 0x4A, 0x38, 0x21, 0xFF, 0x4A, 0x38, 0x21, 0xFF,
    0x4A, 0x38, 0x21, 0xFF, 0x4A, 0x38, 0x21, 0xFF, 0x4A, 0x38, 0x21, 0xFF, 0x4A, 0x38, 0x21, 0xFF,
    0x4A, 0x38, 0x21, 0xFF, 0x4A, 0x38, 0x21, 0xFF, 0x4A, 0x38, 0x21, 0xFF, 0x4A, 0x38, 0x21, 0xFF,
    0x4A, 0x38, 0x21, 0xFF, 0x4A, 0x38, 0x21, 0xFF, 0x4A, 0x38, 0x21, 0xFF, 0x4A, 0x38, 0x21, 0xFF,
    0x4A, 0x38, 0x21, 0xFF, 0x4A, 0x38, 0x21, 0xFF, 0x4A, 0x38, 0x21, 0xFF, 0x4A, 0x38, 0x21, 0xFF,
    0x4A, 0x38, 0x21, 0xFF, 0x4A, 0x38, 0x21, 0xFF, 0x4A, 0x38, 0x21, 0xFF, 0x4A, 0x38, 0x21, 0xFF,
    0x4A, 0x38, 0x21, 0xFF, 0x4A, 0x38, 0x21, 0xFF, 0x4A, 0x38, 0x21, 0xFF, 0x4A, 0x38, 0x21, 0xFF,
    0x4A, 0x38, 0x21, 0xFF, 0x4A, 0x38, 0x21, 0xFF, 0x4A, 0x38, 0x21, 0xFF, 0x4A, 0x38, 0x21, 0xFF,
    0x4A, 0x38, 0x21, 0xFF, 0x4A, 0x38, 0x21, 0xFF, 0x4A, 0x38, 0x21, 0xFF, 0x4A, 0x38, 0x21, 0xFF,
    0x4A, 0x38, 0x21, 0xFF, 0x4A, 0x38, 0x21, 0xFF, 0x4A, 0x38, 0x21, 0xFF, 0x4A, 0x38, 0x21, 0xFF,
    0x4A, 0x38, 0x21, 0xFF, 0x4A, 0x38, 0x21, 0xFF, 0x4A, 0x38, 0x21, 0xFF, 0x4A, 0x38, 0x21, 0xFF,
    0x4A, 0x38, 0x21, 0xFF, 0x4A, 0x38, 0x21, 0xFF, 0x4A, 0x38, 0x21, 0xFF, 0x4A, 0x38, 0x21, 0xFF,
    0x4A, 0x38, 0x21, 0xFF, 0x4A, 0x38, 0x21, 0xFF, 0x4A, 0x38, 0x21, 0xFF, 0x4A, 0x38, 0x21, 0xFF,
    0x4A, 0x38, 0x21, 0xFF, 0x4A, 0x38, 0x21, 0xFF, 0x4A, 0x38, 0x21, 0xFF, 0x4A, 0x38, 0x21, 0xFF,
    0x4A, 0x38, 0x21, 0xFF, 0x4A, 0x38, 0x21, 0xFF, 0x4A, 0x38, 0x21, 0xFF, 0x4A, 0x38, 0x21, 0xFF,
    0x4A, 0x38, 0x21, 0xFF, 0x4A, 0x38, 0x18, 0xFF, 0x4A, 0x38, 0x21, 0xFF, 0x4A, 0x38, 0x18, 0xFF,
    0x4A, 0x38, 0x21, 0xFF, 0x4A, 0x38, 0x21, 0xFF, 0x4A, 0x38, 0x21, 0xFF, 0x4A, 0x38, 0x21, 0xFF,
    0x4A, 0x38, 0x21, 0xFF, 0x4A, 0x38, 0x21, 0xFF, 0x4A, 0x38, 0x21, 0xFF, 0x4A, 0x38, 0x21, 0xFF,
    0x4A, 0x38, 0x21, 0xFF, 0x4A, 0x38, 0x21, 0xFF, 0x4A, 0x38, 0x21, 0xFF, 0x4A, 0x38, 0x21, 0xFF,
    0x4A, 0x38, 0x21, 0xFF, 0x4A, 0x38, 0x21, 0xFF, 0x4A, 0x38, 0x21, 0xFF, 0x4A, 0x38, 0x21, 0xFF,
    0x4A, 0x38, 0x21, 0xFF, 0x4A, 0x38, 0x21, 0xFF, 0x4A, 0x38, 0x21, 0xFF, 0x4A, 0x38, 0x21, 0xFF,
    0x4A, 0x38, 0x21, 0xFF, 0x4A, 0x38, 0x21, 0xFF, 0x4A, 0x38, 0x21, 0xFF, 0x4A, 0x38, 0x21, 0xFF,
    0x4A, 0x38, 0x21, 0xFF, 0x4A, 0x38, 0x21, 0xFF, 0x4A, 0x38, 0x21, 0xFF, 0x4A, 0x38, 0x21, 0xFF,
    0x4A, 0x38, 0x21, 0xFF, 0x4A, 0x38, 0x21, 0xFF, 0x4A, 0x38, 0x21, 0xFF, 0x4A, 0x38, 0x21, 0xFF,
    0x4A, 0x38, 0x21, 0xFF, 0x4A, 0x38, 0x21, 0xFF, 0x4A, 0x38, 0x21, 0xFF, 0x4A, 0x38, 0x21, 0xFF,
    0x4A, 0x38, 0x21, 0xFF, 0x4A, 0x38, 0x21, 0xFF, 0x4A, 0x38, 0x21, 0xFF, 0x4A, 0x38, 0x21, 0xFF,
    0x4A, 0x38, 0x21, 0xFF, 0x4A, 0x38, 0x21, 0xFF, 0x4A, 0x38, 0x21, 0xFF, 0x4A, 0x38, 0x21, 0xFF,
    0x4A, 0x38, 0x21, 0xFF, 0x4A, 0x38, 0x21, 0xFF, 0x4A, 0x38, 0x21, 0xFF, 0x4A, 0x38, 0x21, 0xFF,
    0x4A, 0x38, 0x21, 0xFF, 0x4A, 0x38, 0x21, 0xFF, 0x4A, 0x38, 0x21, 0xFF, 0x4A, 0x38, 0x21, 0xFF,
    0x4A, 0x38, 0x21, 0xFF, 0x4A, 0x38, 0x21, 0xFF, 0x4A, 0x38, 0x21, 0xFF, 0x4A, 0x38, 0x21, 0xFF,
    0x4A, 0x38, 0x21, 0xFF, 0x4A, 0x38, 0x21, 0xFF, 0x4A, 0x38, 0x21, 0xFF, 0x4A, 0x38, 0x21, 0xFF,
    0x4A, 0x38, 0x21, 0xFF, 0x4A, 0x38, 0x21, 0xFF, 0x4A, 0x38, 0x21, 0xFF, 0x4A, 0x38, 0x21, 0xFF,
    0x4A, 0x38, 0x21, 0xFF, 0x4A, 0x38, 0x21, 0xFF, 0x4A, 0x38, 0x21, 0xFF, 0x4A, 0x38, 0x21, 0xFF,
    0x4A, 0x38, 0x21, 0xFF, 0x4A, 0x38, 0x21, 0xFF, 0x4A, 0x38, 0x21, 0xFF, 0x4A, 0x38, 0x21, 0xFF,
    0x4A, 0x38, 0x21, 0xFF, 0x4A, 0x38, 0x21, 0xFF, 0x4A, 0x38, 0x21, 0xFF, 0x4A, 0x38, 0x21, 0xFF,
    0x4A, 0x38, 0x21, 0xFF, 0x4A, 0x38, 0x21, 0xFF, 0x4A, 0x38, 0x21, 0xFF, 0x4A, 0x38, 0x21, 0xFF,
    0x4A, 0x38, 0x21, 0xFF, 0x4A, 0x38, 0x21, 0xFF, 0x4A, 0x38, 0x21, 0xFF, 0x4A, 0x38, 0x21, 0xFF,
    0x4A, 0x38, 0x21, 0xFF, 0x4A, 0x38, 0x21, 0xFF, 0x4A, 0x38, 0x21, 0xFF, 0x4A, 0x38, 0x21, 0xFF,
    0x4A, 0x38, 0x21, 0xFF, 0x4A, 0x38, 0x21, 0xFF, 0x4A, 0x38, 0x21, 0xFF, 0x4A, 0x38, 0x21, 0xFF,
    0x4A, 0x38, 0x21, 0xFF, 0x4A, 0x38, 0x21, 0xFF, 0x4A, 0x38, 0x21, 0xFF, 0x4A, 0x38, 0x21, 0xFF,
    0x4A, 0x38, 0x21, 0xFF, 0x4A, 0x38, 0x21, 0xFF, 0x4A, 0x38, 0x21, 0xFF, 0x4A, 0x38, 0x21, 0xFF,
    0x4A, 0x38, 0x21, 0xFF, 0x4A, 0x38, 0x21, 0xFF, 0x4A, 0x38, 0x21, 0xFF, 0x4A, 0x38, 0x21, 0xFF,
    0x4A, 0x38, 0x21, 0xFF, 0x4A, 0x38, 0x21, 0xFF, 0x4A, 0x38, 0x21, 0xFF, 0x4A, 0x38, 0x21, 0xFF,
    0x4A, 0x38, 0x21, 0xFF, 0x4A, 0x38, 0x21, 0xFF, 0x4A, 0x38, 0x21, 0xFF, 0x4A, 0x38, 0x21, 0xFF,
    0x4A, 0x38, 0x21, 0xFF, 0x4A, 0x38, 0x21, 0xFF, 0x4A, 0x38, 0x21, 0xFF, 0x4A, 0x38, 0x21, 0xFF,
    0x4A, 0x38, 0x21, 0xFF, 0x4A, 0x38, 0x21, 0xFF, 0x4A, 0x38, 0x21, 0xFF, 0x4A, 0x38, 0x21, 0xFF,
    0x4A, 0x38, 0x21, 0xFF, 0x4A, 0x38, 0x21, 0xFF, 0x4A, 0x38, 0x21, 0xFF, 0x4A, 0x38, 0x21, 0xFF,
    0x4A, 0x38, 0x21, 0xFF, 0x4A, 0x38, 0x21, 0xFF, 0x4A, 0x38, 0x21, 0xFF, 0x4A, 0x38, 0x21, 0xFF,
    0x4A, 0x38, 0x21, 0xFF, 0x4A, 0x38, 0x18, 0xFF, 0x4A, 0x38, 0x21, 0xFF, 0x4A, 0x38, 0x18, 0xFF,
    0x4A, 0x38, 0x21, 0xFF, 0x4A, 0x38, 0x18, 0xFF, 0x4A, 0x38, 0x21, 0xFF, 0x4A, 0x38, 0x18, 0xFF,
    0x4A, 0x38, 0x21, 0xFF, 0x4A, 0x38, 0x18, 0xFF, 0x4A, 0x38, 0x21, 0xFF, 0x4A, 0x38, 0x18, 0xFF,
    0x4A, 0x38, 0x21, 0xFF, 0x4A, 0x38, 0x18, 0xFF, 0x4A, 0x38, 0x21, 0xFF, 0x4A, 0x38, 0x18, 0xFF,
    0x4A, 0x38, 0x21, 0xFF, 0x4A, 0x38, 0x18, 0xFF, 0x4A, 0x38, 0x21, 0xFF, 0x4A, 0x38, 0x18, 0xFF,
    0x4A, 0x38, 0x21, 0xFF, 0x4A, 0x38, 0x18, 0xFF, 0x4A, 0x38, 0x21, 0xFF, 0x4A, 0x38, 0x18, 0xFF,
    0x4A, 0x38, 0x21, 0xFF, 0x4A, 0x38, 0x18, 0xFF, 0x4A, 0x38, 0x21, 0xFF, 0x4A, 0x38, 0x18, 0xFF,
    0x4A, 0x38, 0x21, 0xFF, 0x4A, 0x38, 0x18, 0xFF, 0x4A, 0x38, 0x21, 0xFF, 0x4A, 0x38, 0x18, 0xFF,
    0x4A, 0x38, 0x21, 0xFF, 0x4A, 0x38, 0x18, 0xFF, 0x4A, 0x38, 0x21, 0xFF, 0x4A, 0x38, 0x18, 0xFF,
    0x4A, 0x38, 0x21, 0xFF, 0x4A, 0x38, 0x18, 0xFF, 0x4A, 0x38, 0x21, 0xFF, 0x4A, 0x38, 0x18, 0xFF,
    0x4A, 0x38, 0x21, 0xFF, 0x4A, 0x38, 0x18, 0xFF, 0x4A, 0x38, 0x21, 0xFF, 0x4A, 0x38, 0x18, 0xFF,
    0x4A, 0x38, 0x21, 0xFF, 0x4A, 0x38, 0x18, 0xFF, 0x4A, 0x38, 0x21, 0xFF, 0x4A, 0x38, 0x18, 0xFF,
    0x4A, 0x38, 0x21, 0xFF, 0x4A, 0x38, 0x18, 0xFF, 0x4A, 0x38, 0x21, 0xFF, 0x4A, 0x38, 0x18, 0xFF,
    0x4A, 0x38, 0x21, 0xFF, 0x4A, 0x38, 0x18, 0xFF, 0x4A, 0x38, 0x21, 0xFF, 0x4A, 0x38, 0x18, 0xFF,
    0x4A, 0x38, 0x21, 0xFF, 0x4A, 0x38, 0x18, 0xFF, 0x4A, 0x38, 0x21, 0xFF, 0x4A, 0x38, 0x18, 0xFF,
    0x4A, 0x38, 0x21, 0xFF, 0x4A, 0x38, 0x18, 0xFF, 0x4A, 0x38, 0x21, 0xFF, 0x4A, 0x38, 0x18, 0xFF,
    0x4A, 0x38, 0x21, 0xFF, 0x4A, 0x38, 0x18, 0xFF, 0x4A, 0x38, 0x21, 0xFF, 0x4A, 0x38, 0x18, 0xFF,
    0x4A, 0x38, 0x21, 0xFF, 0x4A, 0x38, 0x18, 0xFF, 0x4A, 0x38, 0x21, 0xFF, 0x4A, 0x38, 0x18, 0xFF,
    0x4A, 0x38, 0x21, 0xFF, 0x4A, 0x38, 0x18, 0xFF, 0x4A, 0x38, 0x21, 0xFF, 0x4A, 0x38, 0x18, 0xFF,
    0x4A, 0x38, 0x21, 0xFF, 0x4A, 0x38, 0x18, 0xFF, 0x4A, 0x38, 0x21, 0xFF, 0x4A, 0x38, 0x18, 0xFF,
    0x4A, 0x38, 0x21, 0xFF, 0x4A, 0x38, 0x18, 0xFF, 0x4A, 0x38, 0x21, 0xFF, 0x4A, 0x38, 0x18, 0xFF,
    0x4A, 0x38, 0x21, 0xFF, 0x4A, 0x38, 0x18, 0xFF, 0x4A, 0x38, 0x21, 0xFF, 0x4A, 0x38, 0x18, 0xFF,
    0x4A, 0x38, 0x21, 0xFF, 0x4A, 0x38, 0x18, 0xFF, 0x4A, 0x38, 0x21, 0xFF, 0x4A, 0x38, 0x18, 0xFF,
    0x4A, 0x38, 0x21, 0xFF, 0x4A, 0x38, 0x18, 0xFF, 0x4A, 0x38, 0x21, 0xFF, 0x4A, 0x38, 0x18, 0xFF,
    0x4A, 0x38, 0x21, 0xFF, 0x4A, 0x38, 0x18, 0xFF, 0x4A, 0x38, 0x21, 0xFF, 0x4A, 0x38, 0x18, 0xFF,
    0x4A, 0x38, 0x21, 0xFF, 0x4A, 0x38, 0x18, 0xFF, 0x4A, 0x38, 0x21, 0xFF, 0x4A, 0x38, 0x18, 0xFF,
    0x4A, 0x38, 0x21, 0xFF, 0x4A, 0x38, 0x18, 0xFF, 0x4A, 0x38, 0x21, 0xFF, 0x4A, 0x38, 0x18, 0xFF,
    0x4A, 0x38, 0x21, 0xFF, 0x4A, 0x38, 0x18, 0xFF, 0x4A, 0x38, 0x21, 0xFF, 0x4A, 0x38, 0x18, 0xFF,
    0x4A, 0x38, 0x21, 0xFF, 0x4A, 0x38, 0x18, 0xFF, 0x4A, 0x38, 0x21, 0xFF, 0x4A, 0x38, 0x18, 0xFF,
    0x4A, 0x38, 0x21, 0xFF, 0x4A, 0x38, 0x18, 0xFF, 0x4A, 0x38, 0x21, 0xFF, 0x4A, 0x38, 0x18, 0xFF,
    0x4A, 0x38, 0x21, 0xFF, 0x4A, 0x38, 0x18, 0xFF, 0x4A, 0x38, 0x21, 0xFF, 0x4A, 0x38, 0x21, 0xFF,
    0x4A, 0x38, 0x21, 0xFF, 0x4A, 0x34, 0x18, 0xFF, 0x4A, 0x38, 0x21, 0xFF, 0x4A, 0x34, 0x18, 0xFF,
    0x4A, 0x38, 0x21, 0xFF, 0x4A, 0x34, 0x21, 0xFF, 0x4A, 0x38, 0x21, 0xFF, 0x4A, 0x34, 0x21, 0xFF,
    0x4A, 0x38, 0x21, 0xFF, 0x4A, 0x34, 0x21, 0xFF, 0x4A, 0x38, 0x21, 0xFF, 0x4A, 0x34, 0x21, 0xFF,
    0x4A, 0x38, 0x21, 0xFF, 0x4A, 0x34, 0x21, 0xFF, 0x4A, 0x38, 0x21, 0xFF, 0x4A, 0x34, 0x21, 0xFF,
    0x4A, 0x38, 0x21, 0xFF, 0x4A, 0x34, 0x21, 0xFF, 0x4A, 0x38, 0x21, 0xFF, 0x4A, 0x34, 0x21, 0xFF,
    0x4A, 0x38, 0x21, 0xFF, 0x4A, 0x34, 0x21, 0xFF, 0x4A, 0x38, 0x21, 0xFF, 0x4A, 0x34, 0x21, 0xFF,
    0x4A, 0x38, 0x21, 0xFF, 0x4A, 0x34, 0x21, 0xFF, 0x4A, 0x38, 0x21, 0xFF, 0x4A, 0x34, 0x21, 0xFF,
    0x4A, 0x38, 0x21, 0xFF, 0x4A, 0x34, 0x21, 0xFF, 0x4A, 0x38, 0x21, 0xFF, 0x4A, 0x34, 0x21, 0xFF,
    0x4A, 0x38, 0x21, 0xFF, 0x4A, 0x34, 0x21, 0xFF, 0x4A, 0x38, 0x21, 0xFF, 0x4A, 0x34, 0x21, 0xFF,
    0x4A, 0x38, 0x21, 0xFF, 0x4A, 0x34, 0x21, 0xFF, 0x4A, 0x38, 0x21, 0xFF, 0x4A, 0x34, 0x21, 0xFF,
    0x4A, 0x38, 0x21, 0xFF, 0x4A, 0x34, 0x21, 0xFF, 0x4A, 0x38, 0x21, 0xFF, 0x4A, 0x34, 0x21, 0xFF,
    0x4A, 0x38, 0x21, 0xFF, 0x4A, 0x34, 0x21, 0xFF, 0x4A, 0x38, 0x21, 0xFF, 0x4A, 0x34, 0x21, 0xFF,
    0x4A, 0x38, 0x21, 0xFF, 0x4A, 0x34, 0x21, 0xFF, 0x4A, 0x38, 0x21, 0xFF, 0x4A, 0x34, 0x21, 0xFF,
    0x4A, 0x38, 0x21, 0xFF, 0x4A, 0x34, 0x21, 0xFF, 0x4A, 0x38, 0x21, 0xFF, 0x4A, 0x34, 0x21, 0xFF,
    0x4A, 0x38, 0x21, 0xFF, 0x4A, 0x34, 0x21, 0xFF, 0x4A, 0x38, 0x21, 0xFF, 0x4A, 0x34, 0x21, 0xFF,
    0x4A, 0x38, 0x21, 0xFF, 0x4A, 0x34, 0x21, 0xFF, 0x4A, 0x38, 0x21, 0xFF, 0x4A, 0x34, 0x21, 0xFF,
    0x4A, 0x38, 0x21, 0xFF, 0x4A, 0x34, 0x21, 0xFF, 0x4A, 0x38, 0x21, 0xFF, 0x4A, 0x34, 0x21, 0xFF,
    0x4A, 0x38, 0x21, 0xFF, 0x4A, 0x34, 0x21, 0xFF, 0x4A, 0x38, 0x21, 0xFF, 0x4A, 0x34, 0x21, 0xFF,
    0x4A, 0x38, 0x21, 0xFF, 0x4A, 0x34, 0x21, 0xFF, 0x4A, 0x38, 0x21, 0xFF, 0x4A, 0x34, 0x21, 0xFF,
    0x4A, 0x38, 0x21, 0xFF, 0x4A, 0x34, 0x21, 0xFF, 0x4A, 0x38, 0x21, 0xFF, 0x4A, 0x34, 0x21, 0xFF,
    0x4A, 0x38, 0x21, 0xFF, 0x4A, 0x34, 0x21, 0xFF, 0x4A, 0x38, 0x21, 0xFF, 0x4A, 0x34, 0x21, 0xFF,
    0x4A, 0x38, 0x21, 0xFF, 0x4A, 0x34, 0x21, 0xFF, 0x4A, 0x38, 0x21, 0xFF, 0x4A, 0x34, 0x21, 0xFF,
    0x4A, 0x38, 0x21, 0xFF, 0x4A, 0x34, 0x21, 0xFF, 0x4A, 0x38, 0x21, 0xFF, 0x4A, 0x34, 0x21, 0xFF,
    0x4A, 0x38, 0x21, 0xFF, 0x4A, 0x34, 0x21, 0xFF, 0x4A, 0x38, 0x21, 0xFF, 0x4A, 0x34, 0x21, 0xFF,
    0x4A, 0x38, 0x21, 0xFF, 0x4A, 0x34, 0x21, 0xFF, 0x4A, 0x38, 0x21, 0xFF, 0x4A, 0x34, 0x21, 0xFF,
    0x4A, 0x38, 0x21, 0xFF, 0x4A, 0x34, 0x21, 0xFF, 0x4A, 0x38, 0x21, 0xFF, 0x4A, 0x34, 0x21, 0xFF,
    0x4A, 0x38, 0x21, 0xFF, 0x4A, 0x34, 0x21, 0xFF, 0x4A, 0x38, 0x21, 0xFF, 0x4A, 0x34, 0x21, 0xFF,
    0x4A, 0x38, 0x21, 0xFF, 0x4A, 0x34, 0x21, 0xFF, 0x4A, 0x38, 0x21, 0xFF, 0x4A, 0x34, 0x21, 0xFF,
    0x4A, 0x38, 0x21, 0xFF, 0x4A, 0x34, 0x21, 0xFF, 0x4A, 0x38, 0x21, 0xFF, 0x4A, 0x34, 0x21, 0xFF,
    0x4A, 0x38, 0x21, 0xFF, 0x4A, 0x34, 0x21, 0xFF, 0x4A, 0x38, 0x21, 0xFF, 0x4A, 0x34, 0x21, 0xFF,
    0x4A, 0x38, 0x21, 0xFF, 0x4A, 0x34, 0x21, 0xFF, 0x4A, 0x38, 0x21, 0xFF, 0x4A, 0x34, 0x21, 0xFF,
    0x4A, 0x38, 0x21, 0xFF, 0x4A, 0x34, 0x21, 0xFF, 0x4A, 0x38, 0x18, 0xFF, 0x4A, 0x34, 0x21, 0xFF,
    0x4A, 0x38, 0x21, 0xFF, 0x4A, 0x34, 0x21, 0xFF, 0x4A, 0x38, 0x21, 0xFF, 0x4A, 0x38, 0x21, 0xFF,
    0x4A, 0x34, 0x18, 0xFF, 0x4A, 0x38, 0x21, 0xFF, 0x4A, 0x38, 0x18, 0xFF, 0x4A, 0x34, 0x21, 0xFF,
    0x4A, 0x38, 0x18, 0xFF, 0x4A, 0x38, 0x21, 0xFF, 0x4A, 0x34, 0x18, 0xFF, 0x4A, 0x38, 0x21, 0xFF,
    0x4A, 0x38, 0x18, 0xFF, 0x4A, 0x34, 0x21, 0xFF, 0x4A, 0x38, 0x18, 0xFF, 0x4A, 0x38, 0x21, 0xFF,
    0x4A, 0x34, 0x18, 0xFF, 0x4A, 0x38, 0x21, 0xFF, 0x4A, 0x38, 0x18, 0xFF, 0x4A, 0x34, 0x21, 0xFF,
    0x4A, 0x38, 0x18, 0xFF, 0x4A, 0x38, 0x21, 0xFF, 0x4A, 0x34, 0x18, 0xFF, 0x4A, 0x38, 0x21, 0xFF,
    0x4A, 0x38, 0x18, 0xFF, 0x4A, 0x34, 0x21, 0xFF, 0x4A, 0x38, 0x18, 0xFF, 0x4A, 0x38, 0x21, 0xFF,
    0x4A, 0x34, 0x18, 0xFF, 0x4A, 0x38, 0x21, 0xFF, 0x4A, 0x38, 0x18, 0xFF, 0x4A, 0x34, 0x21, 0xFF,
    0x4A, 0x38, 0x18, 0xFF, 0x4A, 0x38, 0x21, 0xFF, 0x4A, 0x34, 0x18, 0xFF, 0x4A, 0x38, 0x21, 0xFF,
    0x4A, 0x38, 0x18, 0xFF, 0x4A, 0x34, 0x21, 0xFF, 0x4A, 0x38, 0x18, 0xFF, 0x4A, 0x38, 0x21, 0xFF,
    0x4A, 0x34, 0x18, 0xFF, 0x4A, 0x38, 0x21, 0xFF, 0x4A, 0x38, 0x18, 0xFF, 0x4A, 0x34, 0x21, 0xFF,
    0x4A, 0x38, 0x18, 0xFF, 0x4A, 0x38, 0x21, 0xFF, 0x4A, 0x34, 0x18, 0xFF, 0x4A, 0x38, 0x21, 0xFF,
    0x4A, 0x38, 0x18, 0xFF, 0x4A, 0x34, 0x21, 0xFF, 0x4A, 0x38, 0x18, 0xFF, 0x4A, 0x38, 0x21, 0xFF,
    0x4A, 0x34, 0x18, 0xFF, 0x4A, 0x38, 0x21, 0xFF, 0x4A, 0x38, 0x18, 0xFF, 0x4A, 0x34, 0x21, 0xFF,
    0x4A, 0x38, 0x18, 0xFF, 0x4A, 0x38, 0x21, 0xFF, 0x4A, 0x34, 0x18, 0xFF, 0x4A, 0x38, 0x21, 0xFF,
    0x4A, 0x38, 0x18, 0xFF, 0x4A, 0x34, 0x21, 0xFF, 0x4A, 0x38, 0x18, 0xFF, 0x4A, 0x38, 0x21, 0xFF,
    0x4A, 0x34, 0x18, 0xFF, 0x4A, 0x38, 0x21, 0xFF, 0x4A, 0x38, 0x18, 0xFF, 0x4A, 0x34, 0x21, 0xFF,
    0x4A, 0x38, 0x18, 0xFF, 0x4A, 0x38, 0x21, 0xFF, 0x4A, 0x34, 0x18, 0xFF, 0x4A, 0x38, 0x21, 0xFF,
    0x4A, 0x38, 0x18, 0xFF, 0x4A, 0x34, 0x21, 0xFF, 0x4A, 0x38, 0x18, 0xFF, 0x4A, 0x38, 0x21, 0xFF,
    0x4A, 0x34, 0x18, 0xFF, 0x4A, 0x38, 0x21, 0xFF, 0x4A, 0x38, 0x18, 0xFF, 0x4A, 0x34, 0x21, 0xFF,
    0x4A, 0x38, 0x18, 0xFF, 0x4A, 0x38, 0x21, 0xFF, 0x4A, 0x34, 0x18, 0xFF, 0x4A, 0x38, 0x21, 0xFF,
    0x4A, 0x38, 0x18, 0xFF, 0x4A, 0x34, 0x21, 0xFF, 0x4A, 0x38, 0x18, 0xFF, 0x4A, 0x38, 0x21, 0xFF,
    0x4A, 0x34, 0x18, 0xFF, 0x4A, 0x38, 0x21, 0xFF, 0x4A, 0x38, 0x18, 0xFF, 0x4A, 0x34, 0x21, 0xFF,
    0x4A, 0x38, 0x18, 0xFF, 0x4A, 0x38, 0x21, 0xFF, 0x4A, 0x34, 0x18, 0xFF, 0x4A, 0x38, 0x21, 0xFF,
    0x4A, 0x38, 0x18, 0xFF, 0x4A, 0x34, 0x21, 0xFF, 0x4A, 0x38, 0x18, 0xFF, 0x4A, 0x38, 0x21, 0xFF,
    0x4A, 0x34, 0x18, 0xFF, 0x4A, 0x38, 0x21, 0xFF, 0x4A, 0x38, 0x18, 0xFF, 0x4A, 0x34, 0x21, 0xFF,
    0x4A, 0x38, 0x18, 0xFF, 0x4A, 0x38, 0x21, 0xFF, 0x4A, 0x34, 0x18, 0xFF, 0x4A, 0x38, 0x21, 0xFF,
    0x4A, 0x38, 0x18, 0xFF, 0x4A, 0x34, 0x21, 0xFF, 0x4A, 0x38, 0x18, 0xFF, 0x4A, 0x38, 0x21, 0xFF,
    0x4A, 0x34, 0x18, 0xFF, 0x4A, 0x38, 0x21, 0xFF, 0x4A, 0x38, 0x18, 0xFF, 0x4A, 0x34, 0x21, 0xFF,
    0x4A, 0x38, 0x18, 0xFF, 0x4A, 0x38, 0x21, 0xFF, 0x4A, 0x34, 0x18, 0xFF, 0x4A, 0x38, 0x21, 0xFF,
    0x4A, 0x38, 0x18, 0xFF, 0x4A, 0x34, 0x21, 0xFF, 0x4A, 0x38, 0x18, 0xFF, 0x4A, 0x38, 0x21, 0xFF,
    0x4A, 0x34, 0x18, 0xFF, 0x4A, 0x38, 0x21, 0xFF, 0x4A, 0x38, 0x21, 0xFF, 0x4A, 0x38, 0x18, 0xFF,
    0x4A, 0x38, 0x18, 0xFF, 0x4A, 0x38, 0x21, 0xFF, 0x4A, 0x34, 0x18, 0xFF, 0x4A, 0x38, 0x21, 0xFF,
    0x4A, 0x38, 0x18, 0xFF, 0x4A, 0x34, 0x21, 0xFF, 0x4A, 0x38, 0x18, 0xFF, 0x4A, 0x38, 0x21, 0xFF,
    0x4A, 0x34, 0x18, 0xFF, 0x4A, 0x38, 0x21, 0xFF, 0x4A, 0x38, 0x18, 0xFF, 0x4A, 0x34, 0x21, 0xFF,
    0x4A, 0x38, 0x18, 0xFF, 0x4A, 0x38, 0x21, 0xFF, 0x4A, 0x34, 0x18, 0xFF, 0x4A, 0x38, 0x21, 0xFF,
    0x4A, 0x38, 0x18, 0xFF, 0x4A, 0x34, 0x21, 0xFF, 0x4A, 0x38, 0x18, 0xFF, 0x4A, 0x38, 0x21, 0xFF,
    0x4A, 0x34, 0x18, 0xFF, 0x4A, 0x38, 0x21, 0xFF, 0x4A, 0x38, 0x18, 0xFF, 0x4A, 0x34, 0x21, 0xFF,
    0x4A, 0x38, 0x18, 0xFF, 0x4A, 0x38, 0x21, 0xFF, 0x4A, 0x34, 0x18, 0xFF, 0x4A, 0x38, 0x21, 0xFF,
    0x4A, 0x38, 0x18, 0xFF, 0x4A, 0x34, 0x21, 0xFF, 0x4A, 0x38, 0x18, 0xFF, 0x4A, 0x38, 0x21, 0xFF,
    0x4A, 0x34, 0x18, 0xFF, 0x4A, 0x38, 0x21, 0xFF, 0x4A, 0x38, 0x18, 0xFF, 0x4A, 0x34, 0x21, 0xFF,
    0x4A, 0x38, 0x18, 0xFF, 0x4A, 0x38, 0x21, 0xFF, 0x4A, 0x34, 0x18, 0xFF, 0x4A, 0x38, 0x21, 0xFF,
    0x4A, 0x38, 0x18, 0xFF, 0x4A, 0x34, 0x21, 0xFF, 0x4A, 0x38, 0x18, 0xFF, 0x4A, 0x38, 0x21, 0xFF,
    0x4A, 0x34, 0x18, 0xFF, 0x4A, 0x38, 0x21, 0xFF, 0x4A, 0x38, 0x18, 0xFF, 0x4A, 0x34, 0x21, 0xFF,
    0x4A, 0x38, 0x18, 0xFF, 0x4A, 0x38, 0x21, 0xFF, 0x4A, 0x34, 0x18, 0xFF, 0x4A, 0x38, 0x21, 0xFF,
    0x4A, 0x38, 0x18, 0xFF, 0x4A, 0x34, 0x21, 0xFF, 0x4A, 0x38, 0x18, 0xFF, 0x4A, 0x38, 0x21, 0xFF,
    0x4A, 0x34, 0x18, 0xFF, 0x4A, 0x38, 0x21, 0xFF, 0x4A, 0x38, 0x18, 0xFF, 0x4A, 0x34, 0x21, 0xFF,
    0x4A, 0x38, 0x18, 0xFF, 0x4A, 0x38, 0x21, 0xFF, 0x4A, 0x34, 0x18, 0xFF, 0x4A, 0x38, 0x21, 0xFF,
    0x4A, 0x38, 0x18, 0xFF, 0x4A, 0x34, 0x21, 0xFF, 0x4A, 0x38, 0x18, 0xFF, 0x4A, 0x38, 0x21, 0xFF,
    0x4A, 0x34, 0x18, 0xFF, 0x4A, 0x38, 0x21, 0xFF, 0x4A, 0x38, 0x18, 0xFF, 0x4A, 0x34, 0x21, 0xFF,
    0x4A, 0x38, 0x18, 0xFF, 0x4A, 0x38, 0x21, 0xFF, 0x4A, 0x34, 0x18, 0xFF, 0x4A, 0x38, 0x21, 0xFF,
    0x4A, 0x38, 0x18, 0xFF, 0x4A, 0x34, 0x21, 0xFF, 0x4A, 0x38, 0x18, 0xFF, 0x4A, 0x38, 0x21, 0xFF,
    0x4A, 0x34, 0x18, 0xFF, 0x4A, 0x38, 0x21, 0xFF, 0x4A, 0x38, 0x18, 0xFF, 0x4A, 0x34, 0x21, 0xFF,
    0x4A, 0x38, 0x18, 0xFF, 0x4A, 0x38, 0x21, 0xFF, 0x4A, 0x34, 0x18, 0xFF, 0x4A, 0x38, 0x21, 0xFF,
    0x4A, 0x38, 0x18, 0xFF, 0x4A, 0x34, 0x21, 0xFF, 0x4A, 0x38, 0x18, 0xFF, 0x4A, 0x38, 0x21, 0xFF,
    0x4A, 0x34, 0x18, 0xFF, 0x4A, 0x38, 0x21, 0xFF, 0x4A, 0x38, 0x18, 0xFF, 0x4A, 0x34, 0x21, 0xFF,
    0x4A, 0x38, 0x18, 0xFF, 0x4A, 0x38, 0x21, 0xFF, 0x4A, 0x34, 0x18, 0xFF, 0x4A, 0x38, 0x21, 0xFF,
    0x4A, 0x38, 0x18, 0xFF, 0x4A, 0x34, 0x21, 0xFF, 0x4A, 0x38, 0x18, 0xFF, 0x4A, 0x38, 0x21, 0xFF,
    0x4A, 0x34, 0x18, 0xFF, 0x4A, 0x38, 0x21, 0xFF, 0x4A, 0x38, 0x18, 0xFF, 0x4A, 0x34, 0x21, 0xFF,
    0x4A, 0x38, 0x18, 0xFF, 0x4A, 0x38, 0x21, 0xFF, 0x4A, 0x34, 0x18, 0xFF, 0x4A, 0x38, 0x21, 0xFF,
    0x4A, 0x38, 0x18, 0xFF, 0x4A, 0x34, 0x21, 0xFF, 0x4A, 0x38, 0x18, 0xFF, 0x4A, 0x38, 0x21, 0xFF,
    0x4A, 0x34, 0x18, 0xFF, 0x4A, 0x38, 0x21, 0xFF, 0x4A, 0x38, 0x18, 0xFF, 0x4A, 0x34, 0x21, 0xFF,
    0x4A, 0x38, 0x18, 0xFF, 0x4A, 0x38, 0x21, 0xFF, 0x4A, 0x34, 0x18, 0xFF, 0x4A, 0x38, 0x21, 0xFF,
    0x4A, 0x38, 0x18, 0xFF, 0x4A, 0x34, 0x21, 0xFF, 0x4A, 0x38, 0x18, 0xFF, 0x4A, 0x34, 0x21, 0xFF,
    0x4A, 0x34, 0x21, 0xFF, 0x4A, 0x34, 0x18, 0xFF, 0x4A, 0x38, 0x21, 0xFF, 0x4A, 0x34, 0x18, 0xFF,
    0x4A, 0x34, 0x21, 0xFF, 0x4A, 0x38, 0x18, 0xFF, 0x4A, 0x34, 0x21, 0xFF, 0x4A, 0x34, 0x18, 0xFF,
    0x4A, 0x38, 0x21, 0xFF, 0x4A, 0x34, 0x18, 0xFF, 0x4A, 0x34, 0x21, 0xFF, 0x4A, 0x38, 0x18, 0xFF,
    0x4A, 0x34, 0x21, 0xFF, 0x4A, 0x34, 0x18, 0xFF, 0x4A, 0x38, 0x21, 0xFF, 0x4A, 0x34, 0x18, 0xFF,
    0x4A, 0x34, 0x21, 0xFF, 0x4A, 0x38, 0x18, 0xFF, 0x4A, 0x34, 0x21, 0xFF, 0x4A, 0x34, 0x18, 0xFF,
    0x4A, 0x38, 0x21, 0xFF, 0x4A, 0x34, 0x18, 0xFF, 0x4A, 0x34, 0x21, 0xFF, 0x4A, 0x38, 0x18, 0xFF,
    0x4A, 0x34, 0x21, 0xFF, 0x4A, 0x34, 0x18, 0xFF, 0x4A, 0x38, 0x21, 0xFF, 0x4A, 0x34, 0x18, 0xFF,
    0x4A, 0x34, 0x21, 0xFF, 0x4A, 0x38, 0x18, 0xFF, 0x4A, 0x34, 0x21, 0xFF, 0x4A, 0x34, 0x18, 0xFF,
    0x4A, 0x38, 0x21, 0xFF, 0x4A, 0x34, 0x18, 0xFF, 0x4A, 0x34, 0x21, 0xFF, 0x4A, 0x38, 0x18, 0xFF,
    0x4A, 0x34, 0x21, 0xFF, 0x4A, 0x34, 0x18, 0xFF, 0x4A, 0x38, 0x21, 0xFF, 0x4A, 0x34, 0x18, 0xFF,
    0x4A, 0x34, 0x21, 0xFF, 0x4A, 0x38, 0x18, 0xFF, 0x4A, 0x34, 0x21, 0xFF, 0x4A, 0x34, 0x18, 0xFF,
    0x4A, 0x38, 0x21, 0xFF, 0x4A, 0x34, 0x18, 0xFF, 0x4A, 0x34, 0x21, 0xFF, 0x4A, 0x38, 0x18, 0xFF,
    0x4A, 0x34, 0x21, 0xFF, 0x4A, 0x34, 0x18, 0xFF, 0x4A, 0x38, 0x21, 0xFF, 0x4A, 0x34, 0x18, 0xFF,
    0x4A, 0x34, 0x21, 0xFF, 0x4A, 0x38, 0x18, 0xFF, 0x4A, 0x34, 0x21, 0xFF, 0x4A, 0x34, 0x18, 0xFF,
    0x4A, 0x38, 0x21, 0xFF, 0x4A, 0x34, 0x18, 0xFF, 0x4A, 0x34, 0x21, 0xFF, 0x4A, 0x38, 0x18, 0xFF,
    0x4A, 0x34, 0x21, 0xFF, 0x4A, 0x34, 0x18, 0xFF, 0x4A, 0x38, 0x21, 0xFF, 0x4A, 0x34, 0x18, 0xFF,
    0x4A, 0x34, 0x21, 0xFF, 0x4A, 0x38, 0x18, 0xFF, 0x4A, 0x34, 0x21, 0xFF, 0x4A, 0x34, 0x18, 0xFF,
    0x4A, 0x38, 0x21, 0xFF, 0x4A, 0x34, 0x18, 0xFF, 0x4A, 0x34, 0x21, 0xFF, 0x4A, 0x38, 0x18, 0xFF,
    0x4A, 0x34, 0x21, 0xFF, 0x4A, 0x34, 0x18, 0xFF, 0x4A, 0x38, 0x21, 0xFF, 0x4A, 0x34, 0x18, 0xFF,
    0x4A, 0x34, 0x21, 0xFF, 0x4A, 0x38, 0x18, 0xFF, 0x4A, 0x34, 0x21, 0xFF, 0x4A, 0x34, 0x18, 0xFF,
    0x4A, 0x38, 0x21, 0xFF, 0x4A, 0x34, 0x18, 0xFF, 0x4A, 0x34, 0x21, 0xFF, 0x4A, 0x38, 0x18, 0xFF,
    0x4A, 0x34, 0x21, 0xFF, 0x4A, 0x34, 0x18, 0xFF, 0x4A, 0x38, 0x21, 0xFF, 0x4A, 0x34, 0x18, 0xFF,
    0x4A, 0x34, 0x21, 0xFF, 0x4A, 0x38, 0x18, 0xFF, 0x4A, 0x34, 0x21, 0xFF, 0x4A, 0x34, 0x18, 0xFF,
    0x4A, 0x38, 0x21, 0xFF, 0x4A, 0x34, 0x18, 0xFF, 0x4A, 0x34, 0x21, 0xFF, 0x4A, 0x38, 0x18, 0xFF,
    0x4A, 0x34, 0x21, 0xFF, 0x4A, 0x34, 0x18, 0xFF, 0x4A, 0x38, 0x21, 0xFF, 0x4A, 0x34, 0x18, 0xFF,
    0x4A, 0x34, 0x21, 0xFF, 0x4A, 0x38, 0x18, 0xFF, 0x4A, 0x34, 0x21, 0xFF, 0x4A, 0x34, 0x18, 0xFF,
    0x4A, 0x38, 0x21, 0xFF, 0x4A, 0x34, 0x18, 0xFF, 0x4A, 0x34, 0x21, 0xFF, 0x4A, 0x38, 0x18, 0xFF,
    0x4A, 0x34, 0x21, 0xFF, 0x4A, 0x34, 0x18, 0xFF, 0x4A, 0x38, 0x21, 0xFF, 0x4A, 0x34, 0x18, 0xFF,
    0x4A, 0x34, 0x21, 0xFF, 0x4A, 0x38, 0x18, 0xFF, 0x4A, 0x34, 0x21, 0xFF, 0x4A, 0x34, 0x18, 0xFF,
    0x4A, 0x38, 0x21, 0xFF, 0x4A, 0x34, 0x18, 0xFF, 0x4A, 0x34, 0x21, 0xFF, 0x4A, 0x38, 0x18, 0xFF,
    0x4A, 0x34, 0x21, 0xFF, 0x4A, 0x34, 0x18, 0xFF, 0x4A, 0x38, 0x21, 0xFF, 0x4A, 0x34, 0x18, 0xFF,
    0x4A, 0x34, 0x21, 0xFF, 0x4A, 0x38, 0x18, 0xFF, 0x4A, 0x34, 0x21, 0xFF, 0x4A, 0x38, 0x18, 0xFF,
    0x4A, 0x38, 0x18, 0xFF, 0x42, 0x34, 0x21, 0xFF, 0x4A, 0x34, 0x18, 0xFF, 0x42, 0x38, 0x21, 0xFF,
    0x4A, 0x34, 0x18, 0xFF, 0x42, 0x34, 0x21, 0xFF, 0x4A, 0x38, 0x18, 0xFF, 0x42, 0x34, 0x21, 0xFF,
    0x4A, 0x34, 0x18, 0xFF, 0x42, 0x38, 0x21, 0xFF, 0x4A, 0x34, 0x18, 0xFF, 0x42, 0x34, 0x21, 0xFF,
    0x4A, 0x38, 0x18, 0xFF, 0x42, 0x34, 0x21, 0xFF, 0x4A, 0x34, 0x18, 0xFF, 0x42, 0x38, 0x21, 0xFF,
    0x4A, 0x34, 0x18, 0xFF, 0x42, 0x34, 0x21, 0xFF, 0x4A, 0x38, 0x18, 0xFF, 0x42, 0x34, 0x21, 0xFF,
    0x4A, 0x34, 0x18, 0xFF, 0x42, 0x38, 0x21, 0xFF, 0x4A, 0x34, 0x18, 0xFF, 0x42, 0x34, 0x21, 0xFF,
    0x4A, 0x38, 0x18, 0xFF, 0x42, 0x34, 0x21, 0xFF, 0x4A, 0x34, 0x18, 0xFF, 0x42, 0x38, 0x21, 0xFF,
    0x4A, 0x34, 0x18, 0xFF, 0x42, 0x34, 0x21, 0xFF, 0x4A, 0x38, 0x18, 0xFF, 0x42, 0x34, 0x21, 0xFF,
    0x4A, 0x34, 0x18, 0xFF, 0x42, 0x38, 0x21, 0xFF, 0x4A, 0x34, 0x18, 0xFF, 0x42, 0x34, 0x21, 0xFF,
    0x4A, 0x38, 0x18, 0xFF, 0x42, 0x34, 0x21, 0xFF, 0x4A, 0x34, 0x18, 0xFF, 0x42, 0x38, 0x21, 0xFF,
    0x4A, 0x34, 0x18, 0xFF, 0x42, 0x34, 0x21, 0xFF, 0x4A, 0x38, 0x18, 0xFF, 0x42, 0x34, 0x21, 0xFF,
    0x4A, 0x34, 0x18, 0xFF, 0x42, 0x38, 0x21, 0xFF, 0x4A, 0x34, 0x18, 0xFF, 0x42, 0x34, 0x21, 0xFF,
    0x4A, 0x38, 0x18, 0xFF, 0x42, 0x34, 0x21, 0xFF, 0x4A, 0x34, 0x18, 0xFF, 0x42, 0x38, 0x21, 0xFF,
    0x4A, 0x34, 0x18, 0xFF, 0x42, 0x34, 0x21, 0xFF, 0x4A, 0x38, 0x18, 0xFF, 0x42, 0x34, 0x21, 0xFF,
    0x4A, 0x34, 0x18, 0xFF, 0x42, 0x38, 0x21, 0xFF, 0x4A, 0x34, 0x18, 0xFF, 0x42, 0x34, 0x21, 0xFF,
    0x4A, 0x38, 0x18, 0xFF, 0x42, 0x34, 0x21, 0xFF, 0x4A, 0x34, 0x18, 0xFF, 0x42, 0x38, 0x21, 0xFF,
    0x4A, 0x34, 0x18, 0xFF, 0x42, 0x34, 0x21, 0xFF, 0x4A, 0x38, 0x18, 0xFF, 0x42, 0x34, 0x21, 0xFF,
    0x4A, 0x34, 0x18, 0xFF, 0x42, 0x38, 0x21, 0xFF, 0x4A, 0x34, 0x18, 0xFF, 0x42, 0x34, 0x21, 0xFF,
    0x4A, 0x38, 0x18, 0xFF, 0x42, 0x34, 0x21, 0xFF, 0x4A, 0x34, 0x18, 0xFF, 0x42, 0x38, 0x21, 0xFF,
    0x4A, 0x34, 0x18, 0xFF, 0x42, 0x34, 0x21, 0xFF, 0x4A, 0x38, 0x18, 0xFF, 0x42, 0x34, 0x21, 0xFF,
    0x4A, 0x34, 0x18, 0xFF, 0x42, 0x38, 0x21, 0xFF, 0x4A, 0x34, 0x18, 0xFF, 0x42, 0x34, 0x21, 0xFF,
    0x4A, 0x38, 0x18, 0xFF, 0x42, 0x34, 0x21, 0xFF, 0x4A, 0x34, 0x18, 0xFF, 0x42, 0x38, 0x21, 0xFF,
    0x4A, 0x34, 0x18, 0xFF, 0x42, 0x34, 0x21, 0xFF, 0x4A, 0x38, 0x18, 0xFF, 0x42, 0x34, 0x21, 0xFF,
    0x4A, 0x34, 0x18, 0xFF, 0x42, 0x38, 0x21, 0xFF, 0x4A, 0x34, 0x18, 0xFF, 0x42, 0x34, 0x21, 0xFF,
    0x4A, 0x38, 0x18, 0xFF, 0x42, 0x34, 0x21, 0xFF, 0x4A, 0x34, 0x18, 0xFF, 0x42, 0x38, 0x21, 0xFF,
    0x4A, 0x34, 0x18, 0xFF, 0x42, 0x34, 0x21, 0xFF, 0x4A, 0x38, 0x18, 0xFF, 0x42, 0x34, 0x21, 0xFF,
    0x4A, 0x34, 0x18, 0xFF, 0x42, 0x38, 0x21, 0xFF, 0x4A, 0x34, 0x18, 0xFF, 0x42, 0x34, 0x21, 0xFF,
    0x4A, 0x38, 0x18, 0xFF, 0x42, 0x34, 0x21, 0xFF, 0x4A, 0x34, 0x18, 0xFF, 0x42, 0x38, 0x21, 0xFF,
    0x4A, 0x34, 0x18, 0xFF, 0x42, 0x34, 0x21, 0xFF, 0x4A, 0x38, 0x18, 0xFF, 0x42, 0x34, 0x21, 0xFF,
    0x4A, 0x34, 0x18, 0xFF, 0x42, 0x38, 0x21, 0xFF, 0x4A, 0x34, 0x18, 0xFF, 0x42, 0x34, 0x21, 0xFF,
    0x4A, 0x38, 0x18, 0xFF, 0x42, 0x34, 0x21, 0xFF, 0x4A, 0x34, 0x18, 0xFF, 0x42, 0x38, 0x21, 0xFF,
    0x4A, 0x34, 0x18, 0xFF, 0x42, 0x34, 0x21, 0xFF, 0x4A, 0x34, 0x18, 0xFF, 0x4A, 0x34, 0x21, 0xFF,
    0x4A, 0x34, 0x21, 0xFF, 0x4A, 0x38, 0x18, 0xFF, 0x4A, 0x34, 0x21, 0xFF, 0x4A, 0x38, 0x18, 0xFF,
    0x4A, 0x34, 0x21, 0xFF, 0x4A, 0x38, 0x18, 0xFF, 0x4A, 0x34, 0x21, 0xFF, 0x4A, 0x38, 0x18, 0xFF,
    0x4A, 0x34, 0x21, 0xFF, 0x4A, 0x38, 0x18, 0xFF, 0x4A, 0x34, 0x21, 0xFF, 0x4A, 0x38, 0x18, 0xFF,
    0x4A, 0x34, 0x21, 0xFF, 0x4A, 0x38, 0x18, 0xFF, 0x4A, 0x34, 0x21, 0xFF, 0x4A, 0x38, 0x18, 0xFF,
    0x4A, 0x34, 0x21, 0xFF, 0x4A, 0x38, 0x18, 0xFF, 0x4A, 0x34, 0x21, 0xFF, 0x4A, 0x38, 0x18, 0xFF,
    0x4A, 0x34, 0x21, 0xFF, 0x4A, 0x38, 0x18, 0xFF, 0x4A, 0x34, 0x21, 0xFF, 0x4A, 0x38, 0x18, 0xFF,
    0x4A, 0x34, 0x21, 0xFF, 0x4A, 0x38, 0x18, 0xFF, 0x4A, 0x34, 0x21, 0xFF, 0x4A, 0x38, 0x18, 0xFF,
    0x4A, 0x34, 0x21, 0xFF, 0x4A, 0x38, 0x18, 0xFF, 0x4A, 0x34, 0x21, 0xFF, 0x4A, 0x38, 0x18, 0xFF,
    0x4A, 0x34, 0x21, 0xFF, 0x4A, 0x38, 0x18, 0xFF, 0x4A, 0x34, 0x21, 0xFF, 0x4A, 0x38, 0x18, 0xFF,
    0x4A, 0x34, 0x21, 0xFF, 0x4A, 0x38, 0x18, 0xFF, 0x4A, 0x34, 0x21, 0xFF, 0x4A, 0x38, 0x18, 0xFF,
    0x4A, 0x34, 0x21, 0xFF, 0x4A, 0x38, 0x18, 0xFF, 0x4A, 0x34, 0x21, 0xFF, 0x4A, 0x38, 0x18, 0xFF,
    0x4A, 0x34, 0x21, 0xFF, 0x4A, 0x38, 0x18, 0xFF, 0x4A, 0x34, 0x21, 0xFF, 0x4A, 0x38, 0x18, 0xFF,
    0x4A, 0x34, 0x21, 0xFF, 0x4A, 0x38, 0x18, 0xFF, 0x4A, 0x34, 0x21, 0xFF, 0x4A, 0x38, 0x18, 0xFF,
    0x4A, 0x34, 0x21, 0xFF, 0x4A, 0x38, 0x18, 0xFF, 0x4A, 0x34, 0x21, 0xFF, 0x4A, 0x38, 0x18, 0xFF,
    0x4A, 0x34, 0x21, 0xFF, 0x4A, 0x38, 0x18, 0xFF, 0x4A, 0x34, 0x21, 0xFF, 0x4A, 0x38, 0x18, 0xFF,
    0x4A, 0x34, 0x21, 0xFF, 0x4A, 0x38, 0x18, 0xFF, 0x4A, 0x34, 0x21, 0xFF, 0x4A, 0x38, 0x18, 0xFF,
    0x4A, 0x34, 0x21, 0xFF, 0x4A, 0x38, 0x18, 0xFF, 0x4A, 0x34, 0x21, 0xFF, 0x4A, 0x38, 0x18, 0xFF,
    0x4A, 0x34, 0x21, 0xFF, 0x4A, 0x38, 0x18, 0xFF, 0x4A, 0x34, 0x21, 0xFF, 0x4A, 0x38, 0x18, 0xFF,
    0x4A, 0x34, 0x21, 0xFF, 0x4A, 0x38, 0x18, 0xFF, 0x4A, 0x34, 0x21, 0xFF, 0x4A, 0x38, 0x18, 0xFF,
    0x4A, 0x34, 0x21, 0xFF, 0x4A, 0x38, 0x18, 0xFF, 0x4A, 0x34, 0x21, 0xFF, 0x4A, 0x38, 0x18, 0xFF,
    0x4A, 0x34, 0x21, 0xFF, 0x4A, 0x38, 0x18, 0xFF, 0x4A, 0x34, 0x21, 0xFF, 0x4A, 0x38, 0x18, 0xFF,
    0x4A, 0x34, 0x21, 0xFF, 0x4A, 0x38, 0x18, 0xFF, 0x4A, 0x34, 0x21, 0xFF, 0x4A, 0x38, 0x18, 0xFF,
    0x4A, 0x34, 0x21, 0xFF, 0x4A, 0x38, 0x18, 0xFF, 0x4A, 0x34, 0x21, 0xFF, 0x4A, 0x38, 0x18, 0xFF,
    0x4A, 0x34, 0x21, 0xFF, 0x4A, 0x38, 0x18, 0xFF, 0x4A, 0x34, 0x21, 0xFF, 0x4A, 0x38, 0x18, 0xFF,
    0x4A, 0x34, 0x21, 0xFF, 0x4A, 0x38, 0x18, 0xFF, 0x4A, 0x34, 0x21, 0xFF, 0x4A, 0x38, 0x18, 0xFF,
    0x4A, 0x34, 0x21, 0xFF, 0x4A, 0x38, 0x18, 0xFF, 0x4A, 0x34, 0x21, 0xFF, 0x4A, 0x38, 0x18, 0xFF,
    0x4A, 0x34, 0x21, 0xFF, 0x4A, 0x38, 0x18, 0xFF, 0x4A, 0x34, 0x21, 0xFF, 0x4A, 0x38, 0x18, 0xFF,
    0x4A, 0x34, 0x21, 0xFF, 0x4A, 0x38, 0x18, 0xFF, 0x4A, 0x34, 0x21, 0xFF, 0x4A, 0x38, 0x18, 0xFF,
    0x4A, 0x34, 0x21, 0xFF, 0x4A, 0x38, 0x18, 0xFF, 0x4A, 0x34, 0x21, 0xFF, 0x4A, 0x38, 0x18, 0xFF,
    0x4A, 0x34, 0x21, 0xFF, 0x4A, 0x38, 0x18, 0xFF, 0x4A, 0x34, 0x21, 0xFF, 0x4A, 0x38, 0x18, 0xFF,
    0x4A, 0x34, 0x21, 0xFF, 0x4A, 0x38, 0x18, 0xFF, 0x4A, 0x34, 0x21, 0xFF, 0x4A, 0x38, 0x18, 0xFF,
    0x4A, 0x34, 0x21, 0xFF, 0x4A, 0x38, 0x18, 0xFF, 0x4A, 0x38, 0x21, 0xFF, 0x42, 0x34, 0x18, 0xFF,
    0x4A, 0x34, 0x18, 0xFF, 0x4A, 0x34, 0x21, 0xFF, 0x4A, 0x34, 0x18, 0xFF, 0x4A, 0x34, 0x18, 0xFF,
    0x4A, 0x34, 0x21, 0xFF, 0x4A, 0x34, 0x18, 0xFF, 0x4A, 0x34, 0x18, 0xFF, 0x4A, 0x34, 0x21, 0xFF,
    0x4A, 0x34, 0x18, 0xFF, 0x4A, 0x34, 0x18, 0xFF, 0x4A, 0x34, 0x21, 0xFF, 0x4A, 0x34, 0x18, 0xFF,
    0x4A, 0x34, 0x18, 0xFF, 0x4A, 0x34, 0x21, 0xFF, 0x4A, 0x34, 0x18, 0xFF, 0x4A, 0x34, 0x18, 0xFF,
    0x4A, 0x34, 0x21, 0xFF, 0x4A, 0x34, 0x18, 0xFF, 0x4A, 0x34, 0x18, 0xFF, 0x4A, 0x34, 0x21, 0xFF,
    0x4A, 0x34, 0x18, 0xFF, 0x4A, 0x34, 0x18, 0xFF, 0x4A, 0x34, 0x21, 0xFF, 0x4A, 0x34, 0x18, 0xFF,
    0x4A, 0x34, 0x18, 0xFF, 0x4A, 0x34, 0x21, 0xFF, 0x4A, 0x34, 0x18, 0xFF, 0x4A, 0x34, 0x18, 0xFF,
    0x4A, 0x34, 0x21, 0xFF, 0x4A, 0x34, 0x18, 0xFF, 0x4A, 0x34, 0x18, 0xFF, 0x4A, 0x34, 0x21, 0xFF,
    0x4A, 0x34, 0x18, 0xFF, 0x4A, 0x34, 0x18, 0xFF, 0x4A, 0x34, 0x21, 0xFF, 0x4A, 0x34, 0x18, 0xFF,
    0x4A, 0x34, 0x18, 0xFF, 0x4A, 0x34, 0x21, 0xFF, 0x4A, 0x34, 0x18, 0xFF, 0x4A, 0x34, 0x18, 0xFF,
    0x4A, 0x34, 0x21, 0xFF, 0x4A, 0x34, 0x18, 0xFF, 0x4A, 0x34, 0x18, 0xFF, 0x4A, 0x34, 0x21, 0xFF,
    0x4A, 0x34, 0x18, 0xFF, 0x4A, 0x34, 0x18, 0xFF, 0x4A, 0x34, 0x21, 0xFF, 0x4A, 0x34, 0x18, 0xFF,
    0x4A, 0x34, 0x18, 0xFF, 0x4A, 0x34, 0x21, 0xFF, 0x4A, 0x34, 0x18, 0xFF, 0x4A, 0x34, 0x18, 0xFF,
    0x4A, 0x34, 0x21, 0xFF, 0x4A, 0x34, 0x18, 0xFF, 0x4A, 0x34, 0x18, 0xFF, 0x4A, 0x34, 0x21, 0xFF,
    0x4A, 0x34, 0x18, 0xFF, 0x4A, 0x34, 0x18, 0xFF, 0x4A, 0x34, 0x21, 0xFF, 0x4A, 0x34, 0x18, 0xFF,
    0x4A, 0x34, 0x18, 0xFF, 0x4A, 0x34, 0x21, 0xFF, 0x4A, 0x34, 0x18, 0xFF, 0x4A, 0x34, 0x18, 0xFF,
    0x4A, 0x34, 0x21, 0xFF, 0x4A, 0x34, 0x18, 0xFF, 0x4A, 0x34, 0x18, 0xFF, 0x4A, 0x34, 0x21, 0xFF,
    0x4A, 0x34, 0x18, 0xFF, 0x4A, 0x34, 0x18, 0xFF, 0x4A, 0x34, 0x21, 0xFF, 0x4A, 0x34, 0x18, 0xFF,
    0x4A, 0x34, 0x18, 0xFF, 0x4A, 0x34, 0x21, 0xFF, 0x4A, 0x34, 0x18, 0xFF, 0x4A, 0x34, 0x18, 0xFF,
    0x4A, 0x34, 0x21, 0xFF, 0x4A, 0x34, 0x18, 0xFF, 0x4A, 0x34, 0x18, 0xFF, 0x4A, 0x34, 0x21, 0xFF,
    0x4A, 0x34, 0x18, 0xFF, 0x4A, 0x34, 0x18, 0xFF, 0x4A, 0x34, 0x21, 0xFF, 0x4A, 0x34, 0x18, 0xFF,
    0x4A, 0x34, 0x18, 0xFF, 0x4A, 0x34, 0x21, 0xFF, 0x4A, 0x34, 0x18, 0xFF, 0x4A, 0x34, 0x18, 0xFF,
    0x4A, 0x34, 0x21, 0xFF, 0x4A, 0x34, 0x18, 0xFF, 0x4A, 0x34, 0x18, 0xFF, 0x4A, 0x34, 0x21, 0xFF,
    0x4A, 0x34, 0x18, 0xFF, 0x4A, 0x34, 0x18, 0xFF, 0x4A, 0x34, 0x21, 0xFF, 0x4A, 0x34, 0x18, 0xFF,
    0x4A, 0x34, 0x18, 0xFF, 0x4A, 0x34, 0x21, 0xFF, 0x4A, 0x34, 0x18, 0xFF, 0x4A, 0x34, 0x18, 0xFF,
    0x4A, 0x34, 0x21, 0xFF, 0x4A, 0x34, 0x18, 0xFF, 0x4A, 0x34, 0x18, 0xFF, 0x4A, 0x34, 0x21, 0xFF,
    0x4A, 0x34, 0x18, 0xFF, 0x4A, 0x34, 0x18, 0xFF, 0x4A, 0x34, 0x21, 0xFF, 0x4A, 0x34, 0x18, 0xFF,
    0x4A, 0x34, 0x18, 0xFF, 0x4A, 0x34, 0x21, 0xFF, 0x4A, 0x34, 0x18, 0xFF, 0x4A, 0x34, 0x18, 0xFF,
    0x4A, 0x34, 0x21, 0xFF, 0x4A, 0x34, 0x18, 0xFF, 0x4A, 0x34, 0x18, 0xFF, 0x4A, 0x34, 0x21, 0xFF,
    0x4A, 0x34, 0x18, 0xFF, 0x4A, 0x34, 0x18, 0xFF, 0x4A, 0x34, 0x21, 0xFF, 0x4A, 0x34, 0x18, 0xFF,
    0x4A, 0x34, 0x18, 0xFF, 0x4A, 0x34, 0x21, 0xFF, 0x4A, 0x34, 0x18, 0xFF, 0x4A, 0x34, 0x18, 0xFF,
    0x4A, 0x34, 0x21, 0xFF, 0x42, 0x34, 0x18, 0xFF, 0x4A, 0x34, 0x18, 0xFF, 0x4A, 0x34, 0x21, 0xFF,
    0x4A, 0x34, 0x18, 0xFF, 0x42, 0x34, 0x18, 0xFF, 0x4A, 0x34, 0x21, 0xFF, 0x42, 0x34, 0x18, 0xFF,
    0x4A, 0x34, 0x18, 0xFF, 0x42, 0x34, 0x21, 0xFF, 0x4A, 0x34, 0x18, 0xFF, 0x42, 0x34, 0x18, 0xFF,
    0x4A, 0x34, 0x21, 0xFF, 0x42, 0x34, 0x18, 0xFF, 0x4A, 0x34, 0x18, 0xFF, 0x42, 0x34, 0x21, 0xFF,
    0x4A, 0x34, 0x18, 0xFF, 0x42, 0x34, 0x18, 0xFF, 0x4A, 0x34, 0x21, 0xFF, 0x42, 0x34, 0x18, 0xFF,
    0x4A, 0x34, 0x18, 0xFF, 0x42, 0x34, 0x21, 0xFF, 0x4A, 0x34, 0x18, 0xFF, 0x42, 0x34, 0x18, 0xFF,
    0x4A, 0x34, 0x21, 0xFF, 0x42, 0x34, 0x18, 0xFF, 0x4A, 0x34, 0x18, 0xFF, 0x42, 0x34, 0x21, 0xFF,
    0x4A, 0x34, 0x18, 0xFF, 0x42, 0x34, 0x18, 0xFF, 0x4A, 0x34, 0x21, 0xFF, 0x42, 0x34, 0x18, 0xFF,
    0x4A, 0x34, 0x18, 0xFF, 0x42, 0x34, 0x21, 0xFF, 0x4A, 0x34, 0x18, 0xFF, 0x42, 0x34, 0x18, 0xFF,
    0x4A, 0x34, 0x21, 0xFF, 0x42, 0x34, 0x18, 0xFF, 0x4A, 0x34, 0x18, 0xFF, 0x42, 0x34, 0x21, 0xFF,
    0x4A, 0x34, 0x18, 0xFF, 0x42, 0x34, 0x18, 0xFF, 0x4A, 0x34, 0x21, 0xFF, 0x42, 0x34, 0x18, 0xFF,
    0x4A, 0x34, 0x18, 0xFF, 0x42, 0x34, 0x21, 0xFF, 0x4A, 0x34, 0x18, 0xFF, 0x42, 0x34, 0x18, 0xFF,
    0x4A, 0x34, 0x21, 0xFF, 0x42, 0x34, 0x18, 0xFF, 0x4A, 0x34, 0x18, 0xFF, 0x42, 0x34, 0x21, 0xFF,
    0x4A, 0x34, 0x18, 0xFF, 0x42, 0x34, 0x18, 0xFF, 0x4A, 0x34, 0x21, 0xFF, 0x42, 0x34, 0x18, 0xFF,
    0x4A, 0x34, 0x18, 0xFF, 0x42, 0x34, 0x21, 0xFF, 0x4A, 0x34, 0x18, 0xFF, 0x42, 0x34, 0x18, 0xFF,
    0x4A, 0x34, 0x21, 0xFF, 0x42, 0x34, 0x18, 0xFF, 0x4A, 0x34, 0x18, 0xFF, 0x42, 0x34, 0x21, 0xFF,
    0x4A, 0x34, 0x18, 0xFF, 0x42, 0x34, 0x18, 0xFF, 0x4A, 0x34, 0x21, 0xFF, 0x42, 0x34, 0x18, 0xFF,
    0x4A, 0x34, 0x18, 0xFF, 0x42, 0x34, 0x21, 0xFF, 0x4A, 0x34, 0x18, 0xFF, 0x42, 0x34, 0x18, 0xFF,
    0x4A, 0x34, 0x21, 0xFF, 0x42, 0x34, 0x18, 0xFF, 0x4A, 0x34, 0x18, 0xFF, 0x42, 0x34, 0x21, 0xFF,
    0x4A, 0x34, 0x18, 0xFF, 0x42, 0x34, 0x18, 0xFF, 0x4A, 0x34, 0x21, 0xFF, 0x42, 0x34, 0x18, 0xFF,
    0x4A, 0x34, 0x18, 0xFF, 0x42, 0x34, 0x21, 0xFF, 0x4A, 0x34, 0x18, 0xFF, 0x42, 0x34, 0x18, 0xFF,
    0x4A, 0x34, 0x21, 0xFF, 0x42, 0x34, 0x18, 0xFF, 0x4A, 0x34, 0x18, 0xFF, 0x42, 0x34, 0x21, 0xFF,
    0x4A, 0x34, 0x18, 0xFF, 0x42, 0x34, 0x18, 0xFF, 0x4A, 0x34, 0x21, 0xFF, 0x42, 0x34, 0x18, 0xFF,
    0x4A, 0x34, 0x18, 0xFF, 0x42, 0x34, 0x21, 0xFF, 0x4A, 0x34, 0x18, 0xFF, 0x42, 0x34, 0x18, 0xFF,
    0x4A, 0x34, 0x21, 0xFF, 0x42, 0x34, 0x18, 0xFF, 0x4A, 0x34, 0x18, 0xFF, 0x42, 0x34, 0x21, 0xFF,
    0x4A, 0x34, 0x18, 0xFF, 0x42, 0x34, 0x18, 0xFF, 0x4A, 0x34, 0x21, 0xFF, 0x42, 0x34, 0x18, 0xFF,
    0x4A, 0x34, 0x18, 0xFF, 0x42, 0x34, 0x21, 0xFF, 0x4A, 0x34, 0x18, 0xFF, 0x42, 0x34, 0x18, 0xFF,
    0x4A, 0x34, 0x21, 0xFF, 0x42, 0x34, 0x18, 0xFF, 0x4A, 0x34, 0x18, 0xFF, 0x42, 0x34, 0x21, 0xFF,
    0x4A, 0x34, 0x18, 0xFF, 0x42, 0x34, 0x18, 0xFF, 0x4A, 0x34, 0x21, 0xFF, 0x42, 0x34, 0x18, 0xFF,
    0x4A, 0x34, 0x18, 0xFF, 0x42, 0x34, 0x21, 0xFF, 0x4A, 0x34, 0x18, 0xFF, 0x42, 0x34, 0x18, 0xFF,
    0x4A, 0x34, 0x21, 0xFF, 0x42, 0x34, 0x18, 0xFF, 0x4A, 0x34, 0x18, 0xFF, 0x42, 0x34, 0x21, 0xFF,
    0x4A, 0x34, 0x18, 0xFF, 0x42, 0x34, 0x18, 0xFF, 0x4A, 0x34, 0x21, 0xFF, 0x42, 0x34, 0x18, 0xFF,
    0x4A, 0x34, 0x18, 0xFF, 0x4A, 0x34, 0x21, 0xFF, 0x4A, 0x34, 0x18, 0xFF, 0x42, 0x34, 0x18, 0xFF,
    0x4A, 0x34, 0x21, 0xFF, 0x4A, 0x38, 0x18, 0xFF, 0x42, 0x34, 0x18, 0xFF, 0x4A, 0x34, 0x21, 0xFF,
    0x4A, 0x38, 0x18, 0xFF, 0x42, 0x34, 0x18, 0xFF, 0x4A, 0x34, 0x21, 0xFF, 0x4A, 0x38, 0x18, 0xFF,
    0x42, 0x34, 0x18, 0xFF, 0x4A, 0x34, 0x21, 0xFF, 0x4A, 0x38, 0x18, 0xFF, 0x42, 0x34, 0x18, 0xFF,
    0x4A, 0x34, 0x21, 0xFF, 0x4A, 0x38, 0x18, 0xFF, 0x42, 0x34, 0x18, 0xFF, 0x4A, 0x34, 0x21, 0xFF,
    0x4A, 0x38, 0x18, 0xFF, 0x42, 0x34, 0x18, 0xFF, 0x4A, 0x34, 0x21, 0xFF, 0x4A, 0x38, 0x18, 0xFF,
    0x42, 0x34, 0x18, 0xFF, 0x4A, 0x34, 0x21, 0xFF, 0x4A, 0x38, 0x18, 0xFF, 0x42, 0x34, 0x18, 0xFF,
    0x4A, 0x34, 0x21, 0xFF, 0x4A, 0x38, 0x18, 0xFF, 0x42, 0x34, 0x18, 0xFF, 0x4A, 0x34, 0x21, 0xFF,
    0x4A, 0x38, 0x18, 0xFF, 0x42, 0x34, 0x18, 0xFF, 0x4A, 0x34, 0x21, 0xFF, 0x4A, 0x38, 0x18, 0xFF,
    0x42, 0x34, 0x18, 0xFF, 0x4A, 0x34, 0x21, 0xFF, 0x4A, 0x38, 0x18, 0xFF, 0x42, 0x34, 0x18, 0xFF,
    0x4A, 0x34, 0x21, 0xFF, 0x4A, 0x38, 0x18, 0xFF, 0x42, 0x34, 0x18, 0xFF, 0x4A, 0x34, 0x21, 0xFF,
    0x4A, 0x38, 0x18, 0xFF, 0x42, 0x34, 0x18, 0xFF, 0x4A, 0x34, 0x21, 0xFF, 0x4A, 0x38, 0x18, 0xFF,
    0x42, 0x34, 0x18, 0xFF, 0x4A, 0x34, 0x21, 0xFF, 0x4A, 0x38, 0x18, 0xFF, 0x42, 0x34, 0x18, 0xFF,
    0x4A, 0x34, 0x21, 0xFF, 0x4A, 0x38, 0x18, 0xFF, 0x42, 0x34, 0x18, 0xFF, 0x4A, 0x34, 0x21, 0xFF,
    0x4A, 0x38, 0x18, 0xFF, 0x42, 0x34, 0x18, 0xFF, 0x4A, 0x34, 0x21, 0xFF, 0x4A, 0x38, 0x18, 0xFF,
    0x42, 0x34, 0x18, 0xFF, 0x4A, 0x34, 0x21, 0xFF, 0x4A, 0x38, 0x18, 0xFF, 0x42, 0x34, 0x18, 0xFF,
    0x4A, 0x34, 0x21, 0xFF, 0x4A, 0x38, 0x18, 0xFF, 0x42, 0x34, 0x18, 0xFF, 0x4A, 0x34, 0x21, 0xFF,
    0x4A, 0x38, 0x18, 0xFF, 0x42, 0x34, 0x18, 0xFF, 0x4A, 0x34, 0x21, 0xFF, 0x4A, 0x38, 0x18, 0xFF,
    0x42, 0x34, 0x18, 0xFF, 0x4A, 0x34, 0x21, 0xFF, 0x4A, 0x38, 0x18, 0xFF, 0x42, 0x34, 0x18, 0xFF,
    0x4A, 0x34, 0x21, 0xFF, 0x4A, 0x38, 0x18, 0xFF, 0x42, 0x34, 0x18, 0xFF, 0x4A, 0x34, 0x21, 0xFF,
    0x4A, 0x38, 0x18, 0xFF, 0x42, 0x34, 0x18, 0xFF, 0x4A, 0x34, 0x21, 0xFF, 0x4A, 0x38, 0x18, 0xFF,
    0x42, 0x34, 0x18, 0xFF, 0x4A, 0x34, 0x21, 0xFF, 0x4A, 0x38, 0x18, 0xFF, 0x42, 0x34, 0x18, 0xFF,
    0x4A, 0x34, 0x21, 0xFF, 0x4A, 0x38, 0x18, 0xFF, 0x42, 0x34, 0x18, 0xFF, 0x4A, 0x34, 0x21, 0xFF,
    0x4A, 0x38, 0x18, 0xFF, 0x42, 0x34, 0x18, 0xFF, 0x4A, 0x34, 0x21, 0xFF, 0x4A, 0x38, 0x18, 0xFF,
    0x42, 0x34, 0x18, 0xFF, 0x4A, 0x34, 0x21, 0xFF, 0x4A, 0x38, 0x18, 0xFF, 0x42, 0x34, 0x18, 0xFF,
    0x4A, 0x34, 0x21, 0xFF, 0x4A, 0x38, 0x18, 0xFF, 0x42, 0x34, 0x18, 0xFF, 0x4A, 0x34, 0x21, 0xFF,
    0x4A, 0x38, 0x18, 0xFF, 0x42, 0x34, 0x18, 0xFF, 0x4A, 0x34, 0x21, 0xFF, 0x4A, 0x38, 0x18, 0xFF,
    0x42, 0x34, 0x18, 0xFF, 0x4A, 0x34, 0x21, 0xFF, 0x4A, 0x38, 0x18, 0xFF, 0x42, 0x34, 0x18, 0xFF,
    0x4A, 0x34, 0x21, 0xFF, 0x4A, 0x38, 0x18, 0xFF, 0x42, 0x34, 0x18, 0xFF, 0x4A, 0x34, 0x21, 0xFF,
    0x4A, 0x38, 0x18, 0xFF, 0x42, 0x34, 0x18, 0xFF, 0x4A, 0x34, 0x21, 0xFF, 0x4A, 0x38, 0x18, 0xFF,
    0x42, 0x34, 0x18, 0xFF, 0x4A, 0x34, 0x21, 0xFF, 0x4A, 0x38, 0x18, 0xFF, 0x42, 0x34, 0x18, 0xFF,
    0x4A, 0x34, 0x21, 0xFF, 0x4A, 0x38, 0x18, 0xFF, 0x42, 0x34, 0x18, 0xFF, 0x4A, 0x34, 0x21, 0xFF,
    0x4A, 0x38, 0x18, 0xFF, 0x42, 0x34, 0x18, 0xFF, 0x4A, 0x34, 0x21, 0xFF, 0x4A, 0x34, 0x18, 0xFF,
    0x4A, 0x34, 0x18, 0xFF, 0x42, 0x34, 0x18, 0xFF, 0x4A, 0x34, 0x18, 0xFF, 0x4A, 0x34, 0x18, 0xFF,
    0x42, 0x34, 0x18, 0xFF, 0x4A, 0x34, 0x18, 0xFF, 0x4A, 0x34, 0x18, 0xFF, 0x42, 0x34, 0x18, 0xFF,
    0x4A, 0x34, 0x18, 0xFF, 0x4A, 0x34, 0x18, 0xFF, 0x42, 0x34, 0x18, 0xFF, 0x4A, 0x34, 0x18, 0xFF,
    0x4A, 0x34, 0x18, 0xFF, 0x42, 0x34, 0x18, 0xFF, 0x4A, 0x34, 0x18, 0xFF, 0x4A, 0x34, 0x18, 0xFF,
    0x42, 0x34, 0x18, 0xFF, 0x4A, 0x34, 0x18, 0xFF, 0x4A, 0x34, 0x18, 0xFF, 0x42, 0x34, 0x18, 0xFF,
    0x4A, 0x34, 0x18, 0xFF, 0x4A, 0x34, 0x18, 0xFF, 0x42, 0x34, 0x18, 0xFF, 0x4A, 0x34, 0x18, 0xFF,
    0x4A, 0x34, 0x18, 0xFF, 0x42, 0x34, 0x18, 0xFF, 0x4A, 0x34, 0x18, 0xFF, 0x4A, 0x34, 0x18, 0xFF,
    0x42, 0x34, 0x18, 0xFF, 0x4A, 0x34, 0x18, 0xFF, 0x4A, 0x34, 0x18, 0xFF, 0x42, 0x34, 0x18, 0xFF,
    0x4A, 0x34, 0x18, 0xFF, 0x4A, 0x34, 0x18, 0xFF, 0x42, 0x34, 0x18, 0xFF, 0x4A, 0x34, 0x18, 0xFF,
    0x4A, 0x34, 0x18, 0xFF, 0x42, 0x34, 0x18, 0xFF, 0x4A, 0x34, 0x18, 0xFF, 0x4A, 0x34, 0x18, 0xFF,
    0x42, 0x34, 0x18, 0xFF, 0x4A, 0x34, 0x18, 0xFF, 0x4A, 0x34, 0x18, 0xFF, 0x42, 0x34, 0x18, 0xFF,
    0x4A, 0x34, 0x18, 0xFF, 0x4A, 0x34, 0x18, 0xFF, 0x42, 0x34, 0x18, 0xFF, 0x4A, 0x34, 0x18, 0xFF,
    0x4A, 0x34, 0x18, 0xFF, 0x42, 0x34, 0x18, 0xFF, 0x4A, 0x34, 0x18, 0xFF, 0x4A, 0x34, 0x18, 0xFF,
    0x42, 0x34, 0x18, 0xFF, 0x4A, 0x34, 0x18, 0xFF, 0x4A, 0x34, 0x18, 0xFF, 0x42, 0x34, 0x18, 0xFF,
    0x4A, 0x34, 0x18, 0xFF, 0x4A, 0x34, 0x18, 0xFF, 0x42, 0x34, 0x18, 0xFF, 0x4A, 0x34, 0x18, 0xFF,
    0x4A, 0x34, 0x18, 0xFF, 0x42, 0x34, 0x18, 0xFF, 0x4A, 0x34, 0x18, 0xFF, 0x4A, 0x34, 0x18, 0xFF,
    0x42, 0x34, 0x18, 0xFF, 0x4A, 0x34, 0x18, 0xFF, 0x4A, 0x34, 0x18, 0xFF, 0x42, 0x34, 0x18, 0xFF,
    0x4A, 0x34, 0x18, 0xFF, 0x4A, 0x34, 0x18, 0xFF, 0x42, 0x34, 0x18, 0xFF, 0x4A, 0x34, 0x18, 0xFF,
    0x4A, 0x34, 0x18, 0xFF, 0x42, 0x34, 0x18, 0xFF, 0x4A, 0x34, 0x18, 0xFF, 0x4A, 0x34, 0x18, 0xFF,
    0x42, 0x34, 0x18, 0xFF, 0x4A, 0x34, 0x18, 0xFF, 0x4A, 0x34, 0x18, 0xFF, 0x42, 0x34, 0x18, 0xFF,
    0x4A, 0x34, 0x18, 0xFF, 0x4A, 0x34, 0x18, 0xFF, 0x42, 0x34, 0x18, 0xFF, 0x4A, 0x34, 0x18, 0xFF,
    0x4A, 0x34, 0x18, 0xFF, 0x42, 0x34, 0x18, 0xFF, 0x4A, 0x34, 0x18, 0xFF, 0x4A, 0x34, 0x18, 0xFF,
    0x42, 0x34, 0x18, 0xFF, 0x4A, 0x34, 0x18, 0xFF, 0x4A, 0x34, 0x18, 0xFF, 0x42, 0x34, 0x18, 0xFF,
    0x4A, 0x34, 0x18, 0xFF, 0x4A, 0x34, 0x18, 0xFF, 0x42, 0x34, 0x18, 0xFF, 0x4A, 0x34, 0x18, 0xFF,
    0x4A, 0x34, 0x18, 0xFF, 0x42, 0x34, 0x18, 0xFF, 0x4A, 0x34, 0x18, 0xFF, 0x4A, 0x34, 0x18, 0xFF,
    0x42, 0x34, 0x18, 0xFF, 0x4A, 0x34, 0x18, 0xFF, 0x4A, 0x34, 0x18, 0xFF, 0x42, 0x34, 0x18, 0xFF,
    0x4A, 0x34, 0x18, 0xFF, 0x4A, 0x34, 0x18, 0xFF, 0x42, 0x34, 0x18, 0xFF, 0x4A, 0x34, 0x18, 0xFF,
    0x4A, 0x34, 0x18, 0xFF, 0x42, 0x34, 0x18, 0xFF, 0x4A, 0x34, 0x18, 0xFF, 0x4A, 0x34, 0x18, 0xFF,
    0x42, 0x34, 0x18, 0xFF, 0x4A, 0x34, 0x18, 0xFF, 0x4A, 0x34, 0x18, 0xFF, 0x42, 0x34, 0x18, 0xFF,
    0x4A, 0x34, 0x18, 0xFF, 0x4A, 0x34, 0x18, 0xFF, 0x42, 0x34, 0x18, 0xFF, 0x4A, 0x34, 0x18, 0xFF,
    0x4A, 0x34, 0x18, 0xFF, 0x42, 0x34, 0x18, 0xFF, 0x4A, 0x34, 0x18, 0xFF, 0x4A, 0x34, 0x18, 0xFF,
    0x42, 0x34, 0x18, 0xFF, 0x4A, 0x34, 0x18, 0xFF, 0x4A, 0x34, 0x18, 0xFF, 0x42, 0x34, 0x18, 0xFF,
    0x4A, 0x34, 0x18, 0xFF, 0x4A, 0x34, 0x18, 0xFF, 0x42, 0x34, 0x21, 0xFF, 0x4A, 0x34, 0x18, 0xFF,
    0x4A, 0x34, 0x18, 0xFF, 0x42, 0x34, 0x21, 0xFF, 0x4A, 0x34, 0x18, 0xFF, 0x4A, 0x34, 0x18, 0xFF,
    0x42, 0x34, 0x21, 0xFF, 0x4A, 0x34, 0x18, 0xFF, 0x4A, 0x34, 0x18, 0xFF, 0x42, 0x34, 0x21, 0xFF,
    0x4A, 0x34, 0x18, 0xFF, 0x4A, 0x34, 0x18, 0xFF, 0x42, 0x34, 0x21, 0xFF, 0x4A, 0x34, 0x18, 0xFF,
    0x4A, 0x34, 0x18, 0xFF, 0x42, 0x34, 0x21, 0xFF, 0x4A, 0x34, 0x18, 0xFF, 0x4A, 0x34, 0x18, 0xFF,
    0x42, 0x34, 0x21, 0xFF, 0x4A, 0x34, 0x18, 0xFF, 0x4A, 0x34, 0x18, 0xFF, 0x42, 0x34, 0x21, 0xFF,
    0x4A, 0x34, 0x18, 0xFF, 0x4A, 0x34, 0x18, 0xFF, 0x42, 0x34, 0x21, 0xFF, 0x4A, 0x34, 0x18, 0xFF,
    0x4A, 0x34, 0x18, 0xFF, 0x42, 0x34, 0x21, 0xFF, 0x4A, 0x34, 0x18, 0xFF, 0x4A, 0x34, 0x18, 0xFF,
    0x42, 0x34, 0x21, 0xFF, 0x4A, 0x34, 0x18, 0xFF, 0x4A, 0x34, 0x18, 0xFF, 0x42, 0x34, 0x21, 0xFF,
    0x4A, 0x34, 0x18, 0xFF, 0x4A, 0x34, 0x18, 0xFF, 0x42, 0x34, 0x21, 0xFF, 0x4A, 0x34, 0x18, 0xFF,
    0x4A, 0x34, 0x18, 0xFF, 0x42, 0x34, 0x21, 0xFF, 0x4A, 0x34, 0x18, 0xFF, 0x4A, 0x34, 0x18, 0xFF,
    0x42, 0x34, 0x21, 0xFF, 0x4A, 0x34, 0x18, 0xFF, 0x4A, 0x34, 0x18, 0xFF, 0x42, 0x34, 0x21, 0xFF,
    0x4A, 0x34, 0x18, 0xFF, 0x4A, 0x34, 0x18, 0xFF, 0x42, 0x34, 0x21, 0xFF, 0x4A, 0x34, 0x18, 0xFF,
    0x4A, 0x34, 0x18, 0xFF, 0x42, 0x34, 0x21, 0xFF, 0x4A, 0x34, 0x18, 0xFF, 0x4A, 0x34, 0x18, 0xFF,
    0x42, 0x34, 0x21, 0xFF, 0x4A, 0x34, 0x18, 0xFF, 0x4A, 0x34, 0x18, 0xFF, 0x42, 0x34, 0x21, 0xFF,
    0x4A, 0x34, 0x18, 0xFF, 0x4A, 0x34, 0x18, 0xFF, 0x42, 0x34, 0x21, 0xFF, 0x4A, 0x34, 0x18, 0xFF,
    0x4A, 0x34, 0x18, 0xFF, 0x42, 0x34, 0x21, 0xFF, 0x4A, 0x34, 0x18, 0xFF, 0x4A, 0x34, 0x18, 0xFF,
    0x42, 0x34, 0x21, 0xFF, 0x4A, 0x34, 0x18, 0xFF, 0x4A, 0x34, 0x18, 0xFF, 0x42, 0x34, 0x21, 0xFF,
    0x4A, 0x34, 0x18, 0xFF, 0x4A, 0x34, 0x18, 0xFF, 0x42, 0x34, 0x21, 0xFF, 0x4A, 0x34, 0x18, 0xFF,
    0x4A, 0x34, 0x18, 0xFF, 0x42, 0x34, 0x21, 0xFF, 0x4A, 0x34, 0x18, 0xFF, 0x4A, 0x34, 0x18, 0xFF,
    0x42, 0x34, 0x21, 0xFF, 0x4A, 0x34, 0x18, 0xFF, 0x4A, 0x34, 0x18, 0xFF, 0x42, 0x34, 0x21, 0xFF,
    0x4A, 0x34, 0x18, 0xFF, 0x4A, 0x34, 0x18, 0xFF, 0x42, 0x34, 0x21, 0xFF, 0x4A, 0x34, 0x18, 0xFF,
    0x4A, 0x34, 0x18, 0xFF, 0x42, 0x34, 0x21, 0xFF, 0x4A, 0x34, 0x18, 0xFF, 0x4A, 0x34, 0x18, 0xFF,
    0x42, 0x34, 0x21, 0xFF, 0x4A, 0x34, 0x18, 0xFF, 0x4A, 0x34, 0x18, 0xFF, 0x42, 0x34, 0x21, 0xFF,
    0x4A, 0x34, 0x18, 0xFF, 0x4A, 0x34, 0x18, 0xFF, 0x42, 0x34, 0x21, 0xFF, 0x4A, 0x34, 0x18, 0xFF,
    0x4A, 0x34, 0x18, 0xFF, 0x42, 0x34, 0x21, 0xFF, 0x4A, 0x34, 0x18, 0xFF, 0x4A, 0x34, 0x18, 0xFF,
    0x42, 0x34, 0x21, 0xFF, 0x4A, 0x34, 0x18, 0xFF, 0x4A, 0x34, 0x18, 0xFF, 0x42, 0x34, 0x21, 0xFF,
    0x4A, 0x34, 0x18, 0xFF, 0x4A, 0x34, 0x18, 0xFF, 0x42, 0x34, 0x21, 0xFF, 0x4A, 0x34, 0x18, 0xFF,
    0x4A, 0x34, 0x18, 0xFF, 0x42, 0x34, 0x21, 0xFF, 0x4A, 0x34, 0x18, 0xFF, 0x4A, 0x34, 0x18, 0xFF,
    0x42, 0x34, 0x21, 0xFF, 0x4A, 0x34, 0x18, 0xFF, 0x4A, 0x34, 0x18, 0xFF, 0x42, 0x34, 0x21, 0xFF,
    0x4A, 0x34, 0x18, 0xFF, 0x4A, 0x34, 0x18, 0xFF, 0x42, 0x34, 0x21, 0xFF, 0x4A, 0x34, 0x18, 0xFF,
    0x4A, 0x34, 0x18, 0xFF, 0x42, 0x34, 0x21, 0xFF, 0x4A, 0x34, 0x18, 0xFF, 0x4A, 0x34, 0x18, 0xFF,
    0x4A, 0x34, 0x18, 0xFF, 0x42, 0x34, 0x18, 0xFF, 0x4A, 0x34, 0x18, 0xFF, 0x4A, 0x34, 0x18, 0xFF,
    0x42, 0x34, 0x18, 0xFF, 0x4A, 0x34, 0x18, 0xFF, 0x4A, 0x34, 0x18, 0xFF, 0x42, 0x34, 0x18, 0xFF,
    0x4A, 0x34, 0x18, 0xFF, 0x4A, 0x34, 0x18, 0xFF, 0x42, 0x34, 0x18, 0xFF, 0x4A, 0x34, 0x18, 0xFF,
    0x4A, 0x34, 0x18, 0xFF, 0x42, 0x34, 0x18, 0xFF, 0x4A, 0x34, 0x18, 0xFF, 0x4A, 0x34, 0x18, 0xFF,
    0x42, 0x34, 0x18, 0xFF, 0x4A, 0x34, 0x18, 0xFF, 0x4A, 0x34, 0x18, 0xFF, 0x42, 0x34, 0x18, 0xFF,
    0x4A, 0x34, 0x18, 0xFF, 0x4A, 0x34, 0x18, 0xFF, 0x42, 0x34, 0x18, 0xFF, 0x4A, 0x34, 0x18, 0xFF,
    0x4A, 0x34, 0x18, 0xFF, 0x42, 0x34, 0x18, 0xFF, 0x4A, 0x34, 0x18, 0xFF, 0x4A, 0x34, 0x18, 0xFF,
    0x42, 0x34, 0x18, 0xFF, 0x4A, 0x34, 0x18, 0xFF, 0x4A, 0x34, 0x18, 0xFF, 0x42, 0x34, 0x18, 0xFF,
    0x4A, 0x34, 0x18, 0xFF, 0x4A, 0x34, 0x18, 0xFF, 0x42, 0x34, 0x18, 0xFF, 0x4A, 0x34, 0x18, 0xFF,
    0x4A, 0x34, 0x18, 0xFF, 0x42, 0x34, 0x18, 0xFF, 0x4A, 0x34, 0x18, 0xFF, 0x4A, 0x34, 0x18, 0xFF,
    0x42, 0x34, 0x18, 0xFF, 0x4A, 0x34, 0x18, 0xFF, 0x4A, 0x34, 0x18, 0xFF, 0x42, 0x34, 0x18, 0xFF,
    0x4A, 0x34, 0x18, 0xFF, 0x4A, 0x34, 0x18, 0xFF, 0x42, 0x34, 0x18, 0xFF, 0x4A, 0x34, 0x18, 0xFF,
    0x4A, 0x34, 0x18, 0xFF, 0x42, 0x34, 0x18, 0xFF, 0x4A, 0x34, 0x18, 0xFF, 0x4A, 0x34, 0x18, 0xFF,
    0x42, 0x34, 0x18, 0xFF, 0x4A, 0x34, 0x18, 0xFF, 0x4A, 0x34, 0x18, 0xFF, 0x42, 0x34, 0x18, 0xFF,
    0x4A, 0x34, 0x18, 0xFF, 0x4A, 0x34, 0x18, 0xFF, 0x42, 0x34, 0x18, 0xFF, 0x4A, 0x34, 0x18, 0xFF,
    0x4A, 0x34, 0x18, 0xFF, 0x42, 0x34, 0x18, 0xFF, 0x4A, 0x34, 0x18, 0xFF, 0x4A, 0x34, 0x18, 0xFF,
    0x42, 0x34, 0x18, 0xFF, 0x4A, 0x34, 0x18, 0xFF, 0x4A, 0x34, 0x18, 0xFF, 0x42, 0x34, 0x18, 0xFF,
    0x4A, 0x34, 0x18, 0xFF, 0x4A, 0x34, 0x18, 0xFF, 0x42, 0x34, 0x18, 0xFF, 0x4A, 0x34, 0x18, 0xFF,
    0x4A, 0x34, 0x18, 0xFF, 0x42, 0x34, 0x18, 0xFF, 0x4A, 0x34, 0x18, 0xFF, 0x4A, 0x34, 0x18, 0xFF,
    0x42, 0x34, 0x18, 0xFF, 0x4A, 0x34, 0x18, 0xFF, 0x4A, 0x34, 0x18, 0xFF, 0x42, 0x34, 0x18, 0xFF,
    0x4A, 0x34, 0x18, 0xFF, 0x4A, 0x34, 0x18, 0xFF, 0x42, 0x34, 0x18, 0xFF, 0x4A, 0x34, 0x18, 0xFF,
    0x4A, 0x34, 0x18, 0xFF, 0x42, 0x34, 0x18, 0xFF, 0x4A, 0x34, 0x18, 0xFF, 0x4A, 0x34, 0x18, 0xFF,
    0x42, 0x34, 0x18, 0xFF, 0x4A, 0x34, 0x18, 0xFF, 0x4A, 0x34, 0x18, 0xFF, 0x42, 0x34, 0x18, 0xFF,
    0x4A, 0x34, 0x18, 0xFF, 0x4A, 0x34, 0x18, 0xFF, 0x42, 0x34, 0x18, 0xFF, 0x4A, 0x34, 0x18, 0xFF,
    0x4A, 0x34, 0x18, 0xFF, 0x42, 0x34, 0x18, 0xFF, 0x4A, 0x34, 0x18, 0xFF, 0x4A, 0x34, 0x18, 0xFF,
    0x42, 0x34, 0x18, 0xFF, 0x4A, 0x34, 0x18, 0xFF, 0x4A, 0x34, 0x18, 0xFF, 0x42, 0x34, 0x18, 0xFF,
    0x4A, 0x34, 0x18, 0xFF, 0x4A, 0x34, 0x18, 0xFF, 0x42, 0x34, 0x18, 0xFF, 0x4A, 0x34, 0x18, 0xFF,
    0x4A, 0x34, 0x18, 0xFF, 0x42, 0x34, 0x18, 0xFF, 0x4A, 0x34, 0x18, 0xFF, 0x4A, 0x34, 0x18, 0xFF,
    0x42, 0x34, 0x18, 0xFF, 0x4A, 0x34, 0x18, 0xFF, 0x4A, 0x34, 0x18, 0xFF, 0x42, 0x34, 0x18, 0xFF,
    0x4A, 0x34, 0x18, 0xFF, 0x4A, 0x34, 0x18, 0xFF, 0x42, 0x34, 0x18, 0xFF, 0x4A, 0x34, 0x18, 0xFF,
    0x4A, 0x34, 0x18, 0xFF, 0x42, 0x34, 0x18, 0xFF, 0x4A, 0x34, 0x18, 0xFF, 0x4A, 0x34, 0x18, 0xFF,
    0x42, 0x34, 0x18, 0xFF, 0x4A, 0x34, 0x18, 0xFF, 0x4A, 0x34, 0x18, 0xFF, 0x42, 0x34, 0x18, 0xFF,
    0x4A, 0x34, 0x18, 0xFF, 0x42, 0x34, 0x18, 0xFF, 0x4A, 0x34, 0x18, 0xFF, 0x42, 0x34, 0x18, 0xFF,
    0x4A, 0x34, 0x18, 0xFF, 0x42, 0x34, 0x18, 0xFF, 0x4A, 0x34, 0x18, 0xFF, 0x4A, 0x34, 0x18, 0xFF,
    0x42, 0x34, 0x18, 0xFF, 0x4A, 0x34, 0x18, 0xFF, 0x4A, 0x34, 0x18, 0xFF, 0x42, 0x34, 0x18, 0xFF,
    0x4A, 0x34, 0x18, 0xFF, 0x4A, 0x34, 0x18, 0xFF, 0x42, 0x34, 0x18, 0xFF, 0x4A, 0x34, 0x18, 0xFF,
    0x4A, 0x34, 0x18, 0xFF, 0x42, 0x34, 0x18, 0xFF, 0x4A, 0x34, 0x18, 0xFF, 0x4A, 0x34, 0x18, 0xFF,
    0x42, 0x34, 0x18, 0xFF, 0x4A, 0x34, 0x18, 0xFF, 0x4A, 0x34, 0x18, 0xFF, 0x42, 0x34, 0x18, 0xFF,
    0x4A, 0x34, 0x18, 0xFF, 0x4A, 0x34, 0x18, 0xFF, 0x42, 0x34, 0x18, 0xFF, 0x4A, 0x34, 0x18, 0xFF,
    0x4A, 0x34, 0x18, 0xFF, 0x42, 0x34, 0x18, 0xFF, 0x4A, 0x34, 0x18, 0xFF, 0x4A, 0x34, 0x18, 0xFF,
    0x42, 0x34, 0x18, 0xFF, 0x4A, 0x34, 0x18, 0xFF, 0x4A, 0x34, 0x18, 0xFF, 0x42, 0x34, 0x18, 0xFF,
    0x4A, 0x34, 0x18, 0xFF, 0x4A, 0x34, 0x18, 0xFF, 0x42, 0x34, 0x18, 0xFF, 0x4A, 0x34, 0x18, 0xFF,
    0x4A, 0x34, 0x18, 0xFF, 0x42, 0x34, 0x18, 0xFF, 0x4A, 0x34, 0x18, 0xFF, 0x4A, 0x34, 0x18, 0xFF,
    0x42, 0x34, 0x18, 0xFF, 0x4A, 0x34, 0x18, 0xFF, 0x4A, 0x34, 0x18, 0xFF, 0x42, 0x34, 0x18, 0xFF,
    0x4A, 0x34, 0x18, 0xFF, 0x4A, 0x34, 0x18, 0xFF, 0x42, 0x34, 0x18, 0xFF, 0x4A, 0x34, 0x18, 0xFF,
    0x4A, 0x34, 0x18, 0xFF, 0x42, 0x34, 0x18, 0xFF, 0x4A, 0x34, 0x18, 0xFF, 0x4A, 0x34, 0x18, 0xFF,
    0x42, 0x34, 0x18, 0xFF, 0x4A, 0x34, 0x18, 0xFF, 0x4A, 0x34, 0x18, 0xFF, 0x42, 0x34, 0x18, 0xFF,
    0x4A, 0x34, 0x18, 0xFF, 0x4A, 0x34, 0x18, 0xFF, 0x42, 0x34, 0x18, 0xFF, 0x4A, 0x34, 0x18, 0xFF,
    0x4A, 0x34, 0x18, 0xFF, 0x42, 0x34, 0x18, 0xFF, 0x4A, 0x34, 0x18, 0xFF, 0x4A, 0x34, 0x18, 0xFF,
    0x42, 0x34, 0x18, 0xFF, 0x4A, 0x34, 0x18, 0xFF, 0x4A, 0x34, 0x18, 0xFF, 0x42, 0x34, 0x18, 0xFF,
    0x4A, 0x34, 0x18, 0xFF, 0x4A, 0x34, 0x18, 0xFF, 0x42, 0x34, 0x18, 0xFF, 0x4A, 0x34, 0x18, 0xFF,
    0x4A, 0x34, 0x18, 0xFF, 0x42, 0x34, 0x18, 0xFF, 0x4A, 0x34, 0x18, 0xFF, 0x4A, 0x34, 0x18, 0xFF,
    0x42, 0x34, 0x18, 0xFF, 0x4A, 0x34, 0x18, 0xFF, 0x4A, 0x34, 0x18, 0xFF, 0x42, 0x34, 0x18, 0xFF,
    0x4A, 0x34, 0x18, 0xFF, 0x4A, 0x34, 0x18, 0xFF, 0x42, 0x34, 0x18, 0xFF, 0x4A, 0x34, 0x18, 0xFF,
    0x4A, 0x34, 0x18, 0xFF, 0x42, 0x34, 0x18, 0xFF, 0x4A, 0x34, 0x18, 0xFF, 0x4A, 0x34, 0x18, 0xFF,
    0x42, 0x34, 0x18, 0xFF, 0x4A, 0x34, 0x18, 0xFF, 0x4A, 0x34, 0x18, 0xFF, 0x42, 0x34, 0x18, 0xFF,
    0x4A, 0x34, 0x18, 0xFF, 0x4A, 0x34, 0x18, 0xFF, 0x42, 0x34, 0x18, 0xFF, 0x4A, 0x34, 0x18, 0xFF,
    0x4A, 0x34, 0x18, 0xFF, 0x42, 0x34, 0x18, 0xFF, 0x4A, 0x34, 0x18, 0xFF, 0x4A, 0x34, 0x18, 0xFF,
    0x42, 0x34, 0x18, 0xFF, 0x4A, 0x34, 0x18, 0xFF, 0x4A, 0x34, 0x18, 0xFF, 0x42, 0x34, 0x18, 0xFF,
    0x4A, 0x34, 0x18, 0xFF, 0x4A, 0x34, 0x18, 0xFF, 0x42, 0x34, 0x18, 0xFF, 0x4A, 0x34, 0x18, 0xFF,
    0x4A, 0x34, 0x18, 0xFF, 0x42, 0x34, 0x18, 0xFF, 0x4A, 0x34, 0x18, 0xFF, 0x4A, 0x34, 0x18, 0xFF,
    0x42, 0x34, 0x18, 0xFF, 0x4A, 0x34, 0x18, 0xFF, 0x4A, 0x34, 0x18, 0xFF, 0x42, 0x34, 0x18, 0xFF,
    0x4A, 0x34, 0x18, 0xFF, 0x4A, 0x34, 0x18, 0xFF, 0x42, 0x34, 0x18, 0xFF, 0x4A, 0x34, 0x18, 0xFF,
    0x4A, 0x34, 0x18, 0xFF, 0x42, 0x34, 0x18, 0xFF, 0x4A, 0x34, 0x18, 0xFF, 0x4A, 0x34, 0x18, 0xFF,
    0x4A, 0x34, 0x18, 0xFF, 0x42, 0x34, 0x18, 0xFF, 0x4A, 0x34, 0x18, 0xFF, 0x42, 0x34, 0x18, 0xFF,
    0x4A, 0x34, 0x18, 0xFF, 0x4A, 0x34, 0x18, 0xFF, 0x42, 0x34, 0x18, 0xFF, 0x4A, 0x34, 0x18, 0xFF,
    0x42, 0x34, 0x18, 0xFF, 0x4A, 0x34, 0x18, 0xFF, 0x42, 0x34, 0x18, 0xFF, 0x4A, 0x34, 0x18, 0xFF,
    0x42, 0x34, 0x18, 0xFF, 0x4A, 0x34, 0x18, 0xFF, 0x42, 0x34, 0x18, 0xFF, 0x4A, 0x34, 0x18, 0xFF,
    0x42, 0x34, 0x18, 0xFF, 0x4A, 0x34, 0x18, 0xFF, 0x42, 0x34, 0x18, 0xFF, 0x4A, 0x34, 0x18, 0xFF,
    0x42, 0x34, 0x18, 0xFF, 0x4A, 0x34, 0x18, 0xFF, 0x42, 0x34, 0x18, 0xFF, 0x4A, 0x34, 0x18, 0xFF,
    0x42, 0x34, 0x18, 0xFF, 0x4A, 0x34, 0x18, 0xFF, 0x42, 0x34, 0x18, 0xFF, 0x4A, 0x34, 0x18, 0xFF,
    0x42, 0x34, 0x18, 0xFF, 0x4A, 0x34, 0x18, 0xFF, 0x42, 0x34, 0x18, 0xFF, 0x4A, 0x34, 0x18, 0xFF,
    0x42, 0x34, 0x18, 0xFF, 0x4A, 0x34, 0x18, 0xFF, 0x42, 0x34, 0x18, 0xFF, 0x4A, 0x34, 0x18, 0xFF,
    0x42, 0x34, 0x18, 0xFF, 0x4A, 0x34, 0x18, 0xFF, 0x42, 0x34, 0x18, 0xFF, 0x4A, 0x34, 0x18, 0xFF,
    0x42, 0x34, 0x18, 0xFF, 0x4A, 0x34, 0x18, 0xFF, 0x42, 0x34, 0x18, 0xFF, 0x4A, 0x34, 0x18, 0xFF,
    0x42, 0x34, 0x18, 0xFF, 0x4A, 0x34, 0x18, 0xFF, 0x42, 0x34, 0x18, 0xFF, 0x4A, 0x34, 0x18, 0xFF,
    0x42, 0x34, 0x18, 0xFF, 0x4A, 0x34, 0x18, 0xFF, 0x42, 0x34, 0x18, 0xFF, 0x4A, 0x34, 0x18, 0xFF,
    0x42, 0x34, 0x18, 0xFF, 0x4A, 0x34, 0x18, 0xFF, 0x42, 0x34, 0x18, 0xFF, 0x4A, 0x34, 0x18, 0xFF,
    0x42, 0x34, 0x18, 0xFF, 0x4A, 0x34, 0x18, 0xFF, 0x42, 0x34, 0x18, 0xFF, 0x4A, 0x34, 0x18, 0xFF,
    0x42, 0x34, 0x18, 0xFF, 0x4A, 0x34, 0x18, 0xFF, 0x42, 0x34, 0x18, 0xFF, 0x4A, 0x34, 0x18, 0xFF,
    0x42, 0x34, 0x18, 0xFF, 0x4A, 0x34, 0x18, 0xFF, 0x42, 0x34, 0x18, 0xFF, 0x4A, 0x34, 0x18, 0xFF,
    0x42, 0x34, 0x18, 0xFF, 0x4A, 0x34, 0x18, 0xFF, 0x42, 0x34, 0x18, 0xFF, 0x4A, 0x34, 0x18, 0xFF,
    0x42, 0x34, 0x18, 0xFF, 0x4A, 0x34, 0x18, 0xFF, 0x42, 0x34, 0x18, 0xFF, 0x4A, 0x34, 0x18, 0xFF,
    0x42, 0x34, 0x18, 0xFF, 0x4A, 0x34, 0x18, 0xFF, 0x42, 0x34, 0x18, 0xFF, 0x4A, 0x34, 0x18, 0xFF,
    0x42, 0x34, 0x18, 0xFF, 0x4A, 0x34, 0x18, 0xFF, 0x42, 0x34, 0x18, 0xFF, 0x4A, 0x34, 0x18, 0xFF,
    0x42, 0x34, 0x18, 0xFF, 0x4A, 0x34, 0x18, 0xFF, 0x42, 0x34, 0x18, 0xFF, 0x4A, 0x34, 0x18, 0xFF,
    0x42, 0x34, 0x18, 0xFF, 0x4A, 0x34, 0x18, 0xFF, 0x42, 0x34, 0x18, 0xFF, 0x4A, 0x34, 0x18, 0xFF,
    0x42, 0x34, 0x18, 0xFF, 0x4A, 0x34, 0x18, 0xFF, 0x42, 0x34, 0x18, 0xFF, 0x4A, 0x34, 0x18, 0xFF,
    0x42, 0x34, 0x18, 0xFF, 0x4A, 0x34, 0x18, 0xFF, 0x42, 0x34, 0x18, 0xFF, 0x4A, 0x34, 0x18, 0xFF,
    0x42, 0x34, 0x18, 0xFF, 0x4A, 0x34, 0x18, 0xFF, 0x42, 0x34, 0x18, 0xFF, 0x4A, 0x34, 0x18, 0xFF,
    0x42, 0x34, 0x18, 0xFF, 0x4A, 0x34, 0x18, 0xFF, 0x42, 0x34, 0x18, 0xFF, 0x4A, 0x34, 0x18, 0xFF,
    0x42, 0x34, 0x18, 0xFF, 0x4A, 0x34, 0x18, 0xFF, 0x42, 0x34, 0x18, 0xFF, 0x4A, 0x34, 0x18, 0xFF,
    0x42, 0x34, 0x18, 0xFF, 0x4A, 0x34, 0x18, 0xFF, 0x42, 0x34, 0x18, 0xFF, 0x4A, 0x34, 0x18, 0xFF,
    0x42, 0x34, 0x18, 0xFF, 0x4A, 0x34, 0x18, 0xFF, 0x42, 0x34, 0x18, 0xFF, 0x4A, 0x34, 0x18, 0xFF,
    0x42, 0x34, 0x18, 0xFF, 0x4A, 0x34, 0x18, 0xFF, 0x42, 0x34, 0x18, 0xFF, 0x4A, 0x34, 0x18, 0xFF,
    0x42, 0x34, 0x18, 0xFF, 0x4A, 0x34, 0x18, 0xFF, 0x42, 0x34, 0x18, 0xFF, 0x4A, 0x34, 0x18, 0xFF,
    0x4A, 0x34, 0x18, 0xFF, 0x42, 0x30, 0x18, 0xFF, 0x4A, 0x34, 0x18, 0xFF, 0x4A, 0x30, 0x18, 0xFF,
    0x42, 0x34, 0x18, 0xFF, 0x4A, 0x30, 0x18, 0xFF, 0x42, 0x34, 0x18, 0xFF, 0x4A, 0x30, 0x18, 0xFF,
    0x42, 0x34, 0x18, 0xFF, 0x4A, 0x30, 0x18, 0xFF, 0x42, 0x34, 0x18, 0xFF, 0x4A, 0x30, 0x18, 0xFF,
    0x42, 0x34, 0x18, 0xFF, 0x4A, 0x30, 0x18, 0xFF, 0x42, 0x34, 0x18, 0xFF, 0x4A, 0x30, 0x18, 0xFF,
    0x42, 0x34, 0x18, 0xFF, 0x4A, 0x30, 0x18, 0xFF, 0x42, 0x34, 0x18, 0xFF, 0x4A, 0x30, 0x18, 0xFF,
    0x42, 0x34, 0x18, 0xFF, 0x4A, 0x30, 0x18, 0xFF, 0x42, 0x34, 0x18, 0xFF, 0x4A, 0x30, 0x18, 0xFF,
    0x42, 0x34, 0x18, 0xFF, 0x4A, 0x30, 0x18, 0xFF, 0x42, 0x34, 0x18, 0xFF, 0x4A, 0x30, 0x18, 0xFF,
    0x42, 0x34, 0x18, 0xFF, 0x4A, 0x30, 0x18, 0xFF, 0x42, 0x34, 0x18, 0xFF, 0x4A, 0x30, 0x18, 0xFF,
    0x42, 0x34, 0x18, 0xFF, 0x4A, 0x30, 0x18, 0xFF, 0x42, 0x34, 0x18, 0xFF, 0x4A, 0x30, 0x18, 0xFF,
    0x42, 0x34, 0x18, 0xFF, 0x4A, 0x30, 0x18, 0xFF, 0x42, 0x34, 0x18, 0xFF, 0x4A, 0x30, 0x18, 0xFF,
    0x42, 0x34, 0x18, 0xFF, 0x4A, 0x30, 0x18, 0xFF, 0x42, 0x34, 0x18, 0xFF, 0x4A, 0x30, 0x18, 0xFF,
    0x42, 0x34, 0x18, 0xFF, 0x4A, 0x30, 0x18, 0xFF, 0x42, 0x34, 0x18, 0xFF, 0x4A, 0x30, 0x18, 0xFF,
    0x42, 0x34, 0x18, 0xFF, 0x4A, 0x30, 0x18, 0xFF, 0x42, 0x34, 0x18, 0xFF, 0x4A, 0x30, 0x18, 0xFF,
    0x42, 0x34, 0x18, 0xFF, 0x4A, 0x30, 0x18, 0xFF, 0x42, 0x34, 0x18, 0xFF, 0x4A, 0x30, 0x18, 0xFF,
    0x42, 0x34, 0x18, 0xFF, 0x4A, 0x30, 0x18, 0xFF, 0x42, 0x34, 0x18, 0xFF, 0x4A, 0x30, 0x18, 0xFF,
    0x42, 0x34, 0x18, 0xFF, 0x4A, 0x30, 0x18, 0xFF, 0x42, 0x34, 0x18, 0xFF, 0x4A, 0x30, 0x18, 0xFF,
    0x42, 0x34, 0x18, 0xFF, 0x4A, 0x30, 0x18, 0xFF, 0x42, 0x34, 0x18, 0xFF, 0x4A, 0x30, 0x18, 0xFF,
    0x42, 0x34, 0x18, 0xFF, 0x4A, 0x30, 0x18, 0xFF, 0x42, 0x34, 0x18, 0xFF, 0x4A, 0x30, 0x18, 0xFF,
    0x42, 0x34, 0x18, 0xFF, 0x4A, 0x30, 0x18, 0xFF, 0x42, 0x34, 0x18, 0xFF, 0x4A, 0x30, 0x18, 0xFF,
    0x42, 0x34, 0x18, 0xFF, 0x4A, 0x30, 0x18, 0xFF, 0x42, 0x34, 0x18, 0xFF, 0x4A, 0x30, 0x18, 0xFF,
    0x42, 0x34, 0x18, 0xFF, 0x4A, 0x30, 0x18, 0xFF, 0x42, 0x34, 0x18, 0xFF, 0x4A, 0x30, 0x18, 0xFF,
    0x42, 0x34, 0x18, 0xFF, 0x4A, 0x30, 0x18, 0xFF, 0x42, 0x34, 0x18, 0xFF, 0x4A, 0x30, 0x18, 0xFF,
    0x42, 0x34, 0x18, 0xFF, 0x4A, 0x30, 0x18, 0xFF, 0x42, 0x34, 0x18, 0xFF, 0x4A, 0x30, 0x18, 0xFF,
    0x42, 0x34, 0x18, 0xFF, 0x4A, 0x30, 0x18, 0xFF, 0x42, 0x34, 0x18, 0xFF, 0x4A, 0x30, 0x18, 0xFF,
    0x42, 0x34, 0x18, 0xFF, 0x4A, 0x30, 0x18, 0xFF, 0x42, 0x34, 0x18, 0xFF, 0x4A, 0x30, 0x18, 0xFF,
    0x42, 0x34, 0x18, 0xFF, 0x4A, 0x30, 0x18, 0xFF, 0x42, 0x34, 0x18, 0xFF, 0x4A, 0x30, 0x18, 0xFF,
    0x42, 0x34, 0x18, 0xFF, 0x4A, 0x30, 0x18, 0xFF, 0x42, 0x34, 0x18, 0xFF, 0x4A, 0x30, 0x18, 0xFF,
    0x42, 0x34, 0x18, 0xFF, 0x4A, 0x30, 0x18, 0xFF, 0x42, 0x34, 0x18, 0xFF, 0x4A, 0x30, 0x18, 0xFF,
    0x42, 0x34, 0x18, 0xFF, 0x4A, 0x30, 0x18, 0xFF, 0x42, 0x34, 0x18, 0xFF, 0x4A, 0x30, 0x18, 0xFF,
    0x42, 0x34, 0x18, 0xFF, 0x4A, 0x30, 0x18, 0xFF, 0x42, 0x34, 0x18, 0xFF, 0x4A, 0x30, 0x18, 0xFF,
    0x42, 0x34, 0x18, 0xFF, 0x4A, 0x30, 0x18, 0xFF, 0x42, 0x34, 0x18, 0xFF, 0x4A, 0x30, 0x18, 0xFF,
    0x42, 0x34, 0x18, 0xFF, 0x4A, 0x30, 0x18, 0xFF, 0x42, 0x34, 0x18, 0xFF, 0x4A, 0x30, 0x18, 0xFF,
    0x4A, 0x34, 0x18, 0xFF, 0x42, 0x30, 0x18, 0xFF, 0x4A, 0x34, 0x18, 0xFF, 0x42, 0x34, 0x18, 0xFF,
    0x4A, 0x30, 0x18, 0xFF, 0x42, 0x34, 0x18, 0xFF, 0x4A, 0x34, 0x18, 0xFF, 0x42, 0x30, 0x18, 0xFF,
    0x4A, 0x34, 0x18, 0xFF, 0x42, 0x34, 0x18, 0xFF, 0x4A, 0x30, 0x18, 0xFF, 0x42, 0x34, 0x18, 0xFF,
    0x4A, 0x34, 0x18, 0xFF, 0x42, 0x30, 0x18, 0xFF, 0x4A, 0x34, 0x18, 0xFF, 0x42, 0x34, 0x18, 0xFF,
    0x4A, 0x30, 0x18, 0xFF, 0x42, 0x34, 0x18, 0xFF, 0x4A, 0x34, 0x18, 0xFF, 0x42, 0x30, 0x18, 0xFF,
    0x4A, 0x34, 0x18, 0xFF, 0x42, 0x34, 0x18, 0xFF, 0x4A, 0x30, 0x18, 0xFF, 0x42, 0x34, 0x18, 0xFF,
    0x4A, 0x34, 0x18, 0xFF, 0x42, 0x30, 0x18, 0xFF, 0x4A, 0x34, 0x18, 0xFF, 0x42, 0x34, 0x18, 0xFF,
    0x4A, 0x30, 0x18, 0xFF, 0x42, 0x34, 0x18, 0xFF, 0x4A, 0x34, 0x18, 0xFF, 0x42, 0x30, 0x18, 0xFF,
    0x4A, 0x34, 0x18, 0xFF, 0x42, 0x34, 0x18, 0xFF, 0x4A, 0x30, 0x18, 0xFF, 0x42, 0x34, 0x18, 0xFF,
    0x4A, 0x34, 0x18, 0xFF, 0x42, 0x30, 0x18, 0xFF, 0x4A, 0x34, 0x18, 0xFF, 0x42, 0x34, 0x18, 0xFF,
    0x4A, 0x30, 0x18, 0xFF, 0x42, 0x34, 0x18, 0xFF, 0x4A, 0x34, 0x18, 0xFF, 0x42, 0x30, 0x18, 0xFF,
    0x4A, 0x34, 0x18, 0xFF, 0x42, 0x34, 0x18, 0xFF, 0x4A, 0x30, 0x18, 0xFF, 0x42, 0x34, 0x18, 0xFF,
    0x4A, 0x34, 0x18, 0xFF, 0x42, 0x30, 0x18, 0xFF, 0x4A, 0x34, 0x18, 0xFF, 0x42, 0x34, 0x18, 0xFF,
    0x4A, 0x30, 0x18, 0xFF, 0x42, 0x34, 0x18, 0xFF, 0x4A, 0x34, 0x18, 0xFF, 0x42, 0x30, 0x18, 0xFF,
    0x4A, 0x34, 0x18, 0xFF, 0x42, 0x34, 0x18, 0xFF, 0x4A, 0x30, 0x18, 0xFF, 0x42, 0x34, 0x18, 0xFF,
    0x4A, 0x34, 0x18, 0xFF, 0x42, 0x30, 0x18, 0xFF, 0x4A, 0x34, 0x18, 0xFF, 0x42, 0x34, 0x18, 0xFF,
    0x4A, 0x30, 0x18, 0xFF, 0x42, 0x34, 0x18, 0xFF, 0x4A, 0x34, 0x18, 0xFF, 0x42, 0x30, 0x18, 0xFF,
    0x4A, 0x34, 0x18, 0xFF, 0x42, 0x34, 0x18, 0xFF, 0x4A, 0x30, 0x18, 0xFF, 0x42, 0x34, 0x18, 0xFF,
    0x4A, 0x34, 0x18, 0xFF, 0x42, 0x30, 0x18, 0xFF, 0x4A, 0x34, 0x18, 0xFF, 0x42, 0x34, 0x18, 0xFF,
    0x4A, 0x30, 0x18, 0xFF, 0x42, 0x34, 0x18, 0xFF, 0x4A, 0x34, 0x18, 0xFF, 0x42, 0x30, 0x18, 0xFF,
    0x4A, 0x34, 0x18, 0xFF, 0x42, 0x34, 0x18, 0xFF, 0x4A, 0x30, 0x18, 0xFF, 0x42, 0x34, 0x18, 0xFF,
    0x4A, 0x34, 0x18, 0xFF, 0x42, 0x30, 0x18, 0xFF, 0x4A, 0x34, 0x18, 0xFF, 0x42, 0x34, 0x18, 0xFF,
    0x4A, 0x30, 0x18, 0xFF, 0x42, 0x34, 0x18, 0xFF, 0x4A, 0x34, 0x18, 0xFF, 0x42, 0x30, 0x18, 0xFF,
    0x4A, 0x34, 0x18, 0xFF, 0x42, 0x34, 0x18, 0xFF, 0x4A, 0x30, 0x18, 0xFF, 0x42, 0x34, 0x18, 0xFF,
    0x4A, 0x34, 0x18, 0xFF, 0x42, 0x30, 0x18, 0xFF, 0x4A, 0x34, 0x18, 0xFF, 0x42, 0x34, 0x18, 0xFF,
    0x4A, 0x30, 0x18, 0xFF, 0x42, 0x34, 0x18, 0xFF, 0x4A, 0x34, 0x18, 0xFF, 0x42, 0x30, 0x18, 0xFF,
    0x4A, 0x34, 0x18, 0xFF, 0x42, 0x34, 0x18, 0xFF, 0x4A, 0x30, 0x18, 0xFF, 0x42, 0x34, 0x18, 0xFF,
    0x4A, 0x34, 0x18, 0xFF, 0x42, 0x30, 0x18, 0xFF, 0x4A, 0x34, 0x18, 0xFF, 0x42, 0x34, 0x18, 0xFF,
    0x4A, 0x30, 0x18, 0xFF, 0x42, 0x34, 0x18, 0xFF, 0x4A, 0x34, 0x18, 0xFF, 0x42, 0x30, 0x18, 0xFF,
    0x4A, 0x34, 0x18, 0xFF, 0x42, 0x34, 0x18, 0xFF, 0x4A, 0x30, 0x18, 0xFF, 0x42, 0x34, 0x18, 0xFF,
    0x4A, 0x34, 0x18, 0xFF, 0x42, 0x30, 0x18, 0xFF, 0x4A, 0x34, 0x18, 0xFF, 0x42, 0x34, 0x18, 0xFF,
    0x4A, 0x30, 0x18, 0xFF, 0x42, 0x34, 0x18, 0xFF, 0x4A, 0x34, 0x18, 0xFF, 0x42, 0x34, 0x18, 0xFF,
    0x4A, 0x34, 0x18, 0xFF, 0x42, 0x34, 0x18, 0xFF, 0x4A, 0x30, 0x18, 0xFF, 0x42, 0x34, 0x18, 0xFF,
    0x4A, 0x34, 0x18, 0xFF, 0x42, 0x30, 0x18, 0xFF, 0x4A, 0x34, 0x18, 0xFF, 0x4A, 0x34, 0x18, 0xFF,
    0x42, 0x30, 0x18, 0xFF, 0x4A, 0x34, 0x18, 0xFF, 0x4A, 0x34, 0x18, 0xFF, 0x42, 0x30, 0x18, 0xFF,
    0x4A, 0x34, 0x18, 0xFF, 0x4A, 0x34, 0x18, 0xFF, 0x42, 0x30, 0x18, 0xFF, 0x4A, 0x34, 0x18, 0xFF,
    0x4A, 0x34, 0x18, 0xFF, 0x42, 0x30, 0x18, 0xFF, 0x4A, 0x34, 0x18, 0xFF, 0x4A, 0x34, 0x18, 0xFF,
    0x42, 0x30, 0x18, 0xFF, 0x4A, 0x34, 0x18, 0xFF, 0x4A, 0x34, 0x18, 0xFF, 0x42, 0x30, 0x18, 0xFF,
    0x4A, 0x34, 0x18, 0xFF, 0x4A, 0x34, 0x18, 0xFF, 0x42, 0x30, 0x18, 0xFF, 0x4A, 0x34, 0x18, 0xFF,
    0x4A, 0x34, 0x18, 0xFF, 0x42, 0x30, 0x18, 0xFF, 0x4A, 0x34, 0x18, 0xFF, 0x4A, 0x34, 0x18, 0xFF,
    0x42, 0x30, 0x18, 0xFF, 0x4A, 0x34, 0x18, 0xFF, 0x4A, 0x34, 0x18, 0xFF, 0x42, 0x30, 0x18, 0xFF,
    0x4A, 0x34, 0x18, 0xFF, 0x4A, 0x34, 0x18, 0xFF, 0x42, 0x30, 0x18, 0xFF, 0x4A, 0x34, 0x18, 0xFF,
    0x4A, 0x34, 0x18, 0xFF, 0x42, 0x30, 0x18, 0xFF, 0x4A, 0x34, 0x18, 0xFF, 0x4A, 0x34, 0x18, 0xFF,
    0x42, 0x30, 0x18, 0xFF, 0x4A, 0x34, 0x18, 0xFF, 0x4A, 0x34, 0x18, 0xFF, 0x42, 0x30, 0x18, 0xFF,
    0x4A, 0x34, 0x18, 0xFF, 0x4A, 0x34, 0x18, 0xFF, 0x42, 0x30, 0x18, 0xFF, 0x4A, 0x34, 0x18, 0xFF,
    0x4A, 0x34, 0x18, 0xFF, 0x42, 0x30, 0x18, 0xFF, 0x4A, 0x34, 0x18, 0xFF, 0x4A, 0x34, 0x18, 0xFF,
    0x42, 0x30, 0x18, 0xFF, 0x4A, 0x34, 0x18, 0xFF, 0x4A, 0x34, 0x18, 0xFF, 0x42, 0x30, 0x18, 0xFF,
    0x4A, 0x34, 0x18, 0xFF, 0x4A, 0x34, 0x18, 0xFF, 0x42, 0x30, 0x18, 0xFF, 0x4A, 0x34, 0x18, 0xFF,
    0x4A, 0x34, 0x18, 0xFF, 0x42, 0x30, 0x18, 0xFF, 0x4A, 0x34, 0x18, 0xFF, 0x4A, 0x34, 0x18, 0xFF,
    0x42, 0x30, 0x18, 0xFF, 0x4A, 0x34, 0x18, 0xFF, 0x4A, 0x34, 0x18, 0xFF, 0x42, 0x30, 0x18, 0xFF,
    0x4A, 0x34, 0x18, 0xFF, 0x4A, 0x34, 0x18, 0xFF, 0x42, 0x30, 0x18, 0xFF, 0x4A, 0x34, 0x18, 0xFF,
    0x4A, 0x34, 0x18, 0xFF, 0x42, 0x30, 0x18, 0xFF, 0x4A, 0x34, 0x18, 0xFF, 0x4A, 0x34, 0x18, 0xFF,
    0x42, 0x30, 0x18, 0xFF, 0x4A, 0x34, 0x18, 0xFF, 0x4A, 0x34, 0x18, 0xFF, 0x42, 0x30, 0x18, 0xFF,
    0x4A, 0x34, 0x18, 0xFF, 0x4A, 0x34, 0x18, 0xFF, 0x42, 0x30, 0x18, 0xFF, 0x4A, 0x34, 0x18, 0xFF,
    0x4A, 0x34, 0x18, 0xFF, 0x42, 0x30, 0x18, 0xFF, 0x4A, 0x34, 0x18, 0xFF, 0x4A, 0x34, 0x18, 0xFF,
    0x42, 0x30, 0x18, 0xFF, 0x4A, 0x34, 0x18, 0xFF, 0x4A, 0x34, 0x18, 0xFF, 0x42, 0x30, 0x18, 0xFF,
    0x4A, 0x34, 0x18, 0xFF, 0x4A, 0x34, 0x18, 0xFF, 0x42, 0x30, 0x18, 0xFF, 0x4A, 0x34, 0x18, 0xFF,
    0x4A, 0x34, 0x18, 0xFF, 0x42, 0x30, 0x18, 0xFF, 0x4A, 0x34, 0x18, 0xFF, 0x4A, 0x34, 0x18, 0xFF,
    0x42, 0x30, 0x18, 0xFF, 0x4A, 0x34, 0x18, 0xFF, 0x4A, 0x34, 0x18, 0xFF, 0x42, 0x30, 0x18, 0xFF,
    0x4A, 0x34, 0x18, 0xFF, 0x4A, 0x34, 0x18, 0xFF, 0x42, 0x30, 0x18, 0xFF, 0x4A, 0x34, 0x18, 0xFF,
    0x4A, 0x34, 0x18, 0xFF, 0x42, 0x30, 0x18, 0xFF, 0x4A, 0x34, 0x18, 0xFF, 0x4A, 0x34, 0x18, 0xFF,
    0x42, 0x30, 0x18, 0xFF, 0x4A, 0x34, 0x18, 0xFF, 0x4A, 0x34, 0x18, 0xFF, 0x42, 0x30, 0x18, 0xFF,
    0x4A, 0x34, 0x18, 0xFF, 0x4A, 0x34, 0x18, 0xFF, 0x42, 0x30, 0x18, 0xFF, 0x4A, 0x34, 0x18, 0xFF,
    0x4A, 0x34, 0x18, 0xFF, 0x42, 0x30, 0x18, 0xFF, 0x4A, 0x34, 0x18, 0xFF, 0x4A, 0x30, 0x18, 0xFF,
    0x4A, 0x30, 0x18, 0xFF, 0x42, 0x30, 0x18, 0xFF, 0x4A, 0x34, 0x18, 0xFF, 0x4A, 0x30, 0x18, 0xFF,
    0x42, 0x30, 0x18, 0xFF, 0x4A, 0x34, 0x18, 0xFF, 0x42, 0x30, 0x18, 0xFF, 0x4A, 0x30, 0x18, 0xFF,
    0x4A, 0x34, 0x18, 0xFF, 0x42, 0x30, 0x18, 0xFF, 0x4A, 0x30, 0x18, 0xFF, 0x4A, 0x34, 0x18, 0xFF,
    0x42, 0x30, 0x18, 0xFF, 0x4A, 0x30, 0x18, 0xFF, 0x4A, 0x34, 0x18, 0xFF, 0x42, 0x30, 0x18, 0xFF,
    0x4A, 0x30, 0x18, 0xFF, 0x4A, 0x34, 0x18, 0xFF, 0x42, 0x30, 0x18, 0xFF, 0x4A, 0x30, 0x18, 0xFF,
    0x4A, 0x34, 0x18, 0xFF, 0x42, 0x30, 0x18, 0xFF, 0x4A, 0x30, 0x18, 0xFF, 0x4A, 0x34, 0x18, 0xFF,
    0x42, 0x30, 0x18, 0xFF, 0x4A, 0x30, 0x18, 0xFF, 0x4A, 0x34, 0x18, 0xFF, 0x42, 0x30, 0x18, 0xFF,
    0x4A, 0x30, 0x18, 0xFF, 0x4A, 0x34, 0x18, 0xFF, 0x42, 0x30, 0x18, 0xFF, 0x4A, 0x30, 0x18, 0xFF,
    0x4A, 0x34, 0x18, 0xFF, 0x42, 0x30, 0x18, 0xFF, 0x4A, 0x30, 0x18, 0xFF, 0x4A, 0x34, 0x18, 0xFF,
    0x42, 0x30, 0x18, 0xFF, 0x4A, 0x30, 0x18, 0xFF, 0x4A, 0x34, 0x18, 0xFF, 0x42, 0x30, 0x18, 0xFF,
    0x4A, 0x30, 0x18, 0xFF, 0x4A, 0x34, 0x18, 0xFF, 0x42, 0x30, 0x18, 0xFF, 0x4A, 0x30, 0x18, 0xFF,
    0x4A, 0x34, 0x18, 0xFF, 0x42, 0x30, 0x18, 0xFF, 0x4A, 0x30, 0x18, 0xFF, 0x4A, 0x34, 0x18, 0xFF,
    0x42, 0x30, 0x18, 0xFF, 0x4A, 0x30, 0x18, 0xFF, 0x4A, 0x34, 0x18, 0xFF, 0x42, 0x30, 0x18, 0xFF,
    0x4A, 0x30, 0x18, 0xFF, 0x4A, 0x34, 0x18, 0xFF, 0x42, 0x30, 0x18, 0xFF, 0x4A, 0x30, 0x18, 0xFF,
    0x4A, 0x34, 0x18, 0xFF, 0x42, 0x30, 0x18, 0xFF, 0x4A, 0x30, 0x18, 0xFF, 0x4A, 0x34, 0x18, 0xFF,
    0x42, 0x30, 0x18, 0xFF, 0x4A, 0x30, 0x18, 0xFF, 0x4A, 0x34, 0x18, 0xFF, 0x42, 0x30, 0x18, 0xFF,
    0x4A, 0x30, 0x18, 0xFF, 0x4A, 0x34, 0x18, 0xFF, 0x42, 0x30, 0x18, 0xFF, 0x4A, 0x30, 0x18, 0xFF,
    0x4A, 0x34, 0x18, 0xFF, 0x42, 0x30, 0x18, 0xFF, 0x4A, 0x30, 0x18, 0xFF, 0x4A, 0x34, 0x18, 0xFF,
    0x42, 0x30, 0x18, 0xFF, 0x4A, 0x30, 0x18, 0xFF, 0x4A, 0x34, 0x18, 0xFF, 0x42, 0x30, 0x18, 0xFF,
    0x4A, 0x30, 0x18, 0xFF, 0x4A, 0x34, 0x18, 0xFF, 0x42, 0x30, 0x18, 0xFF, 0x4A, 0x30, 0x18, 0xFF,
    0x4A, 0x34, 0x18, 0xFF, 0x42, 0x30, 0x18, 0xFF, 0x4A, 0x30, 0x18, 0xFF, 0x4A, 0x34, 0x18, 0xFF,
    0x42, 0x30, 0x18, 0xFF, 0x4A, 0x30, 0x18, 0xFF, 0x4A, 0x34, 0x18, 0xFF, 0x42, 0x30, 0x18, 0xFF,
    0x4A, 0x30, 0x18, 0xFF, 0x4A, 0x34, 0x18, 0xFF, 0x42, 0x30, 0x18, 0xFF, 0x4A, 0x30, 0x18, 0xFF,
    0x4A, 0x34, 0x18, 0xFF, 0x42, 0x30, 0x18, 0xFF, 0x4A, 0x30, 0x18, 0xFF, 0x4A, 0x34, 0x18, 0xFF,
    0x42, 0x30, 0x18, 0xFF, 0x4A, 0x30, 0x18, 0xFF, 0x4A, 0x34, 0x18, 0xFF, 0x42, 0x30, 0x18, 0xFF,
    0x4A, 0x30, 0x18, 0xFF, 0x4A, 0x34, 0x18, 0xFF, 0x42, 0x30, 0x18, 0xFF, 0x4A, 0x30, 0x18, 0xFF,
    0x4A, 0x34, 0x18, 0xFF, 0x42, 0x30, 0x18, 0xFF, 0x4A, 0x30, 0x18, 0xFF, 0x4A, 0x34, 0x18, 0xFF,
    0x42, 0x30, 0x18, 0xFF, 0x4A, 0x30, 0x18, 0xFF, 0x4A, 0x34, 0x18, 0xFF, 0x42, 0x30, 0x18, 0xFF,
    0x4A, 0x30, 0x18, 0xFF, 0x4A, 0x34, 0x18, 0xFF, 0x42, 0x30, 0x18, 0xFF, 0x4A, 0x30, 0x18, 0xFF,
    0x4A, 0x34, 0x18, 0xFF, 0x42, 0x30, 0x18, 0xFF, 0x4A, 0x30, 0x18, 0xFF, 0x4A, 0x34, 0x18, 0xFF,
    0x42, 0x30, 0x18, 0xFF, 0x4A, 0x30, 0x18, 0xFF, 0x4A, 0x34, 0x18, 0xFF, 0x42, 0x30, 0x18, 0xFF,
    0x4A, 0x30, 0x18, 0xFF, 0x4A, 0x34, 0x18, 0xFF, 0x42, 0x30, 0x18, 0xFF, 0x4A, 0x34, 0x18, 0xFF,
    0x42, 0x34, 0x18, 0xFF, 0x4A, 0x30, 0x10, 0xFF, 0x42, 0x30, 0x18, 0xFF, 0x42, 0x34, 0x10, 0xFF,
    0x4A, 0x30, 0x18, 0xFF, 0x42, 0x30, 0x10, 0xFF, 0x4A, 0x34, 0x18, 0xFF, 0x42, 0x30, 0x10, 0xFF,
    0x42, 0x30, 0x18, 0xFF, 0x4A, 0x34, 0x10, 0xFF, 0x42, 0x30, 0x18, 0xFF, 0x42, 0x30, 0x10, 0xFF,
    0x4A, 0x34, 0x18, 0xFF, 0x42, 0x30, 0x10, 0xFF, 0x42, 0x30, 0x18, 0xFF, 0x4A, 0x34, 0x10, 0xFF,
    0x42, 0x30, 0x18, 0xFF, 0x42, 0x30, 0x10, 0xFF, 0x4A, 0x34, 0x18, 0xFF, 0x42, 0x30, 0x10, 0xFF,
    0x42, 0x30, 0x18, 0xFF, 0x4A, 0x34, 0x10, 0xFF, 0x42, 0x30, 0x18, 0xFF, 0x42, 0x30, 0x10, 0xFF,
    0x4A, 0x34, 0x18, 0xFF, 0x42, 0x30, 0x10, 0xFF, 0x42, 0x30, 0x18, 0xFF, 0x4A, 0x34, 0x10, 0xFF,
    0x42, 0x30, 0x18, 0xFF, 0x42, 0x30, 0x10, 0xFF, 0x4A, 0x34, 0x18, 0xFF, 0x42, 0x30, 0x10, 0xFF,
    0x42, 0x30, 0x18, 0xFF, 0x4A, 0x34, 0x10, 0xFF, 0x42, 0x30, 0x18, 0xFF, 0x42, 0x30, 0x10, 0xFF,
    0x4A, 0x34, 0x18, 0xFF, 0x42, 0x30, 0x10, 0xFF, 0x42, 0x30, 0x18, 0xFF, 0x4A, 0x34, 0x10, 0xFF,
    0x42, 0x30, 0x18, 0xFF, 0x42, 0x30, 0x10, 0xFF, 0x4A, 0x34, 0x18, 0xFF, 0x42, 0x30, 0x10, 0xFF,
    0x42, 0x30, 0x18, 0xFF, 0x4A, 0x34, 0x10, 0xFF, 0x42, 0x30, 0x18, 0xFF, 0x42, 0x30, 0x10, 0xFF,
    0x4A, 0x34, 0x18, 0xFF, 0x42, 0x30, 0x10, 0xFF, 0x42, 0x30, 0x18, 0xFF, 0x4A, 0x34, 0x10, 0xFF,
    0x42, 0x30, 0x18, 0xFF, 0x42, 0x30, 0x10, 0xFF, 0x4A, 0x34, 0x18, 0xFF, 0x42, 0x30, 0x10, 0xFF,
    0x42, 0x30, 0x18, 0xFF, 0x4A, 0x34, 0x10, 0xFF, 0x42, 0x30, 0x18, 0xFF, 0x42, 0x30, 0x10, 0xFF,
    0x4A, 0x34, 0x18, 0xFF, 0x42, 0x30, 0x10, 0xFF, 0x42, 0x30, 0x18, 0xFF, 0x4A, 0x34, 0x10, 0xFF,
    0x42, 0x30, 0x18, 0xFF, 0x42, 0x30, 0x10, 0xFF, 0x4A, 0x34, 0x18, 0xFF, 0x42, 0x30, 0x10, 0xFF,
    0x42, 0x30, 0x18, 0xFF, 0x4A, 0x34, 0x10, 0xFF, 0x42, 0x30, 0x18, 0xFF, 0x42, 0x30, 0x10, 0xFF,
    0x4A, 0x34, 0x18, 0xFF, 0x42, 0x30, 0x10, 0xFF, 0x42, 0x30, 0x18, 0xFF, 0x4A, 0x34, 0x10, 0xFF,
    0x42, 0x30, 0x18, 0xFF, 0x42, 0x30, 0x10, 0xFF, 0x4A, 0x34, 0x18, 0xFF, 0x42, 0x30, 0x10, 0xFF,
    0x42, 0x30, 0x18, 0xFF, 0x4A, 0x34, 0x10, 0xFF, 0x42, 0x30, 0x18, 0xFF, 0x42, 0x30, 0x10, 0xFF,
    0x4A, 0x34, 0x18, 0xFF, 0x42, 0x30, 0x10, 0xFF, 0x42, 0x30, 0x18, 0xFF, 0x4A, 0x34, 0x10, 0xFF,
    0x42, 0x30, 0x18, 0xFF, 0x42, 0x30, 0x10, 0xFF, 0x4A, 0x34, 0x18, 0xFF, 0x42, 0x30, 0x10, 0xFF,
    0x42, 0x30, 0x18, 0xFF, 0x4A, 0x34, 0x10, 0xFF, 0x42, 0x30, 0x18, 0xFF, 0x42, 0x30, 0x10, 0xFF,
    0x4A, 0x34, 0x18, 0xFF, 0x42, 0x30, 0x10, 0xFF, 0x42, 0x30, 0x18, 0xFF, 0x4A, 0x34, 0x10, 0xFF,
    0x42, 0x30, 0x18, 0xFF, 0x42, 0x30, 0x10, 0xFF, 0x4A, 0x34, 0x18, 0xFF, 0x42, 0x30, 0x10, 0xFF,
    0x42, 0x30, 0x18, 0xFF, 0x4A, 0x34, 0x10, 0xFF, 0x42, 0x30, 0x18, 0xFF, 0x42, 0x30, 0x10, 0xFF,
    0x4A, 0x34, 0x18, 0xFF, 0x42, 0x30, 0x10, 0xFF, 0x42, 0x30, 0x18, 0xFF, 0x4A, 0x34, 0x10, 0xFF,
    0x42, 0x30, 0x18, 0xFF, 0x42, 0x30, 0x10, 0xFF, 0x4A, 0x34, 0x18, 0xFF, 0x42, 0x30, 0x10, 0xFF,
    0x42, 0x30, 0x18, 0xFF, 0x4A, 0x34, 0x10, 0xFF, 0x42, 0x30, 0x18, 0xFF, 0x42, 0x30, 0x10, 0xFF,
    0x4A, 0x34, 0x18, 0xFF, 0x42, 0x30, 0x10, 0xFF, 0x42, 0x30, 0x18, 0xFF, 0x4A, 0x34, 0x10, 0xFF,
    0x42, 0x30, 0x18, 0xFF, 0x42, 0x30, 0x10, 0xFF, 0x4A, 0x30, 0x18, 0xFF, 0x42, 0x30, 0x10, 0xFF,
    0x4A, 0x30, 0x18, 0xFF, 0x42, 0x34, 0x18, 0xFF, 0x4A, 0x30, 0x18, 0xFF, 0x42, 0x34, 0x18, 0xFF,
    0x4A, 0x30, 0x18, 0xFF, 0x42, 0x34, 0x18, 0xFF, 0x42, 0x30, 0x18, 0xFF, 0x4A, 0x34, 0x18, 0xFF,
    0x42, 0x30, 0x18, 0xFF, 0x42, 0x34, 0x18, 0xFF, 0x4A, 0x30, 0x18, 0xFF, 0x42, 0x34, 0x18, 0xFF,
    0x42, 0x30, 0x18, 0xFF, 0x4A, 0x34, 0x18, 0xFF, 0x42, 0x30, 0x18, 0xFF, 0x42, 0x34, 0x18, 0xFF,
    0x4A, 0x30, 0x18, 0xFF, 0x42, 0x34, 0x18, 0xFF, 0x42, 0x30, 0x18, 0xFF, 0x4A, 0x34, 0x18, 0xFF,
    0x42, 0x30, 0x18, 0xFF, 0x42, 0x34, 0x18, 0xFF, 0x4A, 0x30, 0x18, 0xFF, 0x42, 0x34, 0x18, 0xFF,
    0x42, 0x30, 0x18, 0xFF, 0x4A, 0x34, 0x18, 0xFF, 0x42, 0x30, 0x18, 0xFF, 0x42, 0x34, 0x18, 0xFF,
    0x4A, 0x30, 0x18, 0xFF, 0x42, 0x34, 0x18, 0xFF, 0x42, 0x30, 0x18, 0xFF, 0x4A, 0x34, 0x18, 0xFF,
    0x42, 0x30, 0x18, 0xFF, 0x42, 0x34, 0x18, 0xFF, 0x4A, 0x30, 0x18, 0xFF, 0x42, 0x34, 0x18, 0xFF,
    0x42, 0x30, 0x18, 0xFF, 0x4A, 0x34, 0x18, 0xFF, 0x42, 0x30, 0x18, 0xFF, 0x42, 0x34, 0x18, 0xFF,
    0x4A, 0x30, 0x18, 0xFF, 0x42, 0x34, 0x18, 0xFF, 0x42, 0x30, 0x18, 0xFF, 0x4A, 0x34, 0x18, 0xFF,
    0x42, 0x30, 0x18, 0xFF, 0x42, 0x34, 0x18, 0xFF, 0x4A, 0x30, 0x18, 0xFF, 0x42, 0x34, 0x18, 0xFF,
    0x42, 0x30, 0x18, 0xFF, 0x4A, 0x34, 0x18, 0xFF, 0x42, 0x30, 0x18, 0xFF, 0x42, 0x34, 0x18, 0xFF,
    0x4A, 0x30, 0x18, 0xFF, 0x42, 0x34, 0x18, 0xFF, 0x42, 0x30, 0x18, 0xFF, 0x4A, 0x34, 0x18, 0xFF,
    0x42, 0x30, 0x18, 0xFF, 0x42, 0x34, 0x18, 0xFF, 0x4A, 0x30, 0x18, 0xFF, 0x42, 0x34, 0x18, 0xFF,
    0x42, 0x30, 0x18, 0xFF, 0x4A, 0x34, 0x18, 0xFF, 0x42, 0x30, 0x18, 0xFF, 0x42, 0x34, 0x18, 0xFF,
    0x4A, 0x30, 0x18, 0xFF, 0x42, 0x34, 0x18, 0xFF, 0x42, 0x30, 0x18, 0xFF, 0x4A, 0x34, 0x18, 0xFF,
    0x42, 0x30, 0x18, 0xFF, 0x42, 0x34, 0x18, 0xFF, 0x4A, 0x30, 0x18, 0xFF, 0x42, 0x34, 0x18, 0xFF,
    0x42, 0x30, 0x18, 0xFF, 0x4A, 0x34, 0x18, 0xFF, 0x42, 0x30, 0x18, 0xFF, 0x42, 0x34, 0x18, 0xFF,
    0x4A, 0x30, 0x18, 0xFF, 0x42, 0x34, 0x18, 0xFF, 0x42, 0x30, 0x18, 0xFF, 0x4A, 0x34, 0x18, 0xFF,
    0x42, 0x30, 0x18, 0xFF, 0x42, 0x34, 0x18, 0xFF, 0x4A, 0x30, 0x18, 0xFF, 0x42, 0x34, 0x18, 0xFF,
    0x42, 0x30, 0x18, 0xFF, 0x4A, 0x34, 0x18, 0xFF, 0x42, 0x30, 0x18, 0xFF, 0x42, 0x34, 0x18, 0xFF,
    0x4A, 0x30, 0x18, 0xFF, 0x42, 0x34, 0x18, 0xFF, 0x42, 0x30, 0x18, 0xFF, 0x4A, 0x34, 0x18, 0xFF,
    0x42, 0x30, 0x18, 0xFF, 0x42, 0x34, 0x18, 0xFF, 0x4A, 0x30, 0x18, 0xFF, 0x42, 0x34, 0x18, 0xFF,
    0x42, 0x30, 0x18, 0xFF, 0x4A, 0x34, 0x18, 0xFF, 0x42, 0x30, 0x18, 0xFF, 0x42, 0x34, 0x18, 0xFF,
    0x4A, 0x30, 0x18, 0xFF, 0x42, 0x34, 0x18, 0xFF, 0x42, 0x30, 0x18, 0xFF, 0x4A, 0x34, 0x18, 0xFF,
    0x42, 0x30, 0x18, 0xFF, 0x42, 0x34, 0x18, 0xFF, 0x4A, 0x30, 0x18, 0xFF, 0x42, 0x34, 0x18, 0xFF,
    0x42, 0x30, 0x18, 0xFF, 0x4A, 0x34, 0x18, 0xFF, 0x42, 0x30, 0x18, 0xFF, 0x42, 0x34, 0x18, 0xFF,
    0x4A, 0x30, 0x18, 0xFF, 0x42, 0x34, 0x18, 0xFF, 0x42, 0x30, 0x18, 0xFF, 0x4A, 0x34, 0x18, 0xFF,
    0x42, 0x30, 0x18, 0xFF, 0x42, 0x34, 0x18, 0xFF, 0x4A, 0x30, 0x18, 0xFF, 0x42, 0x34, 0x18, 0xFF,
    0x42, 0x30, 0x18, 0xFF, 0x4A, 0x34, 0x18, 0xFF, 0x42, 0x30, 0x18, 0xFF, 0x42, 0x34, 0x18, 0xFF,
    0x4A, 0x30, 0x18, 0xFF, 0x42, 0x34, 0x18, 0xFF, 0x42, 0x34, 0x18, 0xFF, 0x4A, 0x30, 0x18, 0xFF,
    0x42, 0x30, 0x18, 0xFF, 0x4A, 0x30, 0x10, 0xFF, 0x42, 0x30, 0x18, 0xFF, 0x4A, 0x30, 0x10, 0xFF,
    0x42, 0x30, 0x18, 0xFF, 0x4A, 0x30, 0x10, 0xFF, 0x42, 0x30, 0x18, 0xFF, 0x4A, 0x30, 0x10, 0xFF,
    0x42, 0x30, 0x18, 0xFF, 0x4A, 0x30, 0x10, 0xFF, 0x42, 0x30, 0x18, 0xFF, 0x4A, 0x30, 0x10, 0xFF,
    0x42, 0x30, 0x18, 0xFF, 0x4A, 0x30, 0x10, 0xFF, 0x42, 0x30, 0x18, 0xFF, 0x4A, 0x30, 0x10, 0xFF,
    0x42, 0x30, 0x18, 0xFF, 0x4A, 0x30, 0x10, 0xFF, 0x42, 0x30, 0x18, 0xFF, 0x4A, 0x30, 0x10, 0xFF,
    0x42, 0x30, 0x18, 0xFF, 0x4A, 0x30, 0x10, 0xFF, 0x42, 0x30, 0x18, 0xFF, 0x4A, 0x30, 0x10, 0xFF,
    0x42, 0x30, 0x18, 0xFF, 0x4A, 0x30, 0x10, 0xFF, 0x42, 0x30, 0x18, 0xFF, 0x4A, 0x30, 0x10, 0xFF,
    0x42, 0x30, 0x18, 0xFF, 0x4A, 0x30, 0x10, 0xFF, 0x42, 0x30, 0x18, 0xFF, 0x4A, 0x30, 0x10, 0xFF,
    0x42, 0x30, 0x18, 0xFF, 0x4A, 0x30, 0x10, 0xFF, 0x42, 0x30, 0x18, 0xFF, 0x4A, 0x30, 0x10, 0xFF,
    0x42, 0x30, 0x18, 0xFF, 0x4A, 0x30, 0x10, 0xFF, 0x42, 0x30, 0x18, 0xFF, 0x4A, 0x30, 0x10, 0xFF,
    0x42, 0x30, 0x18, 0xFF, 0x4A, 0x30, 0x10, 0xFF, 0x42, 0x30, 0x18, 0xFF, 0x4A, 0x30, 0x10, 0xFF,
    0x42, 0x30, 0x18, 0xFF, 0x4A, 0x30, 0x10, 0xFF, 0x42, 0x30, 0x18, 0xFF, 0x4A, 0x30, 0x10, 0xFF,
    0x42, 0x30, 0x18, 0xFF, 0x4A, 0x30, 0x10, 0xFF, 0x42, 0x30, 0x18, 0xFF, 0x4A, 0x30, 0x10, 0xFF,
    0x42, 0x30, 0x18, 0xFF, 0x4A, 0x30, 0x10, 0xFF, 0x42, 0x30, 0x18, 0xFF, 0x4A, 0x30, 0x10, 0xFF,
    0x42, 0x30, 0x18, 0xFF, 0x4A, 0x30, 0x10, 0xFF, 0x42, 0x30, 0x18, 0xFF, 0x4A, 0x30, 0x10, 0xFF,
    0x42, 0x30, 0x18, 0xFF, 0x4A, 0x30, 0x10, 0xFF, 0x42, 0x30, 0x18, 0xFF, 0x4A, 0x30, 0x10, 0xFF,
    0x42, 0x30, 0x18, 0xFF, 0x4A, 0x30, 0x10, 0xFF, 0x42, 0x30, 0x18, 0xFF, 0x4A, 0x30, 0x10, 0xFF,
    0x42, 0x30, 0x18, 0xFF, 0x4A, 0x30, 0x10, 0xFF, 0x42, 0x30, 0x18, 0xFF, 0x4A, 0x30, 0x10, 0xFF,
    0x42, 0x30, 0x18, 0xFF, 0x4A, 0x30, 0x10, 0xFF, 0x42, 0x30, 0x18, 0xFF, 0x4A, 0x30, 0x10, 0xFF,
    0x42, 0x30, 0x18, 0xFF, 0x4A, 0x30, 0x10, 0xFF, 0x42, 0x30, 0x18, 0xFF, 0x4A, 0x30, 0x10, 0xFF,
    0x42, 0x30, 0x18, 0xFF, 0x4A, 0x30, 0x10, 0xFF, 0x42, 0x30, 0x18, 0xFF, 0x4A, 0x30, 0x10, 0xFF,
    0x42, 0x30, 0x18, 0xFF, 0x4A, 0x30, 0x10, 0xFF, 0x42, 0x30, 0x18, 0xFF, 0x4A, 0x30, 0x10, 0xFF,
    0x42, 0x30, 0x18, 0xFF, 0x4A, 0x30, 0x10, 0xFF, 0x42, 0x30, 0x18, 0xFF, 0x4A, 0x30, 0x10, 0xFF,
    0x42, 0x30, 0x18, 0xFF, 0x4A, 0x30, 0x10, 0xFF, 0x42, 0x30, 0x18, 0xFF, 0x4A, 0x30, 0x10, 0xFF,
    0x42, 0x30, 0x18, 0xFF, 0x4A, 0x30, 0x10, 0xFF, 0x42, 0x30, 0x18, 0xFF, 0x4A, 0x30, 0x10, 0xFF,
    0x42, 0x30, 0x18, 0xFF, 0x4A, 0x30, 0x10, 0xFF, 0x42, 0x30, 0x18, 0xFF, 0x4A, 0x30, 0x10, 0xFF,
    0x42, 0x30, 0x18, 0xFF, 0x4A, 0x30, 0x10, 0xFF, 0x42, 0x30, 0x18, 0xFF, 0x4A, 0x30, 0x10, 0xFF,
    0x42, 0x30, 0x18, 0xFF, 0x4A, 0x30, 0x10, 0xFF, 0x42, 0x30, 0x18, 0xFF, 0x4A, 0x30, 0x10, 0xFF,
    0x42, 0x30, 0x18, 0xFF, 0x4A, 0x30, 0x10, 0xFF, 0x42, 0x30, 0x18, 0xFF, 0x4A, 0x30, 0x10, 0xFF,
    0x42, 0x30, 0x18, 0xFF, 0x4A, 0x30, 0x10, 0xFF, 0x42, 0x30, 0x18, 0xFF, 0x4A, 0x30, 0x10, 0xFF,
    0x42, 0x30, 0x18, 0xFF, 0x4A, 0x30, 0x10, 0xFF, 0x42, 0x30, 0x18, 0xFF, 0x4A, 0x30, 0x10, 0xFF,
    0x42, 0x30, 0x18, 0xFF, 0x4A, 0x30, 0x10, 0xFF, 0x42, 0x30, 0x18, 0xFF, 0x4A, 0x30, 0x10, 0xFF,
    0x42, 0x30, 0x18, 0xFF, 0x4A, 0x30, 0x10, 0xFF, 0x42, 0x30, 0x18, 0xFF, 0x42, 0x30, 0x18, 0xFF,
    0x4A, 0x30, 0x10, 0xFF, 0x42, 0x30, 0x18, 0xFF, 0x4A, 0x30, 0x18, 0xFF, 0x42, 0x30, 0x10, 0xFF,
    0x4A, 0x30, 0x18, 0xFF, 0x42, 0x30, 0x18, 0xFF, 0x4A, 0x30, 0x18, 0xFF, 0x42, 0x30, 0x18, 0xFF,
    0x4A, 0x30, 0x10, 0xFF, 0x42, 0x30, 0x18, 0xFF, 0x4A, 0x30, 0x18, 0xFF, 0x42, 0x30, 0x18, 0xFF,
    0x4A, 0x30, 0x10, 0xFF, 0x42, 0x30, 0x18, 0xFF, 0x4A, 0x30, 0x18, 0xFF, 0x42, 0x30, 0x18, 0xFF,
    0x4A, 0x30, 0x10, 0xFF, 0x42, 0x30, 0x18, 0xFF, 0x4A, 0x30, 0x18, 0xFF, 0x42, 0x30, 0x18, 0xFF,
    0x4A, 0x30, 0x10, 0xFF, 0x42, 0x30, 0x18, 0xFF, 0x4A, 0x30, 0x18, 0xFF, 0x42, 0x30, 0x18, 0xFF,
    0x4A, 0x30, 0x10, 0xFF, 0x42, 0x30, 0x18, 0xFF, 0x4A, 0x30, 0x18, 0xFF, 0x42, 0x30, 0x18, 0xFF,
    0x4A, 0x30, 0x10, 0xFF, 0x42, 0x30, 0x18, 0xFF, 0x4A, 0x30, 0x18, 0xFF, 0x42, 0x30, 0x18, 0xFF,
    0x4A, 0x30, 0x10, 0xFF, 0x42, 0x30, 0x18, 0xFF, 0x4A, 0x30, 0x18, 0xFF, 0x42, 0x30, 0x18, 0xFF,
    0x4A, 0x30, 0x10, 0xFF, 0x42, 0x30, 0x18, 0xFF, 0x4A, 0x30, 0x18, 0xFF, 0x42, 0x30, 0x18, 0xFF,
    0x4A, 0x30, 0x10, 0xFF, 0x42, 0x30, 0x18, 0xFF, 0x4A, 0x30, 0x18, 0xFF, 0x42, 0x30, 0x18, 0xFF,
    0x4A, 0x30, 0x10, 0xFF, 0x42, 0x30, 0x18, 0xFF, 0x4A, 0x30, 0x18, 0xFF, 0x42, 0x30, 0x18, 0xFF,
    0x4A, 0x30, 0x10, 0xFF, 0x42, 0x30, 0x18, 0xFF, 0x4A, 0x30, 0x18, 0xFF, 0x42, 0x30, 0x18, 0xFF,
    0x4A, 0x30, 0x10, 0xFF, 0x42, 0x30, 0x18, 0xFF, 0x4A, 0x30, 0x18, 0xFF, 0x42, 0x30, 0x18, 0xFF,
    0x4A, 0x30, 0x10, 0xFF, 0x42, 0x30, 0x18, 0xFF, 0x4A, 0x30, 0x18, 0xFF, 0x42, 0x30, 0x18, 0xFF,
    0x4A, 0x30, 0x10, 0xFF, 0x42, 0x30, 0x18, 0xFF, 0x4A, 0x30, 0x18, 0xFF, 0x42, 0x30, 0x18, 0xFF,
    0x4A, 0x30, 0x10, 0xFF, 0x42, 0x30, 0x18, 0xFF, 0x4A, 0x30, 0x18, 0xFF, 0x42, 0x30, 0x18, 0xFF,
    0x4A, 0x30, 0x10, 0xFF, 0x42, 0x30, 0x18, 0xFF, 0x4A, 0x30, 0x18, 0xFF, 0x42, 0x30, 0x18, 0xFF,
    0x4A, 0x30, 0x10, 0xFF, 0x42, 0x30, 0x18, 0xFF, 0x4A, 0x30, 0x18, 0xFF, 0x42, 0x30, 0x18, 0xFF,
    0x4A, 0x30, 0x10, 0xFF, 0x42, 0x30, 0x18, 0xFF, 0x4A, 0x30, 0x18, 0xFF, 0x42, 0x30, 0x18, 0xFF,
    0x4A, 0x30, 0x10, 0xFF, 0x42, 0x30, 0x18, 0xFF, 0x4A, 0x30, 0x18, 0xFF, 0x42, 0x30, 0x18, 0xFF,
    0x4A, 0x30, 0x10, 0xFF, 0x42, 0x30, 0x18, 0xFF, 0x4A, 0x30, 0x18, 0xFF, 0x42, 0x30, 0x18, 0xFF,
    0x4A, 0x30, 0x10, 0xFF, 0x42, 0x30, 0x18, 0xFF, 0x4A, 0x30, 0x18, 0xFF, 0x42, 0x30, 0x18, 0xFF,
    0x4A, 0x30, 0x10, 0xFF, 0x42, 0x30, 0x18, 0xFF, 0x4A, 0x30, 0x18, 0xFF, 0x42, 0x30, 0x18, 0xFF,
    0x4A, 0x30, 0x10, 0xFF, 0x42, 0x30, 0x18, 0xFF, 0x4A, 0x30, 0x18, 0xFF, 0x42, 0x30, 0x18, 0xFF,
    0x4A, 0x30, 0x10, 0xFF, 0x42, 0x30, 0x18, 0xFF, 0x4A, 0x30, 0x18, 0xFF, 0x42, 0x30, 0x18, 0xFF,
    0x4A, 0x30, 0x10, 0xFF, 0x42, 0x30, 0x18, 0xFF, 0x4A, 0x30, 0x18, 0xFF, 0x42, 0x30, 0x18, 0xFF,
    0x4A, 0x30, 0x10, 0xFF, 0x42, 0x30, 0x18, 0xFF, 0x4A, 0x30, 0x18, 0xFF, 0x42, 0x30, 0x18, 0xFF,
    0x4A, 0x30, 0x10, 0xFF, 0x42, 0x30, 0x18, 0xFF, 0x4A, 0x30, 0x18, 0xFF, 0x42, 0x30, 0x18, 0xFF,
    0x4A, 0x30, 0x10, 0xFF, 0x42, 0x30, 0x18, 0xFF, 0x4A, 0x30, 0x18, 0xFF, 0x42, 0x30, 0x18, 0xFF,
    0x4A, 0x30, 0x10, 0xFF, 0x42, 0x30, 0x18, 0xFF, 0x4A, 0x30, 0x18, 0xFF, 0x42, 0x30, 0x18, 0xFF,
    0x4A, 0x30, 0x18, 0xFF, 0x42, 0x34, 0x10, 0xFF, 0x4A, 0x30, 0x18, 0xFF, 0x42, 0x30, 0x10, 0xFF,
    0x4A, 0x34, 0x18, 0xFF, 0x42, 0x30, 0x10, 0xFF, 0x42, 0x30, 0x18, 0xFF, 0x4A, 0x34, 0x18, 0xFF,
    0x42, 0x30, 0x10, 0xFF, 0x42, 0x30, 0x18, 0xFF, 0x4A, 0x34, 0x10, 0xFF, 0x42, 0x30, 0x18, 0xFF,
    0x42, 0x30, 0x18, 0xFF, 0x4A, 0x34, 0x10, 0xFF, 0x42, 0x30, 0x18, 0xFF, 0x42, 0x30, 0x10, 0xFF,
    0x4A, 0x34, 0x18, 0xFF, 0x42, 0x30, 0x10, 0xFF, 0x42, 0x30, 0x18, 0xFF, 0x4A, 0x34, 0x10, 0xFF,
    0x42, 0x30, 0x18, 0xFF, 0x42, 0x30, 0x10, 0xFF, 0x4A, 0x34, 0x18, 0xFF, 0x42, 0x30, 0x10, 0xFF,
    0x42, 0x30, 0x18, 0xFF, 0x4A, 0x34, 0x10, 0xFF, 0x42, 0x30, 0x18, 0xFF, 0x42, 0x30, 0x10, 0xFF,
    0x4A, 0x34, 0x18, 0xFF, 0x42, 0x30, 0x10, 0xFF, 0x42, 0x30, 0x18, 0xFF, 0x4A, 0x34, 0x10, 0xFF,
    0x42, 0x30, 0x18, 0xFF, 0x42, 0x30, 0x10, 0xFF, 0x4A, 0x34, 0x18, 0xFF, 0x42, 0x30, 0x10, 0xFF,
    0x42, 0x30, 0x18, 0xFF, 0x4A, 0x34, 0x10, 0xFF, 0x42, 0x30, 0x18, 0xFF, 0x42, 0x30, 0x10, 0xFF,
    0x4A, 0x34, 0x18, 0xFF, 0x42, 0x30, 0x10, 0xFF, 0x42, 0x30, 0x18, 0xFF, 0x4A, 0x34, 0x10, 0xFF,
    0x42, 0x30, 0x18, 0xFF, 0x42, 0x30, 0x10, 0xFF, 0x4A, 0x34, 0x18, 0xFF, 0x42, 0x30, 0x10, 0xFF,
    0x42, 0x30, 0x18, 0xFF, 0x4A, 0x34, 0x10, 0xFF, 0x42, 0x30, 0x18, 0xFF, 0x42, 0x30, 0x10, 0xFF,
    0x4A, 0x34, 0x18, 0xFF, 0x42, 0x30, 0x10, 0xFF, 0x42, 0x30, 0x18, 0xFF, 0x4A, 0x34, 0x10, 0xFF,
    0x42, 0x30, 0x18, 0xFF, 0x42, 0x30, 0x10, 0xFF, 0x4A, 0x34, 0x18, 0xFF, 0x42, 0x30, 0x10, 0xFF,
    0x42, 0x30, 0x18, 0xFF, 0x4A, 0x34, 0x10, 0xFF, 0x42, 0x30, 0x18, 0xFF, 0x42, 0x30, 0x10, 0xFF,
    0x4A, 0x34, 0x18, 0xFF, 0x42, 0x30, 0x10, 0xFF, 0x42, 0x30, 0x18, 0xFF, 0x4A, 0x34, 0x10, 0xFF,
    0x42, 0x30, 0x18, 0xFF, 0x42, 0x30, 0x10, 0xFF, 0x4A, 0x34, 0x18, 0xFF, 0x42, 0x30, 0x10, 0xFF,
    0x42, 0x30, 0x18, 0xFF, 0x4A, 0x34, 0x10, 0xFF, 0x42, 0x30, 0x18, 0xFF, 0x42, 0x30, 0x10, 0xFF,
    0x4A, 0x34, 0x18, 0xFF, 0x42, 0x30, 0x10, 0xFF, 0x42, 0x30, 0x18, 0xFF, 0x4A, 0x34, 0x10, 0xFF,
    0x42, 0x30, 0x18, 0xFF, 0x42, 0x30, 0x10, 0xFF, 0x4A, 0x34, 0x18, 0xFF, 0x42, 0x30, 0x10, 0xFF,
    0x42, 0x30, 0x18, 0xFF, 0x4A, 0x34, 0x10, 0xFF, 0x42, 0x30, 0x18, 0xFF, 0x42, 0x30, 0x10, 0xFF,
    0x4A, 0x34, 0x18, 0xFF, 0x42, 0x30, 0x10, 0xFF, 0x42, 0x30, 0x18, 0xFF, 0x4A, 0x34, 0x10, 0xFF,
    0x42, 0x30, 0x18, 0xFF, 0x42, 0x30, 0x10, 0xFF, 0x4A, 0x34, 0x18, 0xFF, 0x42, 0x30, 0x10, 0xFF,
    0x42, 0x30, 0x18, 0xFF, 0x4A, 0x34, 0x10, 0xFF, 0x42, 0x30, 0x18, 0xFF, 0x42, 0x30, 0x10, 0xFF,
    0x4A, 0x34, 0x18, 0xFF, 0x42, 0x30, 0x10, 0xFF, 0x42, 0x30, 0x18, 0xFF, 0x4A, 0x34, 0x10, 0xFF,
    0x42, 0x30, 0x18, 0xFF, 0x42, 0x30, 0x10, 0xFF, 0x4A, 0x34, 0x18, 0xFF, 0x42, 0x30, 0x10, 0xFF,
    0x42, 0x30, 0x18, 0xFF, 0x4A, 0x34, 0x10, 0xFF, 0x42, 0x30, 0x18, 0xFF, 0x42, 0x30, 0x10, 0xFF,
    0x4A, 0x34, 0x18, 0xFF, 0x42, 0x30, 0x10, 0xFF, 0x42, 0x30, 0x18, 0xFF, 0x4A, 0x34, 0x10, 0xFF,
    0x42, 0x30, 0x18, 0xFF, 0x42, 0x30, 0x10, 0xFF, 0x4A, 0x34, 0x18, 0xFF, 0x42, 0x30, 0x10, 0xFF,
    0x42, 0x30, 0x18, 0xFF, 0x4A, 0x34, 0x10, 0xFF, 0x42, 0x30, 0x18, 0xFF, 0x42, 0x30, 0x10, 0xFF,
    0x4A, 0x34, 0x18, 0xFF, 0x42, 0x30, 0x10, 0xFF, 0x42, 0x30, 0x18, 0xFF, 0x4A, 0x30, 0x10, 0xFF,
    0x42, 0x30, 0x10, 0xFF, 0x42, 0x30, 0x18, 0xFF, 0x42, 0x30, 0x10, 0xFF, 0x4A, 0x30, 0x18, 0xFF,
    0x42, 0x30, 0x10, 0xFF, 0x42, 0x30, 0x18, 0xFF, 0x4A, 0x30, 0x10, 0xFF, 0x42, 0x30, 0x18, 0xFF,
    0x42, 0x30, 0x10, 0xFF, 0x4A, 0x30, 0x18, 0xFF, 0x42, 0x30, 0x10, 0xFF, 0x42, 0x30, 0x10, 0xFF,
    0x4A, 0x30, 0x18, 0xFF, 0x42, 0x30, 0x10, 0xFF, 0x42, 0x30, 0x18, 0xFF, 0x4A, 0x30, 0x10, 0xFF,
    0x42, 0x30, 0x18, 0xFF, 0x42, 0x30, 0x10, 0xFF, 0x4A, 0x30, 0x18, 0xFF, 0x42, 0x30, 0x10, 0xFF,
    0x42, 0x30, 0x18, 0xFF, 0x4A, 0x30, 0x10, 0xFF, 0x42, 0x30, 0x18, 0xFF, 0x42, 0x30, 0x10, 0xFF,
    0x4A, 0x30, 0x18, 0xFF, 0x42, 0x30, 0x10, 0xFF, 0x42, 0x30, 0x18, 0xFF, 0x4A, 0x30, 0x10, 0xFF,
    0x42, 0x30, 0x18, 0xFF, 0x42, 0x30, 0x10, 0xFF, 0x4A, 0x30, 0x18, 0xFF, 0x42, 0x30, 0x10, 0xFF,
    0x42, 0x30, 0x18, 0xFF, 0x4A, 0x30, 0x10, 0xFF, 0x42, 0x30, 0x18, 0xFF, 0x42, 0x30, 0x10, 0xFF,
    0x4A, 0x30, 0x18, 0xFF, 0x42, 0x30, 0x10, 0xFF, 0x42, 0x30, 0x18, 0xFF, 0x4A, 0x30, 0x10, 0xFF,
    0x42, 0x30, 0x18, 0xFF, 0x42, 0x30, 0x10, 0xFF, 0x4A, 0x30, 0x18, 0xFF, 0x42, 0x30, 0x10, 0xFF,
    0x42, 0x30, 0x18, 0xFF, 0x4A, 0x30, 0x10, 0xFF, 0x42, 0x30, 0x18, 0xFF, 0x42, 0x30, 0x10, 0xFF,
    0x4A, 0x30, 0x18, 0xFF, 0x42, 0x30, 0x10, 0xFF, 0x42, 0x30, 0x18, 0xFF, 0x4A, 0x30, 0x10, 0xFF,
    0x42, 0x30, 0x18, 0xFF, 0x42, 0x30, 0x10, 0xFF, 0x4A, 0x30, 0x18, 0xFF, 0x42, 0x30, 0x10, 0xFF,
    0x42, 0x30, 0x18, 0xFF, 0x4A, 0x30, 0x10, 0xFF, 0x42, 0x30, 0x18, 0xFF, 0x42, 0x30, 0x10, 0xFF,
    0x4A, 0x30, 0x18, 0xFF, 0x42, 0x30, 0x10, 0xFF, 0x42, 0x30, 0x18, 0xFF, 0x4A, 0x30, 0x10, 0xFF,
    0x42, 0x30, 0x18, 0xFF, 0x42, 0x30, 0x10, 0xFF, 0x4A, 0x30, 0x18, 0xFF, 0x42, 0x30, 0x10, 0xFF,
    0x42, 0x30, 0x18, 0xFF, 0x4A, 0x30, 0x10, 0xFF, 0x42, 0x30, 0x18, 0xFF, 0x42, 0x30, 0x10, 0xFF,
    0x4A, 0x30, 0x18, 0xFF, 0x42, 0x30, 0x10, 0xFF, 0x42, 0x30, 0x18, 0xFF, 0x4A, 0x30, 0x10, 0xFF,
    0x42, 0x30, 0x18, 0xFF, 0x42, 0x30, 0x10, 0xFF, 0x4A, 0x30, 0x18, 0xFF, 0x42, 0x30, 0x10, 0xFF,
    0x42, 0x30, 0x18, 0xFF, 0x4A, 0x30, 0x10, 0xFF, 0x42, 0x30, 0x18, 0xFF, 0x42, 0x30, 0x10, 0xFF,
    0x4A, 0x30, 0x18, 0xFF, 0x42, 0x30, 0x10, 0xFF, 0x42, 0x30, 0x18, 0xFF, 0x4A, 0x30, 0x10, 0xFF,
    0x42, 0x30, 0x18, 0xFF, 0x42, 0x30, 0x10, 0xFF, 0x4A, 0x30, 0x18, 0xFF, 0x42, 0x30, 0x10, 0xFF,
    0x42, 0x30, 0x18, 0xFF, 0x4A, 0x30, 0x10, 0xFF, 0x42, 0x30, 0x18, 0xFF, 0x42, 0x30, 0x10, 0xFF,
    0x4A, 0x30, 0x18, 0xFF, 0x42, 0x30, 0x10, 0xFF, 0x42, 0x30, 0x18, 0xFF, 0x4A, 0x30, 0x10, 0xFF,
    0x42, 0x30, 0x18, 0xFF, 0x42, 0x30, 0x10, 0xFF, 0x4A, 0x30, 0x18, 0xFF, 0x42, 0x30, 0x10, 0xFF,
    0x42, 0x30, 0x18, 0xFF, 0x4A, 0x30, 0x10, 0xFF, 0x42, 0x30, 0x18, 0xFF, 0x42, 0x30, 0x10, 0xFF,
    0x4A, 0x30, 0x18, 0xFF, 0x42, 0x30, 0x10, 0xFF, 0x42, 0x30, 0x18, 0xFF, 0x4A, 0x30, 0x10, 0xFF,
    0x42, 0x30, 0x18, 0xFF, 0x42, 0x30, 0x10, 0xFF, 0x4A, 0x30, 0x18, 0xFF, 0x42, 0x30, 0x10, 0xFF,
    0x42, 0x30, 0x18, 0xFF, 0x4A, 0x30, 0x10, 0xFF, 0x42, 0x30, 0x18, 0xFF, 0x42, 0x30, 0x10, 0xFF,
    0x4A, 0x30, 0x18, 0xFF, 0x42, 0x30, 0x10, 0xFF, 0x42, 0x30, 0x18, 0xFF, 0x4A, 0x30, 0x10, 0xFF,
    0x42, 0x30, 0x18, 0xFF, 0x42, 0x30, 0x10, 0xFF, 0x4A, 0x30, 0x18, 0xFF, 0x42, 0x30, 0x10, 0xFF,
    0x42, 0x30, 0x18, 0xFF, 0x4A, 0x30, 0x10, 0xFF, 0x42, 0x30, 0x18, 0xFF, 0x42, 0x30, 0x10, 0xFF,
    0x4A, 0x30, 0x18, 0xFF, 0x42, 0x30, 0x10, 0xFF, 0x42, 0x30, 0x18, 0xFF, 0x4A, 0x30, 0x10, 0xFF,
    0x42, 0x30, 0x18, 0xFF, 0x42, 0x30, 0x10, 0xFF, 0x4A, 0x30, 0x18, 0xFF, 0x42, 0x30, 0x10, 0xFF,
    0x42, 0x30, 0x18, 0xFF, 0x4A, 0x30, 0x10, 0xFF, 0x42, 0x30, 0x18, 0xFF, 0x42, 0x30, 0x10, 0xFF,
    0x4A, 0x30, 0x18, 0xFF, 0x42, 0x30, 0x10, 0xFF, 0x42, 0x30, 0x18, 0xFF, 0x4A, 0x30, 0x10, 0xFF,
    0x42, 0x30, 0x18, 0xFF, 0x42, 0x30, 0x10, 0xFF, 0x4A, 0x30, 0x18, 0xFF, 0x42, 0x30, 0x10, 0xFF,
    0x42, 0x30, 0x18, 0xFF, 0x4A, 0x30, 0x10, 0xFF, 0x42, 0x30, 0x18, 0xFF, 0x42, 0x30, 0x10, 0xFF,
    0x4A, 0x30, 0x18, 0xFF, 0x42, 0x30, 0x10, 0xFF, 0x42, 0x30, 0x18, 0xFF, 0x4A, 0x30, 0x10, 0xFF,
    0x42, 0x30, 0x18, 0xFF, 0x42, 0x30, 0x10, 0xFF, 0x4A, 0x30, 0x18, 0xFF, 0x42, 0x30, 0x10, 0xFF,
    0x42, 0x30, 0x18, 0xFF, 0x4A, 0x30, 0x10, 0xFF, 0x42, 0x30, 0x18, 0xFF, 0x42, 0x30, 0x10, 0xFF,
    0x4A, 0x30, 0x18, 0xFF, 0x42, 0x30, 0x10, 0xFF, 0x42, 0x30, 0x18, 0xFF, 0x4A, 0x30, 0x10, 0xFF,
    0x42, 0x30, 0x18, 0xFF, 0x42, 0x30, 0x10, 0xFF, 0x4A, 0x30, 0x18, 0xFF, 0x42, 0x30, 0x10, 0xFF,
    0x42, 0x30, 0x18, 0xFF, 0x4A, 0x30, 0x10, 0xFF, 0x42, 0x30, 0x18, 0xFF, 0x42, 0x30, 0x10, 0xFF,
    0x4A, 0x30, 0x18, 0xFF, 0x42, 0x30, 0x10, 0xFF, 0x42, 0x30, 0x18, 0xFF, 0x4A, 0x30, 0x10, 0xFF,
    0x42, 0x30, 0x18, 0xFF, 0x42, 0x30, 0x10, 0xFF, 0x4A, 0x30, 0x18, 0xFF, 0x42, 0x30, 0x10, 0xFF,
    0x42, 0x30, 0x18, 0xFF, 0x4A, 0x30, 0x10, 0xFF, 0x42, 0x30, 0x18, 0xFF, 0x42, 0x30, 0x10, 0xFF,
    0x4A, 0x30, 0x18, 0xFF, 0x42, 0x30, 0x10, 0xFF, 0x42, 0x30, 0x18, 0xFF, 0x4A, 0x30, 0x10, 0xFF,
    0x42, 0x30, 0x18, 0xFF, 0x42, 0x30, 0x10, 0xFF, 0x4A, 0x30, 0x18, 0xFF, 0x42, 0x30, 0x10, 0xFF,
    0x42, 0x30, 0x18, 0xFF, 0x4A, 0x30, 0x10, 0xFF, 0x42, 0x30, 0x18, 0xFF, 0x42, 0x30, 0x10, 0xFF,
    0x4A, 0x30, 0x18, 0xFF, 0x42, 0x30, 0x10, 0xFF, 0x42, 0x30, 0x18, 0xFF, 0x4A, 0x30, 0x10, 0xFF,
    0x42, 0x30, 0x18, 0xFF, 0x42, 0x30, 0x10, 0xFF, 0x4A, 0x30, 0x18, 0xFF, 0x42, 0x30, 0x10, 0xFF,
    0x42, 0x30, 0x18, 0xFF, 0x4A, 0x30, 0x10, 0xFF, 0x42, 0x30, 0x18, 0xFF, 0x42, 0x30, 0x10, 0xFF,
    0x4A, 0x30, 0x18, 0xFF, 0x42, 0x30, 0x10, 0xFF, 0x42, 0x30, 0x18, 0xFF, 0x4A, 0x30, 0x10, 0xFF,
    0x42, 0x30, 0x18, 0xFF, 0x42, 0x30, 0x10, 0xFF, 0x4A, 0x30, 0x18, 0xFF, 0x42, 0x30, 0x10, 0xFF,
    0x42, 0x30, 0x18, 0xFF, 0x4A, 0x30, 0x10, 0xFF, 0x42, 0x30, 0x18, 0xFF, 0x42, 0x30, 0x10, 0xFF,
    0x4A, 0x30, 0x18, 0xFF, 0x42, 0x30, 0x10, 0xFF, 0x42, 0x30, 0x18, 0xFF, 0x4A, 0x30, 0x10, 0xFF,
    0x42, 0x30, 0x18, 0xFF, 0x42, 0x30, 0x10, 0xFF, 0x4A, 0x30, 0x18, 0xFF, 0x42, 0x30, 0x10, 0xFF,
    0x42, 0x30, 0x18, 0xFF, 0x4A, 0x30, 0x10, 0xFF, 0x42, 0x30, 0x18, 0xFF, 0x42, 0x30, 0x10, 0xFF,
    0x4A, 0x30, 0x18, 0xFF, 0x42, 0x30, 0x10, 0xFF, 0x42, 0x30, 0x18, 0xFF, 0x4A, 0x30, 0x10, 0xFF,
    0x42, 0x30, 0x18, 0xFF, 0x42, 0x30, 0x10, 0xFF, 0x4A, 0x30, 0x18, 0xFF, 0x42, 0x30, 0x10, 0xFF,
    0x42, 0x30, 0x18, 0xFF, 0x4A, 0x30, 0x10, 0xFF, 0x42, 0x30, 0x18, 0xFF, 0x42, 0x30, 0x10, 0xFF,
    0x4A, 0x30, 0x18, 0xFF, 0x42, 0x30, 0x10, 0xFF, 0x42, 0x30, 0x18, 0xFF, 0x42, 0x30, 0x10, 0xFF,
    0x42, 0x30, 0x10, 0xFF, 0x42, 0x30, 0x18, 0xFF, 0x4A, 0x30, 0x10, 0xFF, 0x42, 0x30, 0x18, 0xFF,
    0x42, 0x30, 0x10, 0xFF, 0x4A, 0x30, 0x18, 0xFF, 0x42, 0x30, 0x10, 0xFF, 0x42, 0x30, 0x18, 0xFF,
    0x4A, 0x30, 0x10, 0xFF, 0x42, 0x30, 0x18, 0xFF, 0x42, 0x30, 0x10, 0xFF, 0x4A, 0x30, 0x18, 0xFF,
    0x42, 0x30, 0x10, 0xFF, 0x42, 0x30, 0x18, 0xFF, 0x4A, 0x30, 0x10, 0xFF, 0x42, 0x30, 0x18, 0xFF,
    0x42, 0x30, 0x10, 0xFF, 0x4A, 0x30, 0x18, 0xFF, 0x42, 0x30, 0x10, 0xFF, 0x42, 0x30, 0x18, 0xFF,
    0x4A, 0x30, 0x10, 0xFF, 0x42, 0x30, 0x18, 0xFF, 0x42, 0x30, 0x10, 0xFF, 0x4A, 0x30, 0x18, 0xFF,
    0x42, 0x30, 0x10, 0xFF, 0x42, 0x30, 0x18, 0xFF, 0x4A, 0x30, 0x10, 0xFF, 0x42, 0x30, 0x18, 0xFF,
    0x42, 0x30, 0x10, 0xFF, 0x4A, 0x30, 0x18, 0xFF, 0x42, 0x30, 0x10, 0xFF, 0x42, 0x30, 0x18, 0xFF,
    0x4A, 0x30, 0x10, 0xFF, 0x42, 0x30, 0x18, 0xFF, 0x42, 0x30, 0x10, 0xFF, 0x4A, 0x30, 0x18, 0xFF,
    0x42, 0x30, 0x10, 0xFF, 0x42, 0x30, 0x18, 0xFF, 0x4A, 0x30, 0x10, 0xFF, 0x42, 0x30, 0x18, 0xFF,
    0x42, 0x30, 0x10, 0xFF, 0x4A, 0x30, 0x18, 0xFF, 0x42, 0x30, 0x10, 0xFF, 0x42, 0x30, 0x18, 0xFF,
    0x4A, 0x30, 0x10, 0xFF, 0x42, 0x30, 0x18, 0xFF, 0x42, 0x30, 0x10, 0xFF, 0x4A, 0x30, 0x18, 0xFF,
    0x42, 0x30, 0x10, 0xFF, 0x42, 0x30, 0x18, 0xFF, 0x4A, 0x30, 0x10, 0xFF, 0x42, 0x30, 0x18, 0xFF,
    0x42, 0x30, 0x10, 0xFF, 0x4A, 0x30, 0x18, 0xFF, 0x42, 0x30, 0x10, 0xFF, 0x42, 0x30, 0x18, 0xFF,
    0x4A, 0x30, 0x10, 0xFF, 0x42, 0x30, 0x18, 0xFF, 0x42, 0x30, 0x10, 0xFF, 0x4A, 0x30, 0x18, 0xFF,
    0x42, 0x30, 0x10, 0xFF, 0x42, 0x30, 0x18, 0xFF, 0x4A, 0x30, 0x10, 0xFF, 0x42, 0x30, 0x18, 0xFF,
    0x42, 0x30, 0x10, 0xFF, 0x4A, 0x30, 0x18, 0xFF, 0x42, 0x30, 0x10, 0xFF, 0x42, 0x30, 0x18, 0xFF,
    0x4A, 0x30, 0x10, 0xFF, 0x42, 0x30, 0x18, 0xFF, 0x42, 0x30, 0x10, 0xFF, 0x4A, 0x30, 0x18, 0xFF,
    0x42, 0x30, 0x10, 0xFF, 0x42, 0x30, 0x18, 0xFF, 0x4A, 0x30, 0x10, 0xFF, 0x42, 0x30, 0x18, 0xFF,
    0x42, 0x30, 0x10, 0xFF, 0x4A, 0x30, 0x18, 0xFF, 0x42, 0x30, 0x10, 0xFF, 0x42, 0x30, 0x18, 0xFF,
    0x4A, 0x30, 0x10, 0xFF, 0x42, 0x30, 0x18, 0xFF, 0x42, 0x30, 0x10, 0xFF, 0x4A, 0x30, 0x18, 0xFF,
    0x42, 0x30, 0x10, 0xFF, 0x42, 0x30, 0x18, 0xFF, 0x4A, 0x30, 0x10, 0xFF, 0x42, 0x30, 0x18, 0xFF,
    0x42, 0x30, 0x10, 0xFF, 0x4A, 0x30, 0x18, 0xFF, 0x42, 0x30, 0x10, 0xFF, 0x42, 0x30, 0x18, 0xFF,
    0x4A, 0x30, 0x10, 0xFF, 0x42, 0x30, 0x18, 0xFF, 0x42, 0x30, 0x10, 0xFF, 0x4A, 0x30, 0x18, 0xFF,
    0x42, 0x30, 0x10, 0xFF, 0x42, 0x30, 0x18, 0xFF, 0x4A, 0x30, 0x10, 0xFF, 0x42, 0x30, 0x18, 0xFF,
    0x42, 0x30, 0x10, 0xFF, 0x4A, 0x30, 0x18, 0xFF, 0x42, 0x30, 0x10, 0xFF, 0x42, 0x30, 0x18, 0xFF,
    0x4A, 0x30, 0x10, 0xFF, 0x42, 0x30, 0x18, 0xFF, 0x42, 0x30, 0x10, 0xFF, 0x4A, 0x30, 0x18, 0xFF,
    0x42, 0x30, 0x10, 0xFF, 0x42, 0x30, 0x18, 0xFF, 0x4A, 0x30, 0x10, 0xFF, 0x42, 0x30, 0x18, 0xFF,
    0x42, 0x30, 0x10, 0xFF, 0x4A, 0x30, 0x18, 0xFF, 0x42, 0x30, 0x10, 0xFF, 0x42, 0x30, 0x18, 0xFF,
    0x4A, 0x30, 0x10, 0xFF, 0x42, 0x30, 0x18, 0xFF, 0x42, 0x30, 0x10, 0xFF, 0x4A, 0x30, 0x18, 0xFF,
    0x42, 0x30, 0x10, 0xFF, 0x42, 0x30, 0x18, 0xFF, 0x4A, 0x30, 0x10, 0xFF, 0x42, 0x30, 0x18, 0xFF,
    0x42, 0x30, 0x10, 0xFF, 0x4A, 0x30, 0x18, 0xFF, 0x42, 0x30, 0x10, 0xFF, 0x4A, 0x30, 0x18, 0xFF,
    0x4A, 0x30, 0x10, 0xFF, 0x42, 0x30, 0x18, 0xFF, 0x42, 0x30, 0x10, 0xFF, 0x4A, 0x30, 0x18, 0xFF,
    0x42, 0x30, 0x10, 0xFF, 0x42, 0x30, 0x18, 0xFF, 0x4A, 0x30, 0x10, 0xFF, 0x42, 0x30, 0x10, 0xFF,
    0x42, 0x30, 0x18, 0xFF, 0x4A, 0x30, 0x10, 0xFF, 0x42, 0x30, 0x18, 0xFF, 0x42, 0x30, 0x10, 0xFF,
    0x4A, 0x30, 0x18, 0xFF, 0x42, 0x30, 0x10, 0xFF, 0x42, 0x30, 0x18, 0xFF, 0x4A, 0x30, 0x10, 0xFF,
    0x42, 0x30, 0x18, 0xFF, 0x42, 0x30, 0x10, 0xFF, 0x4A, 0x30, 0x18, 0xFF, 0x42, 0x30, 0x10, 0xFF,
    0x42, 0x30, 0x18, 0xFF, 0x4A, 0x30, 0x10, 0xFF, 0x42, 0x30, 0x18, 0xFF, 0x42, 0x30, 0x10, 0xFF,
    0x4A, 0x30, 0x18, 0xFF, 0x42, 0x30, 0x10, 0xFF, 0x42, 0x30, 0x18, 0xFF, 0x4A, 0x30, 0x10, 0xFF,
    0x42, 0x30, 0x18, 0xFF, 0x42, 0x30, 0x10, 0xFF, 0x4A, 0x30, 0x18, 0xFF, 0x42, 0x30, 0x10, 0xFF,
    0x42, 0x30, 0x18, 0xFF, 0x4A, 0x30, 0x10, 0xFF, 0x42, 0x30, 0x18, 0xFF, 0x42, 0x30, 0x10, 0xFF,
    0x4A, 0x30, 0x18, 0xFF, 0x42, 0x30, 0x10, 0xFF, 0x42, 0x30, 0x18, 0xFF, 0x4A, 0x30, 0x10, 0xFF,
    0x42, 0x30, 0x18, 0xFF, 0x42, 0x30, 0x10, 0xFF, 0x4A, 0x30, 0x18, 0xFF, 0x42, 0x30, 0x10, 0xFF,
    0x42, 0x30, 0x18, 0xFF, 0x4A, 0x30, 0x10, 0xFF, 0x42, 0x30, 0x18, 0xFF, 0x42, 0x30, 0x10, 0xFF,
    0x4A, 0x30, 0x18, 0xFF, 0x42, 0x30, 0x10, 0xFF, 0x42, 0x30, 0x18, 0xFF, 0x4A, 0x30, 0x10, 0xFF,
    0x42, 0x30, 0x18, 0xFF, 0x42, 0x30, 0x10, 0xFF, 0x4A, 0x30, 0x18, 0xFF, 0x42, 0x30, 0x10, 0xFF,
    0x42, 0x30, 0x18, 0xFF, 0x4A, 0x30, 0x10, 0xFF, 0x42, 0x30, 0x18, 0xFF, 0x42, 0x30, 0x10, 0xFF,
    0x4A, 0x30, 0x18, 0xFF, 0x42, 0x30, 0x10, 0xFF, 0x42, 0x30, 0x18, 0xFF, 0x4A, 0x30, 0x10, 0xFF,
    0x42, 0x30, 0x18, 0xFF, 0x42, 0x30, 0x10, 0xFF, 0x4A, 0x30, 0x18, 0xFF, 0x42, 0x30, 0x10, 0xFF,
    0x42, 0x30, 0x18, 0xFF, 0x4A, 0x30, 0x10, 0xFF, 0x42, 0x30, 0x18, 0xFF, 0x42, 0x30, 0x10, 0xFF,
    0x4A, 0x30, 0x18, 0xFF, 0x42, 0x30, 0x10, 0xFF, 0x42, 0x30, 0x18, 0xFF, 0x4A, 0x30, 0x10, 0xFF,
    0x42, 0x30, 0x18, 0xFF, 0x42, 0x30, 0x10, 0xFF, 0x4A, 0x30, 0x18, 0xFF, 0x42, 0x30, 0x10, 0xFF,
    0x42, 0x30, 0x18, 0xFF, 0x4A, 0x30, 0x10, 0xFF, 0x42, 0x30, 0x18, 0xFF, 0x42, 0x30, 0x10, 0xFF,
    0x4A, 0x30, 0x18, 0xFF, 0x42, 0x30, 0x10, 0xFF, 0x42, 0x30, 0x18, 0xFF, 0x4A, 0x30, 0x10, 0xFF,
    0x42, 0x30, 0x18, 0xFF, 0x42, 0x30, 0x10, 0xFF, 0x4A, 0x30, 0x18, 0xFF, 0x42, 0x30, 0x10, 0xFF,
    0x42, 0x30, 0x18, 0xFF, 0x4A, 0x30, 0x10, 0xFF, 0x42, 0x30, 0x18, 0xFF, 0x42, 0x30, 0x10, 0xFF,
    0x4A, 0x30, 0x18, 0xFF, 0x42, 0x30, 0x10, 0xFF, 0x42, 0x30, 0x18, 0xFF, 0x4A, 0x30, 0x10, 0xFF,
    0x42, 0x30, 0x18, 0xFF, 0x42, 0x30, 0x10, 0xFF, 0x4A, 0x30, 0x18, 0xFF, 0x42, 0x30, 0x10, 0xFF,
    0x42, 0x30, 0x18, 0xFF, 0x4A, 0x30, 0x10, 0xFF, 0x42, 0x30, 0x18, 0xFF, 0x42, 0x30, 0x10, 0xFF,
    0x4A, 0x30, 0x18, 0xFF, 0x42, 0x30, 0x10, 0xFF, 0x42, 0x30, 0x18, 0xFF, 0x4A, 0x30, 0x10, 0xFF,
    0x42, 0x30, 0x18, 0xFF, 0x42, 0x30, 0x10, 0xFF, 0x4A, 0x30, 0x18, 0xFF, 0x42, 0x30, 0x10, 0xFF,
    0x42, 0x30, 0x18, 0xFF, 0x4A, 0x30, 0x10, 0xFF, 0x42, 0x30, 0x18, 0xFF, 0x42, 0x30, 0x10, 0xFF,
    0x4A, 0x30, 0x18, 0xFF, 0x42, 0x30, 0x10, 0xFF, 0x42, 0x30, 0x18, 0xFF, 0x4A, 0x30, 0x10, 0xFF,
    0x42, 0x30, 0x18, 0xFF, 0x42, 0x30, 0x10, 0xFF, 0x42, 0x30, 0x18, 0xFF, 0x42, 0x30, 0x10, 0xFF,
    0x42, 0x30, 0x10, 0xFF, 0x42, 0x30, 0x18, 0xFF, 0x4A, 0x30, 0x10, 0xFF, 0x42, 0x30, 0x10, 0xFF,
    0x42, 0x30, 0x18, 0xFF, 0x4A, 0x30, 0x10, 0xFF, 0x42, 0x30, 0x18, 0xFF, 0x42, 0x30, 0x10, 0xFF,
    0x4A, 0x30, 0x10, 0xFF, 0x42, 0x30, 0x18, 0xFF, 0x42, 0x30, 0x10, 0xFF, 0x4A, 0x30, 0x10, 0xFF,
    0x42, 0x30, 0x18, 0xFF, 0x42, 0x30, 0x10, 0xFF, 0x4A, 0x30, 0x10, 0xFF, 0x42, 0x30, 0x10, 0xFF,
    0x42, 0x30, 0x18, 0xFF, 0x4A, 0x30, 0x10, 0xFF, 0x42, 0x30, 0x10, 0xFF, 0x42, 0x30, 0x10, 0xFF,
    0x4A, 0x30, 0x18, 0xFF, 0x42, 0x30, 0x10, 0xFF, 0x42, 0x30, 0x10, 0xFF, 0x4A, 0x30, 0x10, 0xFF,
    0x42, 0x30, 0x18, 0xFF, 0x42, 0x30, 0x10, 0xFF, 0x4A, 0x30, 0x10, 0xFF, 0x42, 0x30, 0x10, 0xFF,
    0x42, 0x30, 0x18, 0xFF, 0x4A, 0x30, 0x10, 0xFF, 0x42, 0x30, 0x10, 0xFF, 0x42, 0x30, 0x10, 0xFF,
    0x4A, 0x30, 0x18, 0xFF, 0x42, 0x30, 0x10, 0xFF, 0x42, 0x30, 0x10, 0xFF, 0x4A, 0x30, 0x10, 0xFF,
    0x42, 0x30, 0x18, 0xFF, 0x42, 0x30, 0x10, 0xFF, 0x4A, 0x30, 0x10, 0xFF, 0x42, 0x30, 0x10, 0xFF,
    0x42, 0x30, 0x18, 0xFF, 0x4A, 0x30, 0x10, 0xFF, 0x42, 0x30, 0x10, 0xFF, 0x42, 0x30, 0x10, 0xFF,
    0x4A, 0x30, 0x18, 0xFF, 0x42, 0x30, 0x10, 0xFF, 0x42, 0x30, 0x10, 0xFF, 0x4A, 0x30, 0x10, 0xFF,
    0x42, 0x30, 0x18, 0xFF, 0x42, 0x30, 0x10, 0xFF, 0x4A, 0x30, 0x10, 0xFF, 0x42, 0x30, 0x10, 0xFF,
    0x42, 0x30, 0x18, 0xFF, 0x4A, 0x30, 0x10, 0xFF, 0x42, 0x30, 0x10, 0xFF, 0x42, 0x30, 0x10, 0xFF,
    0x4A, 0x30, 0x18, 0xFF, 0x42, 0x30, 0x10, 0xFF, 0x42, 0x30, 0x10, 0xFF, 0x4A, 0x30, 0x10, 0xFF,
    0x42, 0x30, 0x18, 0xFF, 0x42, 0x30, 0x10, 0xFF, 0x4A, 0x30, 0x10, 0xFF, 0x42, 0x30, 0x10, 0xFF,
    0x42, 0x30, 0x18, 0xFF, 0x4A, 0x30, 0x10, 0xFF, 0x42, 0x30, 0x10, 0xFF, 0x42, 0x30, 0x10, 0xFF,
    0x4A, 0x30, 0x18, 0xFF, 0x42, 0x30, 0x10, 0xFF, 0x42, 0x30, 0x10, 0xFF, 0x4A, 0x30, 0x10, 0xFF,
    0x42, 0x30, 0x18, 0xFF, 0x42, 0x30, 0x10, 0xFF, 0x4A, 0x30, 0x10, 0xFF, 0x42, 0x30, 0x10, 0xFF,
    0x42, 0x30, 0x18, 0xFF, 0x4A, 0x30, 0x10, 0xFF, 0x42, 0x30, 0x10, 0xFF, 0x42, 0x30, 0x10, 0xFF,
    0x4A, 0x30, 0x18, 0xFF, 0x42, 0x30, 0x10, 0xFF, 0x42, 0x30, 0x10, 0xFF, 0x4A, 0x30, 0x10, 0xFF,
    0x42, 0x30, 0x18, 0xFF, 0x42, 0x30, 0x10, 0xFF, 0x4A, 0x30, 0x10, 0xFF, 0x42, 0x30, 0x10, 0xFF,
    0x42, 0x30, 0x18, 0xFF, 0x4A, 0x30, 0x10, 0xFF, 0x42, 0x30, 0x10, 0xFF, 0x42, 0x30, 0x10, 0xFF,
    0x4A, 0x30, 0x18, 0xFF, 0x42, 0x30, 0x10, 0xFF, 0x42, 0x30, 0x10, 0xFF, 0x4A, 0x30, 0x10, 0xFF,
    0x42, 0x30, 0x18, 0xFF, 0x42, 0x30, 0x10, 0xFF, 0x4A, 0x30, 0x10, 0xFF, 0x42, 0x30, 0x10, 0xFF,
    0x42, 0x30, 0x18, 0xFF, 0x4A, 0x30, 0x10, 0xFF, 0x42, 0x30, 0x10, 0xFF, 0x42, 0x30, 0x10, 0xFF,
    0x4A, 0x30, 0x18, 0xFF, 0x42, 0x30, 0x10, 0xFF, 0x42, 0x30, 0x10, 0xFF, 0x4A, 0x30, 0x10, 0xFF,
    0x42, 0x30, 0x18, 0xFF, 0x42, 0x30, 0x10, 0xFF, 0x4A, 0x30, 0x10, 0xFF, 0x42, 0x30, 0x10, 0xFF,
    0x42, 0x30, 0x18, 0xFF, 0x4A, 0x30, 0x10, 0xFF, 0x42, 0x30, 0x10, 0xFF, 0x42, 0x30, 0x10, 0xFF,
    0x4A, 0x30, 0x18, 0xFF, 0x42, 0x30, 0x10, 0xFF, 0x42, 0x30, 0x10, 0xFF, 0x4A, 0x30, 0x10, 0xFF,
    0x42, 0x30, 0x18, 0xFF, 0x42, 0x30, 0x10, 0xFF, 0x4A, 0x30, 0x10, 0xFF, 0x42, 0x30, 0x10, 0xFF,
    0x42, 0x30, 0x18, 0xFF, 0x4A, 0x30, 0x10, 0xFF, 0x42, 0x30, 0x10, 0xFF, 0x4A, 0x30, 0x18, 0xFF,
    0x42, 0x30, 0x10, 0xFF, 0x42, 0x2C, 0x10, 0xFF, 0x42, 0x30, 0x18, 0xFF, 0x42, 0x2C, 0x10, 0xFF,
    0x42, 0x30, 0x10, 0xFF, 0x42, 0x2C, 0x10, 0xFF, 0x42, 0x30, 0x10, 0xFF, 0x42, 0x2C, 0x18, 0xFF,
    0x42, 0x30, 0x10, 0xFF, 0x42, 0x2C, 0x10, 0xFF, 0x42, 0x30, 0x10, 0xFF, 0x42, 0x2C, 0x18, 0xFF,
    0x42, 0x30, 0x10, 0xFF, 0x42, 0x2C, 0x10, 0xFF, 0x42, 0x30, 0x18, 0xFF, 0x42, 0x2C, 0x10, 0xFF,
    0x42, 0x30, 0x10, 0xFF, 0x42, 0x2C, 0x10, 0xFF, 0x42, 0x30, 0x18, 0xFF, 0x42, 0x2C, 0x10, 0xFF,
    0x42, 0x30, 0x10, 0xFF, 0x42, 0x2C, 0x10, 0xFF, 0x42, 0x30, 0x18, 0xFF, 0x42, 0x2C, 0x10, 0xFF,
    0x42, 0x30, 0x10, 0xFF, 0x42, 0x2C, 0x10, 0xFF, 0x42, 0x30, 0x18, 0xFF, 0x42, 0x2C, 0x10, 0xFF,
    0x42, 0x30, 0x10, 0xFF, 0x42, 0x2C, 0x10, 0xFF, 0x42, 0x30, 0x18, 0xFF, 0x42, 0x2C, 0x10, 0xFF,
    0x42, 0x30, 0x10, 0xFF, 0x42, 0x2C, 0x10, 0xFF, 0x42, 0x30, 0x18, 0xFF, 0x42, 0x2C, 0x10, 0xFF,
    0x42, 0x30, 0x10, 0xFF, 0x42, 0x2C, 0x10, 0xFF, 0x42, 0x30, 0x18, 0xFF, 0x42, 0x2C, 0x10, 0xFF,
    0x42, 0x30, 0x10, 0xFF, 0x42, 0x2C, 0x10, 0xFF, 0x42, 0x30, 0x18, 0xFF, 0x42, 0x2C, 0x10, 0xFF,
    0x42, 0x30, 0x10, 0xFF, 0x42, 0x2C, 0x10, 0xFF, 0x42, 0x30, 0x18, 0xFF, 0x42, 0x2C, 0x10, 0xFF,
    0x42, 0x30, 0x10, 0xFF, 0x42, 0x2C, 0x10, 0xFF, 0x42, 0x30, 0x18, 0xFF, 0x42, 0x2C, 0x10, 0xFF,
    0x42, 0x30, 0x10, 0xFF, 0x42, 0x2C, 0x10, 0xFF, 0x42, 0x30, 0x18, 0xFF, 0x42, 0x2C, 0x10, 0xFF,
    0x42, 0x30, 0x10, 0xFF, 0x42, 0x2C, 0x10, 0xFF, 0x42, 0x30, 0x18, 0xFF, 0x42, 0x2C, 0x10, 0xFF,
    0x42, 0x30, 0x10, 0xFF, 0x42, 0x2C, 0x10, 0xFF, 0x42, 0x30, 0x18, 0xFF, 0x42, 0x2C, 0x10, 0xFF,
    0x42, 0x30, 0x10, 0xFF, 0x42, 0x2C, 0x10, 0xFF, 0x42, 0x30, 0x18, 0xFF, 0x42, 0x2C, 0x10, 0xFF,
    0x42, 0x30, 0x10, 0xFF, 0x42, 0x2C, 0x10, 0xFF, 0x42, 0x30, 0x18, 0xFF, 0x42, 0x2C, 0x10, 0xFF,
    0x42, 0x30, 0x10, 0xFF, 0x42, 0x2C, 0x10, 0xFF, 0x42, 0x30, 0x18, 0xFF, 0x42, 0x2C, 0x10, 0xFF,
    0x42, 0x30, 0x10, 0xFF, 0x42, 0x2C, 0x10, 0xFF, 0x42, 0x30, 0x18, 0xFF, 0x42, 0x2C, 0x10, 0xFF,
    0x42, 0x30, 0x10, 0xFF, 0x42, 0x2C, 0x10, 0xFF, 0x42, 0x30, 0x18, 0xFF, 0x42, 0x2C, 0x10, 0xFF,
    0x42, 0x30, 0x10, 0xFF, 0x42, 0x2C, 0x10, 0xFF, 0x42, 0x30, 0x18, 0xFF, 0x42, 0x2C, 0x10, 0xFF,
    0x42, 0x30, 0x10, 0xFF, 0x42, 0x2C, 0x10, 0xFF, 0x42, 0x30, 0x18, 0xFF, 0x42, 0x2C, 0x10, 0xFF,
    0x42, 0x30, 0x10, 0xFF, 0x42, 0x2C, 0x10, 0xFF, 0x42, 0x30, 0x18, 0xFF, 0x42, 0x2C, 0x10, 0xFF,
    0x42, 0x30, 0x10, 0xFF, 0x42, 0x2C, 0x10, 0xFF, 0x42, 0x30, 0x18, 0xFF, 0x42, 0x2C, 0x10, 0xFF,
    0x42, 0x30, 0x10, 0xFF, 0x42, 0x2C, 0x10, 0xFF, 0x42, 0x30, 0x18, 0xFF, 0x42, 0x2C, 0x10, 0xFF,
    0x42, 0x30, 0x10, 0xFF, 0x42, 0x2C, 0x10, 0xFF, 0x42, 0x30, 0x18, 0xFF, 0x42, 0x2C, 0x10, 0xFF,
    0x42, 0x30, 0x10, 0xFF, 0x42, 0x2C, 0x10, 0xFF, 0x42, 0x30, 0x18, 0xFF, 0x42, 0x2C, 0x10, 0xFF,
    0x42, 0x30, 0x10, 0xFF, 0x42, 0x2C, 0x10, 0xFF, 0x42, 0x30, 0x18, 0xFF, 0x42, 0x2C, 0x10, 0xFF,
    0x42, 0x30, 0x10, 0xFF, 0x42, 0x2C, 0x10, 0xFF, 0x42, 0x30, 0x18, 0xFF, 0x42, 0x2C, 0x10, 0xFF,
    0x42, 0x30, 0x10, 0xFF, 0x42, 0x2C, 0x10, 0xFF, 0x42, 0x30, 0x18, 0xFF, 0x42, 0x2C, 0x10, 0xFF,
    0x42, 0x30, 0x10, 0xFF, 0x42, 0x2C, 0x10, 0xFF, 0x42, 0x30, 0x18, 0xFF, 0x42, 0x2C, 0x10, 0xFF,
    0x42, 0x30, 0x10, 0xFF, 0x4A, 0x2C, 0x18, 0xFF, 0x42, 0x30, 0x10, 0xFF, 0x4A, 0x30, 0x10, 0xFF,
    0x42, 0x2C, 0x18, 0xFF, 0x42, 0x30, 0x10, 0xFF, 0x4A, 0x30, 0x10, 0xFF, 0x42, 0x2C, 0x10, 0xFF,
    0x42, 0x30, 0x10, 0xFF, 0x4A, 0x30, 0x18, 0xFF, 0x42, 0x2C, 0x10, 0xFF, 0x42, 0x30, 0x10, 0xFF,
    0x4A, 0x30, 0x10, 0xFF, 0x42, 0x2C, 0x18, 0xFF, 0x42, 0x30, 0x10, 0xFF, 0x4A, 0x30, 0x10, 0xFF,
    0x42, 0x2C, 0x18, 0xFF, 0x42, 0x30, 0x10, 0xFF, 0x4A, 0x30, 0x10, 0xFF, 0x42, 0x2C, 0x18, 0xFF,
    0x42, 0x30, 0x10, 0xFF, 0x4A, 0x30, 0x18, 0xFF, 0x42, 0x2C, 0x10, 0xFF, 0x42, 0x30, 0x10, 0xFF,
    0x4A, 0x30, 0x18, 0xFF, 0x42, 0x2C, 0x10, 0xFF, 0x42, 0x30, 0x10, 0xFF, 0x4A, 0x30, 0x18, 0xFF,
    0x42, 0x2C, 0x10, 0xFF, 0x42, 0x30, 0x18, 0xFF, 0x4A, 0x30, 0x10, 0xFF, 0x42, 0x2C, 0x10, 0xFF,
    0x42, 0x30, 0x18, 0xFF, 0x4A, 0x30, 0x10, 0xFF, 0x42, 0x2C, 0x10, 0xFF, 0x42, 0x30, 0x18, 0xFF,
    0x4A, 0x30, 0x10, 0xFF, 0x42, 0x2C, 0x18, 0xFF, 0x42, 0x30, 0x10, 0xFF, 0x4A, 0x30, 0x10, 0xFF,
    0x42, 0x2C, 0x18, 0xFF, 0x42, 0x30, 0x10, 0xFF, 0x4A, 0x30, 0x10, 0xFF, 0x42, 0x2C, 0x18, 0xFF,
    0x42, 0x30, 0x10, 0xFF, 0x4A, 0x30, 0x18, 0xFF, 0x42, 0x2C, 0x10, 0xFF, 0x42, 0x30, 0x10, 0xFF,
    0x4A, 0x30, 0x18, 0xFF, 0x42, 0x2C, 0x10, 0xFF, 0x42, 0x30, 0x10, 0xFF, 0x4A, 0x30, 0x18, 0xFF,
    0x42, 0x2C, 0x10, 0xFF, 0x42, 0x30, 0x18, 0xFF, 0x4A, 0x30, 0x10, 0xFF, 0x42, 0x2C, 0x10, 0xFF,
    0x42, 0x30, 0x18, 0xFF, 0x4A, 0x30, 0x10, 0xFF, 0x42, 0x2C, 0x10, 0xFF, 0x42, 0x30, 0x18, 0xFF,
    0x4A, 0x30, 0x10, 0xFF, 0x42, 0x2C, 0x18, 0xFF, 0x42, 0x30, 0x10, 0xFF, 0x4A, 0x30, 0x10, 0xFF,
    0x42, 0x2C, 0x18, 0xFF, 0x42, 0x30, 0x10, 0xFF, 0x4A, 0x30, 0x10, 0xFF, 0x42, 0x2C, 0x18, 0xFF,
    0x42, 0x30, 0x10, 0xFF, 0x4A, 0x30, 0x18, 0xFF, 0x42, 0x2C, 0x10, 0xFF, 0x42, 0x30, 0x10, 0xFF,
    0x4A, 0x30, 0x18, 0xFF, 0x42, 0x2C, 0x10, 0xFF, 0x42, 0x30, 0x10, 0xFF, 0x4A, 0x30, 0x18, 0xFF,
    0x42, 0x2C, 0x10, 0xFF, 0x42, 0x30, 0x18, 0xFF, 0x4A, 0x30, 0x10, 0xFF, 0x42, 0x2C, 0x10, 0xFF,
    0x42, 0x30, 0x18, 0xFF, 0x4A, 0x30, 0x10, 0xFF, 0x42, 0x2C, 0x10, 0xFF, 0x42, 0x30, 0x18, 0xFF,
    0x4A, 0x30, 0x10, 0xFF, 0x42, 0x2C, 0x18, 0xFF, 0x42, 0x30, 0x10, 0xFF, 0x4A, 0x30, 0x10, 0xFF,
    0x42, 0x2C, 0x18, 0xFF, 0x42, 0x30, 0x10, 0xFF, 0x4A, 0x30, 0x10, 0xFF, 0x42, 0x2C, 0x18, 0xFF,
    0x42, 0x30, 0x10, 0xFF, 0x4A, 0x30, 0x18, 0xFF, 0x42, 0x2C, 0x10, 0xFF, 0x42, 0x30, 0x10, 0xFF,
    0x4A, 0x30, 0x18, 0xFF, 0x42, 0x2C, 0x10, 0xFF, 0x42, 0x30, 0x10, 0xFF, 0x4A, 0x30, 0x18, 0xFF,
    0x42, 0x2C, 0x10, 0xFF, 0x42, 0x30, 0x18, 0xFF, 0x4A, 0x30, 0x10, 0xFF, 0x42, 0x2C, 0x10, 0xFF,
    0x42, 0x30, 0x18, 0xFF, 0x4A, 0x30, 0x10, 0xFF, 0x42, 0x2C, 0x10, 0xFF, 0x42, 0x30, 0x18, 0xFF,
    0x4A, 0x30, 0x10, 0xFF, 0x42, 0x2C, 0x18, 0xFF, 0x42, 0x30, 0x10, 0xFF, 0x4A, 0x30, 0x10, 0xFF,
    0x42, 0x2C, 0x18, 0xFF, 0x42, 0x30, 0x10, 0xFF, 0x4A, 0x30, 0x10, 0xFF, 0x42, 0x2C, 0x18, 0xFF,
    0x42, 0x30, 0x10, 0xFF, 0x4A, 0x30, 0x18, 0xFF, 0x42, 0x2C, 0x10, 0xFF, 0x42, 0x30, 0x10, 0xFF,
    0x4A, 0x30, 0x18, 0xFF, 0x42, 0x2C, 0x10, 0xFF, 0x42, 0x30, 0x10, 0xFF, 0x4A, 0x30, 0x18, 0xFF,
    0x42, 0x2C, 0x10, 0xFF, 0x4A, 0x30, 0x18, 0xFF, 0x42, 0x30, 0x10, 0xFF, 0x42, 0x30, 0x10, 0xFF,
    0x42, 0x30, 0x10, 0xFF, 0x42, 0x30, 0x10, 0xFF, 0x42, 0x2C, 0x10, 0xFF, 0x42, 0x30, 0x10, 0xFF,
    0x42, 0x30, 0x10, 0xFF, 0x42, 0x2C, 0x10, 0xFF, 0x42, 0x30, 0x18, 0xFF, 0x42, 0x30, 0x10, 0xFF,
    0x42, 0x2C, 0x10, 0xFF, 0x42, 0x30, 0x10, 0xFF, 0x42, 0x30, 0x10, 0xFF, 0x42, 0x2C, 0x18, 0xFF,
    0x42, 0x30, 0x10, 0xFF, 0x42, 0x30, 0x10, 0xFF, 0x42, 0x2C, 0x10, 0xFF, 0x42, 0x30, 0x10, 0xFF,
    0x42, 0x30, 0x10, 0xFF, 0x42, 0x2C, 0x10, 0xFF, 0x42, 0x30, 0x10, 0xFF, 0x42, 0x30, 0x10, 0xFF,
    0x42, 0x2C, 0x10, 0xFF, 0x42, 0x30, 0x10, 0xFF, 0x42, 0x30, 0x10, 0xFF, 0x42, 0x2C, 0x10, 0xFF,
    0x42, 0x30, 0x10, 0xFF, 0x42, 0x30, 0x10, 0xFF, 0x42, 0x2C, 0x10, 0xFF, 0x42, 0x30, 0x10, 0xFF,
    0x42, 0x30, 0x10, 0xFF, 0x42, 0x2C, 0x10, 0xFF, 0x42, 0x30, 0x10, 0xFF, 0x42, 0x30, 0x10, 0xFF,
    0x42, 0x2C, 0x10, 0xFF, 0x42, 0x30, 0x10, 0xFF, 0x42, 0x30, 0x10, 0xFF, 0x42, 0x2C, 0x10, 0xFF,
    0x42, 0x30, 0x10, 0xFF, 0x42, 0x30, 0x10, 0xFF, 0x42, 0x2C, 0x10, 0xFF, 0x42, 0x30, 0x10, 0xFF,
    0x42, 0x30, 0x10, 0xFF, 0x42, 0x2C, 0x10, 0xFF, 0x42, 0x30, 0x10, 0xFF, 0x42, 0x30, 0x10, 0xFF,
    0x42, 0x2C, 0x10, 0xFF, 0x42, 0x30, 0x10, 0xFF, 0x42, 0x30, 0x10, 0xFF, 0x42, 0x2C, 0x10, 0xFF,
    0x42, 0x30, 0x10, 0xFF, 0x42, 0x30, 0x10, 0xFF, 0x42, 0x2C, 0x10, 0xFF, 0x42, 0x30, 0x10, 0xFF,
    0x42, 0x30, 0x10, 0xFF, 0x42, 0x2C, 0x10, 0xFF, 0x42, 0x30, 0x10, 0xFF, 0x42, 0x30, 0x10, 0xFF,
    0x42, 0x2C, 0x10, 0xFF, 0x42, 0x30, 0x10, 0xFF, 0x42, 0x30, 0x10, 0xFF, 0x42, 0x2C, 0x10, 0xFF,
    0x42, 0x30, 0x10, 0xFF, 0x42, 0x30, 0x10, 0xFF, 0x42, 0x2C, 0x10, 0xFF, 0x42, 0x30, 0x10, 0xFF,
    0x42, 0x30, 0x10, 0xFF, 0x42, 0x2C, 0x10, 0xFF, 0x42, 0x30, 0x10, 0xFF, 0x42, 0x30, 0x10, 0xFF,
    0x42, 0x2C, 0x10, 0xFF, 0x42, 0x30, 0x10, 0xFF, 0x42, 0x30, 0x10, 0xFF, 0x42, 0x2C, 0x10, 0xFF,
    0x42, 0x30, 0x10, 0xFF, 0x42, 0x30, 0x10, 0xFF, 0x42, 0x2C, 0x10, 0xFF, 0x42, 0x30, 0x10, 0xFF,
    0x42, 0x30, 0x10, 0xFF, 0x42, 0x2C, 0x10, 0xFF, 0x42, 0x30, 0x10, 0xFF, 0x42, 0x30, 0x10, 0xFF,
    0x42, 0x2C, 0x10, 0xFF, 0x42, 0x30, 0x10, 0xFF, 0x42, 0x30, 0x10, 0xFF, 0x42, 0x2C, 0x10, 0xFF,
    0x42, 0x30, 0x10, 0xFF, 0x42, 0x30, 0x10, 0xFF, 0x42, 0x2C, 0x10, 0xFF, 0x42, 0x30, 0x10, 0xFF,
    0x42, 0x30, 0x10, 0xFF, 0x42, 0x2C, 0x10, 0xFF, 0x42, 0x30, 0x10, 0xFF, 0x42, 0x30, 0x10, 0xFF,
    0x42, 0x2C, 0x10, 0xFF, 0x42, 0x30, 0x10, 0xFF, 0x42, 0x30, 0x10, 0xFF, 0x42, 0x2C, 0x10, 0xFF,
    0x42, 0x30, 0x10, 0xFF, 0x42, 0x30, 0x10, 0xFF, 0x42, 0x2C, 0x10, 0xFF, 0x42, 0x30, 0x10, 0xFF,
    0x42, 0x30, 0x10, 0xFF, 0x42, 0x2C, 0x10, 0xFF, 0x42, 0x30, 0x10, 0xFF, 0x42, 0x30, 0x10, 0xFF,
    0x42, 0x2C, 0x10, 0xFF, 0x42, 0x30, 0x10, 0xFF, 0x42, 0x30, 0x10, 0xFF, 0x42, 0x2C, 0x10, 0xFF,
    0x42, 0x30, 0x10, 0xFF, 0x42, 0x30, 0x10, 0xFF, 0x42, 0x2C, 0x10, 0xFF, 0x42, 0x30, 0x10, 0xFF,
    0x42, 0x30, 0x10, 0xFF, 0x42, 0x2C, 0x10, 0xFF, 0x42, 0x30, 0x10, 0xFF, 0x42, 0x30, 0x10, 0xFF,
    0x42, 0x2C, 0x10, 0xFF, 0x42, 0x30, 0x10, 0xFF, 0x42, 0x30, 0x10, 0xFF, 0x42, 0x2C, 0x10, 0xFF,
    0x42, 0x30, 0x10, 0xFF, 0x42, 0x30, 0x10, 0xFF, 0x42, 0x2C, 0x10, 0xFF, 0x42, 0x30, 0x10, 0xFF,
    0x42, 0x30, 0x10, 0xFF, 0x42, 0x2C, 0x10, 0xFF, 0x42, 0x30, 0x10, 0xFF, 0x4A, 0x2C, 0x10, 0xFF,
    0x42, 0x2C, 0x10, 0xFF, 0x4A, 0x2C, 0x10, 0xFF, 0x42, 0x30, 0x10, 0xFF, 0x42, 0x2C, 0x18, 0xFF,
    0x4A, 0x2C, 0x10, 0xFF, 0x42, 0x30, 0x10, 0xFF, 0x42, 0x2C, 0x10, 0xFF, 0x4A, 0x2C, 0x10, 0xFF,
    0x42, 0x30, 0x10, 0xFF, 0x42, 0x2C, 0x18, 0xFF, 0x4A, 0x2C, 0x10, 0xFF, 0x42, 0x30, 0x10, 0xFF,
    0x42, 0x2C, 0x10, 0xFF, 0x4A, 0x2C, 0x10, 0xFF, 0x42, 0x30, 0x10, 0xFF, 0x42, 0x2C, 0x18, 0xFF,
    0x4A, 0x2C, 0x10, 0xFF, 0x42, 0x30, 0x18, 0xFF, 0x42, 0x2C, 0x10, 0xFF, 0x4A, 0x2C, 0x10, 0xFF,
    0x42, 0x30, 0x18, 0xFF, 0x42, 0x2C, 0x10, 0xFF, 0x4A, 0x2C, 0x10, 0xFF, 0x42, 0x30, 0x18, 0xFF,
    0x42, 0x2C, 0x10, 0xFF, 0x4A, 0x2C, 0x18, 0xFF, 0x42, 0x30, 0x10, 0xFF, 0x42, 0x2C, 0x10, 0xFF,
    0x4A, 0x2C, 0x18, 0xFF, 0x42, 0x30, 0x10, 0xFF, 0x42, 0x2C, 0x10, 0xFF, 0x4A, 0x2C, 0x18, 0xFF,
    0x42, 0x30, 0x10, 0xFF, 0x42, 0x2C, 0x18, 0xFF, 0x4A, 0x2C, 0x10, 0xFF, 0x42, 0x30, 0x10, 0xFF,
    0x42, 0x2C, 0x18, 0xFF, 0x4A, 0x2C, 0x10, 0xFF, 0x42, 0x30, 0x10, 0xFF, 0x42, 0x2C, 0x18, 0xFF,
    0x4A, 0x2C, 0x10, 0xFF, 0x42, 0x30, 0x18, 0xFF, 0x42, 0x2C, 0x10, 0xFF, 0x4A, 0x2C, 0x10, 0xFF,
    0x42, 0x30, 0x18, 0xFF, 0x42, 0x2C, 0x10, 0xFF, 0x4A, 0x2C, 0x10, 0xFF, 0x42, 0x30, 0x18, 0xFF,
    0x42, 0x2C, 0x10, 0xFF, 0x4A, 0x2C, 0x18, 0xFF, 0x42, 0x30, 0x10, 0xFF, 0x42, 0x2C, 0x10, 0xFF,
    0x4A, 0x2C, 0x18, 0xFF, 0x42, 0x30, 0x10, 0xFF, 0x42, 0x2C, 0x10, 0xFF, 0x4A, 0x2C, 0x18, 0xFF,
    0x42, 0x30, 0x10, 0xFF, 0x42, 0x2C, 0x18, 0xFF, 0x4A, 0x2C, 0x10, 0xFF, 0x42, 0x30, 0x10, 0xFF,
    0x42, 0x2C, 0x18, 0xFF, 0x4A, 0x2C, 0x10, 0xFF, 0x42, 0x30, 0x10, 0xFF, 0x42, 0x2C, 0x18, 0xFF,
    0x4A, 0x2C, 0x10, 0xFF, 0x42, 0x30, 0x18, 0xFF, 0x42, 0x2C, 0x10, 0xFF, 0x4A, 0x2C, 0x10, 0xFF,
    0x42, 0x30, 0x18, 0xFF, 0x42, 0x2C, 0x10, 0xFF, 0x4A, 0x2C, 0x10, 0xFF, 0x42, 0x30, 0x18, 0xFF,
    0x42, 0x2C, 0x10, 0xFF, 0x4A, 0x2C, 0x18, 0xFF, 0x42, 0x30, 0x10, 0xFF, 0x42, 0x2C, 0x10, 0xFF,
    0x4A, 0x2C, 0x18, 0xFF, 0x42, 0x30, 0x10, 0xFF, 0x42, 0x2C, 0x10, 0xFF, 0x4A, 0x2C, 0x18, 0xFF,
    0x42, 0x30, 0x10, 0xFF, 0x42, 0x2C, 0x18, 0xFF, 0x4A, 0x2C, 0x10, 0xFF, 0x42, 0x30, 0x10, 0xFF,
    0x42, 0x2C, 0x18, 0xFF, 0x4A, 0x2C, 0x10, 0xFF, 0x42, 0x30, 0x10, 0xFF, 0x42, 0x2C, 0x18, 0xFF,
    0x4A, 0x2C, 0x10, 0xFF, 0x42, 0x30, 0x18, 0xFF, 0x42, 0x2C, 0x10, 0xFF, 0x4A, 0x2C, 0x10, 0xFF,
    0x42, 0x30, 0x18, 0xFF, 0x42, 0x2C, 0x10, 0xFF, 0x4A, 0x2C, 0x10, 0xFF, 0x42, 0x30, 0x18, 0xFF,
    0x42, 0x2C, 0x10, 0xFF, 0x4A, 0x2C, 0x18, 0xFF, 0x42, 0x30, 0x10, 0xFF, 0x42, 0x2C, 0x10, 0xFF,
    0x4A, 0x2C, 0x18, 0xFF, 0x42, 0x30, 0x10, 0xFF, 0x42, 0x2C, 0x10, 0xFF, 0x4A, 0x2C, 0x18, 0xFF,
    0x42, 0x30, 0x10, 0xFF, 0x42, 0x2C, 0x18, 0xFF, 0x4A, 0x2C, 0x10, 0xFF, 0x42, 0x30, 0x10, 0xFF,
    0x42, 0x2C, 0x18, 0xFF, 0x4A, 0x2C, 0x10, 0xFF, 0x42, 0x30, 0x10, 0xFF, 0x42, 0x2C, 0x18, 0xFF,
    0x4A, 0x2C, 0x10, 0xFF, 0x42, 0x30, 0x18, 0xFF, 0x42, 0x2C, 0x10, 0xFF, 0x4A, 0x2C, 0x10, 0xFF,
    0x42, 0x30, 0x18, 0xFF, 0x42, 0x2C, 0x10, 0xFF, 0x4A, 0x2C, 0x10, 0xFF, 0x42, 0x30, 0x18, 0xFF,
    0x42, 0x2C, 0x10, 0xFF, 0x4A, 0x2C, 0x18, 0xFF, 0x42, 0x30, 0x10, 0xFF, 0x42, 0x2C, 0x10, 0xFF,
    0x4A, 0x2C, 0x18, 0xFF, 0x42, 0x30, 0x10, 0xFF, 0x42, 0x2C, 0x10, 0xFF, 0x42, 0x30, 0x10, 0xFF,
    0x42, 0x30, 0x10, 0xFF, 0x42, 0x2C, 0x18, 0xFF, 0x42, 0x2C, 0x10, 0xFF, 0x42, 0x30, 0x10, 0xFF,
    0x42, 0x2C, 0x10, 0xFF, 0x42, 0x2C, 0x10, 0xFF, 0x42, 0x30, 0x18, 0xFF, 0x42, 0x2C, 0x10, 0xFF,
    0x42, 0x2C, 0x10, 0xFF, 0x42, 0x30, 0x10, 0xFF, 0x42, 0x2C, 0x10, 0xFF, 0x42, 0x2C, 0x10, 0xFF,
    0x42, 0x30, 0x10, 0xFF, 0x42, 0x2C, 0x18, 0xFF, 0x42, 0x2C, 0x10, 0xFF, 0x42, 0x30, 0x10, 0xFF,
    0x42, 0x2C, 0x10, 0xFF, 0x42, 0x2C, 0x10, 0xFF, 0x42, 0x30, 0x10, 0xFF, 0x42, 0x2C, 0x10, 0xFF,
    0x42, 0x2C, 0x10, 0xFF, 0x42, 0x30, 0x10, 0xFF, 0x42, 0x2C, 0x10, 0xFF, 0x42, 0x2C, 0x10, 0xFF,
    0x42, 0x30, 0x10, 0xFF, 0x42, 0x2C, 0x10, 0xFF, 0x42, 0x2C, 0x10, 0xFF, 0x42, 0x30, 0x10, 0xFF,
    0x42, 0x2C, 0x10, 0xFF, 0x42, 0x2C, 0x10, 0xFF, 0x42, 0x30, 0x10, 0xFF, 0x42, 0x2C, 0x10, 0xFF,
    0x42, 0x2C, 0x10, 0xFF, 0x42, 0x30, 0x10, 0xFF, 0x42, 0x2C, 0x10, 0xFF, 0x42, 0x2C, 0x10, 0xFF,
    0x42, 0x30, 0x10, 0xFF, 0x42, 0x2C, 0x10, 0xFF, 0x42, 0x2C, 0x10, 0xFF, 0x42, 0x30, 0x10, 0xFF,
    0x42, 0x2C, 0x10, 0xFF, 0x42, 0x2C, 0x10, 0xFF, 0x42, 0x30, 0x10, 0xFF, 0x42, 0x2C, 0x10, 0xFF,
    0x42, 0x2C, 0x10, 0xFF, 0x42, 0x30, 0x10, 0xFF, 0x42, 0x2C, 0x10, 0xFF, 0x42, 0x2C, 0x10, 0xFF,
    0x42, 0x30, 0x10, 0xFF, 0x42, 0x2C, 0x10, 0xFF, 0x42, 0x2C, 0x10, 0xFF, 0x42, 0x30, 0x10, 0xFF,
    0x42, 0x2C, 0x10, 0xFF, 0x42, 0x2C, 0x10, 0xFF, 0x42, 0x30, 0x10, 0xFF, 0x42, 0x2C, 0x10, 0xFF,
    0x42, 0x2C, 0x10, 0xFF, 0x42, 0x30, 0x10, 0xFF, 0x42, 0x2C, 0x10, 0xFF, 0x42, 0x2C, 0x10, 0xFF,
    0x42, 0x30, 0x10, 0xFF, 0x42, 0x2C, 0x10, 0xFF, 0x42, 0x2C, 0x10, 0xFF, 0x42, 0x30, 0x10, 0xFF,
    0x42, 0x2C, 0x10, 0xFF, 0x42, 0x2C, 0x10, 0xFF, 0x42, 0x30, 0x10, 0xFF, 0x42, 0x2C, 0x10, 0xFF,
    0x42, 0x2C, 0x10, 0xFF, 0x42, 0x30, 0x10, 0xFF, 0x42, 0x2C, 0x10, 0xFF, 0x42, 0x2C, 0x10, 0xFF,
    0x42, 0x30, 0x10, 0xFF, 0x42, 0x2C, 0x10, 0xFF, 0x42, 0x2C, 0x10, 0xFF, 0x42, 0x30, 0x10, 0xFF,
    0x42, 0x2C, 0x10, 0xFF, 0x42, 0x2C, 0x10, 0xFF, 0x42, 0x30, 0x10, 0xFF, 0x42, 0x2C, 0x10, 0xFF,
    0x42, 0x2C, 0x10, 0xFF, 0x42, 0x30, 0x10, 0xFF, 0x42, 0x2C, 0x10, 0xFF, 0x42, 0x2C, 0x10, 0xFF,
    0x42, 0x30, 0x10, 0xFF, 0x42, 0x2C, 0x10, 0xFF, 0x42, 0x2C, 0x10, 0xFF, 0x42, 0x30, 0x10, 0xFF,
    0x42, 0x2C, 0x10, 0xFF, 0x42, 0x2C, 0x10, 0xFF, 0x42, 0x30, 0x10, 0xFF, 0x42, 0x2C, 0x10, 0xFF,
    0x42, 0x2C, 0x10, 0xFF, 0x42, 0x30, 0x10, 0xFF, 0x42, 0x2C, 0x10, 0xFF, 0x42, 0x2C, 0x10, 0xFF,
    0x42, 0x30, 0x10, 0xFF, 0x42, 0x2C, 0x10, 0xFF, 0x42, 0x2C, 0x10, 0xFF, 0x42, 0x30, 0x10, 0xFF,
    0x42, 0x2C, 0x10, 0xFF, 0x42, 0x2C, 0x10, 0xFF, 0x42, 0x30, 0x10, 0xFF, 0x42, 0x2C, 0x10, 0xFF,
    0x42, 0x2C, 0x10, 0xFF, 0x42, 0x30, 0x10, 0xFF, 0x42, 0x2C, 0x10, 0xFF, 0x42, 0x2C, 0x10, 0xFF,
    0x42, 0x30, 0x10, 0xFF, 0x42, 0x2C, 0x10, 0xFF, 0x42, 0x2C, 0x10, 0xFF, 0x42, 0x30, 0x10, 0xFF,
    0x42, 0x2C, 0x10, 0xFF, 0x42, 0x2C, 0x10, 0xFF, 0x42, 0x30, 0x10, 0xFF, 0x42, 0x2C, 0x10, 0xFF,
    0x42, 0x2C, 0x10, 0xFF, 0x42, 0x30, 0x10, 0xFF, 0x42, 0x2C, 0x10, 0xFF, 0x42, 0x2C, 0x10, 0xFF,
    0x42, 0x30, 0x10, 0xFF, 0x42, 0x2C, 0x10, 0xFF, 0x42, 0x2C, 0x10, 0xFF, 0x42, 0x30, 0x10, 0xFF,
    0x42, 0x2C, 0x10, 0xFF, 0x42, 0x2C, 0x10, 0xFF, 0x4A, 0x2C, 0x18, 0xFF, 0x42, 0x2C, 0x10, 0xFF,
    0x42, 0x2C, 0x10, 0xFF, 0x4A, 0x30, 0x10, 0xFF, 0x42, 0x2C, 0x10, 0xFF, 0x42, 0x30, 0x10, 0xFF,
    0x4A, 0x2C, 0x10, 0xFF, 0x42, 0x30, 0x10, 0xFF, 0x42, 0x2C, 0x10, 0xFF, 0x4A, 0x30, 0x10, 0xFF,
    0x42, 0x2C, 0x10, 0xFF, 0x42, 0x30, 0x10, 0xFF, 0x4A, 0x2C, 0x10, 0xFF, 0x42, 0x30, 0x10, 0xFF,
    0x42, 0x2C, 0x10, 0xFF, 0x4A, 0x30, 0x10, 0xFF, 0x42, 0x2C, 0x10, 0xFF, 0x42, 0x30, 0x10, 0xFF,
    0x4A, 0x2C, 0x10, 0xFF, 0x42, 0x30, 0x10, 0xFF, 0x42, 0x2C, 0x10, 0xFF, 0x4A, 0x30, 0x10, 0xFF,
    0x42, 0x2C, 0x10, 0xFF, 0x42, 0x30, 0x10, 0xFF, 0x4A, 0x2C, 0x10, 0xFF, 0x42, 0x30, 0x10, 0xFF,
    0x42, 0x2C, 0x10, 0xFF, 0x4A, 0x30, 0x10, 0xFF, 0x42, 0x2C, 0x10, 0xFF, 0x42, 0x30, 0x10, 0xFF,
    0x4A, 0x2C, 0x10, 0xFF, 0x42, 0x30, 0x10, 0xFF, 0x42, 0x2C, 0x10, 0xFF, 0x4A, 0x30, 0x10, 0xFF,
    0x42, 0x2C, 0x10, 0xFF, 0x42, 0x30, 0x10, 0xFF, 0x4A, 0x2C, 0x10, 0xFF, 0x42, 0x30, 0x10, 0xFF,
    0x42, 0x2C, 0x10, 0xFF, 0x4A, 0x30, 0x10, 0xFF, 0x42, 0x2C, 0x10, 0xFF, 0x42, 0x30, 0x10, 0xFF,
    0x4A, 0x2C, 0x10, 0xFF, 0x42, 0x30, 0x10, 0xFF, 0x42, 0x2C, 0x10, 0xFF, 0x4A, 0x30, 0x10, 0xFF,
    0x42, 0x2C, 0x10, 0xFF, 0x42, 0x30, 0x10, 0xFF, 0x4A, 0x2C, 0x10, 0xFF, 0x42, 0x30, 0x10, 0xFF,
    0x42, 0x2C, 0x10, 0xFF, 0x4A, 0x30, 0x10, 0xFF, 0x42, 0x2C, 0x10, 0xFF, 0x42, 0x30, 0x10, 0xFF,
    0x4A, 0x2C, 0x10, 0xFF, 0x42, 0x30, 0x10, 0xFF, 0x42, 0x2C, 0x10, 0xFF, 0x4A, 0x30, 0x10, 0xFF,
    0x42, 0x2C, 0x10, 0xFF, 0x42, 0x30, 0x10, 0xFF, 0x4A, 0x2C, 0x10, 0xFF, 0x42, 0x30, 0x10, 0xFF,
    0x42, 0x2C, 0x10, 0xFF, 0x4A, 0x30, 0x10, 0xFF, 0x42, 0x2C, 0x10, 0xFF, 0x42, 0x30, 0x10, 0xFF,
    0x4A, 0x2C, 0x10, 0xFF, 0x42, 0x30, 0x10, 0xFF, 0x42, 0x2C, 0x10, 0xFF, 0x4A, 0x30, 0x10, 0xFF,
    0x42, 0x2C, 0x10, 0xFF, 0x42, 0x30, 0x10, 0xFF, 0x4A, 0x2C, 0x10, 0xFF, 0x42, 0x30, 0x10, 0xFF,
    0x42, 0x2C, 0x10, 0xFF, 0x4A, 0x30, 0x10, 0xFF, 0x42, 0x2C, 0x10, 0xFF, 0x42, 0x30, 0x10, 0xFF,
    0x4A, 0x2C, 0x10, 0xFF, 0x42, 0x30, 0x10, 0xFF, 0x42, 0x2C, 0x10, 0xFF, 0x4A, 0x30, 0x10, 0xFF,
    0x42, 0x2C, 0x10, 0xFF, 0x42, 0x30, 0x10, 0xFF, 0x4A, 0x2C, 0x10, 0xFF, 0x42, 0x30, 0x10, 0xFF,
    0x42, 0x2C, 0x10, 0xFF, 0x4A, 0x30, 0x10, 0xFF, 0x42, 0x2C, 0x10, 0xFF, 0x42, 0x30, 0x10, 0xFF,
    0x4A, 0x2C, 0x10, 0xFF, 0x42, 0x30, 0x10, 0xFF, 0x42, 0x2C, 0x10, 0xFF, 0x4A, 0x30, 0x10, 0xFF,
    0x42, 0x2C, 0x10, 0xFF, 0x42, 0x30, 0x10, 0xFF, 0x4A, 0x2C, 0x10, 0xFF, 0x42, 0x30, 0x10, 0xFF,
    0x42, 0x2C, 0x10, 0xFF, 0x4A, 0x30, 0x10, 0xFF, 0x42, 0x2C, 0x10, 0xFF, 0x42, 0x30, 0x10, 0xFF,
    0x4A, 0x2C, 0x10, 0xFF, 0x42, 0x30, 0x10, 0xFF, 0x42, 0x2C, 0x10, 0xFF, 0x4A, 0x30, 0x10, 0xFF,
    0x42, 0x2C, 0x10, 0xFF, 0x42, 0x30, 0x10, 0xFF, 0x4A, 0x2C, 0x10, 0xFF, 0x42, 0x30, 0x10, 0xFF,
    0x42, 0x2C, 0x10, 0xFF, 0x4A, 0x30, 0x10, 0xFF, 0x42, 0x2C, 0x10, 0xFF, 0x42, 0x30, 0x10, 0xFF,
    0x4A, 0x2C, 0x10, 0xFF, 0x42, 0x30, 0x10, 0xFF, 0x42, 0x2C, 0x10, 0xFF, 0x4A, 0x30, 0x10, 0xFF,
    0x42, 0x2C, 0x10, 0xFF, 0x42, 0x30, 0x10, 0xFF, 0x4A, 0x2C, 0x10, 0xFF, 0x42, 0x30, 0x10, 0xFF,
    0x42, 0x2C, 0x10, 0xFF, 0x4A, 0x30, 0x10, 0xFF, 0x42, 0x2C, 0x10, 0xFF, 0x42, 0x30, 0x10, 0xFF,
    0x4A, 0x2C, 0x10, 0xFF, 0x42, 0x30, 0x10, 0xFF, 0x42, 0x30, 0x10, 0xFF, 0x42, 0x2C, 0x10, 0xFF,
    0x42, 0x2C, 0x10, 0xFF, 0x42, 0x2C, 0x10, 0xFF, 0x42, 0x2C, 0x10, 0xFF, 0x42, 0x2C, 0x10, 0xFF,
    0x42, 0x2C, 0x10, 0xFF, 0x42, 0x2C, 0x10, 0xFF, 0x42, 0x2C, 0x10, 0xFF, 0x42, 0x2C, 0x10, 0xFF,
    0x42, 0x2C, 0x10, 0xFF, 0x42, 0x2C, 0x10, 0xFF, 0x42, 0x2C, 0x10, 0xFF, 0x42, 0x2C, 0x10, 0xFF,
    0x42, 0x2C, 0x10, 0xFF, 0x42, 0x2C, 0x10, 0xFF, 0x42, 0x2C, 0x10, 0xFF, 0x42, 0x2C, 0x10, 0xFF,
    0x42, 0x2C, 0x10, 0xFF, 0x42, 0x2C, 0x10, 0xFF, 0x42, 0x2C, 0x10, 0xFF, 0x42, 0x2C, 0x18, 0xFF,
    0x42, 0x2C, 0x10, 0xFF, 0x42, 0x2C, 0x10, 0xFF, 0x42, 0x2C, 0x10, 0xFF, 0x42, 0x2C, 0x10, 0xFF,
    0x42, 0x2C, 0x10, 0xFF, 0x42, 0x2C, 0x10, 0xFF, 0x42, 0x2C, 0x10, 0xFF, 0x42, 0x2C, 0x18, 0xFF,
    0x42, 0x2C, 0x10, 0xFF, 0x42, 0x2C, 0x10, 0xFF, 0x42, 0x2C, 0x10, 0xFF, 0x42, 0x2C, 0x10, 0xFF,
    0x42, 0x2C, 0x10, 0xFF, 0x42, 0x2C, 0x10, 0xFF, 0x42, 0x2C, 0x10, 0xFF, 0x42, 0x2C, 0x18, 0xFF,
    0x42, 0x2C, 0x10, 0xFF, 0x42, 0x2C, 0x10, 0xFF, 0x42, 0x2C, 0x10, 0xFF, 0x42, 0x2C, 0x10, 0xFF,
    0x42, 0x2C, 0x10, 0xFF, 0x42, 0x2C, 0x10, 0xFF, 0x42, 0x2C, 0x10, 0xFF, 0x42, 0x2C, 0x18, 0xFF,
    0x42, 0x2C, 0x10, 0xFF, 0x42, 0x2C, 0x10, 0xFF, 0x42, 0x2C, 0x10, 0xFF, 0x42, 0x2C, 0x10, 0xFF,
    0x42, 0x2C, 0x10, 0xFF, 0x42, 0x2C, 0x10, 0xFF, 0x42, 0x2C, 0x10, 0xFF, 0x42, 0x2C, 0x18, 0xFF,
    0x42, 0x2C, 0x10, 0xFF, 0x42, 0x2C, 0x10, 0xFF, 0x42, 0x2C, 0x10, 0xFF, 0x42, 0x2C, 0x10, 0xFF,
    0x42, 0x2C, 0x10, 0xFF, 0x42, 0x2C, 0x10, 0xFF, 0x42, 0x2C, 0x10, 0xFF, 0x42, 0x2C, 0x18, 0xFF,
    0x42, 0x2C, 0x10, 0xFF, 0x42, 0x2C, 0x10, 0xFF, 0x42, 0x2C, 0x10, 0xFF, 0x42, 0x2C, 0x10, 0xFF,
    0x42, 0x2C, 0x10, 0xFF, 0x42, 0x2C, 0x10, 0xFF, 0x42, 0x2C, 0x10, 0xFF, 0x42, 0x2C, 0x18, 0xFF,
    0x42, 0x2C, 0x10, 0xFF, 0x42, 0x2C, 0x10, 0xFF, 0x42, 0x2C, 0x10, 0xFF, 0x42, 0x2C, 0x10, 0xFF,
    0x42, 0x2C, 0x10, 0xFF, 0x42, 0x2C, 0x10, 0xFF, 0x42, 0x2C, 0x10, 0xFF, 0x42, 0x2C, 0x18, 0xFF,
    0x42, 0x2C, 0x10, 0xFF, 0x42, 0x2C, 0x10, 0xFF, 0x42, 0x2C, 0x10, 0xFF, 0x42, 0x2C, 0x10, 0xFF,
    0x42, 0x2C, 0x10, 0xFF, 0x42, 0x2C, 0x10, 0xFF, 0x42, 0x2C, 0x10, 0xFF, 0x42, 0x2C, 0x18, 0xFF,
    0x42, 0x2C, 0x10, 0xFF, 0x42, 0x2C, 0x10, 0xFF, 0x42, 0x2C, 0x10, 0xFF, 0x42, 0x2C, 0x10, 0xFF,
    0x42, 0x2C, 0x10, 0xFF, 0x42, 0x2C, 0x10, 0xFF, 0x42, 0x2C, 0x10, 0xFF, 0x42, 0x2C, 0x18, 0xFF,
    0x42, 0x2C, 0x10, 0xFF, 0x42, 0x2C, 0x10, 0xFF, 0x42, 0x2C, 0x10, 0xFF, 0x42, 0x2C, 0x10, 0xFF,
    0x42, 0x2C, 0x10, 0xFF, 0x42, 0x2C, 0x10, 0xFF, 0x42, 0x2C, 0x10, 0xFF, 0x42, 0x2C, 0x18, 0xFF,
    0x42, 0x2C, 0x10, 0xFF, 0x42, 0x2C, 0x10, 0xFF, 0x42, 0x2C, 0x10, 0xFF, 0x42, 0x2C, 0x10, 0xFF,
    0x42, 0x2C, 0x10, 0xFF, 0x42, 0x2C, 0x10, 0xFF, 0x42, 0x2C, 0x10, 0xFF, 0x42, 0x2C, 0x18, 0xFF,
    0x42, 0x2C, 0x10, 0xFF, 0x42, 0x2C, 0x10, 0xFF, 0x42, 0x2C, 0x10, 0xFF, 0x42, 0x2C, 0x10, 0xFF,
    0x42, 0x2C, 0x10, 0xFF, 0x42, 0x2C, 0x10, 0xFF, 0x42, 0x2C, 0x10, 0xFF, 0x42, 0x2C, 0x18, 0xFF,
    0x42, 0x2C, 0x10, 0xFF, 0x42, 0x2C, 0x10, 0xFF, 0x42, 0x2C, 0x10, 0xFF, 0x42, 0x2C, 0x10, 0xFF,
    0x42, 0x2C, 0x10, 0xFF, 0x42, 0x2C, 0x10, 0xFF, 0x42, 0x2C, 0x10, 0xFF, 0x42, 0x2C, 0x18, 0xFF,
    0x42, 0x2C, 0x10, 0xFF, 0x42, 0x2C, 0x10, 0xFF, 0x42, 0x2C, 0x10, 0xFF, 0x42, 0x2C, 0x10, 0xFF,
    0x42, 0x2C, 0x10, 0xFF, 0x42, 0x2C, 0x10, 0xFF, 0x42, 0x2C, 0x10, 0xFF, 0x42, 0x2C, 0x10, 0xFF,
    0x42, 0x2C, 0x10, 0xFF, 0x42, 0x2C, 0x10, 0xFF, 0x42, 0x2C, 0x10, 0xFF, 0x42, 0x2C, 0x10, 0xFF,
    0x42, 0x2C, 0x10, 0xFF, 0x42, 0x2C, 0x10, 0xFF, 0x42, 0x2C, 0x10, 0xFF, 0x42, 0x2C, 0x10, 0xFF,
    0x42, 0x2C, 0x10, 0xFF, 0x42, 0x2C, 0x10, 0xFF, 0x42, 0x2C, 0x10, 0xFF, 0x42, 0x2C, 0x10, 0xFF,
    0x42, 0x2C, 0x10, 0xFF, 0x42, 0x2C, 0x10, 0xFF, 0x42, 0x2C, 0x10, 0xFF, 0x42, 0x2C, 0x10, 0xFF,
    0x42, 0x2C, 0x10, 0xFF, 0x42, 0x2C, 0x10, 0xFF, 0x42, 0x2C, 0x10, 0xFF, 0x42, 0x2C, 0x10, 0xFF,
    0x42, 0x2C, 0x10, 0xFF, 0x42, 0x2C, 0x10, 0xFF, 0x42, 0x2C, 0x10, 0xFF, 0x42, 0x2C, 0x10, 0xFF,
    0x42, 0x2C, 0x10, 0xFF, 0x42, 0x2C, 0x10, 0xFF, 0x42, 0x2C, 0x10, 0xFF, 0x42, 0x2C, 0x10, 0xFF,
    0x42, 0x2C, 0x10, 0xFF, 0x42, 0x2C, 0x10, 0xFF, 0x42, 0x2C, 0x10, 0xFF, 0x42, 0x2C, 0x10, 0xFF,
    0x42, 0x2C, 0x10, 0xFF, 0x42, 0x2C, 0x10, 0xFF, 0x42, 0x2C, 0x10, 0xFF, 0x42, 0x2C, 0x10, 0xFF,
    0x42, 0x2C, 0x10, 0xFF, 0x42, 0x2C, 0x10, 0xFF, 0x42, 0x2C, 0x10, 0xFF, 0x42, 0x2C, 0x10, 0xFF,
    0x42, 0x2C, 0x10, 0xFF, 0x42, 0x2C, 0x10, 0xFF, 0x42, 0x2C, 0x10, 0xFF, 0x42, 0x2C, 0x10, 0xFF,
    0x42, 0x2C, 0x10, 0xFF, 0x42, 0x2C, 0x10, 0xFF, 0x42, 0x2C, 0x10, 0xFF, 0x42, 0x2C, 0x10, 0xFF,
    0x42, 0x2C, 0x10, 0xFF, 0x42, 0x2C, 0x10, 0xFF, 0x42, 0x2C, 0x10, 0xFF, 0x42, 0x2C, 0x10, 0xFF,
    0x42, 0x2C, 0x10, 0xFF, 0x42, 0x2C, 0x10, 0xFF, 0x42, 0x2C, 0x10, 0xFF, 0x42, 0x2C, 0x10, 0xFF,
    0x42, 0x2C, 0x10, 0xFF, 0x42, 0x2C, 0x10, 0xFF, 0x42, 0x2C, 0x10, 0xFF, 0x42, 0x2C, 0x10, 0xFF,
    0x42, 0x2C, 0x10, 0xFF, 0x42, 0x2C, 0x10, 0xFF, 0x42, 0x2C, 0x10, 0xFF, 0x42, 0x2C, 0x10, 0xFF,
    0x42, 0x2C, 0x10, 0xFF, 0x42, 0x2C, 0x10, 0xFF, 0x42, 0x2C, 0x10, 0xFF, 0x42, 0x2C, 0x10, 0xFF,
    0x42, 0x2C, 0x10, 0xFF, 0x42, 0x2C, 0x10, 0xFF, 0x42, 0x2C, 0x10, 0xFF, 0x42, 0x2C, 0x10, 0xFF,
    0x42, 0x2C, 0x10, 0xFF, 0x42, 0x2C, 0x10, 0xFF, 0x42, 0x2C, 0x10, 0xFF, 0x42, 0x2C, 0x10, 0xFF,
    0x42, 0x2C, 0x10, 0xFF, 0x42, 0x2C, 0x10, 0xFF, 0x42, 0x2C, 0x10, 0xFF, 0x42, 0x2C, 0x10, 0xFF,
    0x42, 0x2C, 0x10, 0xFF, 0x42, 0x2C, 0x10, 0xFF, 0x42, 0x2C, 0x10, 0xFF, 0x42, 0x2C, 0x10, 0xFF,
    0x42, 0x2C, 0x10, 0xFF, 0x42, 0x2C, 0x10, 0xFF, 0x42, 0x2C, 0x10, 0xFF, 0x42, 0x2C, 0x10, 0xFF,
    0x42, 0x2C, 0x10, 0xFF, 0x42, 0x2C, 0x10, 0xFF, 0x42, 0x2C, 0x10, 0xFF, 0x42, 0x2C, 0x10, 0xFF,
    0x42, 0x2C, 0x10, 0xFF, 0x42, 0x2C, 0x10, 0xFF, 0x42, 0x2C, 0x10, 0xFF, 0x42, 0x2C, 0x10, 0xFF,
    0x42, 0x2C, 0x10, 0xFF, 0x42, 0x2C, 0x10, 0xFF, 0x42, 0x2C, 0x10, 0xFF, 0x42, 0x2C, 0x10, 0xFF,
    0x42, 0x2C, 0x10, 0xFF, 0x42, 0x2C, 0x10, 0xFF, 0x42, 0x2C, 0x10, 0xFF, 0x42, 0x2C, 0x10, 0xFF,
    0x42, 0x2C, 0x10, 0xFF, 0x42, 0x2C, 0x10, 0xFF, 0x42, 0x2C, 0x10, 0xFF, 0x42, 0x2C, 0x10, 0xFF,
    0x42, 0x2C, 0x10, 0xFF, 0x42, 0x2C, 0x10, 0xFF, 0x42, 0x2C, 0x10, 0xFF, 0x42, 0x2C, 0x10, 0xFF,
    0x42, 0x2C, 0x10, 0xFF, 0x42, 0x2C, 0x10, 0xFF, 0x42, 0x2C, 0x10, 0xFF, 0x42, 0x2C, 0x10, 0xFF,
    0x42, 0x2C, 0x10, 0xFF, 0x42, 0x2C, 0x10, 0xFF, 0x42, 0x2C, 0x10, 0xFF, 0x42, 0x2C, 0x10, 0xFF,
    0x42, 0x2C, 0x10, 0xFF, 0x42, 0x2C, 0x10, 0xFF, 0x42, 0x2C, 0x10, 0xFF, 0x42, 0x2C, 0x10, 0xFF,
    0x42, 0x2C, 0x10, 0xFF, 0x42, 0x30, 0x10, 0xFF, 0x42, 0x2C, 0x10, 0xFF, 0x42, 0x2C, 0x10, 0xFF,
    0x42, 0x30, 0x10, 0xFF, 0x42, 0x2C, 0x10, 0xFF, 0x42, 0x2C, 0x10, 0xFF, 0x42, 0x30, 0x10, 0xFF,
    0x42, 0x2C, 0x10, 0xFF, 0x42, 0x2C, 0x10, 0xFF, 0x42, 0x30, 0x10, 0xFF, 0x42, 0x2C, 0x10, 0xFF,
    0x42, 0x2C, 0x10, 0xFF, 0x42, 0x30, 0x10, 0xFF, 0x42, 0x2C, 0x10, 0xFF, 0x42, 0x2C, 0x10, 0xFF,
    0x42, 0x30, 0x10, 0xFF, 0x42, 0x2C, 0x10, 0xFF, 0x42, 0x2C, 0x10, 0xFF, 0x42, 0x30, 0x10, 0xFF,
    0x42, 0x2C, 0x10, 0xFF, 0x42, 0x2C, 0x10, 0xFF, 0x42, 0x30, 0x10, 0xFF, 0x42, 0x2C, 0x10, 0xFF,
    0x42, 0x2C, 0x10, 0xFF, 0x42, 0x30, 0x10, 0xFF, 0x42, 0x2C, 0x10, 0xFF, 0x42, 0x2C, 0x10, 0xFF,
    0x42, 0x30, 0x10, 0xFF, 0x42, 0x2C, 0x10, 0xFF, 0x42, 0x2C, 0x10, 0xFF, 0x42, 0x30, 0x10, 0xFF,
    0x42, 0x2C, 0x10, 0xFF, 0x42, 0x2C, 0x10, 0xFF, 0x42, 0x30, 0x10, 0xFF, 0x42, 0x2C, 0x10, 0xFF,
    0x42, 0x2C, 0x10, 0xFF, 0x42, 0x30, 0x10, 0xFF, 0x42, 0x2C, 0x10, 0xFF, 0x42, 0x2C, 0x10, 0xFF,
    0x42, 0x30, 0x10, 0xFF, 0x42, 0x2C, 0x10, 0xFF, 0x42, 0x2C, 0x10, 0xFF, 0x42, 0x30, 0x10, 0xFF,
    0x42, 0x2C, 0x10, 0xFF, 0x42, 0x2C, 0x10, 0xFF, 0x42, 0x30, 0x10, 0xFF, 0x42, 0x2C, 0x10, 0xFF,
    0x42, 0x2C, 0x10, 0xFF, 0x42, 0x30, 0x10, 0xFF, 0x42, 0x2C, 0x10, 0xFF, 0x42, 0x2C, 0x10, 0xFF,
    0x42, 0x30, 0x10, 0xFF, 0x42, 0x2C, 0x10, 0xFF, 0x42, 0x2C, 0x10, 0xFF, 0x42, 0x30, 0x10, 0xFF,
    0x42, 0x2C, 0x10, 0xFF, 0x42, 0x2C, 0x10, 0xFF, 0x42, 0x30, 0x10, 0xFF, 0x42, 0x2C, 0x10, 0xFF,
    0x42, 0x2C, 0x10, 0xFF, 0x42, 0x30, 0x10, 0xFF, 0x42, 0x2C, 0x10, 0xFF, 0x42, 0x2C, 0x10, 0xFF,
    0x42, 0x30, 0x10, 0xFF, 0x42, 0x2C, 0x10, 0xFF, 0x42, 0x2C, 0x10, 0xFF, 0x42, 0x30, 0x10, 0xFF,
    0x42, 0x2C, 0x10, 0xFF, 0x42, 0x2C, 0x10, 0xFF, 0x42, 0x30, 0x10, 0xFF, 0x42, 0x2C, 0x10, 0xFF,
    0x42, 0x2C, 0x10, 0xFF, 0x42, 0x30, 0x10, 0xFF, 0x42, 0x2C, 0x10, 0xFF, 0x42, 0x2C, 0x10, 0xFF,
    0x42, 0x30, 0x10, 0xFF, 0x42, 0x2C, 0x10, 0xFF, 0x42, 0x2C, 0x10, 0xFF, 0x42, 0x30, 0x10, 0xFF,
    0x42, 0x2C, 0x10, 0xFF, 0x42, 0x2C, 0x10, 0xFF, 0x42, 0x30, 0x10, 0xFF, 0x42, 0x2C, 0x10, 0xFF,
    0x42, 0x2C, 0x10, 0xFF, 0x42, 0x30, 0x10, 0xFF, 0x42, 0x2C, 0x10, 0xFF, 0x42, 0x2C, 0x10, 0xFF,
    0x42, 0x30, 0x10, 0xFF, 0x42, 0x2C, 0x10, 0xFF, 0x42, 0x2C, 0x10, 0xFF, 0x42, 0x30, 0x10, 0xFF,
    0x42, 0x2C, 0x10, 0xFF, 0x42, 0x2C, 0x10, 0xFF, 0x42, 0x30, 0x10, 0xFF, 0x42, 0x2C, 0x10, 0xFF,
    0x42, 0x2C, 0x10, 0xFF, 0x42, 0x30, 0x10, 0xFF, 0x42, 0x2C, 0x10, 0xFF, 0x42, 0x2C, 0x10, 0xFF,
    0x42, 0x30, 0x10, 0xFF, 0x42, 0x2C, 0x10, 0xFF, 0x42, 0x2C, 0x10, 0xFF, 0x42, 0x30, 0x10, 0xFF,
    0x42, 0x2C, 0x10, 0xFF, 0x42, 0x2C, 0x10, 0xFF, 0x42, 0x30, 0x10, 0xFF, 0x42, 0x2C, 0x10, 0xFF,
    0x42, 0x2C, 0x10, 0xFF, 0x42, 0x30, 0x10, 0xFF, 0x42, 0x2C, 0x10, 0xFF, 0x42, 0x2C, 0x10, 0xFF,
    0x42, 0x30, 0x10, 0xFF, 0x42, 0x2C, 0x10, 0xFF, 0x42, 0x2C, 0x10, 0xFF, 0x42, 0x30, 0x10, 0xFF,
    0x42, 0x2C, 0x10, 0xFF, 0x42, 0x2C, 0x10, 0xFF, 0x42, 0x30, 0x10, 0xFF, 0x42, 0x2C, 0x10, 0xFF,
    0x42, 0x2C, 0x10, 0xFF, 0x42, 0x30, 0x10, 0xFF, 0x42, 0x2C, 0x10, 0xFF, 0x42, 0x2C, 0x10, 0xFF,
    0x42, 0x30, 0x10, 0xFF, 0x42, 0x2C, 0x10, 0xFF, 0x42, 0x2C, 0x10, 0xFF, 0x42, 0x2C, 0x10, 0xFF,
    0x42, 0x2C, 0x10, 0xFF, 0x42, 0x2C, 0x10, 0xFF, 0x42, 0x2C, 0x10, 0xFF, 0x42, 0x2C, 0x10, 0xFF,
    0x42, 0x2C, 0x10, 0xFF, 0x42, 0x2C, 0x10, 0xFF, 0x42, 0x2C, 0x10, 0xFF, 0x42, 0x2C, 0x10, 0xFF,
    0x42, 0x2C, 0x10, 0xFF, 0x42, 0x2C, 0x10, 0xFF, 0x42, 0x2C, 0x10, 0xFF, 0x42, 0x2C, 0x10, 0xFF,
    0x42, 0x2C, 0x10, 0xFF, 0x42, 0x2C, 0x10, 0xFF, 0x42, 0x2C, 0x10, 0xFF, 0x42, 0x2C, 0x10, 0xFF,
    0x42, 0x2C, 0x10, 0xFF, 0x42, 0x2C, 0x10, 0xFF, 0x42, 0x2C, 0x10, 0xFF, 0x42, 0x2C, 0x10, 0xFF,
    0x42, 0x2C, 0x10, 0xFF, 0x42, 0x2C, 0x10, 0xFF, 0x42, 0x2C, 0x10, 0xFF, 0x42, 0x2C, 0x10, 0xFF,
    0x42, 0x2C, 0x10, 0xFF, 0x42, 0x2C, 0x10, 0xFF, 0x42, 0x2C, 0x10, 0xFF, 0x42, 0x2C, 0x10, 0xFF,
    0x42, 0x2C, 0x10, 0xFF, 0x42, 0x2C, 0x10, 0xFF, 0x42, 0x2C, 0x10, 0xFF, 0x42, 0x2C, 0x10, 0xFF,
    0x42, 0x2C, 0x10, 0xFF, 0x42, 0x2C, 0x10, 0xFF, 0x42, 0x2C, 0x10, 0xFF, 0x42, 0x2C, 0x10, 0xFF,
    0x42, 0x2C, 0x10, 0xFF, 0x42, 0x2C, 0x10, 0xFF, 0x42, 0x2C, 0x10, 0xFF, 0x42, 0x2C, 0x10, 0xFF,
    0x42, 0x2C, 0x10, 0xFF, 0x42, 0x2C, 0x10, 0xFF, 0x42, 0x2C, 0x10, 0xFF, 0x42, 0x2C, 0x10, 0xFF,
    0x42, 0x2C, 0x10, 0xFF, 0x42, 0x2C, 0x10, 0xFF, 0x42, 0x2C, 0x10, 0xFF, 0x42, 0x2C, 0x10, 0xFF,
    0x42, 0x2C, 0x10, 0xFF, 0x42, 0x2C, 0x10, 0xFF, 0x42, 0x2C, 0x10, 0xFF, 0x42, 0x2C, 0x10, 0xFF,
    0x42, 0x2C, 0x10, 0xFF, 0x42, 0x2C, 0x10, 0xFF, 0x42, 0x2C, 0x10, 0xFF, 0x42, 0x2C, 0x10, 0xFF,
    0x42, 0x2C, 0x10, 0xFF, 0x42, 0x2C, 0x10, 0xFF, 0x42, 0x2C, 0x10, 0xFF, 0x42, 0x2C, 0x10, 0xFF,
    0x42, 0x2C, 0x10, 0xFF, 0x42, 0x2C, 0x10, 0xFF, 0x42, 0x2C, 0x10, 0xFF, 0x42, 0x2C, 0x10, 0xFF,
    0x42, 0x2C, 0x10, 0xFF, 0x42, 0x2C, 0x10, 0xFF, 0x42, 0x2C, 0x10, 0xFF, 0x42, 0x2C, 0x10, 0xFF,
    0x42, 0x2C, 0x10, 0xFF, 0x42, 0x2C, 0x10, 0xFF, 0x42, 0x2C, 0x10, 0xFF, 0x42, 0x2C, 0x10, 0xFF,
    0x42, 0x2C, 0x10, 0xFF, 0x42, 0x2C, 0x10, 0xFF, 0x42, 0x2C, 0x10, 0xFF, 0x42, 0x2C, 0x10, 0xFF,
    0x42, 0x2C, 0x10, 0xFF, 0x42, 0x2C, 0x10, 0xFF, 0x42, 0x2C, 0x10, 0xFF, 0x42, 0x2C, 0x10, 0xFF,
    0x42, 0x2C, 0x10, 0xFF, 0x42, 0x2C, 0x10, 0xFF, 0x42, 0x2C, 0x10, 0xFF, 0x42, 0x2C, 0x10, 0xFF,
    0x42, 0x2C, 0x10, 0xFF, 0x42, 0x2C, 0x10, 0xFF, 0x42, 0x2C, 0x10, 0xFF, 0x42, 0x2C, 0x10, 0xFF,
    0x42, 0x2C, 0x10, 0xFF, 0x42, 0x2C, 0x10, 0xFF, 0x42, 0x2C, 0x10, 0xFF, 0x42, 0x2C, 0x10, 0xFF,
    0x42, 0x2C, 0x10, 0xFF, 0x42, 0x2C, 0x10, 0xFF, 0x42, 0x2C, 0x10, 0xFF, 0x42, 0x2C, 0x10, 0xFF,
    0x42, 0x2C, 0x10, 0xFF, 0x42, 0x2C, 0x10, 0xFF, 0x42, 0x2C, 0x10, 0xFF, 0x42, 0x2C, 0x10, 0xFF,
    0x42, 0x2C, 0x10, 0xFF, 0x42, 0x2C, 0x10, 0xFF, 0x42, 0x2C, 0x10, 0xFF, 0x42, 0x2C, 0x10, 0xFF,
    0x42, 0x2C, 0x10, 0xFF, 0x42, 0x2C, 0x10, 0xFF, 0x42, 0x2C, 0x10, 0xFF, 0x42, 0x2C, 0x10, 0xFF,
    0x42, 0x2C, 0x10, 0xFF, 0x42, 0x2C, 0x10, 0xFF, 0x42, 0x2C, 0x10, 0xFF, 0x42, 0x2C, 0x10, 0xFF,
    0x42, 0x2C, 0x10, 0xFF, 0x42, 0x2C, 0x10, 0xFF, 0x42, 0x2C, 0x10, 0xFF, 0x42, 0x2C, 0x10, 0xFF,
    0x42, 0x2C, 0x10, 0xFF, 0x42, 0x2C, 0x10, 0xFF, 0x42, 0x2C, 0x10, 0xFF, 0x42, 0x2C, 0x10, 0xFF,
    0x42, 0x2C, 0x10, 0xFF, 0x42, 0x2C, 0x10, 0xFF, 0x42, 0x2C, 0x10, 0xFF, 0x42, 0x2C, 0x10, 0xFF,
    0x42, 0x2C, 0x10, 0xFF, 0x42, 0x2C, 0x10, 0xFF, 0x42, 0x2C, 0x10, 0xFF, 0x42, 0x2C, 0x10, 0xFF,
    0x42, 0x2C, 0x10, 0xFF, 0x42, 0x2C, 0x10, 0xFF, 0x42, 0x2C, 0x08, 0xFF, 0x4A, 0x2C, 0x10, 0xFF,
    0x42, 0x2C, 0x10, 0xFF, 0x42, 0x2C, 0x08, 0xFF, 0x42, 0x2C, 0x10, 0xFF, 0x4A, 0x2C, 0x10, 0xFF,
    0x42, 0x2C, 0x08, 0xFF, 0x42, 0x2C, 0x10, 0xFF, 0x42, 0x2C, 0x10, 0xFF, 0x4A, 0x2C, 0x10, 0xFF,
    0x42, 0x2C, 0x10, 0xFF, 0x42, 0x2C, 0x10, 0xFF, 0x42, 0x2C, 0x10, 0xFF, 0x4A, 0x2C, 0x10, 0xFF,
    0x42, 0x2C, 0x10, 0xFF, 0x42, 0x2C, 0x10, 0xFF, 0x42, 0x2C, 0x08, 0xFF, 0x4A, 0x2C, 0x10, 0xFF,
    0x42, 0x2C, 0x10, 0xFF, 0x42, 0x2C, 0x08, 0xFF, 0x42, 0x2C, 0x10, 0xFF, 0x4A, 0x2C, 0x10, 0xFF,
    0x42, 0x2C, 0x10, 0xFF, 0x42, 0x2C, 0x10, 0xFF, 0x42, 0x2C, 0x08, 0xFF, 0x4A, 0x2C, 0x10, 0xFF,
    0x42, 0x2C, 0x10, 0xFF, 0x42, 0x2C, 0x08, 0xFF, 0x42, 0x2C, 0x10, 0xFF, 0x4A, 0x2C, 0x10, 0xFF,
    0x42, 0x2C, 0x10, 0xFF, 0x42, 0x2C, 0x10, 0xFF, 0x42, 0x2C, 0x08, 0xFF, 0x4A, 0x2C, 0x10, 0xFF,
    0x42, 0x2C, 0x10, 0xFF, 0x42, 0x2C, 0x08, 0xFF, 0x42, 0x2C, 0x10, 0xFF, 0x4A, 0x2C, 0x10, 0xFF,
    0x42, 0x2C, 0x10, 0xFF, 0x42, 0x2C, 0x10, 0xFF, 0x42, 0x2C, 0x08, 0xFF, 0x4A, 0x2C, 0x10, 0xFF,
    0x42, 0x2C, 0x10, 0xFF, 0x42, 0x2C, 0x08, 0xFF, 0x42, 0x2C, 0x10, 0xFF, 0x4A, 0x2C, 0x10, 0xFF,
    0x42, 0x2C, 0x10, 0xFF, 0x42, 0x2C, 0x10, 0xFF, 0x42, 0x2C, 0x08, 0xFF, 0x4A, 0x2C, 0x10, 0xFF,
    0x42, 0x2C, 0x10, 0xFF, 0x42, 0x2C, 0x08, 0xFF, 0x42, 0x2C, 0x10, 0xFF, 0x4A, 0x2C, 0x10, 0xFF,
    0x42, 0x2C, 0x10, 0xFF, 0x42, 0x2C, 0x10, 0xFF, 0x42, 0x2C, 0x08, 0xFF, 0x4A, 0x2C, 0x10, 0xFF,
    0x42, 0x2C, 0x10, 0xFF, 0x42, 0x2C, 0x08, 0xFF, 0x42, 0x2C, 0x10, 0xFF, 0x4A, 0x2C, 0x10, 0xFF,
    0x42, 0x2C, 0x10, 0xFF, 0x42, 0x2C, 0x10, 0xFF, 0x42, 0x2C, 0x08, 0xFF, 0x4A, 0x2C, 0x10, 0xFF,
    0x42, 0x2C, 0x10, 0xFF, 0x42, 0x2C, 0x08, 0xFF, 0x42, 0x2C, 0x10, 0xFF, 0x4A, 0x2C, 0x10, 0xFF,
    0x42, 0x2C, 0x10, 0xFF, 0x42, 0x2C, 0x10, 0xFF, 0x42, 0x2C, 0x08, 0xFF, 0x4A, 0x2C, 0x10, 0xFF,
    0x42, 0x2C, 0x10, 0xFF, 0x42, 0x2C, 0x08, 0xFF, 0x42, 0x2C, 0x10, 0xFF, 0x4A, 0x2C, 0x10, 0xFF,
    0x42, 0x2C, 0x10, 0xFF, 0x42, 0x2C, 0x10, 0xFF, 0x42, 0x2C, 0x08, 0xFF, 0x4A, 0x2C, 0x10, 0xFF,
    0x42, 0x2C, 0x10, 0xFF, 0x42, 0x2C, 0x08, 0xFF, 0x42, 0x2C, 0x10, 0xFF, 0x4A, 0x2C, 0x10, 0xFF,
    0x42, 0x2C, 0x10, 0xFF, 0x42, 0x2C, 0x10, 0xFF, 0x42, 0x2C, 0x08, 0xFF, 0x4A, 0x2C, 0x10, 0xFF,
    0x42, 0x2C, 0x10, 0xFF, 0x42, 0x2C, 0x08, 0xFF, 0x42, 0x2C, 0x10, 0xFF, 0x4A, 0x2C, 0x10, 0xFF,
    0x42, 0x2C, 0x10, 0xFF, 0x42, 0x2C, 0x10, 0xFF, 0x42, 0x2C, 0x08, 0xFF, 0x4A, 0x2C, 0x10, 0xFF,
    0x42, 0x2C, 0x10, 0xFF, 0x42, 0x2C, 0x08, 0xFF, 0x42, 0x2C, 0x10, 0xFF, 0x4A, 0x2C, 0x10, 0xFF,
    0x42, 0x2C, 0x10, 0xFF, 0x42, 0x2C, 0x10, 0xFF, 0x42, 0x2C, 0x08, 0xFF, 0x4A, 0x2C, 0x10, 0xFF,
    0x42, 0x2C, 0x10, 0xFF, 0x42, 0x2C, 0x08, 0xFF, 0x42, 0x2C, 0x10, 0xFF, 0x4A, 0x2C, 0x10, 0xFF,
    0x42, 0x2C, 0x10, 0xFF, 0x42, 0x2C, 0x10, 0xFF, 0x42, 0x2C, 0x08, 0xFF, 0x4A, 0x2C, 0x10, 0xFF,
    0x42, 0x2C, 0x10, 0xFF, 0x42, 0x2C, 0x08, 0xFF, 0x42, 0x2C, 0x10, 0xFF, 0x4A, 0x2C, 0x10, 0xFF,
    0x42, 0x2C, 0x10, 0xFF, 0x42, 0x2C, 0x10, 0xFF, 0x42, 0x2C, 0x08, 0xFF, 0x4A, 0x2C, 0x10, 0xFF,
    0x42, 0x2C, 0x10, 0xFF, 0x42, 0x2C, 0x08, 0xFF, 0x42, 0x2C, 0x10, 0xFF, 0x42, 0x2C, 0x10, 0xFF,
    0x42, 0x2C, 0x10, 0xFF, 0x42, 0x2C, 0x10, 0xFF, 0x42, 0x2C, 0x10, 0xFF, 0x42, 0x2C, 0x10, 0xFF,
    0x42, 0x2C, 0x10, 0xFF, 0x42, 0x2C, 0x10, 0xFF, 0x42, 0x2C, 0x10, 0xFF, 0x42, 0x2C, 0x10, 0xFF,
    0x42, 0x2C, 0x10, 0xFF, 0x42, 0x2C, 0x10, 0xFF, 0x42, 0x2C, 0x08, 0xFF, 0x42, 0x2C, 0x10, 0xFF,
    0x42, 0x2C, 0x08, 0xFF, 0x42, 0x2C, 0x10, 0xFF, 0x42, 0x2C, 0x08, 0xFF, 0x42, 0x2C, 0x10, 0xFF,
    0x42, 0x2C, 0x08, 0xFF, 0x42, 0x2C, 0x10, 0xFF, 0x42, 0x2C, 0x10, 0xFF, 0x42, 0x2C, 0x10, 0xFF,
    0x42, 0x2C, 0x10, 0xFF, 0x42, 0x2C, 0x10, 0xFF, 0x42, 0x2C, 0x10, 0xFF, 0x42, 0x2C, 0x08, 0xFF,
    0x42, 0x2C, 0x10, 0xFF, 0x42, 0x2C, 0x10, 0xFF, 0x42, 0x2C, 0x10, 0xFF, 0x42, 0x2C, 0x10, 0xFF,
    0x42, 0x2C, 0x10, 0xFF, 0x42, 0x2C, 0x10, 0xFF, 0x42, 0x2C, 0x10, 0xFF, 0x42, 0x2C, 0x08, 0xFF,
    0x42, 0x2C, 0x10, 0xFF, 0x42, 0x2C, 0x10, 0xFF, 0x42, 0x2C, 0x10, 0xFF, 0x42, 0x2C, 0x10, 0xFF,
    0x42, 0x2C, 0x10, 0xFF, 0x42, 0x2C, 0x10, 0xFF, 0x42, 0x2C, 0x10, 0xFF, 0x42, 0x2C, 0x08, 0xFF,
    0x42, 0x2C, 0x10, 0xFF, 0x42, 0x2C, 0x10, 0xFF, 0x42, 0x2C, 0x10, 0xFF, 0x42, 0x2C, 0x10, 0xFF,
    0x42, 0x2C, 0x10, 0xFF, 0x42, 0x2C, 0x10, 0xFF, 0x42, 0x2C, 0x10, 0xFF, 0x42, 0x2C, 0x08, 0xFF,
    0x42, 0x2C, 0x10, 0xFF, 0x42, 0x2C, 0x10, 0xFF, 0x42, 0x2C, 0x10, 0xFF, 0x42, 0x2C, 0x10, 0xFF,
    0x42, 0x2C, 0x10, 0xFF, 0x42, 0x2C, 0x10, 0xFF, 0x42, 0x2C, 0x10, 0xFF, 0x42, 0x2C, 0x08, 0xFF,
    0x42, 0x2C, 0x10, 0xFF, 0x42, 0x2C, 0x10, 0xFF, 0x42, 0x2C, 0x10, 0xFF, 0x42, 0x2C, 0x10, 0xFF,
    0x42, 0x2C, 0x10, 0xFF, 0x42, 0x2C, 0x10, 0xFF, 0x42, 0x2C, 0x10, 0xFF, 0x42, 0x2C, 0x08, 0xFF,
    0x42, 0x2C, 0x10, 0xFF, 0x42, 0x2C, 0x10, 0xFF, 0x42, 0x2C, 0x10, 0xFF, 0x42, 0x2C, 0x10, 0xFF,
    0x42, 0x2C, 0x10, 0xFF, 0x42, 0x2C, 0x10, 0xFF, 0x42, 0x2C, 0x10, 0xFF, 0x42, 0x2C, 0x08, 0xFF,
    0x42, 0x2C, 0x10, 0xFF, 0x42, 0x2C, 0x10, 0xFF, 0x42, 0x2C, 0x10, 0xFF, 0x42, 0x2C, 0x10, 0xFF,
    0x42, 0x2C, 0x10, 0xFF, 0x42, 0x2C, 0x10, 0xFF, 0x42, 0x2C, 0x10, 0xFF, 0x42, 0x2C, 0x08, 0xFF,
    0x42, 0x2C, 0x10, 0xFF, 0x42, 0x2C, 0x10, 0xFF, 0x42, 0x2C, 0x10, 0xFF, 0x42, 0x2C, 0x10, 0xFF,
    0x42, 0x2C, 0x10, 0xFF, 0x42, 0x2C, 0x10, 0xFF, 0x42, 0x2C, 0x10, 0xFF, 0x42, 0x2C, 0x08, 0xFF,
    0x42, 0x2C, 0x10, 0xFF, 0x42, 0x2C, 0x10, 0xFF, 0x42, 0x2C, 0x10, 0xFF, 0x42, 0x2C, 0x10, 0xFF,
    0x42, 0x2C, 0x10, 0xFF, 0x42, 0x2C, 0x10, 0xFF, 0x42, 0x2C, 0x10, 0xFF, 0x42, 0x2C, 0x08, 0xFF,
    0x42, 0x2C, 0x10, 0xFF, 0x42, 0x2C, 0x10, 0xFF, 0x42, 0x2C, 0x10, 0xFF, 0x42, 0x2C, 0x10, 0xFF,
    0x42, 0x2C, 0x10, 0xFF, 0x42, 0x2C, 0x10, 0xFF, 0x42, 0x2C, 0x10, 0xFF, 0x42, 0x2C, 0x08, 0xFF,
    0x42, 0x2C, 0x10, 0xFF, 0x42, 0x2C, 0x10, 0xFF, 0x42, 0x2C, 0x10, 0xFF, 0x42, 0x2C, 0x10, 0xFF,
    0x42, 0x2C, 0x10, 0xFF, 0x42, 0x2C, 0x10, 0xFF, 0x42, 0x2C, 0x10, 0xFF, 0x42, 0x2C, 0x08, 0xFF,
    0x42, 0x2C, 0x10, 0xFF, 0x42, 0x2C, 0x10, 0xFF, 0x42, 0x2C, 0x10, 0xFF, 0x42, 0x2C, 0x10, 0xFF,
    0x42, 0x2C, 0x10, 0xFF, 0x42, 0x2C, 0x10, 0xFF, 0x42, 0x2C, 0x10, 0xFF, 0x42, 0x2C, 0x08, 0xFF,
    0x42, 0x2C, 0x10, 0xFF, 0x42, 0x2C, 0x10, 0xFF, 0x42, 0x2C, 0x10, 0xFF, 0x42, 0x2C, 0x10, 0xFF,
    0x42, 0x2C, 0x10, 0xFF, 0x42, 0x2C, 0x10, 0xFF, 0x42, 0x2C, 0x10, 0xFF, 0x42, 0x2C, 0x08, 0xFF,
    0x42, 0x2C, 0x08, 0xFF, 0x42, 0x2C, 0x10, 0xFF, 0x42, 0x2C, 0x08, 0xFF, 0x42, 0x2C, 0x10, 0xFF,
    0x42, 0x2C, 0x08, 0xFF, 0x42, 0x2C, 0x10, 0xFF, 0x42, 0x2C, 0x08, 0xFF, 0x42, 0x2C, 0x10, 0xFF,
    0x42, 0x2C, 0x08, 0xFF, 0x42, 0x2C, 0x10, 0xFF, 0x42, 0x2C, 0x10, 0xFF, 0x42, 0x2C, 0x10, 0xFF,
    0x42, 0x2C, 0x10, 0xFF, 0x42, 0x2C, 0x10, 0xFF, 0x42, 0x2C, 0x10, 0xFF, 0x42, 0x2C, 0x10, 0xFF,
    0x42, 0x2C, 0x10, 0xFF, 0x42, 0x2C, 0x08, 0xFF, 0x42, 0x2C, 0x10, 0xFF, 0x42, 0x2C, 0x08, 0xFF,
    0x42, 0x2C, 0x10, 0xFF, 0x42, 0x2C, 0x08, 0xFF, 0x42, 0x2C, 0x10, 0xFF, 0x42, 0x2C, 0x10, 0xFF,
    0x42, 0x2C, 0x08, 0xFF, 0x42, 0x2C, 0x10, 0xFF, 0x42, 0x2C, 0x08, 0xFF, 0x42, 0x2C, 0x10, 0xFF,
    0x42, 0x2C, 0x08, 0xFF, 0x42, 0x2C, 0x10, 0xFF, 0x42, 0x2C, 0x08, 0xFF, 0x42, 0x2C, 0x10, 0xFF,
    0x42, 0x2C, 0x10, 0xFF, 0x42, 0x2C, 0x08, 0xFF, 0x42, 0x2C, 0x10, 0xFF, 0x42, 0x2C, 0x08, 0xFF,
    0x42, 0x2C, 0x10, 0xFF, 0x42, 0x2C, 0x08, 0xFF, 0x42, 0x2C, 0x10, 0xFF, 0x42, 0x2C, 0x10, 0xFF,
    0x42, 0x2C, 0x08, 0xFF, 0x42, 0x2C, 0x10, 0xFF, 0x42, 0x2C, 0x08, 0xFF, 0x42, 0x2C, 0x10, 0xFF,
    0x42, 0x2C, 0x08, 0xFF, 0x42, 0x2C, 0x10, 0xFF, 0x42, 0x2C, 0x08, 0xFF, 0x42, 0x2C, 0x10, 0xFF,
    0x42, 0x2C, 0x10, 0xFF, 0x42, 0x2C, 0x08, 0xFF, 0x42, 0x2C, 0x10, 0xFF, 0x42, 0x2C, 0x08, 0xFF,
    0x42, 0x2C, 0x10, 0xFF, 0x42, 0x2C, 0x08, 0xFF, 0x42, 0x2C, 0x10, 0xFF, 0x42, 0x2C, 0x10, 0xFF,
    0x42, 0x2C, 0x08, 0xFF, 0x42, 0x2C, 0x10, 0xFF, 0x42, 0x2C, 0x08, 0xFF, 0x42, 0x2C, 0x10, 0xFF,
    0x42, 0x2C, 0x08, 0xFF, 0x42, 0x2C, 0x10, 0xFF, 0x42, 0x2C, 0x08, 0xFF, 0x42, 0x2C, 0x10, 0xFF,
    0x42, 0x2C, 0x10, 0xFF, 0x42, 0x2C, 0x08, 0xFF, 0x42, 0x2C, 0x10, 0xFF, 0x42, 0x2C, 0x08, 0xFF,
    0x42, 0x2C, 0x10, 0xFF, 0x42, 0x2C, 0x08, 0xFF, 0x42, 0x2C, 0x10, 0xFF, 0x42, 0x2C, 0x10, 0xFF,
    0x42, 0x2C, 0x08, 0xFF, 0x42, 0x2C, 0x10, 0xFF, 0x42, 0x2C, 0x08, 0xFF, 0x42, 0x2C, 0x10, 0xFF,
    0x42, 0x2C, 0x08, 0xFF, 0x42, 0x2C, 0x10, 0xFF, 0x42, 0x2C, 0x08, 0xFF, 0x42, 0x2C, 0x10, 0xFF,
    0x42, 0x2C, 0x10, 0xFF, 0x42, 0x2C, 0x08, 0xFF, 0x42, 0x2C, 0x10, 0xFF, 0x42, 0x2C, 0x08, 0xFF,
    0x42, 0x2C, 0x10, 0xFF, 0x42, 0x2C, 0x08, 0xFF, 0x42, 0x2C, 0x10, 0xFF, 0x42, 0x2C, 0x10, 0xFF,
    0x42, 0x2C, 0x08, 0xFF, 0x42, 0x2C, 0x10, 0xFF, 0x42, 0x2C, 0x08, 0xFF, 0x42, 0x2C, 0x10, 0xFF,
    0x42, 0x2C, 0x08, 0xFF, 0x42, 0x2C, 0x10, 0xFF, 0x42, 0x2C, 0x08, 0xFF, 0x42, 0x2C, 0x10, 0xFF,
    0x42, 0x2C, 0x10, 0xFF, 0x42, 0x2C, 0x08, 0xFF, 0x42, 0x2C, 0x10, 0xFF, 0x42, 0x2C, 0x08, 0xFF,
    0x42, 0x2C, 0x10, 0xFF, 0x42, 0x2C, 0x08, 0xFF, 0x42, 0x2C, 0x10, 0xFF, 0x42, 0x2C, 0x10, 0xFF,
    0x42, 0x2C, 0x08, 0xFF, 0x42, 0x2C, 0x10, 0xFF, 0x42, 0x2C, 0x08, 0xFF, 0x42, 0x2C, 0x10, 0xFF,
    0x42, 0x2C, 0x08, 0xFF, 0x42, 0x2C, 0x10, 0xFF, 0x42, 0x2C, 0x08, 0xFF, 0x42, 0x2C, 0x10, 0xFF,
    0x42, 0x2C, 0x10, 0xFF, 0x42, 0x2C, 0x08, 0xFF, 0x42, 0x2C, 0x10, 0xFF, 0x42, 0x2C, 0x08, 0xFF,
    0x42, 0x2C, 0x10, 0xFF, 0x42, 0x2C, 0x08, 0xFF, 0x42, 0x2C, 0x10, 0xFF, 0x42, 0x2C, 0x10, 0xFF,
    0x42, 0x2C, 0x08, 0xFF, 0x42, 0x2C, 0x10, 0xFF, 0x42, 0x2C, 0x08, 0xFF, 0x42, 0x2C, 0x10, 0xFF,
    0x42, 0x2C, 0x08, 0xFF, 0x42, 0x2C, 0x10, 0xFF, 0x42, 0x2C, 0x08, 0xFF, 0x42, 0x2C, 0x10, 0xFF,
    0x42, 0x2C, 0x10, 0xFF, 0x42, 0x2C, 0x10, 0xFF, 0x42, 0x2C, 0x08, 0xFF, 0x42, 0x2C, 0x10, 0xFF,
    0x42, 0x2C, 0x10, 0xFF, 0x42, 0x2C, 0x08, 0xFF, 0x42, 0x2C, 0x10, 0xFF, 0x42, 0x2C, 0x10, 0xFF,
    0x42, 0x2C, 0x10, 0xFF, 0x42, 0x2C, 0x08, 0xFF, 0x42, 0x2C, 0x10, 0xFF, 0x42, 0x2C, 0x08, 0xFF,
    0x42, 0x2C, 0x10, 0xFF, 0x42, 0x2C, 0x08, 0xFF, 0x42, 0x2C, 0x10, 0xFF, 0x42, 0x2C, 0x08, 0xFF,
    0x42, 0x2C, 0x10, 0xFF, 0x42, 0x2C, 0x10, 0xFF, 0x42, 0x2C, 0x08, 0xFF, 0x42, 0x2C, 0x10, 0xFF,
    0x42, 0x2C, 0x10, 0xFF, 0x42, 0x2C, 0x10, 0xFF, 0x42, 0x2C, 0x08, 0xFF, 0x42, 0x2C, 0x10, 0xFF,
    0x42, 0x2C, 0x10, 0xFF, 0x42, 0x2C, 0x10, 0xFF, 0x42, 0x2C, 0x10, 0xFF, 0x42, 0x2C, 0x08, 0xFF,
    0x42, 0x2C, 0x10, 0xFF, 0x42, 0x2C, 0x10, 0xFF, 0x42, 0x2C, 0x10, 0xFF, 0x42, 0x2C, 0x08, 0xFF,
    0x42, 0x2C, 0x10, 0xFF, 0x42, 0x2C, 0x10, 0xFF, 0x42, 0x2C, 0x08, 0xFF, 0x42, 0x2C, 0x10, 0xFF,
    0x42, 0x2C, 0x10, 0xFF, 0x42, 0x2C, 0x10, 0xFF, 0x42, 0x2C, 0x08, 0xFF, 0x42, 0x2C, 0x10, 0xFF,
    0x42, 0x2C, 0x10, 0xFF, 0x42, 0x2C, 0x10, 0xFF, 0x42, 0x2C, 0x10, 0xFF, 0x42, 0x2C, 0x08, 0xFF,
    0x42, 0x2C, 0x10, 0xFF, 0x42, 0x2C, 0x10, 0xFF, 0x42, 0x2C, 0x10, 0xFF, 0x42, 0x2C, 0x08, 0xFF,
    0x42, 0x2C, 0x10, 0xFF, 0x42, 0x2C, 0x10, 0xFF, 0x42, 0x2C, 0x08, 0xFF, 0x42, 0x2C, 0x10, 0xFF,
    0x42, 0x2C, 0x10, 0xFF, 0x42, 0x2C, 0x10, 0xFF, 0x42, 0x2C, 0x08, 0xFF, 0x42, 0x2C, 0x10, 0xFF,
    0x42, 0x2C, 0x10, 0xFF, 0x42, 0x2C, 0x10, 0xFF, 0x42, 0x2C, 0x10, 0xFF, 0x42, 0x2C, 0x08, 0xFF,
    0x42, 0x2C, 0x10, 0xFF, 0x42, 0x2C, 0x10, 0xFF, 0x42, 0x2C, 0x10, 0xFF, 0x42, 0x2C, 0x08, 0xFF,
    0x42, 0x2C, 0x10, 0xFF, 0x42, 0x2C, 0x10, 0xFF, 0x42, 0x2C, 0x08, 0xFF, 0x42, 0x2C, 0x10, 0xFF,
    0x42, 0x2C, 0x10, 0xFF, 0x42, 0x2C, 0x10, 0xFF, 0x42, 0x2C, 0x08, 0xFF, 0x42, 0x2C, 0x10, 0xFF,
    0x42, 0x2C, 0x10, 0xFF, 0x42, 0x2C, 0x10, 0xFF, 0x42, 0x2C, 0x10, 0xFF, 0x42, 0x2C, 0x08, 0xFF,
    0x42, 0x2C, 0x10, 0xFF, 0x42, 0x2C, 0x10, 0xFF, 0x42, 0x2C, 0x10, 0xFF, 0x42, 0x2C, 0x08, 0xFF,
    0x42, 0x2C, 0x10, 0xFF, 0x42, 0x2C, 0x10, 0xFF, 0x42, 0x2C, 0x08, 0xFF, 0x42, 0x2C, 0x10, 0xFF,
    0x42, 0x2C, 0x10, 0xFF, 0x42, 0x2C, 0x10, 0xFF, 0x42, 0x2C, 0x08, 0xFF, 0x42, 0x2C, 0x10, 0xFF,
    0x42, 0x2C, 0x10, 0xFF, 0x42, 0x2C, 0x10, 0xFF, 0x42, 0x2C, 0x10, 0xFF, 0x42, 0x2C, 0x08, 0xFF,
    0x42, 0x2C, 0x10, 0xFF, 0x42, 0x2C, 0x10, 0xFF, 0x42, 0x2C, 0x10, 0xFF, 0x42, 0x2C, 0x08, 0xFF,
    0x42, 0x2C, 0x10, 0xFF, 0x42, 0x2C, 0x10, 0xFF, 0x42, 0x2C, 0x08, 0xFF, 0x42, 0x2C, 0x10, 0xFF,
    0x42, 0x2C, 0x10, 0xFF, 0x42, 0x2C, 0x10, 0xFF, 0x42, 0x2C, 0x08, 0xFF, 0x42, 0x2C, 0x10, 0xFF,
    0x42, 0x2C, 0x10, 0xFF, 0x42, 0x2C, 0x10, 0xFF, 0x42, 0x2C, 0x10, 0xFF, 0x42, 0x2C, 0x08, 0xFF,
    0x42, 0x2C, 0x10, 0xFF, 0x42, 0x2C, 0x10, 0xFF, 0x42, 0x2C, 0x10, 0xFF, 0x42, 0x2C, 0x08, 0xFF,
    0x42, 0x2C, 0x10, 0xFF, 0x42, 0x2C, 0x10, 0xFF, 0x42, 0x2C, 0x08, 0xFF, 0x42, 0x2C, 0x10, 0xFF,
    0x42, 0x2C, 0x10, 0xFF, 0x42, 0x2C, 0x10, 0xFF, 0x42, 0x2C, 0x08, 0xFF, 0x42, 0x2C, 0x10, 0xFF,
    0x42, 0x2C, 0x10, 0xFF, 0x42, 0x2C, 0x10, 0xFF, 0x42, 0x2C, 0x10, 0xFF, 0x42, 0x2C, 0x08, 0xFF,
    0x42, 0x2C, 0x10, 0xFF, 0x42, 0x2C, 0x10, 0xFF, 0x42, 0x2C, 0x10, 0xFF, 0x42, 0x2C, 0x10, 0xFF,
    0x42, 0x2C, 0x08, 0xFF, 0x42, 0x28, 0x10, 0xFF, 0x42, 0x2C, 0x10, 0xFF, 0x42, 0x28, 0x08, 0xFF,
    0x42, 0x2C, 0x10, 0xFF, 0x42, 0x28, 0x10, 0xFF, 0x42, 0x2C, 0x08, 0xFF, 0x42, 0x28, 0x08, 0xFF,
    0x42, 0x2C, 0x10, 0xFF, 0x42, 0x28, 0x08, 0xFF, 0x42, 0x2C, 0x10, 0xFF, 0x42, 0x28, 0x08, 0xFF,
    0x42, 0x2C, 0x10, 0xFF, 0x42, 0x28, 0x08, 0xFF, 0x42, 0x2C, 0x10, 0xFF, 0x42, 0x28, 0x08, 0xFF,
    0x42, 0x2C, 0x10, 0xFF, 0x42, 0x28, 0x08, 0xFF, 0x42, 0x2C, 0x10, 0xFF, 0x42, 0x28, 0x08, 0xFF,
    0x42, 0x2C, 0x10, 0xFF, 0x42, 0x28, 0x08, 0xFF, 0x42, 0x2C, 0x10, 0xFF, 0x42, 0x28, 0x08, 0xFF,
    0x42, 0x2C, 0x10, 0xFF, 0x42, 0x28, 0x08, 0xFF, 0x42, 0x2C, 0x10, 0xFF, 0x42, 0x28, 0x08, 0xFF,
    0x42, 0x2C, 0x10, 0xFF, 0x42, 0x28, 0x08, 0xFF, 0x42, 0x2C, 0x10, 0xFF, 0x42, 0x28, 0x10, 0xFF,
    0x42, 0x2C, 0x08, 0xFF, 0x42, 0x28, 0x10, 0xFF, 0x42, 0x2C, 0x10, 0xFF, 0x42, 0x28, 0x08, 0xFF,
    0x42, 0x2C, 0x08, 0xFF, 0x42, 0x28, 0x10, 0xFF, 0x42, 0x2C, 0x10, 0xFF, 0x42, 0x28, 0x08, 0xFF,
    0x42, 0x2C, 0x10, 0xFF, 0x42, 0x28, 0x08, 0xFF, 0x42, 0x2C, 0x10, 0xFF, 0x42, 0x28, 0x08, 0xFF,
    0x42, 0x2C, 0x10, 0xFF, 0x42, 0x28, 0x08, 0xFF, 0x42, 0x2C, 0x10, 0xFF, 0x42, 0x28, 0x10, 0xFF,
    0x42, 0x2C, 0x08, 0xFF, 0x42, 0x28, 0x10, 0xFF, 0x42, 0x2C, 0x10, 0xFF, 0x42, 0x28, 0x08, 0xFF,
    0x42, 0x2C, 0x08, 0xFF, 0x42, 0x28, 0x10, 0xFF, 0x42, 0x2C, 0x10, 0xFF, 0x42, 0x28, 0x08, 0xFF,
    0x42, 0x2C, 0x10, 0xFF, 0x42, 0x28, 0x08, 0xFF, 0x42, 0x2C, 0x10, 0xFF, 0x42, 0x28, 0x08, 0xFF,
    0x42, 0x2C, 0x10, 0xFF, 0x42, 0x28, 0x08, 0xFF, 0x42, 0x2C, 0x10, 0xFF, 0x42, 0x28, 0x10, 0xFF,
    0x42, 0x2C, 0x08, 0xFF, 0x42, 0x28, 0x10, 0xFF, 0x42, 0x2C, 0x10, 0xFF, 0x42, 0x28, 0x08, 0xFF,
    0x42, 0x2C, 0x08, 0xFF, 0x42, 0x28, 0x10, 0xFF, 0x42, 0x2C, 0x10, 0xFF, 0x42, 0x28, 0x08, 0xFF,
    0x42, 0x2C, 0x10, 0xFF, 0x42, 0x28, 0x08, 0xFF, 0x42, 0x2C, 0x10, 0xFF, 0x42, 0x28, 0x08, 0xFF,
    0x42, 0x2C, 0x10, 0xFF, 0x42, 0x28, 0x08, 0xFF, 0x42, 0x2C, 0x10, 0xFF, 0x42, 0x28, 0x10, 0xFF,
    0x42, 0x2C, 0x08, 0xFF, 0x42, 0x28, 0x10, 0xFF, 0x42, 0x2C, 0x10, 0xFF, 0x42, 0x28, 0x08, 0xFF,
    0x42, 0x2C, 0x08, 0xFF, 0x42, 0x28, 0x10, 0xFF, 0x42, 0x2C, 0x10, 0xFF, 0x42, 0x28, 0x08, 0xFF,
    0x42, 0x2C, 0x10, 0xFF, 0x42, 0x28, 0x08, 0xFF, 0x42, 0x2C, 0x10, 0xFF, 0x42, 0x28, 0x08, 0xFF,
    0x42, 0x2C, 0x10, 0xFF, 0x42, 0x28, 0x08, 0xFF, 0x42, 0x2C, 0x10, 0xFF, 0x42, 0x28, 0x10, 0xFF,
    0x42, 0x2C, 0x08, 0xFF, 0x42, 0x28, 0x10, 0xFF, 0x42, 0x2C, 0x10, 0xFF, 0x42, 0x28, 0x08, 0xFF,
    0x42, 0x2C, 0x08, 0xFF, 0x42, 0x28, 0x10, 0xFF, 0x42, 0x2C, 0x10, 0xFF, 0x42, 0x28, 0x08, 0xFF,
    0x42, 0x2C, 0x10, 0xFF, 0x42, 0x28, 0x08, 0xFF, 0x42, 0x2C, 0x10, 0xFF, 0x42, 0x28, 0x08, 0xFF,
    0x42, 0x2C, 0x10, 0xFF, 0x42, 0x28, 0x08, 0xFF, 0x42, 0x2C, 0x10, 0xFF, 0x42, 0x28, 0x10, 0xFF,
    0x42, 0x2C, 0x08, 0xFF, 0x42, 0x28, 0x10, 0xFF, 0x42, 0x2C, 0x10, 0xFF, 0x42, 0x28, 0x08, 0xFF,
    0x42, 0x2C, 0x08, 0xFF, 0x42, 0x28, 0x10, 0xFF, 0x42, 0x2C, 0x10, 0xFF, 0x42, 0x28, 0x08, 0xFF,
    0x42, 0x2C, 0x10, 0xFF, 0x42, 0x28, 0x08, 0xFF, 0x42, 0x2C, 0x10, 0xFF, 0x42, 0x28, 0x08, 0xFF,
    0x42, 0x2C, 0x10, 0xFF, 0x42, 0x28, 0x08, 0xFF, 0x42, 0x2C, 0x10, 0xFF, 0x42, 0x28, 0x08, 0xFF,
    0x42, 0x2C, 0x10, 0xFF, 0x42, 0x2C, 0x08, 0xFF, 0x42, 0x2C, 0x10, 0xFF, 0x42, 0x2C, 0x08, 0xFF,
    0x42, 0x2C, 0x10, 0xFF, 0x42, 0x2C, 0x08, 0xFF, 0x42, 0x2C, 0x10, 0xFF, 0x42, 0x2C, 0x10, 0xFF,
    0x42, 0x2C, 0x08, 0xFF, 0x42, 0x2C, 0x10, 0xFF, 0x42, 0x2C, 0x08, 0xFF, 0x42, 0x2C, 0x10, 0xFF,
    0x42, 0x2C, 0x08, 0xFF, 0x42, 0x2C, 0x10, 0xFF, 0x42, 0x2C, 0x08, 0xFF, 0x42, 0x2C, 0x10, 0xFF,
    0x42, 0x2C, 0x08, 0xFF, 0x42, 0x2C, 0x10, 0xFF, 0x42, 0x2C, 0x10, 0xFF, 0x42, 0x2C, 0x08, 0xFF,
    0x42, 0x2C, 0x10, 0xFF, 0x42, 0x2C, 0x08, 0xFF, 0x42, 0x2C, 0x10, 0xFF, 0x42, 0x2C, 0x10, 0xFF,
    0x42, 0x2C, 0x08, 0xFF, 0x42, 0x2C, 0x10, 0xFF, 0x42, 0x2C, 0x08, 0xFF, 0x42, 0x2C, 0x10, 0xFF,
    0x42, 0x2C, 0x08, 0xFF, 0x42, 0x2C, 0x10, 0xFF, 0x42, 0x2C, 0x08, 0xFF, 0x42, 0x2C, 0x10, 0xFF,
    0x42, 0x2C, 0x08, 0xFF, 0x42, 0x2C, 0x10, 0xFF, 0x42, 0x2C, 0x08, 0xFF, 0x42, 0x2C, 0x10, 0xFF,
    0x42, 0x2C, 0x10, 0xFF, 0x42, 0x2C, 0x08, 0xFF, 0x42, 0x2C, 0x10, 0xFF, 0x42, 0x2C, 0x08, 0xFF,
    0x42, 0x2C, 0x10, 0xFF, 0x42, 0x2C, 0x08, 0xFF, 0x42, 0x2C, 0x10, 0xFF, 0x42, 0x2C, 0x08, 0xFF,
    0x42, 0x2C, 0x10, 0xFF, 0x42, 0x2C, 0x08, 0xFF, 0x42, 0x2C, 0x10, 0xFF, 0x42, 0x2C, 0x08, 0xFF,
    0x42, 0x2C, 0x10, 0xFF, 0x42, 0x2C, 0x08, 0xFF, 0x42, 0x2C, 0x10, 0xFF, 0x42, 0x2C, 0x10, 0xFF,
    0x42, 0x2C, 0x08, 0xFF, 0x42, 0x2C, 0x10, 0xFF, 0x42, 0x2C, 0x08, 0xFF, 0x42, 0x2C, 0x10, 0xFF,
    0x42, 0x2C, 0x08, 0xFF, 0x42, 0x2C, 0x10, 0xFF, 0x42, 0x2C, 0x08, 0xFF, 0x42, 0x2C, 0x10, 0xFF,
    0x42, 0x2C, 0x08, 0xFF, 0x42, 0x2C, 0x10, 0xFF, 0x42, 0x2C, 0x08, 0xFF, 0x42, 0x2C, 0x10, 0xFF,
    0x42, 0x2C, 0x08, 0xFF, 0x42, 0x2C, 0x10, 0xFF, 0x42, 0x2C, 0x08, 0xFF, 0x42, 0x2C, 0x10, 0xFF,
    0x42, 0x2C, 0x10, 0xFF, 0x42, 0x2C, 0x08, 0xFF, 0x42, 0x2C, 0x10, 0xFF, 0x42, 0x2C, 0x08, 0xFF,
    0x42, 0x2C, 0x10, 0xFF, 0x42, 0x2C, 0x08, 0xFF, 0x42, 0x2C, 0x10, 0xFF, 0x42, 0x2C, 0x08, 0xFF,
    0x42, 0x2C, 0x10, 0xFF, 0x42, 0x2C, 0x08, 0xFF, 0x42, 0x2C, 0x10, 0xFF, 0x42, 0x2C, 0x08, 0xFF,
    0x42, 0x2C, 0x10, 0xFF, 0x42, 0x2C, 0x08, 0xFF, 0x42, 0x2C, 0x10, 0xFF, 0x42, 0x2C, 0x10, 0xFF,
    0x42, 0x2C, 0x08, 0xFF, 0x42, 0x2C, 0x10, 0xFF, 0x42, 0x2C, 0x08, 0xFF, 0x42, 0x2C, 0x10, 0xFF,
    0x42, 0x2C, 0x08, 0xFF, 0x42, 0x2C, 0x10, 0xFF, 0x42, 0x2C, 0x08, 0xFF, 0x42, 0x2C, 0x10, 0xFF,
    0x42, 0x2C, 0x08, 0xFF, 0x42, 0x2C, 0x10, 0xFF, 0x42, 0x2C, 0x08, 0xFF, 0x42, 0x2C, 0x10, 0xFF,
    0x42, 0x2C, 0x08, 0xFF, 0x42, 0x2C, 0x10, 0xFF, 0x42, 0x2C, 0x08, 0xFF, 0x42, 0x2C, 0x10, 0xFF,
    0x42, 0x2C, 0x10, 0xFF, 0x42, 0x2C, 0x08, 0xFF, 0x42, 0x2C, 0x10, 0xFF, 0x42, 0x2C, 0x08, 0xFF,
    0x42, 0x2C, 0x10, 0xFF, 0x42, 0x2C, 0x08, 0xFF, 0x42, 0x2C, 0x10, 0xFF, 0x42, 0x2C, 0x08, 0xFF,
    0x42, 0x2C, 0x10, 0xFF, 0x42, 0x2C, 0x08, 0xFF, 0x42, 0x2C, 0x10, 0xFF, 0x42, 0x2C, 0x08, 0xFF,
    0x42, 0x2C, 0x10, 0xFF, 0x42, 0x2C, 0x08, 0xFF, 0x42, 0x2C, 0x10, 0xFF, 0x42, 0x2C, 0x10, 0xFF,
    0x42, 0x2C, 0x08, 0xFF, 0x42, 0x2C, 0x10, 0xFF, 0x42, 0x2C, 0x08, 0xFF, 0x42, 0x2C, 0x10, 0xFF,
    0x42, 0x2C, 0x08, 0xFF, 0x42, 0x2C, 0x10, 0xFF, 0x42, 0x2C, 0x08, 0xFF, 0x42, 0x2C, 0x10, 0xFF,
    0x42, 0x2C, 0x08, 0xFF, 0x42, 0x2C, 0x10, 0xFF, 0x42, 0x2C, 0x08, 0xFF, 0x42, 0x2C, 0x10, 0xFF,
    0x42, 0x2C, 0x08, 0xFF, 0x42, 0x28, 0x10, 0xFF, 0x42, 0x2C, 0x08, 0xFF, 0x42, 0x28, 0x10, 0xFF,
    0x42, 0x2C, 0x08, 0xFF, 0x42, 0x28, 0x10, 0xFF, 0x42, 0x2C, 0x08, 0xFF, 0x42, 0x28, 0x08, 0xFF,
    0x42, 0x2C, 0x10, 0xFF, 0x42, 0x28, 0x08, 0xFF, 0x42, 0x2C, 0x10, 0xFF, 0x42, 0x28, 0x08, 0xFF,
    0x42, 0x2C, 0x10, 0xFF, 0x42, 0x28, 0x08, 0xFF, 0x42, 0x2C, 0x10, 0xFF, 0x42, 0x28, 0x08, 0xFF,
    0x42, 0x2C, 0x10, 0xFF, 0x42, 0x28, 0x08, 0xFF, 0x42, 0x2C, 0x08, 0xFF, 0x42, 0x28, 0x10, 0xFF,
    0x42, 0x2C, 0x08, 0xFF, 0x42, 0x28, 0x10, 0xFF, 0x42, 0x2C, 0x08, 0xFF, 0x42, 0x28, 0x08, 0xFF,
    0x42, 0x2C, 0x10, 0xFF, 0x42, 0x28, 0x08, 0xFF, 0x42, 0x2C, 0x10, 0xFF, 0x42, 0x28, 0x08, 0xFF,
    0x42, 0x2C, 0x10, 0xFF, 0x42, 0x28, 0x08, 0xFF, 0x42, 0x2C, 0x10, 0xFF, 0x42, 0x28, 0x08, 0xFF,
    0x42, 0x2C, 0x10, 0xFF, 0x42, 0x28, 0x08, 0xFF, 0x42, 0x2C, 0x10, 0xFF, 0x42, 0x28, 0x08, 0xFF,
    0x42, 0x2C, 0x08, 0xFF, 0x42, 0x28, 0x10, 0xFF, 0x42, 0x2C, 0x08, 0xFF, 0x42, 0x28, 0x10, 0xFF,
    0x42, 0x2C, 0x08, 0xFF, 0x42, 0x28, 0x10, 0xFF, 0x42, 0x2C, 0x08, 0xFF, 0x42, 0x28, 0x10, 0xFF,
    0x42, 0x2C, 0x08, 0xFF, 0x42, 0x28, 0x10, 0xFF, 0x42, 0x2C, 0x08, 0xFF, 0x42, 0x28, 0x10, 0xFF,
    0x42, 0x2C, 0x08, 0xFF, 0x42, 0x28, 0x10, 0xFF, 0x42, 0x2C, 0x08, 0xFF, 0x42, 0x28, 0x08, 0xFF,
    0x42, 0x2C, 0x10, 0xFF, 0x42, 0x28, 0x08, 0xFF, 0x42, 0x2C, 0x10, 0xFF, 0x42, 0x28, 0x08, 0xFF,
    0x42, 0x2C, 0x10, 0xFF, 0x42, 0x28, 0x08, 0xFF, 0x42, 0x2C, 0x10, 0xFF, 0x42, 0x28, 0x08, 0xFF,
    0x42, 0x2C, 0x10, 0xFF, 0x42, 0x28, 0x08, 0xFF, 0x42, 0x2C, 0x10, 0xFF, 0x42, 0x28, 0x08, 0xFF,
    0x42, 0x2C, 0x10, 0xFF, 0x42, 0x28, 0x08, 0xFF, 0x42, 0x2C, 0x10, 0xFF, 0x42, 0x28, 0x08, 0xFF,
    0x42, 0x2C, 0x08, 0xFF, 0x42, 0x28, 0x10, 0xFF, 0x42, 0x2C, 0x08, 0xFF, 0x42, 0x28, 0x10, 0xFF,
    0x42, 0x2C, 0x08, 0xFF, 0x42, 0x28, 0x10, 0xFF, 0x42, 0x2C, 0x08, 0xFF, 0x42, 0x28, 0x10, 0xFF,
    0x42, 0x2C, 0x08, 0xFF, 0x42, 0x28, 0x10, 0xFF, 0x42, 0x2C, 0x08, 0xFF, 0x42, 0x28, 0x10, 0xFF,
    0x42, 0x2C, 0x08, 0xFF, 0x42, 0x28, 0x10, 0xFF, 0x42, 0x2C, 0x08, 0xFF, 0x42, 0x28, 0x08, 0xFF,
    0x42, 0x2C, 0x10, 0xFF, 0x42, 0x28, 0x08, 0xFF, 0x42, 0x2C, 0x10, 0xFF, 0x42, 0x28, 0x08, 0xFF,
    0x42, 0x2C, 0x10, 0xFF, 0x42, 0x28, 0x08, 0xFF, 0x42, 0x2C, 0x10, 0xFF, 0x42, 0x28, 0x08, 0xFF,
    0x42, 0x2C, 0x10, 0xFF, 0x42, 0x28, 0x08, 0xFF, 0x42, 0x2C, 0x10, 0xFF, 0x42, 0x28, 0x08, 0xFF,
    0x42, 0x2C, 0x10, 0xFF, 0x42, 0x28, 0x08, 0xFF, 0x42, 0x2C, 0x10, 0xFF, 0x42, 0x28, 0x08, 0xFF,
    0x42, 0x2C, 0x08, 0xFF, 0x42, 0x28, 0x10, 0xFF, 0x42, 0x2C, 0x08, 0xFF, 0x42, 0x28, 0x10, 0xFF,
    0x42, 0x2C, 0x08, 0xFF, 0x42, 0x28, 0x10, 0xFF, 0x42, 0x2C, 0x08, 0xFF, 0x42, 0x28, 0x10, 0xFF,
    0x42, 0x2C, 0x08, 0xFF, 0x42, 0x28, 0x10, 0xFF, 0x42, 0x2C, 0x08, 0xFF, 0x42, 0x28, 0x10, 0xFF,
    0x42, 0x2C, 0x08, 0xFF, 0x42, 0x28, 0x10, 0xFF, 0x42, 0x2C, 0x08, 0xFF, 0x42, 0x28, 0x08, 0xFF,
    0x42, 0x2C, 0x10, 0xFF, 0x42, 0x28, 0x08, 0xFF, 0x42, 0x2C, 0x10, 0xFF, 0x42, 0x28, 0x08, 0xFF,
    0x42, 0x2C, 0x10, 0xFF, 0x42, 0x28, 0x08, 0xFF, 0x42, 0x2C, 0x10, 0xFF, 0x42, 0x28, 0x08, 0xFF,
    0x42, 0x2C, 0x10, 0xFF, 0x42, 0x28, 0x08, 0xFF, 0x42, 0x2C, 0x10, 0xFF, 0x42, 0x28, 0x08, 0xFF,
    0x42, 0x28, 0x08, 0xFF, 0x39, 0x2C, 0x10, 0xFF, 0x42, 0x28, 0x08, 0xFF, 0x39, 0x2C, 0x08, 0xFF,
    0x42, 0x28, 0x10, 0xFF, 0x39, 0x2C, 0x08, 0xFF, 0x42, 0x28, 0x10, 0xFF, 0x39, 0x2C, 0x08, 0xFF,
    0x42, 0x28, 0x10, 0xFF, 0x39, 0x2C, 0x08, 0xFF, 0x42, 0x28, 0x10, 0xFF, 0x39, 0x2C, 0x08, 0xFF,
    0x42, 0x28, 0x10, 0xFF, 0x39, 0x2C, 0x08, 0xFF, 0x42, 0x28, 0x10, 0xFF, 0x39, 0x2C, 0x08, 0xFF,
    0x42, 0x28, 0x10, 0xFF, 0x39, 0x2C, 0x08, 0xFF, 0x42, 0x28, 0x10, 0xFF, 0x39, 0x2C, 0x08, 0xFF,
    0x42, 0x28, 0x10, 0xFF, 0x39, 0x2C, 0x08, 0xFF, 0x42, 0x28, 0x10, 0xFF, 0x39, 0x2C, 0x08, 0xFF,
    0x42, 0x28, 0x10, 0xFF, 0x39, 0x2C, 0x08, 0xFF, 0x42, 0x28, 0x10, 0xFF, 0x39, 0x2C, 0x08, 0xFF,
    0x42, 0x28, 0x10, 0xFF, 0x39, 0x2C, 0x08, 0xFF, 0x42, 0x28, 0x08, 0xFF, 0x39, 0x2C, 0x10, 0xFF,
    0x42, 0x28, 0x08, 0xFF, 0x39, 0x2C, 0x08, 0xFF, 0x42, 0x28, 0x10, 0xFF, 0x39, 0x2C, 0x08, 0xFF,
    0x42, 0x28, 0x10, 0xFF, 0x39, 0x2C, 0x08, 0xFF, 0x42, 0x28, 0x08, 0xFF, 0x39, 0x2C, 0x10, 0xFF,
    0x42, 0x28, 0x08, 0xFF, 0x39, 0x2C, 0x08, 0xFF, 0x42, 0x28, 0x10, 0xFF, 0x39, 0x2C, 0x08, 0xFF,
    0x42, 0x28, 0x10, 0xFF, 0x39, 0x2C, 0x08, 0xFF, 0x42, 0x28, 0x08, 0xFF, 0x39, 0x2C, 0x10, 0xFF,
    0x42, 0x28, 0x08, 0xFF, 0x39, 0x2C, 0x08, 0xFF, 0x42, 0x28, 0x10, 0xFF, 0x39, 0x2C, 0x08, 0xFF,
    0x42, 0x28, 0x10, 0xFF, 0x39, 0x2C, 0x08, 0xFF, 0x42, 0x28, 0x08, 0xFF, 0x39, 0x2C, 0x10, 0xFF,
    0x42, 0x28, 0x08, 0xFF, 0x39, 0x2C, 0x10, 0xFF, 0x42, 0x28, 0x08, 0xFF, 0x39, 0x2C, 0x10, 0xFF,
    0x42, 0x28, 0x08, 0xFF, 0x39, 0x2C, 0x10, 0xFF, 0x42, 0x28, 0x08, 0xFF, 0x39, 0x2C, 0x08, 0xFF,
    0x42, 0x28, 0x10, 0xFF, 0x39, 0x2C, 0x08, 0xFF, 0x42, 0x28, 0x08, 0xFF, 0x39, 0x2C, 0x10, 0xFF,
    0x42, 0x28, 0x08, 0xFF, 0x39, 0x2C, 0x10, 0xFF, 0x42, 0x28, 0x08, 0xFF, 0x39, 0x2C, 0x08, 0xFF,
    0x42, 0x28, 0x10, 0xFF, 0x39, 0x2C, 0x08, 0xFF, 0x42, 0x28, 0x10, 0xFF, 0x39, 0x2C, 0x08, 0xFF,
    0x42, 0x28, 0x10, 0xFF, 0x39, 0x2C, 0x08, 0xFF, 0x42, 0x28, 0x08, 0xFF, 0x39, 0x2C, 0x10, 0xFF,
    0x42, 0x28, 0x08, 0xFF, 0x39, 0x2C, 0x08, 0xFF, 0x42, 0x28, 0x10, 0xFF, 0x39, 0x2C, 0x08, 0xFF,
    0x42, 0x28, 0x10, 0xFF, 0x39, 0x2C, 0x08, 0xFF, 0x42, 0x28, 0x08, 0xFF, 0x39, 0x2C, 0x10, 0xFF,
    0x42, 0x28, 0x08, 0xFF, 0x39, 0x2C, 0x10, 0xFF, 0x42, 0x28, 0x08, 0xFF, 0x39, 0x2C, 0x10, 0xFF,
    0x42, 0x28, 0x08, 0xFF, 0x39, 0x2C, 0x10, 0xFF, 0x42, 0x28, 0x08, 0xFF, 0x39, 0x2C, 0x08, 0xFF,
    0x42, 0x28, 0x10, 0xFF, 0x39, 0x2C, 0x08, 0xFF, 0x42, 0x28, 0x08, 0xFF, 0x39, 0x2C, 0x10, 0xFF,
    0x42, 0x28, 0x08, 0xFF, 0x39, 0x2C, 0x10, 0xFF, 0x42, 0x28, 0x08, 0xFF, 0x39, 0x2C, 0x08, 0xFF,
    0x42, 0x28, 0x10, 0xFF, 0x39, 0x2C, 0x08, 0xFF, 0x42, 0x28, 0x10, 0xFF, 0x39, 0x2C, 0x08, 0xFF,
    0x42, 0x28, 0x10, 0xFF, 0x39, 0x2C, 0x08, 0xFF, 0x42, 0x28, 0x08, 0xFF, 0x39, 0x2C, 0x10, 0xFF,
    0x42, 0x28, 0x08, 0xFF, 0x39, 0x2C, 0x08, 0xFF, 0x42, 0x28, 0x10, 0xFF, 0x39, 0x2C, 0x08, 0xFF,
    0x42, 0x28, 0x10, 0xFF, 0x39, 0x2C, 0x08, 0xFF, 0x42, 0x28, 0x08, 0xFF, 0x39, 0x2C, 0x10, 0xFF,
    0x42, 0x28, 0x08, 0xFF, 0x39, 0x2C, 0x10, 0xFF, 0x42, 0x28, 0x08, 0xFF, 0x39, 0x2C, 0x10, 0xFF,
    0x42, 0x28, 0x08, 0xFF, 0x39, 0x2C, 0x10, 0xFF, 0x42, 0x28, 0x08, 0xFF, 0x42, 0x2C, 0x10, 0xFF,
    0x42, 0x2C, 0x08, 0xFF, 0x42, 0x28, 0x10, 0xFF, 0x42, 0x2C, 0x08, 0xFF, 0x42, 0x28, 0x10, 0xFF,
    0x42, 0x2C, 0x08, 0xFF, 0x42, 0x28, 0x08, 0xFF, 0x42, 0x2C, 0x10, 0xFF, 0x42, 0x28, 0x08, 0xFF,
    0x42, 0x2C, 0x10, 0xFF, 0x42, 0x28, 0x08, 0xFF, 0x42, 0x2C, 0x08, 0xFF, 0x42, 0x28, 0x10, 0xFF,
    0x42, 0x2C, 0x08, 0xFF, 0x42, 0x28, 0x10, 0xFF, 0x42, 0x2C, 0x08, 0xFF, 0x42, 0x28, 0x10, 0xFF,
    0x42, 0x2C, 0x08, 0xFF, 0x42, 0x28, 0x10, 0xFF, 0x42, 0x2C, 0x08, 0xFF, 0x42, 0x28, 0x10, 0xFF,
    0x42, 0x2C, 0x08, 0xFF, 0x42, 0x28, 0x08, 0xFF, 0x42, 0x2C, 0x10, 0xFF, 0x42, 0x28, 0x08, 0xFF,
    0x42, 0x2C, 0x10, 0xFF, 0x42, 0x28, 0x08, 0xFF, 0x42, 0x2C, 0x08, 0xFF, 0x42, 0x28, 0x10, 0xFF,
    0x42, 0x2C, 0x08, 0xFF, 0x42, 0x28, 0x10, 0xFF, 0x42, 0x2C, 0x08, 0xFF, 0x42, 0x28, 0x10, 0xFF,
    0x42, 0x2C, 0x08, 0xFF, 0x42, 0x28, 0x10, 0xFF, 0x42, 0x2C, 0x08, 0xFF, 0x42, 0x28, 0x10, 0xFF,
    0x42, 0x2C, 0x08, 0xFF, 0x42, 0x28, 0x10, 0xFF, 0x42, 0x2C, 0x08, 0xFF, 0x42, 0x28, 0x10, 0xFF,
    0x42, 0x2C, 0x08, 0xFF, 0x42, 0x28, 0x10, 0xFF, 0x42, 0x2C, 0x08, 0xFF, 0x42, 0x28, 0x10, 0xFF,
    0x42, 0x2C, 0x08, 0xFF, 0x42, 0x28, 0x10, 0xFF, 0x42, 0x2C, 0x08, 0xFF, 0x42, 0x28, 0x10, 0xFF,
    0x42, 0x2C, 0x08, 0xFF, 0x42, 0x28, 0x10, 0xFF, 0x42, 0x2C, 0x08, 0xFF, 0x42, 0x28, 0x10, 0xFF,
    0x42, 0x2C, 0x08, 0xFF, 0x42, 0x28, 0x10, 0xFF, 0x42, 0x2C, 0x08, 0xFF, 0x42, 0x28, 0x10, 0xFF,
    0x42, 0x2C, 0x08, 0xFF, 0x42, 0x28, 0x08, 0xFF, 0x42, 0x2C, 0x10, 0xFF, 0x42, 0x28, 0x08, 0xFF,
    0x42, 0x2C, 0x08, 0xFF, 0x42, 0x28, 0x10, 0xFF, 0x42, 0x2C, 0x08, 0xFF, 0x42, 0x28, 0x10, 0xFF,
    0x42, 0x2C, 0x08, 0xFF, 0x42, 0x28, 0x10, 0xFF, 0x42, 0x2C, 0x08, 0xFF, 0x42, 0x28, 0x10, 0xFF,
    0x42, 0x2C, 0x08, 0xFF, 0x42, 0x28, 0x08, 0xFF, 0x42, 0x2C, 0x10, 0xFF, 0x42, 0x28, 0x08, 0xFF,
    0x42, 0x2C, 0x10, 0xFF, 0x42, 0x28, 0x08, 0xFF, 0x42, 0x2C, 0x08, 0xFF, 0x42, 0x28, 0x10, 0xFF,
    0x42, 0x2C, 0x08, 0xFF, 0x42, 0x28, 0x10, 0xFF, 0x42, 0x2C, 0x08, 0xFF, 0x42, 0x28, 0x10, 0xFF,
    0x42, 0x2C, 0x08, 0xFF, 0x42, 0x28, 0x10, 0xFF, 0x42, 0x2C, 0x08, 0xFF, 0x42, 0x28, 0x10, 0xFF,
    0x42, 0x2C, 0x08, 0xFF, 0x42, 0x28, 0x10, 0xFF, 0x42, 0x2C, 0x08, 0xFF, 0x42, 0x28, 0x10, 0xFF,
    0x42, 0x2C, 0x08, 0xFF, 0x42, 0x28, 0x08, 0xFF, 0x42, 0x2C, 0x10, 0xFF, 0x42, 0x28, 0x08, 0xFF,
    0x42, 0x2C, 0x08, 0xFF, 0x42, 0x28, 0x10, 0xFF, 0x42, 0x2C, 0x08, 0xFF, 0x42, 0x28, 0x10, 0xFF,
    0x42, 0x2C, 0x08, 0xFF, 0x42, 0x28, 0x10, 0xFF, 0x42, 0x2C, 0x08, 0xFF, 0x42, 0x28, 0x10, 0xFF,
    0x42, 0x2C, 0x08, 0xFF, 0x42, 0x28, 0x08, 0xFF, 0x42, 0x2C, 0x10, 0xFF, 0x42, 0x28, 0x08, 0xFF,
    0x42, 0x2C, 0x10, 0xFF, 0x42, 0x28, 0x08, 0xFF, 0x42, 0x2C, 0x08, 0xFF, 0x42, 0x28, 0x10, 0xFF,
    0x42, 0x2C, 0x08, 0xFF, 0x42, 0x28, 0x10, 0xFF, 0x42, 0x2C, 0x08, 0xFF, 0x42, 0x28, 0x10, 0xFF,
    0x42, 0x2C, 0x08, 0xFF, 0x42, 0x28, 0x10, 0xFF, 0x42, 0x2C, 0x08, 0xFF, 0x42, 0x28, 0x10, 0xFF,
    0x42, 0x2C, 0x08, 0xFF, 0x42, 0x28, 0x10, 0xFF, 0x42, 0x2C, 0x08, 0xFF, 0x42, 0x28, 0x10, 0xFF,
    0x42, 0x2C, 0x08, 0xFF, 0x42, 0x28, 0x08, 0xFF, 0x42, 0x2C, 0x10, 0xFF, 0x42, 0x28, 0x08, 0xFF,
    0x42, 0x2C, 0x08, 0xFF, 0x42, 0x28, 0x10, 0xFF, 0x42, 0x2C, 0x08, 0xFF, 0x39, 0x28, 0x08, 0xFF,
    0x42, 0x28, 0x08, 0xFF, 0x42, 0x2C, 0x08, 0xFF, 0x42, 0x28, 0x10, 0xFF, 0x42, 0x2C, 0x08, 0xFF,
    0x42, 0x28, 0x08, 0xFF, 0x42, 0x2C, 0x10, 0xFF, 0x42, 0x28, 0x08, 0xFF, 0x42, 0x2C, 0x08, 0xFF,
    0x42, 0x28, 0x08, 0xFF, 0x42, 0x2C, 0x10, 0xFF, 0x42, 0x28, 0x08, 0xFF, 0x42, 0x2C, 0x08, 0xFF,
    0x42, 0x28, 0x08, 0xFF, 0x42, 0x2C, 0x08, 0xFF, 0x42, 0x28, 0x08, 0xFF, 0x42, 0x2C, 0x08, 0xFF,
    0x42, 0x28, 0x08, 0xFF, 0x42, 0x2C, 0x08, 0xFF, 0x42, 0x28, 0x08, 0xFF, 0x42, 0x2C, 0x08, 0xFF,
    0x42, 0x28, 0x10, 0xFF, 0x42, 0x2C, 0x08, 0xFF, 0x42, 0x28, 0x08, 0xFF, 0x42, 0x2C, 0x10, 0xFF,
    0x42, 0x28, 0x08, 0xFF, 0x42, 0x2C, 0x08, 0xFF, 0x42, 0x28, 0x10, 0xFF, 0x42, 0x2C, 0x08, 0xFF,
    0x42, 0x28, 0x08, 0xFF, 0x42, 0x2C, 0x08, 0xFF, 0x42, 0x28, 0x10, 0xFF, 0x42, 0x2C, 0x08, 0xFF,
    0x42, 0x28, 0x08, 0xFF, 0x42, 0x2C, 0x08, 0xFF, 0x42, 0x28, 0x10, 0xFF, 0x42, 0x2C, 0x08, 0xFF,
    0x42, 0x28, 0x08, 0xFF, 0x42, 0x2C, 0x08, 0xFF, 0x42, 0x28, 0x10, 0xFF, 0x42, 0x2C, 0x08, 0xFF,
    0x42, 0x28, 0x08, 0xFF, 0x42, 0x2C, 0x08, 0xFF, 0x42, 0x28, 0x10, 0xFF, 0x42, 0x2C, 0x08, 0xFF,
    0x42, 0x28, 0x08, 0xFF, 0x42, 0x2C, 0x08, 0xFF, 0x42, 0x28, 0x10, 0xFF, 0x42, 0x2C, 0x08, 0xFF,
    0x42, 0x28, 0x08, 0xFF, 0x42, 0x2C, 0x08, 0xFF, 0x42, 0x28, 0x10, 0xFF, 0x42, 0x2C, 0x08, 0xFF,
    0x42, 0x28, 0x08, 0xFF, 0x42, 0x2C, 0x08, 0xFF, 0x42, 0x28, 0x10, 0xFF, 0x42, 0x2C, 0x08, 0xFF,
    0x42, 0x28, 0x08, 0xFF, 0x42, 0x2C, 0x10, 0xFF, 0x42, 0x28, 0x08, 0xFF, 0x42, 0x2C, 0x08, 0xFF,
    0x42, 0x28, 0x10, 0xFF, 0x42, 0x2C, 0x08, 0xFF, 0x42, 0x28, 0x08, 0xFF, 0x42, 0x2C, 0x08, 0xFF,
    0x42, 0x28, 0x08, 0xFF, 0x42, 0x2C, 0x10, 0xFF, 0x42, 0x28, 0x08, 0xFF, 0x42, 0x2C, 0x08, 0xFF,
    0x42, 0x28, 0x10, 0xFF, 0x42, 0x2C, 0x08, 0xFF, 0x42, 0x28, 0x08, 0xFF, 0x42, 0x2C, 0x10, 0xFF,
    0x42, 0x28, 0x08, 0xFF, 0x42, 0x2C, 0x08, 0xFF, 0x42, 0x28, 0x10, 0xFF, 0x42, 0x2C, 0x08, 0xFF,
    0x42, 0x28, 0x08, 0xFF, 0x42, 0x2C, 0x08, 0xFF, 0x42, 0x28, 0x10, 0xFF, 0x42, 0x2C, 0x08, 0xFF,
    0x42, 0x28, 0x08, 0xFF, 0x42, 0x2C, 0x08, 0xFF, 0x42, 0x28, 0x10, 0xFF, 0x42, 0x2C, 0x08, 0xFF,
    0x42, 0x28, 0x08, 0xFF, 0x42, 0x2C, 0x08, 0xFF, 0x42, 0x28, 0x10, 0xFF, 0x42, 0x2C, 0x08, 0xFF,
    0x42, 0x28, 0x08, 0xFF, 0x42, 0x2C, 0x10, 0xFF, 0x42, 0x28, 0x08, 0xFF, 0x42, 0x2C, 0x08, 0xFF,
    0x42, 0x28, 0x10, 0xFF, 0x42, 0x2C, 0x08, 0xFF, 0x42, 0x28, 0x08, 0xFF, 0x42, 0x2C, 0x08, 0xFF,
    0x42, 0x28, 0x08, 0xFF, 0x42, 0x2C, 0x10, 0xFF, 0x42, 0x28, 0x08, 0xFF, 0x42, 0x2C, 0x08, 0xFF,
    0x42, 0x28, 0x10, 0xFF, 0x42, 0x2C, 0x08, 0xFF, 0x42, 0x28, 0x08, 0xFF, 0x42, 0x2C, 0x10, 0xFF,
    0x42, 0x28, 0x08, 0xFF, 0x42, 0x2C, 0x08, 0xFF, 0x42, 0x28, 0x10, 0xFF, 0x42, 0x2C, 0x08, 0xFF,
    0x42, 0x28, 0x08, 0xFF, 0x42, 0x2C, 0x08, 0xFF, 0x42, 0x28, 0x10, 0xFF, 0x42, 0x2C, 0x08, 0xFF,
    0x42, 0x28, 0x08, 0xFF, 0x42, 0x2C, 0x08, 0xFF, 0x42, 0x28, 0x10, 0xFF, 0x42, 0x2C, 0x08, 0xFF,
    0x42, 0x28, 0x08, 0xFF, 0x42, 0x2C, 0x08, 0xFF, 0x42, 0x28, 0x10, 0xFF, 0x42, 0x2C, 0x08, 0xFF,
    0x42, 0x28, 0x08, 0xFF, 0x42, 0x2C, 0x10, 0xFF, 0x42, 0x28, 0x08, 0xFF, 0x42, 0x2C, 0x08, 0xFF,
    0x42, 0x28, 0x10, 0xFF, 0x39, 0x2C, 0x08, 0xFF, 0x42, 0x28, 0x08, 0xFF, 0x42, 0x2C, 0x10, 0xFF,
    0x42, 0x28, 0x08, 0xFF, 0x39, 0x2C, 0x10, 0xFF, 0x42, 0x28, 0x08, 0xFF, 0x39, 0x28, 0x08, 0xFF,
    0x42, 0x2C, 0x10, 0xFF, 0x39, 0x28, 0x08, 0xFF, 0x42, 0x28, 0x08, 0xFF, 0x39, 0x2C, 0x10, 0xFF,
    0x42, 0x28, 0x08, 0xFF, 0x39, 0x28, 0x08, 0xFF, 0x42, 0x2C, 0x10, 0xFF, 0x39, 0x28, 0x08, 0xFF,
    0x42, 0x28, 0x10, 0xFF, 0x39, 0x2C, 0x08, 0xFF, 0x42, 0x28, 0x10, 0xFF, 0x39, 0x28, 0x08, 0xFF,
    0x42, 0x2C, 0x10, 0xFF, 0x39, 0x28, 0x08, 0xFF, 0x42, 0x28, 0x10, 0xFF, 0x39, 0x2C, 0x08, 0xFF,
    0x42, 0x28, 0x08, 0xFF, 0x39, 0x28, 0x10, 0xFF, 0x42, 0x2C, 0x08, 0xFF, 0x39, 0x28, 0x08, 0xFF,
    0x42, 0x28, 0x10, 0xFF, 0x39, 0x2C, 0x08, 0xFF, 0x42, 0x28, 0x08, 0xFF, 0x39, 0x28, 0x10, 0xFF,
    0x42, 0x2C, 0x08, 0xFF, 0x39, 0x28, 0x10, 0xFF, 0x42, 0x28, 0x08, 0xFF, 0x39, 0x2C, 0x08, 0xFF,
    0x42, 0x28, 0x10, 0xFF, 0x39, 0x28, 0x08, 0xFF, 0x42, 0x2C, 0x08, 0xFF, 0x39, 0x28, 0x10, 0xFF,
    0x42, 0x28, 0x08, 0xFF, 0x39, 0x2C, 0x10, 0xFF, 0x42, 0x28, 0x08, 0xFF, 0x39, 0x28, 0x08, 0xFF,
    0x42, 0x2C, 0x10, 0xFF, 0x39, 0x28, 0x08, 0xFF, 0x42, 0x28, 0x08, 0xFF, 0x39, 0x2C, 0x10, 0xFF,
    0x42, 0x28, 0x08, 0xFF, 0x39, 0x28, 0x10, 0xFF, 0x42, 0x2C, 0x08, 0xFF, 0x39, 0x28, 0x08, 0xFF,
    0x42, 0x28, 0x10, 0xFF, 0x39, 0x2C, 0x08, 0xFF, 0x42, 0x28, 0x08, 0xFF, 0x39, 0x28, 0x10, 0xFF,
    0x42, 0x2C, 0x08, 0xFF, 0x39, 0x28, 0x10, 0xFF, 0x42, 0x28, 0x08, 0xFF, 0x39, 0x2C, 0x08, 0xFF,
    0x42, 0x28, 0x10, 0xFF, 0x39, 0x28, 0x08, 0xFF, 0x42, 0x2C, 0x08, 0xFF, 0x39, 0x28, 0x10, 0xFF,
    0x42, 0x28, 0x08, 0xFF, 0x39, 0x2C, 0x08, 0xFF, 0x42, 0x28, 0x10, 0xFF, 0x39, 0x28, 0x08, 0xFF,
    0x42, 0x2C, 0x10, 0xFF, 0x39, 0x28, 0x08, 0xFF, 0x42, 0x28, 0x08, 0xFF, 0x39, 0x2C, 0x10, 0xFF,
    0x42, 0x28, 0x08, 0xFF, 0x39, 0x28, 0x08, 0xFF, 0x42, 0x2C, 0x10, 0xFF, 0x39, 0x28, 0x08, 0xFF,
    0x42, 0x28, 0x08, 0xFF, 0x39, 0x2C, 0x10, 0xFF, 0x42, 0x28, 0x08, 0xFF, 0x39, 0x28, 0x08, 0xFF,
    0x42, 0x2C, 0x10, 0xFF, 0x39, 0x28, 0x08, 0xFF, 0x42, 0x28, 0x08, 0xFF, 0x39, 0x2C, 0x10, 0xFF,
    0x42, 0x28, 0x08, 0xFF, 0x39, 0x28, 0x10, 0xFF, 0x42, 0x2C, 0x08, 0xFF, 0x39, 0x28, 0x08, 0xFF,
    0x42, 0x28, 0x10, 0xFF, 0x39, 0x2C, 0x08, 0xFF, 0x42, 0x28, 0x08, 0xFF, 0x39, 0x28, 0x10, 0xFF,
    0x42, 0x2C, 0x08, 0xFF, 0x39, 0x28, 0x08, 0xFF, 0x42, 0x28, 0x10, 0xFF, 0x39, 0x2C, 0x08, 0xFF,
    0x42, 0x28, 0x08, 0xFF, 0x39, 0x28, 0x10, 0xFF, 0x42, 0x2C, 0x08, 0xFF, 0x39, 0x28, 0x10, 0xFF,
    0x42, 0x28, 0x08, 0xFF, 0x39, 0x2C, 0x08, 0xFF, 0x42, 0x28, 0x10, 0xFF, 0x39, 0x28, 0x08, 0xFF,
    0x42, 0x2C, 0x08, 0xFF, 0x39, 0x28, 0x10, 0xFF, 0x42, 0x28, 0x08, 0xFF, 0x39, 0x2C, 0x08, 0xFF,
    0x42, 0x28, 0x10, 0xFF, 0x39, 0x28, 0x08, 0xFF, 0x42, 0x2C, 0x08, 0xFF, 0x39, 0x28, 0x10, 0xFF,
    0x42, 0x28, 0x08, 0xFF, 0x39, 0x2C, 0x10, 0xFF, 0x42, 0x28, 0x08, 0xFF, 0x39, 0x28, 0x08, 0xFF,
    0x42, 0x2C, 0x10, 0xFF, 0x39, 0x28, 0x08, 0xFF, 0x42, 0x28, 0x08, 0xFF, 0x39, 0x2C, 0x10, 0xFF,
    0x42, 0x28, 0x08, 0xFF, 0x39, 0x28, 0x10, 0xFF, 0x42, 0x2C, 0x08, 0xFF, 0x39, 0x28, 0x08, 0xFF,
    0x42, 0x28, 0x10, 0xFF, 0x39, 0x2C, 0x08, 0xFF, 0x42, 0x28, 0x08, 0xFF, 0x39, 0x28, 0x10, 0xFF,
    0x42, 0x2C, 0x08, 0xFF, 0x42, 0x28, 0x08, 0xFF, 0x42, 0x28, 0x10, 0xFF, 0x42, 0x28, 0x08, 0xFF,
    0x42, 0x28, 0x08, 0xFF, 0x42, 0x28, 0x08, 0xFF, 0x42, 0x2C, 0x08, 0xFF, 0x42, 0x28, 0x08, 0xFF,
    0x42, 0x28, 0x08, 0xFF, 0x42, 0x2C, 0x08, 0xFF, 0x42, 0x28, 0x08, 0xFF, 0x42, 0x28, 0x08, 0xFF,
    0x42, 0x2C, 0x08, 0xFF, 0x42, 0x28, 0x08, 0xFF, 0x42, 0x28, 0x08, 0xFF, 0x42, 0x2C, 0x08, 0xFF,
    0x42, 0x28, 0x08, 0xFF, 0x42, 0x28, 0x08, 0xFF, 0x42, 0x2C, 0x08, 0xFF, 0x42, 0x28, 0x08, 0xFF,
    0x42, 0x28, 0x08, 0xFF, 0x42, 0x2C, 0x08, 0xFF, 0x42, 0x28, 0x08, 0xFF, 0x42, 0x28, 0x10, 0xFF,
    0x42, 0x2C, 0x08, 0xFF, 0x42, 0x28, 0x08, 0xFF, 0x42, 0x28, 0x08, 0xFF, 0x42, 0x2C, 0x08, 0xFF,
    0x42, 0x28, 0x08, 0xFF, 0x42, 0x28, 0x08, 0xFF, 0x42, 0x2C, 0x08, 0xFF, 0x42, 0x28, 0x08, 0xFF,
    0x42, 0x28, 0x08, 0xFF, 0x42, 0x2C, 0x08, 0xFF, 0x42, 0x28, 0x08, 0xFF, 0x42, 0x28, 0x08, 0xFF,
    0x42, 0x2C, 0x08, 0xFF, 0x42, 0x28, 0x08, 0xFF, 0x42, 0x28, 0x08, 0xFF, 0x42, 0x2C, 0x08, 0xFF,
    0x42, 0x28, 0x08, 0xFF, 0x42, 0x28, 0x08, 0xFF, 0x42, 0x2C, 0x08, 0xFF, 0x42, 0x28, 0x08, 0xFF,
    0x42, 0x28, 0x08, 0xFF, 0x42, 0x2C, 0x08, 0xFF, 0x42, 0x28, 0x08, 0xFF, 0x42, 0x28, 0x08, 0xFF,
    0x42, 0x2C, 0x08, 0xFF, 0x42, 0x28, 0x08, 0xFF, 0x42, 0x28, 0x08, 0xFF, 0x42, 0x2C, 0x08, 0xFF,
    0x42, 0x28, 0x08, 0xFF, 0x42, 0x28, 0x08, 0xFF, 0x42, 0x2C, 0x08, 0xFF, 0x42, 0x28, 0x08, 0xFF,
    0x42, 0x28, 0x08, 0xFF, 0x42, 0x2C, 0x08, 0xFF, 0x42, 0x28, 0x08, 0xFF, 0x42, 0x28, 0x08, 0xFF,
    0x42, 0x2C, 0x08, 0xFF, 0x42, 0x28, 0x08, 0xFF, 0x42, 0x28, 0x08, 0xFF, 0x42, 0x2C, 0x08, 0xFF,
    0x42, 0x28, 0x08, 0xFF, 0x42, 0x28, 0x08, 0xFF, 0x42, 0x2C, 0x08, 0xFF, 0x42, 0x28, 0x08, 0xFF,
    0x42, 0x28, 0x08, 0xFF, 0x42, 0x2C, 0x08, 0xFF, 0x42, 0x28, 0x08, 0xFF, 0x42, 0x28, 0x08, 0xFF,
    0x42, 0x2C, 0x08, 0xFF, 0x42, 0x28, 0x08, 0xFF, 0x42, 0x28, 0x08, 0xFF, 0x42, 0x2C, 0x08, 0xFF,
    0x42, 0x28, 0x08, 0xFF, 0x42, 0x28, 0x08, 0xFF, 0x42, 0x2C, 0x08, 0xFF, 0x42, 0x28, 0x08, 0xFF,
    0x42, 0x28, 0x08, 0xFF, 0x42, 0x2C, 0x08, 0xFF, 0x42, 0x28, 0x08, 0xFF, 0x42, 0x28, 0x08, 0xFF,
    0x42, 0x2C, 0x08, 0xFF, 0x42, 0x28, 0x08, 0xFF, 0x42, 0x28, 0x08, 0xFF, 0x42, 0x2C, 0x08, 0xFF,
    0x42, 0x28, 0x08, 0xFF, 0x42, 0x28, 0x08, 0xFF, 0x42, 0x2C, 0x08, 0xFF, 0x42, 0x28, 0x08, 0xFF,
    0x42, 0x28, 0x08, 0xFF, 0x42, 0x2C, 0x08, 0xFF, 0x42, 0x28, 0x08, 0xFF, 0x42, 0x28, 0x08, 0xFF,
    0x42, 0x2C, 0x08, 0xFF, 0x42, 0x28, 0x08, 0xFF, 0x42, 0x28, 0x08, 0xFF, 0x42, 0x2C, 0x08, 0xFF,
    0x42, 0x28, 0x08, 0xFF, 0x42, 0x28, 0x08, 0xFF, 0x42, 0x2C, 0x08, 0xFF, 0x42, 0x28, 0x08, 0xFF,
    0x42, 0x28, 0x08, 0xFF, 0x42, 0x2C, 0x08, 0xFF, 0x42, 0x28, 0x08, 0xFF, 0x42, 0x28, 0x08, 0xFF,
    0x42, 0x2C, 0x08, 0xFF, 0x42, 0x28, 0x08, 0xFF, 0x42, 0x28, 0x08, 0xFF, 0x42, 0x2C, 0x08, 0xFF,
    0x42, 0x28, 0x08, 0xFF, 0x42, 0x28, 0x08, 0xFF, 0x42, 0x2C, 0x08, 0xFF, 0x42, 0x28, 0x08, 0xFF,
    0x42, 0x28, 0x08, 0xFF, 0x42, 0x2C, 0x08, 0xFF, 0x42, 0x28, 0x08, 0xFF, 0x42, 0x28, 0x08, 0xFF,
    0x42, 0x2C, 0x08, 0xFF, 0x42, 0x28, 0x08, 0xFF, 0x42, 0x28, 0x08, 0xFF, 0x42, 0x2C, 0x08, 0xFF,
    0x42, 0x28, 0x08, 0xFF, 0x42, 0x28, 0x08, 0xFF, 0x42, 0x2C, 0x08, 0xFF, 0x42, 0x28, 0x08, 0xFF,
    0x42, 0x28, 0x08, 0xFF, 0x42, 0x2C, 0x08, 0xFF, 0x42, 0x28, 0x08, 0xFF, 0x42, 0x2C, 0x08, 0xFF,
    0x42, 0x2C, 0x08, 0xFF, 0x39, 0x28, 0x08, 0xFF, 0x42, 0x28, 0x10, 0xFF, 0x42, 0x2C, 0x08, 0xFF,
    0x39, 0x28, 0x08, 0xFF, 0x42, 0x28, 0x10, 0xFF, 0x42, 0x2C, 0x08, 0xFF, 0x39, 0x28, 0x08, 0xFF,
    0x42, 0x28, 0x10, 0xFF, 0x42, 0x2C, 0x08, 0xFF, 0x39, 0x28, 0x08, 0xFF, 0x42, 0x28, 0x10, 0xFF,
    0x42, 0x2C, 0x08, 0xFF, 0x39, 0x28, 0x10, 0xFF, 0x42, 0x28, 0x08, 0xFF, 0x42, 0x2C, 0x10, 0xFF,
    0x39, 0x28, 0x08, 0xFF, 0x42, 0x28, 0x10, 0xFF, 0x42, 0x2C, 0x08, 0xFF, 0x39, 0x28, 0x08, 0xFF,
    0x42, 0x28, 0x08, 0xFF, 0x42, 0x2C, 0x08, 0xFF, 0x39, 0x28, 0x10, 0xFF, 0x42, 0x28, 0x08, 0xFF,
    0x42, 0x2C, 0x08, 0xFF, 0x39, 0x28, 0x10, 0xFF, 0x42, 0x28, 0x08, 0xFF, 0x42, 0x2C, 0x08, 0xFF,
    0x39, 0x28, 0x10, 0xFF, 0x42, 0x28, 0x08, 0xFF, 0x42, 0x2C, 0x08, 0xFF, 0x39, 0x28, 0x10, 0xFF,
    0x42, 0x28, 0x08, 0xFF, 0x42, 0x2C, 0x10, 0xFF, 0x39, 0x28, 0x08, 0xFF, 0x42, 0x28, 0x08, 0xFF,
    0x42, 0x2C, 0x10, 0xFF, 0x39, 0x28, 0x08, 0xFF, 0x42, 0x28, 0x08, 0xFF, 0x42, 0x2C, 0x10, 0xFF,
    0x39, 0x28, 0x08, 0xFF, 0x42, 0x28, 0x10, 0xFF, 0x42, 0x2C, 0x08, 0xFF, 0x39, 0x28, 0x08, 0xFF,
    0x42, 0x28, 0x10, 0xFF, 0x42, 0x2C, 0x08, 0xFF, 0x39, 0x28, 0x08, 0xFF, 0x42, 0x28, 0x10, 0xFF,
    0x42, 0x2C, 0x08, 0xFF, 0x39, 0x28, 0x10, 0xFF, 0x42, 0x28, 0x08, 0xFF, 0x42, 0x2C, 0x08, 0xFF,
    0x39, 0x28, 0x10, 0xFF, 0x42, 0x28, 0x08, 0xFF, 0x42, 0x2C, 0x08, 0xFF, 0x39, 0x28, 0x10, 0xFF,
    0x42, 0x28, 0x08, 0xFF, 0x42, 0x2C, 0x10, 0xFF, 0x39, 0x28, 0x08, 0xFF, 0x42, 0x28, 0x08, 0xFF,
    0x42, 0x2C, 0x10, 0xFF, 0x39, 0x28, 0x08, 0xFF, 0x42, 0x28, 0x10, 0xFF, 0x42, 0x2C, 0x08, 0xFF,
    0x39, 0x28, 0x08, 0xFF, 0x42, 0x28, 0x10, 0xFF, 0x42, 0x2C, 0x08, 0xFF, 0x39, 0x28, 0x08, 0xFF,
    0x42, 0x28, 0x10, 0xFF, 0x42, 0x2C, 0x08, 0xFF, 0x39, 0x28, 0x08, 0xFF, 0x42, 0x28, 0x10, 0xFF,
    0x42, 0x2C, 0x08, 0xFF, 0x39, 0x28, 0x08, 0xFF, 0x42, 0x28, 0x10, 0xFF, 0x42, 0x2C, 0x08, 0xFF,
    0x39, 0x28, 0x08, 0xFF, 0x42, 0x28, 0x10, 0xFF, 0x42, 0x2C, 0x08, 0xFF, 0x39, 0x28, 0x08, 0xFF,
    0x42, 0x28, 0x10, 0xFF, 0x42, 0x2C, 0x08, 0xFF, 0x39, 0x28, 0x08, 0xFF, 0x42, 0x28, 0x10, 0xFF,
    0x42, 0x2C, 0x08, 0xFF, 0x39, 0x28, 0x10, 0xFF, 0x42, 0x28, 0x08, 0xFF, 0x42, 0x2C, 0x08, 0xFF,
    0x39, 0x28, 0x10, 0xFF, 0x42, 0x28, 0x08, 0xFF, 0x42, 0x2C, 0x08, 0xFF, 0x39, 0x28, 0x10, 0xFF,
    0x42, 0x28, 0x08, 0xFF, 0x42, 0x2C, 0x08, 0xFF, 0x39, 0x28, 0x10, 0xFF, 0x42, 0x28, 0x08, 0xFF,
    0x42, 0x2C, 0x10, 0xFF, 0x39, 0x28, 0x08, 0xFF, 0x42, 0x28, 0x08, 0xFF, 0x42, 0x2C, 0x10, 0xFF,
    0x39, 0x28, 0x08, 0xFF, 0x42, 0x28, 0x08, 0xFF, 0x42, 0x2C, 0x10, 0xFF, 0x39, 0x28, 0x08, 0xFF,
    0x42, 0x28, 0x08, 0xFF, 0x42, 0x2C, 0x10, 0xFF, 0x39, 0x28, 0x08, 0xFF, 0x42, 0x28, 0x08, 0xFF,
    0x42, 0x2C, 0x10, 0xFF, 0x39, 0x28, 0x08, 0xFF, 0x42, 0x28, 0x08, 0xFF, 0x42, 0x2C, 0x10, 0xFF,
    0x39, 0x28, 0x08, 0xFF, 0x42, 0x28, 0x10, 0xFF, 0x42, 0x2C, 0x08, 0xFF, 0x39, 0x28, 0x08, 0xFF,
    0x42, 0x28, 0x10, 0xFF, 0x42, 0x2C, 0x08, 0xFF, 0x39, 0x28, 0x08, 0xFF, 0x42, 0x28, 0x10, 0xFF,
    0x42, 0x2C, 0x08, 0xFF, 0x39, 0x28, 0x10, 0xFF, 0x42, 0x28, 0x08, 0xFF, 0x39, 0x2C, 0x08, 0xFF,
    0x42, 0x28, 0x10, 0xFF, 0x39, 0x28, 0x08, 0xFF, 0x42, 0x2C, 0x08, 0xFF, 0x39, 0x28, 0x08, 0xFF,
    0x42, 0x28, 0x08, 0xFF, 0x42, 0x2C, 0x08, 0xFF, 0x39, 0x28, 0x08, 0xFF, 0x42, 0x28, 0x08, 0xFF,
    0x42, 0x2C, 0x08, 0xFF, 0x39, 0x28, 0x08, 0xFF, 0x42, 0x28, 0x08, 0xFF, 0x42, 0x2C, 0x08, 0xFF,
    0x39, 0x28, 0x08, 0xFF, 0x42, 0x28, 0x08, 0xFF, 0x42, 0x2C, 0x08, 0xFF, 0x39, 0x28, 0x08, 0xFF,
    0x42, 0x28, 0x08, 0xFF, 0x42, 0x2C, 0x08, 0xFF, 0x39, 0x28, 0x08, 0xFF, 0x42, 0x28, 0x08, 0xFF,
    0x42, 0x2C, 0x08, 0xFF, 0x39, 0x28, 0x08, 0xFF, 0x42, 0x28, 0x08, 0xFF, 0x42, 0x2C, 0x08, 0xFF,
    0x39, 0x28, 0x08, 0xFF, 0x42, 0x28, 0x08, 0xFF, 0x42, 0x2C, 0x08, 0xFF, 0x39, 0x28, 0x08, 0xFF,
    0x42, 0x28, 0x08, 0xFF, 0x42, 0x2C, 0x08, 0xFF, 0x39, 0x28, 0x08, 0xFF, 0x42, 0x28, 0x08, 0xFF,
    0x42, 0x2C, 0x08, 0xFF, 0x39, 0x28, 0x08, 0xFF, 0x42, 0x28, 0x08, 0xFF, 0x42, 0x2C, 0x08, 0xFF,
    0x39, 0x28, 0x08, 0xFF, 0x42, 0x28, 0x08, 0xFF, 0x42, 0x2C, 0x08, 0xFF, 0x39, 0x28, 0x08, 0xFF,
    0x42, 0x28, 0x08, 0xFF, 0x42, 0x2C, 0x08, 0xFF, 0x39, 0x28, 0x08, 0xFF, 0x42, 0x28, 0x08, 0xFF,
    0x42, 0x2C, 0x08, 0xFF, 0x39, 0x28, 0x08, 0xFF, 0x42, 0x28, 0x08, 0xFF, 0x42, 0x2C, 0x08, 0xFF,
    0x39, 0x28, 0x08, 0xFF, 0x42, 0x28, 0x08, 0xFF, 0x42, 0x2C, 0x08, 0xFF, 0x39, 0x28, 0x08, 0xFF,
    0x42, 0x28, 0x08, 0xFF, 0x42, 0x2C, 0x08, 0xFF, 0x39, 0x28, 0x08, 0xFF, 0x42, 0x28, 0x08, 0xFF,
    0x42, 0x2C, 0x08, 0xFF, 0x39, 0x28, 0x08, 0xFF, 0x42, 0x28, 0x08, 0xFF, 0x42, 0x2C, 0x08, 0xFF,
    0x39, 0x28, 0x08, 0xFF, 0x42, 0x28, 0x08, 0xFF, 0x42, 0x2C, 0x08, 0xFF, 0x39, 0x28, 0x08, 0xFF,
    0x42, 0x28, 0x08, 0xFF, 0x42, 0x2C, 0x08, 0xFF, 0x39, 0x28, 0x08, 0xFF, 0x42, 0x28, 0x08, 0xFF,
    0x42, 0x2C, 0x08, 0xFF, 0x39, 0x28, 0x08, 0xFF, 0x42, 0x28, 0x08, 0xFF, 0x42, 0x2C, 0x08, 0xFF,
    0x39, 0x28, 0x08, 0xFF, 0x42, 0x28, 0x08, 0xFF, 0x42, 0x2C, 0x08, 0xFF, 0x39, 0x28, 0x08, 0xFF,
    0x42, 0x28, 0x08, 0xFF, 0x42, 0x2C, 0x08, 0xFF, 0x39, 0x28, 0x08, 0xFF, 0x42, 0x28, 0x08, 0xFF,
    0x42, 0x2C, 0x08, 0xFF, 0x39, 0x28, 0x08, 0xFF, 0x42, 0x28, 0x08, 0xFF, 0x42, 0x2C, 0x08, 0xFF,
    0x39, 0x28, 0x08, 0xFF, 0x42, 0x28, 0x08, 0xFF, 0x42, 0x2C, 0x08, 0xFF, 0x39, 0x28, 0x08, 0xFF,
    0x42, 0x28, 0x08, 0xFF, 0x42, 0x2C, 0x08, 0xFF, 0x39, 0x28, 0x08, 0xFF, 0x42, 0x28, 0x08, 0xFF,
    0x42, 0x2C, 0x08, 0xFF, 0x39, 0x28, 0x08, 0xFF, 0x42, 0x28, 0x08, 0xFF, 0x42, 0x2C, 0x08, 0xFF,
    0x39, 0x28, 0x08, 0xFF, 0x42, 0x28, 0x08, 0xFF, 0x42, 0x2C, 0x08, 0xFF, 0x39, 0x28, 0x08, 0xFF,
    0x42, 0x28, 0x08, 0xFF, 0x42, 0x2C, 0x08, 0xFF, 0x39, 0x28, 0x08, 0xFF, 0x42, 0x28, 0x08, 0xFF,
    0x42, 0x2C, 0x08, 0xFF, 0x39, 0x28, 0x08, 0xFF, 0x42, 0x28, 0x08, 0xFF, 0x42, 0x2C, 0x08, 0xFF,
    0x39, 0x28, 0x08, 0xFF, 0x42, 0x28, 0x08, 0xFF, 0x42, 0x2C, 0x08, 0xFF, 0x39, 0x28, 0x08, 0xFF,
    0x42, 0x28, 0x08, 0xFF, 0x42, 0x2C, 0x08, 0xFF, 0x39, 0x28, 0x08, 0xFF, 0x42, 0x28, 0x08, 0xFF,
    0x42, 0x2C, 0x08, 0xFF, 0x39, 0x28, 0x08, 0xFF, 0x42, 0x28, 0x08, 0xFF, 0x42, 0x2C, 0x08, 0xFF,
    0x39, 0x28, 0x08, 0xFF, 0x42, 0x28, 0x08, 0xFF, 0x42, 0x2C, 0x08, 0xFF, 0x39, 0x28, 0x08, 0xFF,
    0x42, 0x28, 0x08, 0xFF, 0x42, 0x2C, 0x08, 0xFF, 0x42, 0x28, 0x08, 0xFF, 0x42, 0x28, 0x08, 0xFF,
    0x39, 0x2C, 0x08, 0xFF, 0x42, 0x28, 0x08, 0xFF, 0x42, 0x28, 0x08, 0xFF, 0x42, 0x28, 0x08, 0xFF,
    0x42, 0x28, 0x08, 0xFF, 0x39, 0x28, 0x08, 0xFF, 0x42, 0x28, 0x08, 0xFF, 0x42, 0x28, 0x08, 0xFF,
    0x39, 0x28, 0x08, 0xFF, 0x42, 0x28, 0x08, 0xFF, 0x42, 0x28, 0x08, 0xFF, 0x39, 0x28, 0x08, 0xFF,
    0x42, 0x28, 0x08, 0xFF, 0x42, 0x28, 0x08, 0xFF, 0x39, 0x28, 0x08, 0xFF, 0x42, 0x28, 0x08, 0xFF,
    0x42, 0x28, 0x08, 0xFF, 0x39, 0x28, 0x08, 0xFF, 0x42, 0x28, 0x08, 0xFF, 0x42, 0x28, 0x08, 0xFF,
    0x39, 0x28, 0x08, 0xFF, 0x42, 0x28, 0x08, 0xFF, 0x42, 0x28, 0x08, 0xFF, 0x39, 0x28, 0x08, 0xFF,
    0x42, 0x28, 0x08, 0xFF, 0x42, 0x28, 0x08, 0xFF, 0x39, 0x28, 0x08, 0xFF, 0x42, 0x28, 0x08, 0xFF,
    0x42, 0x28, 0x08, 0xFF, 0x39, 0x28, 0x08, 0xFF, 0x42, 0x28, 0x08, 0xFF, 0x42, 0x28, 0x08, 0xFF,
    0x39, 0x28, 0x08, 0xFF, 0x42, 0x28, 0x08, 0xFF, 0x42, 0x28, 0x08, 0xFF, 0x39, 0x28, 0x08, 0xFF,
    0x42, 0x28, 0x08, 0xFF, 0x42, 0x28, 0x08, 0xFF, 0x39, 0x28, 0x08, 0xFF, 0x42, 0x28, 0x08, 0xFF,
    0x42, 0x28, 0x08, 0xFF, 0x39, 0x28, 0x08, 0xFF, 0x42, 0x28, 0x08, 0xFF, 0x42, 0x28, 0x08, 0xFF,
    0x39, 0x28, 0x08, 0xFF, 0x42, 0x28, 0x08, 0xFF, 0x42, 0x28, 0x08, 0xFF, 0x39, 0x28, 0x08, 0xFF,
    0x42, 0x28, 0x08, 0xFF, 0x42, 0x28, 0x08, 0xFF, 0x39, 0x28, 0x08, 0xFF, 0x42, 0x28, 0x08, 0xFF,
    0x42, 0x28, 0x08, 0xFF, 0x39, 0x28, 0x08, 0xFF, 0x42, 0x28, 0x08, 0xFF, 0x42, 0x28, 0x08, 0xFF,
    0x39, 0x28, 0x08, 0xFF, 0x42, 0x28, 0x08, 0xFF, 0x42, 0x28, 0x08, 0xFF, 0x39, 0x28, 0x08, 0xFF,
    0x42, 0x28, 0x08, 0xFF, 0x42, 0x28, 0x08, 0xFF, 0x39, 0x28, 0x08, 0xFF, 0x42, 0x28, 0x08, 0xFF,
    0x42, 0x28, 0x08, 0xFF, 0x39, 0x28, 0x08, 0xFF, 0x42, 0x28, 0x08, 0xFF, 0x42, 0x28, 0x08, 0xFF,
    0x39, 0x28, 0x08, 0xFF, 0x42, 0x28, 0x08, 0xFF, 0x42, 0x28, 0x08, 0xFF, 0x39, 0x28, 0x08, 0xFF,
    0x42, 0x28, 0x08, 0xFF, 0x42, 0x28, 0x08, 0xFF, 0x39, 0x28, 0x08, 0xFF, 0x42, 0x28, 0x08, 0xFF,
    0x42, 0x28, 0x08, 0xFF, 0x39, 0x28, 0x08, 0xFF, 0x42, 0x28, 0x08, 0xFF, 0x42, 0x28, 0x08, 0xFF,
    0x39, 0x28, 0x08, 0xFF, 0x42, 0x28, 0x08, 0xFF, 0x42, 0x28, 0x08, 0xFF, 0x39, 0x28, 0x08, 0xFF,
    0x42, 0x28, 0x08, 0xFF, 0x42, 0x28, 0x08, 0xFF, 0x39, 0x28, 0x08, 0xFF, 0x42, 0x28, 0x08, 0xFF,
    0x42, 0x28, 0x08, 0xFF, 0x39, 0x28, 0x08, 0xFF, 0x42, 0x28, 0x08, 0xFF, 0x42, 0x28, 0x08, 0xFF,
    0x39, 0x28, 0x08, 0xFF, 0x42, 0x28, 0x08, 0xFF, 0x42, 0x28, 0x08, 0xFF, 0x39, 0x28, 0x08, 0xFF,
    0x42, 0x28, 0x08, 0xFF, 0x42, 0x28, 0x08, 0xFF, 0x39, 0x28, 0x08, 0xFF, 0x42, 0x28, 0x08, 0xFF,
    0x42, 0x28, 0x08, 0xFF, 0x39, 0x28, 0x08, 0xFF, 0x42, 0x28, 0x08, 0xFF, 0x42, 0x28, 0x08, 0xFF,
    0x39, 0x28, 0x08, 0xFF, 0x42, 0x28, 0x08, 0xFF, 0x42, 0x28, 0x08, 0xFF, 0x39, 0x28, 0x08, 0xFF,
    0x42, 0x28, 0x08, 0xFF, 0x42, 0x28, 0x08, 0xFF, 0x39, 0x28, 0x08, 0xFF, 0x42, 0x28, 0x08, 0xFF,
    0x42, 0x28, 0x08, 0xFF, 0x39, 0x28, 0x08, 0xFF, 0x42, 0x28, 0x08, 0xFF, 0x42, 0x28, 0x08, 0xFF,
    0x39, 0x28, 0x08, 0xFF, 0x42, 0x28, 0x08, 0xFF, 0x42, 0x28, 0x08, 0xFF, 0x39, 0x28, 0x08, 0xFF,
    0x42, 0x28, 0x08, 0xFF, 0x42, 0x28, 0x08, 0xFF, 0x39, 0x28, 0x08, 0xFF, 0x42, 0x28, 0x08, 0xFF,
    0x42, 0x28, 0x08, 0xFF, 0x39, 0x28, 0x08, 0xFF, 0x42, 0x28, 0x08, 0xFF, 0x39, 0x28, 0x08, 0xFF,
    0x42, 0x28, 0x08, 0xFF, 0x42, 0x28, 0x08, 0xFF, 0x39, 0x28, 0x08, 0xFF, 0x42, 0x28, 0x08, 0xFF,
    0x42, 0x28, 0x08, 0xFF, 0x42, 0x28, 0x08, 0xFF, 0x39, 0x28, 0x08, 0xFF, 0x42, 0x28, 0x08, 0xFF,
    0x42, 0x28, 0x08, 0xFF, 0x39, 0x28, 0x08, 0xFF, 0x42, 0x28, 0x08, 0xFF, 0x42, 0x28, 0x08, 0xFF,
    0x39, 0x28, 0x08, 0xFF, 0x42, 0x28, 0x08, 0xFF, 0x42, 0x28, 0x08, 0xFF, 0x39, 0x28, 0x08, 0xFF,
    0x42, 0x28, 0x08, 0xFF, 0x42, 0x28, 0x08, 0xFF, 0x39, 0x28, 0x08, 0xFF, 0x42, 0x28, 0x08, 0xFF,
    0x42, 0x28, 0x08, 0xFF, 0x39, 0x28, 0x08, 0xFF, 0x42, 0x28, 0x08, 0xFF, 0x42, 0x28, 0x08, 0xFF,
    0x39, 0x28, 0x08, 0xFF, 0x42, 0x28, 0x08, 0xFF, 0x42, 0x28, 0x08, 0xFF, 0x39, 0x28, 0x08, 0xFF,
    0x42, 0x28, 0x08, 0xFF, 0x42, 0x28, 0x08, 0xFF, 0x39, 0x28, 0x08, 0xFF, 0x42, 0x28, 0x08, 0xFF,
    0x42, 0x28, 0x08, 0xFF, 0x39, 0x28, 0x08, 0xFF, 0x42, 0x28, 0x08, 0xFF, 0x42, 0x28, 0x08, 0xFF,
    0x39, 0x28, 0x08, 0xFF, 0x42, 0x28, 0x08, 0xFF, 0x42, 0x28, 0x08, 0xFF, 0x39, 0x28, 0x08, 0xFF,
    0x42, 0x28, 0x08, 0xFF, 0x42, 0x28, 0x08, 0xFF, 0x39, 0x28, 0x08, 0xFF, 0x42, 0x28, 0x08, 0xFF,
    0x42, 0x28, 0x08, 0xFF, 0x39, 0x28, 0x08, 0xFF, 0x42, 0x28, 0x08, 0xFF, 0x42, 0x28, 0x08, 0xFF,
    0x39, 0x28, 0x08, 0xFF, 0x42, 0x28, 0x08, 0xFF, 0x42, 0x28, 0x08, 0xFF, 0x39, 0x28, 0x08, 0xFF,
    0x42, 0x28, 0x08, 0xFF, 0x42, 0x28, 0x08, 0xFF, 0x39, 0x28, 0x08, 0xFF, 0x42, 0x28, 0x08, 0xFF,
    0x42, 0x28, 0x08, 0xFF, 0x39, 0x28, 0x08, 0xFF, 0x42, 0x28, 0x08, 0xFF, 0x42, 0x28, 0x08, 0xFF,
    0x39, 0x28, 0x08, 0xFF, 0x42, 0x28, 0x08, 0xFF, 0x42, 0x28, 0x08, 0xFF, 0x39, 0x28, 0x08, 0xFF,
    0x42, 0x28, 0x08, 0xFF, 0x42, 0x28, 0x08, 0xFF, 0x39, 0x28, 0x08, 0xFF, 0x42, 0x28, 0x08, 0xFF,
    0x42, 0x28, 0x08, 0xFF, 0x39, 0x28, 0x08, 0xFF, 0x42, 0x28, 0x08, 0xFF, 0x42, 0x28, 0x08, 0xFF,
    0x39, 0x28, 0x08, 0xFF, 0x42, 0x28, 0x08, 0xFF, 0x42, 0x28, 0x08, 0xFF, 0x39, 0x28, 0x08, 0xFF,
    0x42, 0x28, 0x08, 0xFF, 0x42, 0x28, 0x08, 0xFF, 0x39, 0x28, 0x08, 0xFF, 0x42, 0x28, 0x08, 0xFF,
    0x42, 0x28, 0x08, 0xFF, 0x39, 0x28, 0x08, 0xFF, 0x42, 0x28, 0x08, 0xFF, 0x42, 0x28, 0x08, 0xFF,
    0x39, 0x28, 0x08, 0xFF, 0x42, 0x28, 0x08, 0xFF, 0x42, 0x28, 0x08, 0xFF, 0x39, 0x28, 0x08, 0xFF,
    0x42, 0x28, 0x08, 0xFF, 0x42, 0x28, 0x08, 0xFF, 0x39, 0x28, 0x08, 0xFF, 0x42, 0x28, 0x08, 0xFF,
    0x42, 0x28, 0x08, 0xFF, 0x39, 0x28, 0x08, 0xFF, 0x42, 0x28, 0x08, 0xFF, 0x42, 0x28, 0x08, 0xFF,
    0x39, 0x28, 0x08, 0xFF, 0x42, 0x28, 0x08, 0xFF, 0x42, 0x28, 0x08, 0xFF, 0x39, 0x28, 0x08, 0xFF,
    0x42, 0x28, 0x08, 0xFF, 0x42, 0x28, 0x08, 0xFF, 0x39, 0x28, 0x08, 0xFF, 0x42, 0x28, 0x08, 0xFF,
    0x42, 0x28, 0x08, 0xFF, 0x39, 0x28, 0x08, 0xFF, 0x42, 0x28, 0x08, 0xFF, 0x42, 0x28, 0x08, 0xFF,
    0x39, 0x28, 0x08, 0xFF, 0x42, 0x28, 0x08, 0xFF, 0x42, 0x28, 0x08, 0xFF, 0x39, 0x28, 0x08, 0xFF,
    0x42, 0x28, 0x08, 0xFF, 0x42, 0x28, 0x08, 0xFF, 0x39, 0x28, 0x08, 0xFF, 0x42, 0x28, 0x08, 0xFF,
    0x42, 0x28, 0x08, 0xFF, 0x39, 0x28, 0x08, 0xFF, 0x42, 0x28, 0x08, 0xFF, 0x42, 0x28, 0x08, 0xFF,
    0x39, 0x28, 0x08, 0xFF, 0x42, 0x28, 0x08, 0xFF, 0x42, 0x28, 0x08, 0xFF, 0x39, 0x28, 0x08, 0xFF,
    0x42, 0x28, 0x08, 0xFF, 0x42, 0x28, 0x08, 0xFF, 0x39, 0x28, 0x08, 0xFF, 0x42, 0x28, 0x08, 0xFF,
    0x42, 0x28, 0x08, 0xFF, 0x39, 0x28, 0x08, 0xFF, 0x42, 0x28, 0x08, 0xFF, 0x42, 0x28, 0x08, 0xFF,
    0x42, 0x28, 0x08, 0xFF, 0x39, 0x28, 0x08, 0xFF, 0x42, 0x28, 0x08, 0xFF, 0x42, 0x28, 0x08, 0xFF,
    0x39, 0x2C, 0x08, 0xFF, 0x42, 0x28, 0x08, 0xFF, 0x42, 0x28, 0x08, 0xFF, 0x39, 0x2C, 0x08, 0xFF,
    0x42, 0x28, 0x08, 0xFF, 0x42, 0x28, 0x08, 0xFF, 0x39, 0x2C, 0x08, 0xFF, 0x42, 0x28, 0x08, 0xFF,
    0x42, 0x28, 0x08, 0xFF, 0x39, 0x2C, 0x08, 0xFF, 0x42, 0x28, 0x08, 0xFF, 0x42, 0x28, 0x08, 0xFF,
    0x39, 0x2C, 0x08, 0xFF, 0x42, 0x28, 0x08, 0xFF, 0x42, 0x28, 0x08, 0xFF, 0x39, 0x2C, 0x08, 0xFF,
    0x42, 0x28, 0x08, 0xFF, 0x42, 0x28, 0x08, 0xFF, 0x39, 0x2C, 0x08, 0xFF, 0x42, 0x28, 0x08, 0xFF,
    0x42, 0x28, 0x08, 0xFF, 0x39, 0x2C, 0x08, 0xFF, 0x42, 0x28, 0x08, 0xFF, 0x42, 0x28, 0x08, 0xFF,
    0x39, 0x2C, 0x08, 0xFF, 0x42, 0x28, 0x08, 0xFF, 0x42, 0x28, 0x08, 0xFF, 0x39, 0x2C, 0x08, 0xFF,
    0x42, 0x28, 0x08, 0xFF, 0x42, 0x28, 0x08, 0xFF, 0x39, 0x2C, 0x08, 0xFF, 0x42, 0x28, 0x08, 0xFF,
    0x42, 0x28, 0x08, 0xFF, 0x39, 0x2C, 0x08, 0xFF, 0x42, 0x28, 0x08, 0xFF, 0x42, 0x28, 0x08, 0xFF,
    0x39, 0x2C, 0x08, 0xFF, 0x42, 0x28, 0x08, 0xFF, 0x42, 0x28, 0x08, 0xFF, 0x39, 0x2C, 0x08, 0xFF,
    0x42, 0x28, 0x08, 0xFF, 0x42, 0x28, 0x08, 0xFF, 0x39, 0x2C, 0x08, 0xFF, 0x42, 0x28, 0x08, 0xFF,
    0x42, 0x28, 0x08, 0xFF, 0x39, 0x2C, 0x08, 0xFF, 0x42, 0x28, 0x08, 0xFF, 0x42, 0x28, 0x08, 0xFF,
    0x39, 0x2C, 0x08, 0xFF, 0x42, 0x28, 0x08, 0xFF, 0x42, 0x28, 0x08, 0xFF, 0x39, 0x2C, 0x08, 0xFF,
    0x42, 0x28, 0x08, 0xFF, 0x42, 0x28, 0x08, 0xFF, 0x39, 0x2C, 0x08, 0xFF, 0x42, 0x28, 0x08, 0xFF,
    0x42, 0x28, 0x08, 0xFF, 0x39, 0x2C, 0x08, 0xFF, 0x42, 0x28, 0x08, 0xFF, 0x42, 0x28, 0x08, 0xFF,
    0x39, 0x2C, 0x08, 0xFF, 0x42, 0x28, 0x08, 0xFF, 0x42, 0x28, 0x08, 0xFF, 0x39, 0x2C, 0x08, 0xFF,
    0x42, 0x28, 0x08, 0xFF, 0x42, 0x28, 0x08, 0xFF, 0x39, 0x2C, 0x08, 0xFF, 0x42, 0x28, 0x08, 0xFF,
    0x42, 0x28, 0x08, 0xFF, 0x39, 0x2C, 0x08, 0xFF, 0x42, 0x28, 0x08, 0xFF, 0x42, 0x28, 0x08, 0xFF,
    0x39, 0x2C, 0x08, 0xFF, 0x42, 0x28, 0x08, 0xFF, 0x42, 0x28, 0x08, 0xFF, 0x39, 0x2C, 0x08, 0xFF,
    0x42, 0x28, 0x08, 0xFF, 0x42, 0x28, 0x08, 0xFF, 0x39, 0x2C, 0x08, 0xFF, 0x42, 0x28, 0x08, 0xFF,
    0x42, 0x28, 0x08, 0xFF, 0x39, 0x2C, 0x08, 0xFF, 0x42, 0x28, 0x08, 0xFF, 0x42, 0x28, 0x08, 0xFF,
    0x39, 0x2C, 0x08, 0xFF, 0x42, 0x28, 0x08, 0xFF, 0x42, 0x28, 0x08, 0xFF, 0x39, 0x2C, 0x08, 0xFF,
    0x42, 0x28, 0x08, 0xFF, 0x42, 0x28, 0x08, 0xFF, 0x39, 0x2C, 0x08, 0xFF, 0x42, 0x28, 0x08, 0xFF,
    0x42, 0x28, 0x08, 0xFF, 0x39, 0x2C, 0x08, 0xFF, 0x42, 0x28, 0x08, 0xFF, 0x42, 0x28, 0x08, 0xFF,
    0x39, 0x2C, 0x08, 0xFF, 0x42, 0x28, 0x08, 0xFF, 0x42, 0x28, 0x08, 0xFF, 0x39, 0x2C, 0x08, 0xFF,
    0x42, 0x28, 0x08, 0xFF, 0x42, 0x28, 0x08, 0xFF, 0x39, 0x2C, 0x08, 0xFF, 0x42, 0x28, 0x08, 0xFF,
    0x42, 0x28, 0x08, 0xFF, 0x39, 0x2C, 0x08, 0xFF, 0x42, 0x28, 0x08, 0xFF, 0x42, 0x28, 0x08, 0xFF,
    0x39, 0x2C, 0x08, 0xFF, 0x42, 0x28, 0x08, 0xFF, 0x42, 0x28, 0x08, 0xFF, 0x39, 0x2C, 0x08, 0xFF,
    0x42, 0x28, 0x08, 0xFF, 0x42, 0x28, 0x08, 0xFF, 0x39, 0x2C, 0x08, 0xFF, 0x42, 0x28, 0x08, 0xFF,
    0x42, 0x28, 0x08, 0xFF, 0x39, 0x2C, 0x08, 0xFF, 0x42, 0x28, 0x08, 0xFF, 0x42, 0x28, 0x08, 0xFF,
    0x39, 0x2C, 0x08, 0xFF, 0x42, 0x28, 0x08, 0xFF, 0x42, 0x28, 0x08, 0xFF, 0x39, 0x28, 0x08, 0xFF,
    0x42, 0x28, 0x08, 0xFF, 0x39, 0x28, 0x08, 0xFF, 0x42, 0x28, 0x08, 0xFF, 0x39, 0x28, 0x08, 0xFF,
    0x42, 0x28, 0x08, 0xFF, 0x39, 0x28, 0x08, 0xFF, 0x42, 0x28, 0x08, 0xFF, 0x42, 0x28, 0x08, 0xFF,
    0x39, 0x28, 0x08, 0xFF, 0x42, 0x28, 0x08, 0xFF, 0x42, 0x28, 0x08, 0xFF, 0x39, 0x28, 0x08, 0xFF,
    0x42, 0x28, 0x08, 0xFF, 0x42, 0x28, 0x08, 0xFF, 0x39, 0x28, 0x08, 0xFF, 0x42, 0x28, 0x08, 0xFF,
    0x42, 0x28, 0x08, 0xFF, 0x39, 0x28, 0x08, 0xFF, 0x42, 0x28, 0x08, 0xFF, 0x42, 0x28, 0x08, 0xFF,
    0x39, 0x28, 0x08, 0xFF, 0x42, 0x28, 0x08, 0xFF, 0x42, 0x28, 0x08, 0xFF, 0x39, 0x28, 0x08, 0xFF,
    0x42, 0x28, 0x08, 0xFF, 0x42, 0x28, 0x08, 0xFF, 0x39, 0x28, 0x08, 0xFF, 0x42, 0x28, 0x08, 0xFF,
    0x42, 0x28, 0x08, 0xFF, 0x39, 0x28, 0x08, 0xFF, 0x42, 0x28, 0x08, 0xFF, 0x42, 0x28, 0x08, 0xFF,
    0x39, 0x28, 0x08, 0xFF, 0x42, 0x28, 0x08, 0xFF, 0x42, 0x28, 0x08, 0xFF, 0x39, 0x28, 0x08, 0xFF,
    0x42, 0x28, 0x08, 0xFF, 0x42, 0x28, 0x08, 0xFF, 0x39, 0x28, 0x08, 0xFF, 0x42, 0x28, 0x08, 0xFF,
    0x42, 0x28, 0x08, 0xFF, 0x39, 0x28, 0x08, 0xFF, 0x42, 0x28, 0x08, 0xFF, 0x42, 0x28, 0x08, 0xFF,
    0x39, 0x28, 0x08, 0xFF, 0x42, 0x28, 0x08, 0xFF, 0x42, 0x28, 0x08, 0xFF, 0x39, 0x28, 0x08, 0xFF,
    0x42, 0x28, 0x08, 0xFF, 0x42, 0x28, 0x08, 0xFF, 0x39, 0x28, 0x08, 0xFF, 0x42, 0x28, 0x08, 0xFF,
    0x42, 0x28, 0x08, 0xFF, 0x39, 0x28, 0x08, 0xFF, 0x42, 0x28, 0x08, 0xFF, 0x42, 0x28, 0x08, 0xFF,
    0x39, 0x28, 0x08, 0xFF, 0x42, 0x28, 0x08, 0xFF, 0x42, 0x28, 0x08, 0xFF, 0x39, 0x28, 0x08, 0xFF,
    0x42, 0x28, 0x08, 0xFF, 0x42, 0x28, 0x08, 0xFF, 0x39, 0x28, 0x08, 0xFF, 0x42, 0x28, 0x08, 0xFF,
    0x42, 0x28, 0x08, 0xFF, 0x39, 0x28, 0x08, 0xFF, 0x42, 0x28, 0x08, 0xFF, 0x42, 0x28, 0x08, 0xFF,
    0x39, 0x28, 0x08, 0xFF, 0x42, 0x28, 0x08, 0xFF, 0x42, 0x28, 0x08, 0xFF, 0x39, 0x28, 0x08, 0xFF,
    0x42, 0x28, 0x08, 0xFF, 0x42, 0x28, 0x08, 0xFF, 0x39, 0x28, 0x08, 0xFF, 0x42, 0x28, 0x08, 0xFF,
    0x42, 0x28, 0x08, 0xFF, 0x39, 0x28, 0x08, 0xFF, 0x42, 0x28, 0x08, 0xFF, 0x42, 0x28, 0x08, 0xFF,
    0x39, 0x28, 0x08, 0xFF, 0x42, 0x28, 0x08, 0xFF, 0x42, 0x28, 0x08, 0xFF, 0x39, 0x28, 0x08, 0xFF,
    0x42, 0x28, 0x08, 0xFF, 0x42, 0x28, 0x08, 0xFF, 0x39, 0x28, 0x08, 0xFF, 0x42, 0x28, 0x08, 0xFF,
    0x42, 0x28, 0x08, 0xFF, 0x39, 0x28, 0x08, 0xFF, 0x42, 0x28, 0x08, 0xFF, 0x42, 0x28, 0x08, 0xFF,
    0x39, 0x28, 0x08, 0xFF, 0x42, 0x28, 0x08, 0xFF, 0x42, 0x28, 0x08, 0xFF, 0x39, 0x28, 0x08, 0xFF,
    0x42, 0x28, 0x08, 0xFF, 0x42, 0x28, 0x08, 0xFF, 0x39, 0x28, 0x08, 0xFF, 0x42, 0x28, 0x08, 0xFF,
    0x42, 0x28, 0x08, 0xFF, 0x39, 0x28, 0x08, 0xFF, 0x42, 0x28, 0x08, 0xFF, 0x42, 0x28, 0x08, 0xFF,
    0x39, 0x28, 0x08, 0xFF, 0x42, 0x28, 0x08, 0xFF, 0x42, 0x28, 0x08, 0xFF, 0x39, 0x28, 0x08, 0xFF,
    0x42, 0x28, 0x08, 0xFF, 0x42, 0x28, 0x08, 0xFF, 0x39, 0x28, 0x08, 0xFF, 0x42, 0x28, 0x08, 0xFF,
    0x42, 0x28, 0x08, 0xFF, 0x39, 0x28, 0x08, 0xFF, 0x42, 0x28, 0x08, 0xFF, 0x42, 0x28, 0x08, 0xFF,
    0x39, 0x28, 0x08, 0xFF, 0x42, 0x28, 0x08, 0xFF, 0x42, 0x28, 0x08, 0xFF, 0x39, 0x28, 0x08, 0xFF,
    0x42, 0x28, 0x08, 0xFF, 0x42, 0x28, 0x08, 0xFF, 0x39, 0x28, 0x08, 0xFF, 0x42, 0x28, 0x08, 0xFF,
    0x42, 0x28, 0x08, 0xFF, 0x39, 0x28, 0x08, 0xFF, 0x42, 0x28, 0x08, 0xFF, 0x39, 0x28, 0x08, 0xFF,
    0x42, 0x28, 0x08, 0xFF, 0x39, 0x28, 0x08, 0xFF, 0x42, 0x28, 0x08, 0xFF, 0x39, 0x28, 0x08, 0xFF,
    0x42, 0x28, 0x08, 0xFF, 0x42, 0x28, 0x08, 0xFF, 0x39, 0x28, 0x08, 0xFF, 0x42, 0x28, 0x08, 0xFF,
    0x39, 0x28, 0x08, 0xFF, 0x42, 0x28, 0x08, 0xFF, 0x39, 0x28, 0x08, 0xFF, 0x42, 0x28, 0x08, 0xFF,
    0x39, 0x28, 0x08, 0xFF, 0x42, 0x28, 0x08, 0xFF, 0x39, 0x28, 0x08, 0xFF, 0x42, 0x28, 0x08, 0xFF,
    0x39, 0x28, 0x08, 0xFF, 0x42, 0x28, 0x08, 0xFF, 0x39, 0x28, 0x08, 0xFF, 0x42, 0x28, 0x08, 0xFF,
    0x39, 0x28, 0x08, 0xFF, 0x42, 0x28, 0x08, 0xFF, 0x39, 0x28, 0x08, 0xFF, 0x42, 0x28, 0x08, 0xFF,
    0x39, 0x28, 0x08, 0xFF, 0x42, 0x28, 0x08, 0xFF, 0x39, 0x28, 0x08, 0xFF, 0x42, 0x28, 0x08, 0xFF,
    0x39, 0x28, 0x08, 0xFF, 0x42, 0x28, 0x08, 0xFF, 0x39, 0x28, 0x08, 0xFF, 0x42, 0x28, 0x08, 0xFF,
    0x39, 0x28, 0x08, 0xFF, 0x42, 0x28, 0x08, 0xFF, 0x39, 0x28, 0x08, 0xFF, 0x42, 0x28, 0x08, 0xFF,
    0x39, 0x28, 0x08, 0xFF, 0x42, 0x28, 0x08, 0xFF, 0x39, 0x28, 0x08, 0xFF, 0x42, 0x28, 0x08, 0xFF,
    0x39, 0x28, 0x08, 0xFF, 0x42, 0x28, 0x08, 0xFF, 0x39, 0x28, 0x08, 0xFF, 0x42, 0x28, 0x08, 0xFF,
    0x39, 0x28, 0x08, 0xFF, 0x42, 0x28, 0x08, 0xFF, 0x39, 0x28, 0x08, 0xFF, 0x42, 0x28, 0x08, 0xFF,
    0x39, 0x28, 0x08, 0xFF, 0x42, 0x28, 0x08, 0xFF, 0x39, 0x28, 0x08, 0xFF, 0x42, 0x28, 0x08, 0xFF,
    0x39, 0x28, 0x08, 0xFF, 0x42, 0x28, 0x08, 0xFF, 0x39, 0x28, 0x08, 0xFF, 0x42, 0x28, 0x08, 0xFF,
    0x39, 0x28, 0x08, 0xFF, 0x42, 0x28, 0x08, 0xFF, 0x39, 0x28, 0x08, 0xFF, 0x42, 0x28, 0x08, 0xFF,
    0x39, 0x28, 0x08, 0xFF, 0x42, 0x28, 0x08, 0xFF, 0x39, 0x28, 0x08, 0xFF, 0x42, 0x28, 0x08, 0xFF,
    0x39, 0x28, 0x08, 0xFF, 0x42, 0x28, 0x08, 0xFF, 0x39, 0x28, 0x08, 0xFF, 0x42, 0x28, 0x08, 0xFF,
    0x39, 0x28, 0x08, 0xFF, 0x42, 0x28, 0x08, 0xFF, 0x39, 0x28, 0x08, 0xFF, 0x42, 0x28, 0x08, 0xFF,
    0x39, 0x28, 0x08, 0xFF, 0x42, 0x28, 0x08, 0xFF, 0x39, 0x28, 0x08, 0xFF, 0x42, 0x28, 0x08, 0xFF,
    0x39, 0x28, 0x08, 0xFF, 0x42, 0x28, 0x08, 0xFF, 0x39, 0x28, 0x08, 0xFF, 0x42, 0x28, 0x08, 0xFF,
    0x39, 0x28, 0x08, 0xFF, 0x42, 0x28, 0x08, 0xFF, 0x39, 0x28, 0x08, 0xFF, 0x42, 0x28, 0x08, 0xFF,
    0x39, 0x28, 0x08, 0xFF, 0x42, 0x28, 0x08, 0xFF, 0x39, 0x28, 0x08, 0xFF, 0x42, 0x28, 0x08, 0xFF,
    0x39, 0x28, 0x08, 0xFF, 0x42, 0x28, 0x08, 0xFF, 0x39, 0x28, 0x08, 0xFF, 0x42, 0x28, 0x08, 0xFF,
    0x39, 0x28, 0x08, 0xFF, 0x42, 0x28, 0x08, 0xFF, 0x39, 0x28, 0x08, 0xFF, 0x42, 0x28, 0x08, 0xFF,
    0x39, 0x28, 0x08, 0xFF, 0x42, 0x28, 0x08, 0xFF, 0x39, 0x28, 0x08, 0xFF, 0x42, 0x28, 0x08, 0xFF,
    0x39, 0x28, 0x08, 0xFF, 0x42, 0x28, 0x08, 0xFF, 0x39, 0x28, 0x08, 0xFF, 0x42, 0x28, 0x08, 0xFF,
    0x39, 0x28, 0x08, 0xFF, 0x42, 0x28, 0x08, 0xFF, 0x39, 0x28, 0x08, 0xFF, 0x42, 0x28, 0x08, 0xFF,
    0x39, 0x28, 0x08, 0xFF, 0x42, 0x28, 0x08, 0xFF, 0x39, 0x28, 0x08, 0xFF, 0x42, 0x28, 0x08, 0xFF,
    0x39, 0x28, 0x08, 0xFF, 0x42, 0x28, 0x08, 0xFF, 0x39, 0x28, 0x08, 0xFF, 0x42, 0x28, 0x08, 0xFF,
    0x39, 0x28, 0x08, 0xFF, 0x42, 0x28, 0x08, 0xFF, 0x39, 0x28, 0x08, 0xFF, 0x42, 0x28, 0x08, 0xFF,
    0x39, 0x28, 0x08, 0xFF, 0x42, 0x28, 0x08, 0xFF, 0x39, 0x28, 0x08, 0xFF, 0x42, 0x28, 0x08, 0xFF,
    0x39, 0x28, 0x08, 0xFF, 0x42, 0x28, 0x08, 0xFF, 0x39, 0x28, 0x08, 0xFF, 0x42, 0x28, 0x08, 0xFF,
    0x42, 0x28, 0x08, 0xFF, 0x39, 0x28, 0x08, 0xFF, 0x42, 0x28, 0x08, 0xFF, 0x42, 0x28, 0x08, 0xFF,
    0x39, 0x28, 0x08, 0xFF, 0x42, 0x28, 0x08, 0xFF, 0x39, 0x28, 0x08, 0xFF, 0x42, 0x28, 0x08, 0xFF,
    0x39, 0x28, 0x08, 0xFF, 0x42, 0x28, 0x08, 0xFF, 0x39, 0x28, 0x08, 0xFF, 0x42, 0x28, 0x08, 0xFF,
    0x39, 0x28, 0x08, 0xFF, 0x42, 0x28, 0x08, 0xFF, 0x39, 0x28, 0x08, 0xFF, 0x42, 0x28, 0x08, 0xFF,
    0x39, 0x28, 0x08, 0xFF, 0x42, 0x28, 0x08, 0xFF, 0x39, 0x28, 0x08, 0xFF, 0x42, 0x28, 0x08, 0xFF,
    0x39, 0x28, 0x08, 0xFF, 0x42, 0x28, 0x08, 0xFF, 0x39, 0x28, 0x08, 0xFF, 0x42, 0x28, 0x08, 0xFF,
    0x39, 0x28, 0x08, 0xFF, 0x42, 0x28, 0x08, 0xFF, 0x39, 0x28, 0x08, 0xFF, 0x42, 0x28, 0x08, 0xFF,
    0x39, 0x28, 0x08, 0xFF, 0x42, 0x28, 0x08, 0xFF, 0x39, 0x28, 0x08, 0xFF, 0x42, 0x28, 0x08, 0xFF,
    0x39, 0x28, 0x08, 0xFF, 0x42, 0x28, 0x08, 0xFF, 0x39, 0x28, 0x08, 0xFF, 0x42, 0x28, 0x08, 0xFF,
    0x39, 0x28, 0x08, 0xFF, 0x42, 0x28, 0x08, 0xFF, 0x39, 0x28, 0x08, 0xFF, 0x42, 0x28, 0x08, 0xFF,
    0x39, 0x28, 0x08, 0xFF, 0x42, 0x28, 0x08, 0xFF, 0x39, 0x28, 0x08, 0xFF, 0x42, 0x28, 0x08, 0xFF,
    0x39, 0x28, 0x08, 0xFF, 0x42, 0x28, 0x08, 0xFF, 0x39, 0x28, 0x08, 0xFF, 0x42, 0x28, 0x08, 0xFF,
    0x39, 0x28, 0x08, 0xFF, 0x42, 0x28, 0x08, 0xFF, 0x39, 0x28, 0x08, 0xFF, 0x42, 0x28, 0x08, 0xFF,
    0x39, 0x28, 0x08, 0xFF, 0x42, 0x28, 0x08, 0xFF, 0x39, 0x28, 0x08, 0xFF, 0x42, 0x28, 0x08, 0xFF,
    0x39, 0x28, 0x08, 0xFF, 0x42, 0x28, 0x08, 0xFF, 0x39, 0x28, 0x08, 0xFF, 0x42, 0x28, 0x08, 0xFF,
    0x39, 0x28, 0x08, 0xFF, 0x42, 0x28, 0x08, 0xFF, 0x39, 0x28, 0x08, 0xFF, 0x42, 0x28, 0x08, 0xFF,
    0x39, 0x28, 0x08, 0xFF, 0x42, 0x28, 0x08, 0xFF, 0x39, 0x28, 0x08, 0xFF, 0x42, 0x28, 0x08, 0xFF,
    0x39, 0x28, 0x08, 0xFF, 0x42, 0x28, 0x08, 0xFF, 0x39, 0x28, 0x08, 0xFF, 0x42, 0x28, 0x08, 0xFF,
    0x39, 0x28, 0x08, 0xFF, 0x42, 0x28, 0x08, 0xFF, 0x39, 0x28, 0x08, 0xFF, 0x42, 0x28, 0x08, 0xFF,
    0x39, 0x28, 0x08, 0xFF, 0x42, 0x28, 0x08, 0xFF, 0x39, 0x28, 0x08, 0xFF, 0x42, 0x28, 0x08, 0xFF,
    0x39, 0x28, 0x08, 0xFF, 0x42, 0x28, 0x08, 0xFF, 0x39, 0x28, 0x08, 0xFF, 0x42, 0x28, 0x08, 0xFF,
    0x39, 0x28, 0x08, 0xFF, 0x42, 0x28, 0x08, 0xFF, 0x39, 0x28, 0x08, 0xFF, 0x42, 0x28, 0x08, 0xFF,
    0x39, 0x28, 0x08, 0xFF, 0x42, 0x28, 0x08, 0xFF, 0x39, 0x28, 0x08, 0xFF, 0x42, 0x28, 0x08, 0xFF,
    0x39, 0x28, 0x08, 0xFF, 0x42, 0x28, 0x08, 0xFF, 0x39, 0x28, 0x08, 0xFF, 0x42, 0x28, 0x08, 0xFF,
    0x39, 0x28, 0x08, 0xFF, 0x42, 0x28, 0x08, 0xFF, 0x39, 0x28, 0x08, 0xFF, 0x42, 0x28, 0x08, 0xFF,
    0x39, 0x28, 0x08, 0xFF, 0x42, 0x28, 0x08, 0xFF, 0x39, 0x28, 0x08, 0xFF, 0x42, 0x28, 0x08, 0xFF,
    0x39, 0x28, 0x08, 0xFF, 0x42, 0x28, 0x08, 0xFF, 0x39, 0x28, 0x08, 0xFF, 0x42, 0x28, 0x08, 0xFF,
    0x39, 0x28, 0x08, 0xFF, 0x42, 0x28, 0x08, 0xFF, 0x39, 0x28, 0x08, 0xFF, 0x42, 0x28, 0x08, 0xFF,
    0x39, 0x28, 0x08, 0xFF, 0x42, 0x28, 0x08, 0xFF, 0x39, 0x28, 0x08, 0xFF, 0x42, 0x28, 0x08, 0xFF,
    0x39, 0x28, 0x08, 0xFF, 0x42, 0x28, 0x08, 0xFF, 0x39, 0x28, 0x08, 0xFF, 0x42, 0x28, 0x08, 0xFF,
    0x39, 0x28, 0x08, 0xFF, 0x42, 0x28, 0x08, 0xFF, 0x39, 0x28, 0x08, 0xFF, 0x42, 0x28, 0x08, 0xFF,
    0x39, 0x28, 0x08, 0xFF, 0x42, 0x28, 0x08, 0xFF, 0x42, 0x28, 0x08, 0xFF, 0x39, 0x28, 0x08, 0xFF,
    0x42, 0x28, 0x00, 0xFF, 0x39, 0x28, 0x08, 0xFF, 0x42, 0x28, 0x00, 0xFF, 0x39, 0x28, 0x08, 0xFF,
    0x42, 0x28, 0x00, 0xFF, 0x39, 0x28, 0x08, 0xFF, 0x42, 0x28, 0x00, 0xFF, 0x39, 0x28, 0x08, 0xFF,
    0x42, 0x28, 0x00, 0xFF, 0x39, 0x28, 0x08, 0xFF, 0x42, 0x28, 0x00, 0xFF, 0x39, 0x28, 0x08, 0xFF,
    0x42, 0x28, 0x00, 0xFF, 0x39, 0x28, 0x08, 0xFF, 0x42, 0x28, 0x00, 0xFF, 0x39, 0x28, 0x08, 0xFF,
    0x42, 0x28, 0x00, 0xFF, 0x39, 0x28, 0x08, 0xFF, 0x42, 0x28, 0x00, 0xFF, 0x39, 0x28, 0x08, 0xFF,
    0x42, 0x28, 0x00, 0xFF, 0x39, 0x28, 0x08, 0xFF, 0x42, 0x28, 0x00, 0xFF, 0x39, 0x28, 0x08, 0xFF,
    0x42, 0x28, 0x00, 0xFF, 0x39, 0x28, 0x08, 0xFF, 0x42, 0x28, 0x00, 0xFF, 0x39, 0x28, 0x08, 0xFF,
    0x42, 0x28, 0x00, 0xFF, 0x39, 0x28, 0x08, 0xFF, 0x42, 0x28, 0x00, 0xFF, 0x39, 0x28, 0x08, 0xFF,
    0x42, 0x28, 0x00, 0xFF, 0x39, 0x28, 0x08, 0xFF, 0x42, 0x28, 0x00, 0xFF, 0x39, 0x28, 0x08, 0xFF,
    0x42, 0x28, 0x00, 0xFF, 0x39, 0x28, 0x08, 0xFF, 0x42, 0x28, 0x00, 0xFF, 0x39, 0x28, 0x08, 0xFF,
    0x42, 0x28, 0x00, 0xFF, 0x39, 0x28, 0x08, 0xFF, 0x42, 0x28, 0x00, 0xFF, 0x39, 0x28, 0x08, 0xFF,
    0x42, 0x28, 0x00, 0xFF, 0x39, 0x28, 0x08, 0xFF, 0x42, 0x28, 0x00, 0xFF, 0x39, 0x28, 0x08, 0xFF,
    0x42, 0x28, 0x00, 0xFF, 0x39, 0x28, 0x08, 0xFF, 0x42, 0x28, 0x00, 0xFF, 0x39, 0x28, 0x08, 0xFF,
    0x42, 0x28, 0x00, 0xFF, 0x39, 0x28, 0x08, 0xFF, 0x42, 0x28, 0x00, 0xFF, 0x39, 0x28, 0x08, 0xFF,
    0x42, 0x28, 0x00, 0xFF, 0x39, 0x28, 0x08, 0xFF, 0x42, 0x28, 0x00, 0xFF, 0x39, 0x28, 0x08, 0xFF,
    0x42, 0x28, 0x00, 0xFF, 0x39, 0x28, 0x08, 0xFF, 0x42, 0x28, 0x00, 0xFF, 0x39, 0x28, 0x08, 0xFF,
    0x42, 0x28, 0x00, 0xFF, 0x39, 0x28, 0x08, 0xFF, 0x42, 0x28, 0x00, 0xFF, 0x39, 0x28, 0x08, 0xFF,
    0x42, 0x28, 0x00, 0xFF, 0x39, 0x28, 0x08, 0xFF, 0x42, 0x28, 0x00, 0xFF, 0x39, 0x28, 0x08, 0xFF,
    0x42, 0x28, 0x00, 0xFF, 0x39, 0x28, 0x08, 0xFF, 0x42, 0x28, 0x00, 0xFF, 0x39, 0x28, 0x08, 0xFF,
    0x42, 0x28, 0x00, 0xFF, 0x39, 0x28, 0x08, 0xFF, 0x42, 0x28, 0x00, 0xFF, 0x39, 0x28, 0x08, 0xFF,
    0x42, 0x28, 0x00, 0xFF, 0x39, 0x28, 0x08, 0xFF, 0x42, 0x28, 0x00, 0xFF, 0x39, 0x28, 0x08, 0xFF,
    0x42, 0x28, 0x00, 0xFF, 0x39, 0x28, 0x08, 0xFF, 0x42, 0x28, 0x00, 0xFF, 0x39, 0x28, 0x08, 0xFF,
    0x42, 0x28, 0x00, 0xFF, 0x39, 0x28, 0x08, 0xFF, 0x42, 0x28, 0x00, 0xFF, 0x39, 0x28, 0x08, 0xFF,
    0x42, 0x28, 0x00, 0xFF, 0x39, 0x28, 0x08, 0xFF, 0x42, 0x28, 0x00, 0xFF, 0x39, 0x28, 0x08, 0xFF,
    0x42, 0x28, 0x00, 0xFF, 0x39, 0x28, 0x08, 0xFF, 0x42, 0x28, 0x00, 0xFF, 0x39, 0x28, 0x08, 0xFF,
    0x42, 0x28, 0x00, 0xFF, 0x39, 0x28, 0x08, 0xFF, 0x42, 0x28, 0x00, 0xFF, 0x39, 0x28, 0x08, 0xFF,
    0x42, 0x28, 0x00, 0xFF, 0x39, 0x28, 0x08, 0xFF, 0x42, 0x28, 0x00, 0xFF, 0x39, 0x28, 0x08, 0xFF,
    0x42, 0x28, 0x00, 0xFF, 0x39, 0x28, 0x08, 0xFF, 0x42, 0x28, 0x00, 0xFF, 0x39, 0x28, 0x08, 0xFF,
    0x42, 0x28, 0x00, 0xFF, 0x39, 0x28, 0x08, 0xFF, 0x42, 0x28, 0x00, 0xFF, 0x39, 0x28, 0x08, 0xFF,
    0x42, 0x28, 0x00, 0xFF, 0x39, 0x28, 0x08, 0xFF, 0x42, 0x28, 0x00, 0xFF, 0x39, 0x28, 0x08, 0xFF,
    0x42, 0x28, 0x00, 0xFF, 0x39, 0x28, 0x08, 0xFF, 0x42, 0x28, 0x00, 0xFF, 0x39, 0x28, 0x08, 0xFF,
    0x42, 0x28, 0x00, 0xFF, 0x39, 0x28, 0x08, 0xFF, 0x42, 0x28, 0x00, 0xFF, 0x42, 0x28, 0x08, 0xFF,
    0x42, 0x24, 0x08, 0xFF, 0x39, 0x28, 0x08, 0xFF, 0x42, 0x24, 0x00, 0xFF, 0x39, 0x28, 0x08, 0xFF,
    0x42, 0x24, 0x08, 0xFF, 0x39, 0x28, 0x00, 0xFF, 0x42, 0x24, 0x08, 0xFF, 0x42, 0x28, 0x08, 0xFF,
    0x39, 0x24, 0x00, 0xFF, 0x42, 0x28, 0x08, 0xFF, 0x42, 0x24, 0x08, 0xFF, 0x39, 0x28, 0x00, 0xFF,
    0x42, 0x24, 0x08, 0xFF, 0x42, 0x28, 0x08, 0xFF, 0x39, 0x24, 0x00, 0xFF, 0x42, 0x28, 0x08, 0xFF,
    0x42, 0x24, 0x08, 0xFF, 0x39, 0x28, 0x00, 0xFF, 0x42, 0x24, 0x08, 0xFF, 0x42, 0x28, 0x08, 0xFF,
    0x39, 0x24, 0x00, 0xFF, 0x42, 0x28, 0x08, 0xFF, 0x42, 0x24, 0x08, 0xFF, 0x39, 0x28, 0x00, 0xFF,
    0x42, 0x24, 0x08, 0xFF, 0x42, 0x28, 0x08, 0xFF, 0x39, 0x24, 0x00, 0xFF, 0x42, 0x28, 0x08, 0xFF,
    0x42, 0x24, 0x08, 0xFF, 0x39, 0x28, 0x00, 0xFF, 0x42, 0x24, 0x08, 0xFF, 0x42, 0x28, 0x08, 0xFF,
    0x39, 0x24, 0x00, 0xFF, 0x42, 0x28, 0x08, 0xFF, 0x42, 0x24, 0x08, 0xFF, 0x39, 0x28, 0x00, 0xFF,
    0x42, 0x24, 0x08, 0xFF, 0x42, 0x28, 0x08, 0xFF, 0x39, 0x24, 0x00, 0xFF, 0x42, 0x28, 0x08, 0xFF,
    0x42, 0x24, 0x08, 0xFF, 0x39, 0x28, 0x00, 0xFF, 0x42, 0x24, 0x08, 0xFF, 0x42, 0x28, 0x08, 0xFF,
    0x39, 0x24, 0x00, 0xFF, 0x42, 0x28, 0x08, 0xFF, 0x42, 0x24, 0x08, 0xFF, 0x39, 0x28, 0x00, 0xFF,
    0x42, 0x24, 0x08, 0xFF, 0x42, 0x28, 0x08, 0xFF, 0x39, 0x24, 0x00, 0xFF, 0x42, 0x28, 0x08, 0xFF,
    0x42, 0x24, 0x08, 0xFF, 0x39, 0x28, 0x00, 0xFF, 0x42, 0x24, 0x08, 0xFF, 0x42, 0x28, 0x08, 0xFF,
    0x39, 0x24, 0x00, 0xFF, 0x42, 0x28, 0x08, 0xFF, 0x42, 0x24, 0x08, 0xFF, 0x39, 0x28, 0x00, 0xFF,
    0x42, 0x24, 0x08, 0xFF, 0x42, 0x28, 0x08, 0xFF, 0x39, 0x24, 0x00, 0xFF, 0x42, 0x28, 0x08, 0xFF,
    0x42, 0x24, 0x08, 0xFF, 0x39, 0x28, 0x00, 0xFF, 0x42, 0x24, 0x08, 0xFF, 0x42, 0x28, 0x08, 0xFF,
    0x39, 0x24, 0x00, 0xFF, 0x42, 0x28, 0x08, 0xFF, 0x42, 0x24, 0x08, 0xFF, 0x39, 0x28, 0x00, 0xFF,
    0x42, 0x24, 0x08, 0xFF, 0x42, 0x28, 0x08, 0xFF, 0x39, 0x24, 0x00, 0xFF, 0x42, 0x28, 0x08, 0xFF,
    0x42, 0x24, 0x08, 0xFF, 0x39, 0x28, 0x00, 0xFF, 0x42, 0x24, 0x08, 0xFF, 0x42, 0x28, 0x08, 0xFF,
    0x39, 0x24, 0x00, 0xFF, 0x42, 0x28, 0x08, 0xFF, 0x42, 0x24, 0x08, 0xFF, 0x39, 0x28, 0x00, 0xFF,
    0x42, 0x24, 0x08, 0xFF, 0x42, 0x28, 0x08, 0xFF, 0x39, 0x24, 0x00, 0xFF, 0x42, 0x28, 0x08, 0xFF,
    0x42, 0x24, 0x08, 0xFF, 0x39, 0x28, 0x00, 0xFF, 0x42, 0x24, 0x08, 0xFF, 0x42, 0x28, 0x08, 0xFF,
    0x39, 0x24, 0x00, 0xFF, 0x42, 0x28, 0x08, 0xFF, 0x42, 0x24, 0x08, 0xFF, 0x39, 0x28, 0x00, 0xFF,
    0x42, 0x24, 0x08, 0xFF, 0x42, 0x28, 0x08, 0xFF, 0x39, 0x24, 0x00, 0xFF, 0x42, 0x28, 0x08, 0xFF,
    0x42, 0x24, 0x08, 0xFF, 0x39, 0x28, 0x00, 0xFF, 0x42, 0x24, 0x08, 0xFF, 0x42, 0x28, 0x08, 0xFF,
    0x39, 0x24, 0x00, 0xFF, 0x42, 0x28, 0x08, 0xFF, 0x42, 0x24, 0x08, 0xFF, 0x39, 0x28, 0x00, 0xFF,
    0x42, 0x24, 0x08, 0xFF, 0x42, 0x28, 0x08, 0xFF, 0x39, 0x24, 0x00, 0xFF, 0x42, 0x28, 0x08, 0xFF,
    0x42, 0x24, 0x08, 0xFF, 0x39, 0x28, 0x00, 0xFF, 0x42, 0x24, 0x08, 0xFF, 0x42, 0x28, 0x08, 0xFF,
    0x39, 0x24, 0x00, 0xFF, 0x42, 0x28, 0x08, 0xFF, 0x42, 0x24, 0x08, 0xFF, 0x39, 0x28, 0x00, 0xFF,
    0x42, 0x24, 0x08, 0xFF, 0x42, 0x28, 0x08, 0xFF, 0x39, 0x24, 0x00, 0xFF, 0x42, 0x28, 0x08, 0xFF,
    0x42, 0x24, 0x08, 0xFF, 0x39, 0x28, 0x00, 0xFF, 0x42, 0x24, 0x08, 0xFF, 0x39, 0x28, 0x08, 0xFF,
    0x39, 0x28, 0x00, 0xFF, 0x42, 0x24, 0x08, 0xFF, 0x39, 0x28, 0x08, 0xFF, 0x42, 0x28, 0x00, 0xFF,
    0x39, 0x24, 0x08, 0xFF, 0x42, 0x28, 0x08, 0xFF, 0x39, 0x28, 0x00, 0xFF, 0x39, 0x24, 0x08, 0xFF,
    0x42, 0x28, 0x08, 0xFF, 0x39, 0x28, 0x00, 0xFF, 0x39, 0x24, 0x08, 0xFF, 0x42, 0x28, 0x08, 0xFF,
    0x39, 0x28, 0x00, 0xFF, 0x39, 0x24, 0x08, 0xFF, 0x42, 0x28, 0x08, 0xFF, 0x39, 0x28, 0x00, 0xFF,
    0x39, 0x24, 0x08, 0xFF, 0x42, 0x28, 0x08, 0xFF, 0x39, 0x28, 0x00, 0xFF, 0x39, 0x24, 0x08, 0xFF,
    0x42, 0x28, 0x08, 0xFF, 0x39, 0x28, 0x00, 0xFF, 0x39, 0x24, 0x08, 0xFF, 0x42, 0x28, 0x08, 0xFF,
    0x39, 0x28, 0x00, 0xFF, 0x39, 0x24, 0x08, 0xFF, 0x42, 0x28, 0x08, 0xFF, 0x39, 0x28, 0x00, 0xFF,
    0x39, 0x24, 0x08, 0xFF, 0x42, 0x28, 0x08, 0xFF, 0x39, 0x28, 0x00, 0xFF, 0x39, 0x24, 0x08, 0xFF,
    0x42, 0x28, 0x08, 0xFF, 0x39, 0x28, 0x00, 0xFF, 0x39, 0x24, 0x08, 0xFF, 0x42, 0x28, 0x08, 0xFF,
    0x39, 0x28, 0x00, 0xFF, 0x39, 0x24, 0x08, 0xFF, 0x42, 0x28, 0x08, 0xFF, 0x39, 0x28, 0x00, 0xFF,
    0x39, 0x24, 0x08, 0xFF, 0x42, 0x28, 0x08, 0xFF, 0x39, 0x28, 0x00, 0xFF, 0x39, 0x24, 0x08, 0xFF,
    0x42, 0x28, 0x08, 0xFF, 0x39, 0x28, 0x00, 0xFF, 0x39, 0x24, 0x08, 0xFF, 0x42, 0x28, 0x08, 0xFF,
    0x39, 0x28, 0x00, 0xFF, 0x39, 0x24, 0x08, 0xFF, 0x42, 0x28, 0x08, 0xFF, 0x39, 0x28, 0x00, 0xFF,
    0x39, 0x24, 0x08, 0xFF, 0x42, 0x28, 0x08, 0xFF, 0x39, 0x28, 0x00, 0xFF, 0x39, 0x24, 0x08, 0xFF,
    0x42, 0x28, 0x08, 0xFF, 0x39, 0x28, 0x00, 0xFF, 0x39, 0x24, 0x08, 0xFF, 0x42, 0x28, 0x08, 0xFF,
    0x39, 0x28, 0x00, 0xFF, 0x39, 0x24, 0x08, 0xFF, 0x42, 0x28, 0x08, 0xFF, 0x39, 0x28, 0x00, 0xFF,
    0x39, 0x24, 0x08, 0xFF, 0x42, 0x28, 0x08, 0xFF, 0x39, 0x28, 0x00, 0xFF, 0x39, 0x24, 0x08, 0xFF,
    0x42, 0x28, 0x08, 0xFF, 0x39, 0x28, 0x00, 0xFF, 0x39, 0x24, 0x08, 0xFF, 0x42, 0x28, 0x08, 0xFF,
    0x39, 0x28, 0x00, 0xFF, 0x39, 0x24, 0x08, 0xFF, 0x42, 0x28, 0x08, 0xFF, 0x39, 0x28, 0x00, 0xFF,
    0x39, 0x24, 0x08, 0xFF, 0x42, 0x28, 0x08, 0xFF, 0x39, 0x28, 0x00, 0xFF, 0x39, 0x24, 0x08, 0xFF,
    0x42, 0x28, 0x08, 0xFF, 0x39, 0x28, 0x00, 0xFF, 0x39, 0x24, 0x08, 0xFF, 0x42, 0x28, 0x08, 0xFF,
    0x39, 0x28, 0x00, 0xFF, 0x39, 0x24, 0x08, 0xFF, 0x42, 0x28, 0x08, 0xFF, 0x39, 0x28, 0x00, 0xFF,
    0x39, 0x24, 0x08, 0xFF, 0x42, 0x28, 0x08, 0xFF, 0x39, 0x28, 0x00, 0xFF, 0x39, 0x24, 0x08, 0xFF,
    0x42, 0x28, 0x08, 0xFF, 0x39, 0x28, 0x00, 0xFF, 0x39, 0x24, 0x08, 0xFF, 0x42, 0x28, 0x08, 0xFF,
    0x39, 0x28, 0x00, 0xFF, 0x39, 0x24, 0x08, 0xFF, 0x42, 0x28, 0x08, 0xFF, 0x39, 0x28, 0x00, 0xFF,
    0x39, 0x24, 0x08, 0xFF, 0x42, 0x28, 0x08, 0xFF, 0x39, 0x28, 0x00, 0xFF, 0x39, 0x24, 0x08, 0xFF,
    0x42, 0x28, 0x08, 0xFF, 0x39, 0x28, 0x00, 0xFF, 0x39, 0x24, 0x08, 0xFF, 0x42, 0x28, 0x08, 0xFF,
    0x39, 0x28, 0x00, 0xFF, 0x39, 0x24, 0x08, 0xFF, 0x42, 0x28, 0x08, 0xFF, 0x39, 0x28, 0x00, 0xFF,
    0x39, 0x24, 0x08, 0xFF, 0x42, 0x28, 0x08, 0xFF, 0x39, 0x28, 0x00, 0xFF, 0x39, 0x24, 0x08, 0xFF,
    0x42, 0x28, 0x08, 0xFF, 0x39, 0x28, 0x00, 0xFF, 0x39, 0x24, 0x08, 0xFF, 0x42, 0x28, 0x08, 0xFF,
    0x39, 0x28, 0x00, 0xFF, 0x39, 0x24, 0x08, 0xFF, 0x42, 0x28, 0x08, 0xFF, 0x39, 0x28, 0x00, 0xFF,
    0x39, 0x24, 0x08, 0xFF, 0x42, 0x28, 0x08, 0xFF, 0x39, 0x28, 0x00, 0xFF, 0x42, 0x24, 0x08, 0xFF,
    0x42, 0x28, 0x08, 0xFF, 0x39, 0x28, 0x00, 0xFF, 0x42, 0x24, 0x08, 0xFF, 0x39, 0x28, 0x08, 0xFF,
    0x42, 0x28, 0x00, 0xFF, 0x39, 0x24, 0x08, 0xFF, 0x42, 0x28, 0x08, 0xFF, 0x39, 0x28, 0x00, 0xFF,
    0x42, 0x24, 0x08, 0xFF, 0x39, 0x28, 0x08, 0xFF, 0x42, 0x28, 0x00, 0xFF, 0x39, 0x24, 0x08, 0xFF,
    0x42, 0x28, 0x08, 0xFF, 0x39, 0x28, 0x00, 0xFF, 0x42, 0x24, 0x08, 0xFF, 0x39, 0x28, 0x08, 0xFF,
    0x42, 0x28, 0x00, 0xFF, 0x39, 0x24, 0x08, 0xFF, 0x42, 0x28, 0x08, 0xFF, 0x39, 0x28, 0x00, 0xFF,
    0x42, 0x24, 0x08, 0xFF, 0x39, 0x28, 0x08, 0xFF, 0x42, 0x28, 0x00, 0xFF, 0x39, 0x24, 0x08, 0xFF,
    0x42, 0x28, 0x08, 0xFF, 0x39, 0x28, 0x00, 0xFF, 0x42, 0x24, 0x08, 0xFF, 0x39, 0x28, 0x08, 0xFF,
    0x42, 0x28, 0x00, 0xFF, 0x39, 0x24, 0x08, 0xFF, 0x42, 0x28, 0x08, 0xFF, 0x39, 0x28, 0x00, 0xFF,
    0x42, 0x24, 0x08, 0xFF, 0x39, 0x28, 0x08, 0xFF, 0x42, 0x28, 0x00, 0xFF, 0x39, 0x24, 0x08, 0xFF,
    0x42, 0x28, 0x08, 0xFF, 0x39, 0x28, 0x00, 0xFF, 0x42, 0x24, 0x08, 0xFF, 0x39, 0x28, 0x08, 0xFF,
    0x42, 0x28, 0x00, 0xFF, 0x39, 0x24, 0x08, 0xFF, 0x42, 0x28, 0x08, 0xFF, 0x39, 0x28, 0x00, 0xFF,
    0x42, 0x24, 0x08, 0xFF, 0x39, 0x28, 0x08, 0xFF, 0x42, 0x28, 0x00, 0xFF, 0x39, 0x24, 0x08, 0xFF,
    0x42, 0x28, 0x08, 0xFF, 0x39, 0x28, 0x00, 0xFF, 0x42, 0x24, 0x08, 0xFF, 0x39, 0x28, 0x08, 0xFF,
    0x42, 0x28, 0x00, 0xFF, 0x39, 0x24, 0x08, 0xFF, 0x42, 0x28, 0x08, 0xFF, 0x39, 0x28, 0x00, 0xFF,
    0x42, 0x24, 0x08, 0xFF, 0x39, 0x28, 0x08, 0xFF, 0x42, 0x28, 0x00, 0xFF, 0x39, 0x24, 0x08, 0xFF,
    0x42, 0x28, 0x08, 0xFF, 0x39, 0x28, 0x00, 0xFF, 0x42, 0x24, 0x08, 0xFF, 0x39, 0x28, 0x08, 0xFF,
    0x42, 0x28, 0x00, 0xFF, 0x39, 0x24, 0x08, 0xFF, 0x42, 0x28, 0x08, 0xFF, 0x39, 0x28, 0x00, 0xFF,
    0x42, 0x24, 0x08, 0xFF, 0x39, 0x28, 0x08, 0xFF, 0x42, 0x28, 0x00, 0xFF, 0x39, 0x24, 0x08, 0xFF,
    0x42, 0x28, 0x08, 0xFF, 0x39, 0x28, 0x00, 0xFF, 0x42, 0x24, 0x08, 0xFF, 0x39, 0x28, 0x08, 0xFF,
    0x42, 0x28, 0x00, 0xFF, 0x39, 0x24, 0x08, 0xFF, 0x42, 0x28, 0x08, 0xFF, 0x39, 0x28, 0x00, 0xFF,
    0x42, 0x24, 0x08, 0xFF, 0x39, 0x28, 0x08, 0xFF, 0x42, 0x28, 0x00, 0xFF, 0x39, 0x24, 0x08, 0xFF,
    0x42, 0x28, 0x08, 0xFF, 0x39, 0x28, 0x00, 0xFF, 0x42, 0x24, 0x08, 0xFF, 0x39, 0x28, 0x08, 0xFF,
    0x42, 0x28, 0x00, 0xFF, 0x39, 0x24, 0x08, 0xFF, 0x42, 0x28, 0x08, 0xFF, 0x39, 0x28, 0x00, 0xFF,
    0x42, 0x24, 0x08, 0xFF, 0x39, 0x28, 0x08, 0xFF, 0x42, 0x28, 0x00, 0xFF, 0x39, 0x24, 0x08, 0xFF,
    0x42, 0x28, 0x08, 0xFF, 0x39, 0x28, 0x00, 0xFF, 0x42, 0x24, 0x08, 0xFF, 0x39, 0x28, 0x08, 0xFF,
    0x42, 0x28, 0x00, 0xFF, 0x39, 0x24, 0x08, 0xFF, 0x42, 0x28, 0x08, 0xFF, 0x39, 0x28, 0x00, 0xFF,
    0x42, 0x24, 0x08, 0xFF, 0x39, 0x28, 0x08, 0xFF, 0x42, 0x28, 0x00, 0xFF, 0x39, 0x24, 0x08, 0xFF,
    0x42, 0x28, 0x08, 0xFF, 0x39, 0x28, 0x00, 0xFF, 0x42, 0x24, 0x08, 0xFF, 0x39, 0x28, 0x08, 0xFF,
    0x42, 0x28, 0x00, 0xFF, 0x39, 0x24, 0x08, 0xFF, 0x42, 0x28, 0x08, 0xFF, 0x39, 0x28, 0x00, 0xFF,
    0x42, 0x24, 0x08, 0xFF, 0x39, 0x28, 0x08, 0xFF, 0x42, 0x28, 0x00, 0xFF, 0x39, 0x24, 0x08, 0xFF,
    0x42, 0x28, 0x08, 0xFF, 0x39, 0x28, 0x00, 0xFF, 0x42, 0x24, 0x08, 0xFF, 0x39, 0x28, 0x08, 0xFF,
    0x42, 0x28, 0x00, 0xFF, 0x39, 0x24, 0x08, 0xFF, 0x42, 0x28, 0x00, 0xFF, 0x39, 0x28, 0x08, 0xFF,
    0x39, 0x24, 0x00, 0xFF, 0x42, 0x24, 0x08, 0xFF, 0x39, 0x28, 0x00, 0xFF, 0x39, 0x24, 0x08, 0xFF,
    0x42, 0x24, 0x00, 0xFF, 0x39, 0x28, 0x08, 0xFF, 0x42, 0x24, 0x00, 0xFF, 0x39, 0x24, 0x08, 0xFF,
    0x42, 0x28, 0x00, 0xFF, 0x39, 0x24, 0x08, 0xFF, 0x42, 0x24, 0x00, 0xFF, 0x39, 0x28, 0x08, 0xFF,
    0x42, 0x24, 0x00, 0xFF, 0x39, 0x24, 0x08, 0xFF, 0x42, 0x28, 0x00, 0xFF, 0x39, 0x24, 0x08, 0xFF,
    0x42, 0x24, 0x00, 0xFF, 0x39, 0x28, 0x08, 0xFF, 0x42, 0x24, 0x00, 0xFF, 0x39, 0x24, 0x08, 0xFF,
    0x42, 0x28, 0x00, 0xFF, 0x39, 0x24, 0x08, 0xFF, 0x42, 0x24, 0x00, 0xFF, 0x39, 0x28, 0x08, 0xFF,
    0x42, 0x24, 0x00, 0xFF, 0x39, 0x24, 0x08, 0xFF, 0x42, 0x28, 0x00, 0xFF, 0x39, 0x24, 0x08, 0xFF,
    0x42, 0x24, 0x00, 0xFF, 0x39, 0x28, 0x08, 0xFF, 0x42, 0x24, 0x00, 0xFF, 0x39, 0x24, 0x08, 0xFF,
    0x42, 0x28, 0x00, 0xFF, 0x39, 0x24, 0x08, 0xFF, 0x42, 0x24, 0x00, 0xFF, 0x39, 0x28, 0x08, 0xFF,
    0x42, 0x24, 0x00, 0xFF, 0x39, 0x24, 0x08, 0xFF, 0x42, 0x28, 0x00, 0xFF, 0x39, 0x24, 0x08, 0xFF,
    0x42, 0x24, 0x00, 0xFF, 0x39, 0x28, 0x08, 0xFF, 0x42, 0x24, 0x00, 0xFF, 0x39, 0x24, 0x08, 0xFF,
    0x42, 0x28, 0x00, 0xFF, 0x39, 0x24, 0x08, 0xFF, 0x42, 0x24, 0x00, 0xFF, 0x39, 0x28, 0x08, 0xFF,
    0x42, 0x24, 0x00, 0xFF, 0x39, 0x24, 0x08, 0xFF, 0x42, 0x28, 0x00, 0xFF, 0x39, 0x24, 0x08, 0xFF,
    0x42, 0x24, 0x00, 0xFF, 0x39, 0x28, 0x08, 0xFF, 0x42, 0x24, 0x00, 0xFF, 0x39, 0x24, 0x08, 0xFF,
    0x42, 0x28, 0x00, 0xFF, 0x39, 0x24, 0x08, 0xFF, 0x42, 0x24, 0x00, 0xFF, 0x39, 0x28, 0x08, 0xFF,
    0x42, 0x24, 0x00, 0xFF, 0x39, 0x24, 0x08, 0xFF, 0x42, 0x28, 0x00, 0xFF, 0x39, 0x24, 0x08, 0xFF,
    0x42, 0x24, 0x00, 0xFF, 0x39, 0x28, 0x08, 0xFF, 0x42, 0x24, 0x00, 0xFF, 0x39, 0x24, 0x08, 0xFF,
    0x42, 0x28, 0x00, 0xFF, 0x39, 0x24, 0x08, 0xFF, 0x42, 0x24, 0x00, 0xFF, 0x39, 0x28, 0x08, 0xFF,
    0x42, 0x24, 0x00, 0xFF, 0x39, 0x24, 0x08, 0xFF, 0x42, 0x28, 0x00, 0xFF, 0x39, 0x24, 0x08, 0xFF,
    0x42, 0x24, 0x00, 0xFF, 0x39, 0x28, 0x08, 0xFF, 0x42, 0x24, 0x00, 0xFF, 0x39, 0x24, 0x08, 0xFF,
    0x42, 0x28, 0x00, 0xFF, 0x39, 0x24, 0x08, 0xFF, 0x42, 0x24, 0x00, 0xFF, 0x39, 0x28, 0x08, 0xFF,
    0x42, 0x24, 0x00, 0xFF, 0x39, 0x24, 0x08, 0xFF, 0x42, 0x28, 0x00, 0xFF, 0x39, 0x24, 0x08, 0xFF,
    0x42, 0x24, 0x00, 0xFF, 0x39, 0x28, 0x08, 0xFF, 0x42, 0x24, 0x00, 0xFF, 0x39, 0x24, 0x08, 0xFF,
    0x42, 0x28, 0x00, 0xFF, 0x39, 0x24, 0x08, 0xFF, 0x42, 0x24, 0x00, 0xFF, 0x39, 0x28, 0x08, 0xFF,
    0x42, 0x24, 0x00, 0xFF, 0x39, 0x24, 0x08, 0xFF, 0x42, 0x28, 0x00, 0xFF, 0x39, 0x24, 0x08, 0xFF,
    0x42, 0x24, 0x00, 0xFF, 0x39, 0x28, 0x08, 0xFF, 0x42, 0x24, 0x00, 0xFF, 0x39, 0x24, 0x08, 0xFF,
    0x42, 0x28, 0x00, 0xFF, 0x39, 0x24, 0x08, 0xFF, 0x42, 0x24, 0x00, 0xFF, 0x39, 0x28, 0x08, 0xFF,
    0x42, 0x24, 0x00, 0xFF, 0x39, 0x24, 0x08, 0xFF, 0x42, 0x28, 0x00, 0xFF, 0x39, 0x24, 0x08, 0xFF,
    0x42, 0x24, 0x00, 0xFF, 0x39, 0x28, 0x08, 0xFF, 0x42, 0x24, 0x00, 0xFF, 0x39, 0x24, 0x08, 0xFF,
    0x42, 0x28, 0x00, 0xFF, 0x39, 0x24, 0x08, 0xFF, 0x42, 0x24, 0x00, 0xFF, 0x39, 0x28, 0x08, 0xFF,
    0x42, 0x24, 0x00, 0xFF, 0x39, 0x24, 0x08, 0xFF, 0x42, 0x28, 0x00, 0xFF, 0x39, 0x24, 0x08, 0xFF,
    0x42, 0x24, 0x00, 0xFF, 0x39, 0x28, 0x08, 0xFF, 0x39, 0x24, 0x08, 0xFF, 0x42, 0x24, 0x00, 0xFF,
    0x39, 0x24, 0x08, 0xFF, 0x42, 0x28, 0x00, 0xFF, 0x39, 0x24, 0x08, 0xFF, 0x42, 0x28, 0x00, 0xFF,
    0x39, 0x24, 0x08, 0xFF, 0x39, 0x24, 0x00, 0xFF, 0x42, 0x28, 0x08, 0xFF, 0x39, 0x24, 0x00, 0xFF,
    0x39, 0x24, 0x08, 0xFF, 0x42, 0x28, 0x00, 0xFF, 0x39, 0x24, 0x08, 0xFF, 0x42, 0x24, 0x00, 0xFF,
    0x39, 0x28, 0x08, 0xFF, 0x42, 0x24, 0x00, 0xFF, 0x39, 0x24, 0x08, 0xFF, 0x42, 0x28, 0x00, 0xFF,
    0x39, 0x24, 0x08, 0xFF, 0x42, 0x24, 0x00, 0xFF, 0x39, 0x28, 0x08, 0xFF, 0x42, 0x24, 0x00, 0xFF,
    0x39, 0x24, 0x08, 0xFF, 0x42, 0x28, 0x00, 0xFF, 0x39, 0x24, 0x08, 0xFF, 0x42, 0x24, 0x00, 0xFF,
    0x39, 0x28, 0x08, 0xFF, 0x42, 0x24, 0x00, 0xFF, 0x39, 0x24, 0x08, 0xFF, 0x42, 0x28, 0x00, 0xFF,
    0x39, 0x24, 0x08, 0xFF, 0x42, 0x24, 0x00, 0xFF, 0x39, 0x28, 0x08, 0xFF, 0x42, 0x24, 0x00, 0xFF,
    0x39, 0x24, 0x08, 0xFF, 0x42, 0x28, 0x00, 0xFF, 0x39, 0x24, 0x08, 0xFF, 0x42, 0x24, 0x00, 0xFF,
    0x39, 0x28, 0x08, 0xFF, 0x42, 0x24, 0x00, 0xFF, 0x39, 0x24, 0x08, 0xFF, 0x42, 0x28, 0x00, 0xFF,
    0x39, 0x24, 0x08, 0xFF, 0x42, 0x24, 0x00, 0xFF, 0x39, 0x28, 0x08, 0xFF, 0x42, 0x24, 0x00, 0xFF,
    0x39, 0x24, 0x08, 0xFF, 0x42, 0x28, 0x00, 0xFF, 0x39, 0x24, 0x08, 0xFF, 0x42, 0x24, 0x00, 0xFF,
    0x39, 0x28, 0x08, 0xFF, 0x42, 0x24, 0x00, 0xFF, 0x39, 0x24, 0x08, 0xFF, 0x42, 0x28, 0x00, 0xFF,
    0x39, 0x24, 0x08, 0xFF, 0x42, 0x24, 0x00, 0xFF, 0x39, 0x28, 0x08, 0xFF, 0x42, 0x24, 0x00, 0xFF,
    0x39, 0x24, 0x08, 0xFF, 0x42, 0x28, 0x00, 0xFF, 0x39, 0x24, 0x08, 0xFF, 0x42, 0x24, 0x00, 0xFF,
    0x39, 0x28, 0x08, 0xFF, 0x42, 0x24, 0x00, 0xFF, 0x39, 0x24, 0x08, 0xFF, 0x42, 0x28, 0x00, 0xFF,
    0x39, 0x24, 0x08, 0xFF, 0x42, 0x24, 0x00, 0xFF, 0x39, 0x28, 0x08, 0xFF, 0x42, 0x24, 0x00, 0xFF,
    0x39, 0x24, 0x08, 0xFF, 0x42, 0x28, 0x00, 0xFF, 0x39, 0x24, 0x08, 0xFF, 0x42, 0x24, 0x00, 0xFF,
    0x39, 0x28, 0x08, 0xFF, 0x42, 0x24, 0x00, 0xFF, 0x39, 0x24, 0x08, 0xFF, 0x42, 0x28, 0x00, 0xFF,
    0x39, 0x24, 0x08, 0xFF, 0x42, 0x24, 0x00, 0xFF, 0x39, 0x28, 0x08, 0xFF, 0x42, 0x24, 0x00, 0xFF,
    0x39, 0x24, 0x08, 0xFF, 0x42, 0x28, 0x00, 0xFF, 0x39, 0x24, 0x08, 0xFF, 0x42, 0x24, 0x00, 0xFF,
    0x39, 0x28, 0x08, 0xFF, 0x42, 0x24, 0x00, 0xFF, 0x39, 0x24, 0x08, 0xFF, 0x42, 0x28, 0x00, 0xFF,
    0x39, 0x24, 0x08, 0xFF, 0x42, 0x24, 0x00, 0xFF, 0x39, 0x28, 0x08, 0xFF, 0x42, 0x24, 0x00, 0xFF,
    0x39, 0x24, 0x08, 0xFF, 0x42, 0x28, 0x00, 0xFF, 0x39, 0x24, 0x08, 0xFF, 0x42, 0x24, 0x00, 0xFF,
    0x39, 0x28, 0x08, 0xFF, 0x42, 0x24, 0x00, 0xFF, 0x39, 0x24, 0x08, 0xFF, 0x42, 0x28, 0x00, 0xFF,
    0x39, 0x24, 0x08, 0xFF, 0x42, 0x24, 0x00, 0xFF, 0x39, 0x28, 0x08, 0xFF, 0x42, 0x24, 0x00, 0xFF,
    0x39, 0x24, 0x08, 0xFF, 0x42, 0x28, 0x00, 0xFF, 0x39, 0x24, 0x08, 0xFF, 0x42, 0x24, 0x00, 0xFF,
    0x39, 0x28, 0x08, 0xFF, 0x42, 0x24, 0x00, 0xFF, 0x39, 0x24, 0x08, 0xFF, 0x42, 0x28, 0x00, 0xFF,
    0x39, 0x24, 0x08, 0xFF, 0x42, 0x24, 0x00, 0xFF, 0x39, 0x28, 0x08, 0xFF, 0x42, 0x24, 0x00, 0xFF,
    0x39, 0x24, 0x08, 0xFF, 0x42, 0x28, 0x00, 0xFF, 0x39, 0x24, 0x08, 0xFF, 0x42, 0x24, 0x00, 0xFF,
    0x39, 0x28, 0x08, 0xFF, 0x42, 0x24, 0x00, 0xFF, 0x39, 0x24, 0x08, 0xFF, 0x42, 0x28, 0x00, 0xFF,
    0x39, 0x24, 0x08, 0xFF, 0x42, 0x24, 0x00, 0xFF, 0x39, 0x28, 0x00, 0xFF, 0x42, 0x24, 0x08, 0xFF,
    0x42, 0x24, 0x00, 0xFF, 0x39, 0x24, 0x08, 0xFF, 0x42, 0x24, 0x00, 0xFF, 0x39, 0x28, 0x00, 0xFF,
    0x42, 0x24, 0x08, 0xFF, 0x39, 0x28, 0x00, 0xFF, 0x42, 0x24, 0x00, 0xFF, 0x39, 0x28, 0x08, 0xFF,
    0x42, 0x24, 0x00, 0xFF, 0x39, 0x28, 0x00, 0xFF, 0x39, 0x24, 0x08, 0xFF, 0x42, 0x28, 0x00, 0xFF,
    0x39, 0x24, 0x00, 0xFF, 0x39, 0x28, 0x08, 0xFF, 0x42, 0x24, 0x00, 0xFF, 0x39, 0x28, 0x00, 0xFF,
    0x39, 0x24, 0x08, 0xFF, 0x42, 0x28, 0x00, 0xFF, 0x39, 0x24, 0x00, 0xFF, 0x39, 0x28, 0x08, 0xFF,
    0x42, 0x24, 0x00, 0xFF, 0x39, 0x28, 0x00, 0xFF, 0x39, 0x24, 0x08, 0xFF, 0x42, 0x28, 0x00, 0xFF,
    0x39, 0x24, 0x00, 0xFF, 0x39, 0x28, 0x08, 0xFF, 0x42, 0x24, 0x00, 0xFF, 0x39, 0x28, 0x00, 0xFF,
    0x39, 0x24, 0x08, 0xFF, 0x42, 0x28, 0x00, 0xFF, 0x39, 0x24, 0x00, 0xFF, 0x39, 0x28, 0x08, 0xFF,
    0x42, 0x24, 0x00, 0xFF, 0x39, 0x28, 0x00, 0xFF, 0x39, 0x24, 0x08, 0xFF, 0x42, 0x28, 0x00, 0xFF,
    0x39, 0x24, 0x00, 0xFF, 0x39, 0x28, 0x08, 0xFF, 0x42, 0x24, 0x00, 0xFF, 0x39, 0x28, 0x00, 0xFF,
    0x39, 0x24, 0x08, 0xFF, 0x42, 0x28, 0x00, 0xFF, 0x39, 0x24, 0x00, 0xFF, 0x39, 0x28, 0x08, 0xFF,
    0x42, 0x24, 0x00, 0xFF, 0x39, 0x28, 0x00, 0xFF, 0x39, 0x24, 0x08, 0xFF, 0x42, 0x28, 0x00, 0xFF,
    0x39, 0x24, 0x00, 0xFF, 0x39, 0x28, 0x08, 0xFF, 0x42, 0x24, 0x00, 0xFF, 0x39, 0x28, 0x00, 0xFF,
    0x39, 0x24, 0x08, 0xFF, 0x42, 0x28, 0x00, 0xFF, 0x39, 0x24, 0x00, 0xFF, 0x39, 0x28, 0x08, 0xFF,
    0x42, 0x24, 0x00, 0xFF, 0x39, 0x28, 0x00, 0xFF, 0x39, 0x24, 0x08, 0xFF, 0x42, 0x28, 0x00, 0xFF,
    0x39, 0x24, 0x00, 0xFF, 0x39, 0x28, 0x08, 0xFF, 0x42, 0x24, 0x00, 0xFF, 0x39, 0x28, 0x00, 0xFF,
    0x39, 0x24, 0x08, 0xFF, 0x42, 0x28, 0x00, 0xFF, 0x39, 0x24, 0x00, 0xFF, 0x39, 0x28, 0x08, 0xFF,
    0x42, 0x24, 0x00, 0xFF, 0x39, 0x28, 0x00, 0xFF, 0x39, 0x24, 0x08, 0xFF, 0x42, 0x28, 0x00, 0xFF,
    0x39, 0x24, 0x00, 0xFF, 0x39, 0x28, 0x08, 0xFF, 0x42, 0x24, 0x00, 0xFF, 0x39, 0x28, 0x00, 0xFF,
    0x39, 0x24, 0x08, 0xFF, 0x42, 0x28, 0x00, 0xFF, 0x39, 0x24, 0x00, 0xFF, 0x39, 0x28, 0x08, 0xFF,
    0x42, 0x24, 0x00, 0xFF, 0x39, 0x28, 0x00, 0xFF, 0x39, 0x24, 0x08, 0xFF, 0x42, 0x28, 0x00, 0xFF,
    0x39, 0x24, 0x00, 0xFF, 0x39, 0x28, 0x08, 0xFF, 0x42, 0x24, 0x00, 0xFF, 0x39, 0x28, 0x00, 0xFF,
    0x39, 0x24, 0x08, 0xFF, 0x42, 0x28, 0x00, 0xFF, 0x39, 0x24, 0x00, 0xFF, 0x39, 0x28, 0x08, 0xFF,
    0x42, 0x24, 0x00, 0xFF, 0x39, 0x28, 0x00, 0xFF, 0x39, 0x24, 0x08, 0xFF, 0x42, 0x28, 0x00, 0xFF,
    0x39, 0x24, 0x00, 0xFF, 0x39, 0x28, 0x08, 0xFF, 0x42, 0x24, 0x00, 0xFF, 0x39, 0x28, 0x00, 0xFF,
    0x39, 0x24, 0x08, 0xFF, 0x42, 0x28, 0x00, 0xFF, 0x39, 0x24, 0x00, 0xFF, 0x39, 0x28, 0x08, 0xFF,
    0x42, 0x24, 0x00, 0xFF, 0x39, 0x28, 0x00, 0xFF, 0x39, 0x24, 0x08, 0xFF, 0x42, 0x28, 0x00, 0xFF,
    0x39, 0x24, 0x00, 0xFF, 0x39, 0x28, 0x08, 0xFF, 0x42, 0x24, 0x00, 0xFF, 0x39, 0x28, 0x00, 0xFF,
    0x39, 0x24, 0x08, 0xFF, 0x42, 0x28, 0x00, 0xFF, 0x39, 0x24, 0x00, 0xFF, 0x39, 0x28, 0x08, 0xFF,
    0x42, 0x24, 0x00, 0xFF, 0x39, 0x28, 0x00, 0xFF, 0x39, 0x24, 0x08, 0xFF, 0x42, 0x28, 0x00, 0xFF,
    0x39, 0x24, 0x00, 0xFF, 0x39, 0x28, 0x08, 0xFF, 0x42, 0x24, 0x00, 0xFF, 0x39, 0x28, 0x00, 0xFF,
    0x39, 0x24, 0x08, 0xFF, 0x42, 0x28, 0x00, 0xFF, 0x39, 0x24, 0x08, 0xFF, 0x39, 0x28, 0x00, 0xFF,
};

const lv_image_dsc_t ui_img_bg_gradient = {
    .header.magic = LV_IMAGE_HEADER_MAGIC,
    .header.cf = LV_COLOR_FORMAT_ARGB8888,
    .header.flags = 0,
    .header.w = 128,
    .header.h = 160,
    .header.stride = 512,
    .data_size = sizeof(ui_img_bg_gradient_data),
    .data = ui_img_bg_gradient_data,
};
