Executing action: all (aliases: build)
Running cmake in directory E:\ESP\esp-miply-1.85touch\esp_miplay-1.85c\build
Executing "cmake -G Ninja -DPYTHON_DEPS_CHECKED=1 -DPYTHON=E:\ESP\.espressif\tools\python_env\idf5.5_py3.14_env\Scripts\python.exe -DESP_PLATFORM=1 -DCCACHE_ENABLE=0 E:\ESP\esp-miply-1.85touch\esp_miplay-1.85c"...
-- IDF_TARGET is not set, guessed 'esp32s3' from sdkconfig 'E:/ESP/esp-miply-1.85touch/esp_miplay-1.85c/sdkconfig'
-- Found Git: D:/Git/mingw64/bin/git.exe (found version "2.54.0.windows.1")
-- Minimal build - OFF
-- The C compiler identification is GNU 14.2.0
-- The CXX compiler identification is GNU 14.2.0
-- The ASM compiler identification is GNU
-- Found assembler: E:/ESP/.espressif/tools/xtensa-esp-elf/esp-14.2.0_20260121/xtensa-esp-elf/bin/xtensa-esp32s3-elf-gcc.exe
-- Detecting C compiler ABI info
-- Detecting C compiler ABI info - done
-- Check for working C compiler: E:/ESP/.espressif/tools/xtensa-esp-elf/esp-14.2.0_20260121/xtensa-esp-elf/bin/xtensa-esp32s3-elf-gcc.exe - skipped
-- Detecting C compile features
-- Detecting C compile features - done
-- Detecting CXX compiler ABI info
-- Detecting CXX compiler ABI info - done
-- Check for working CXX compiler: E:/ESP/.espressif/tools/xtensa-esp-elf/esp-14.2.0_20260121/xtensa-esp-elf/bin/xtensa-esp32s3-elf-g++.exe - skipped
-- Detecting CXX compile features
-- Detecting CXX compile features - done
-- Building ESP-IDF components for target esp32s3
NOTICE: Processing 3 dependencies:

NOTICE: [1/3] espressif/cmake_utilities (0.5.3)

NOTICE: [2/3] espressif/mdns (1.13.1)

NOTICE: [3/3] idf (5.5.4)

-- ESP-TEE is currently supported only on the esp32c6;esp32h2;esp32c5 SoCs
-- Project sdkconfig file E:/ESP/esp-miply-1.85touch/esp_miplay-1.85c/sdkconfig
python.exe : info: Trying to set symbol ESP_WIFI_DYNAMIC_TX_BUFFER to n, but it is currently selected by choice ESP_WIF
I_TX_BUFFER. For setting it to n, set another choice symbol to y instead.
所在位置 行:1 字符: 154
+ ... lay-1.85c'; & $py 'E:\ESP\.espressif\v5.5.4\esp-idf\tools\idf.py' bui ...
+                 ~~~~~~~~~~~~~~~~~~~~~~~~~~~~~~~~~~~~~~~~~~~~~~~~~~~~~~~~~
    + CategoryInfo          : NotSpecified: (info: Trying to...l to y instead.:String) [], RemoteException
    + FullyQualifiedErrorId : NativeCommandError
 

Loading defaults file E:/ESP/esp-miply-1.85touch/esp_miplay-1.85c/sdkconfig.defaults...

E:/ESP/esp-miply-1.85touch/esp_miplay-1.85c/sdkconfig.defaults:21 CONFIG_SPIRAM_ALLOW_STACK_EXTERNAL_MEMORY was replaced with CONFIG_FREERTOS_TASK_CREATE_ALLOW_EXT_MEM 

E:/ESP/esp-miply-1.85touch/esp_miplay-1.85c/sdkconfig.defaults:80 CONFIG_ESP32_WIFI_AMPDU_TX_ENABLED was replaced with CONFIG_ESP_WIFI_AMPDU_TX_ENABLED 

E:/ESP/esp-miply-1.85touch/esp_miplay-1.85c/sdkconfig.defaults:81 CONFIG_ESP32_WIFI_AMPDU_RX_ENABLED was replaced with CONFIG_ESP_WIFI_AMPDU_RX_ENABLED 

E:/ESP/esp-miply-1.85touch/esp_miplay-1.85c/sdkconfig.defaults:82 CONFIG_ESP32_WIFI_NVS_ENABLED was replaced with CONFIG_ESP_WIFI_NVS_ENABLED 

E:/ESP/esp-miply-1.85touch/esp_miplay-1.85c/sdkconfig.defaults:83 CONFIG_ESP32_WIFI_TASK_PINNED_TO_CORE_0 was replaced with CONFIG_ESP_WIFI_TASK_PINNED_TO_CORE_0 

E:/ESP/esp-miply-1.85touch/esp_miplay-1.85c/sdkconfig.defaults:151 CONFIG_ESP32S3_DEFAULT_CPU_FREQ_240 was replaced with CONFIG_ESP_DEFAULT_CPU_FREQ_MHZ_240 

C:\Users\MR\AppData\Local\Temp\kconfgen_tmpjrfotnzo:45 line was updated to # === LwIP / TCP 缂冩垹绮舵导妯哄閿涘湚TTP 闂婃娊顣跺ù浣规纯濞翠胶鏅犻敍灞惧Ρ閼?airplay-esp32閿?==n

C:\Users\MR\AppData\Local\Temp\kconfgen_tmpjrfotnzo:67 line was updated to # === HTTP server閿涘潏ustom_dlna閿涘娴夐崗?===n

C:\Users\MR\AppData\Local\Temp\kconfgen_tmpjrfotnzo:74 line was updated to # === WiFi 802.11 閸氱偛鎮欐导妯哄閿涘牊濡遍懛?airplay-esp32閿?==n

C:\Users\MR\AppData\Local\Temp\kconfgen_tmpjrfotnzo:87 line was updated to # === mDNS閿涘牆褰查柅澶涚礉閺傞€涚┒閸欐垹骞囩拋鎯ь槵閿涙稐绗?SSDP 閸忓崬鐡ㄩ弮鐘插暱缁愪緤绱?==n

C:\Users\MR\AppData\Local\Temp\kconfgen_tmpjrfotnzo:94 line was updated to # === GMF 闂婃娊顣跺鍡樼仸 ===n

C:\Users\MR\AppData\Local\Temp\kconfgen_tmpjrfotnzo:135 line was updated to # === FreeRTOS tick / 娴犺濮熺拫鍐ㄥ娴兼ê瀵?===n

C:\Users\MR\AppData\Local\Temp\kconfgen_tmpjrfotnzo:142 line was updated to # === 缂傛牞鐦ч崳銊ょ喘閸栨牭绱?O2 閹嗗厴娴兼ê鍘涢敍宀勭叾妫版垶鎸遍弨鐐纯缁嬬绱?==n

C:\Users\MR\AppData\Local\Temp\kconfgen_tmpjrfotnzo:147 line was updated to # === CPU 妫版垹宸兼稉搴㈡）韫囨楠囬崚?===n

C:\Users\MR\AppData\Local\Temp\kconfgen_tmpjrfotnzo:155 line was updated to # === Flash 濡€崇础閿涘潒sp32s3 qio + 80MHz閿?==n

C:\Users\MR\AppData\Local\Temp\kconfgen_tmpjrfotnzo:165 line was updated to # === LVGL 9.2.2閿涘牅绗?speaker 閸欏倽鈧啫浼愮粙瀣╃閼疯揪绱?==n

warning: unknown kconfig symbol 'LWIP_MSS' assigned to '1460' in E:/ESP/esp-miply-1.85touch/esp_miplay-1.85c/sdkconfig.defaults

warning: unknown kconfig symbol 'LWIP_TCP_KEEP_CONNECTION_WHEN_IP_CHANGES' assigned to 'y' in E:/ESP/esp-miply-1.85touch/esp_miplay-1.85c/sdkconfig.defaults

warning: unknown kconfig symbol 'LWIP_RCV_WND_SCALE_FACTOR' assigned to '2' in E:/ESP/esp-miply-1.85touch/esp_miplay-1.85c/sdkconfig.defaults

warning: unknown kconfig symbol 'HTTPD_ERR_RESP_NO_KEY_RETURN_ONFAIL' assigned to 'n' in E:/ESP/esp-miply-1.85touch/esp_miplay-1.85c/sdkconfig.defaults

warning: unknown kconfig symbol 'ESP32S3_WIFI_NVS_ENABLED' assigned to 'y' in E:/ESP/esp-miply-1.85touch/esp_miplay-1.85c/sdkconfig.defaults

warning: unknown kconfig symbol 'I2C_SUPPRESS_DEPRECATE_WARN' assigned to 'y' in E:/ESP/esp-miply-1.85touch/esp_miplay-1.85c/sdkconfig.defaults

Loading defaults file E:/ESP/esp-miply-1.85touch/esp_miplay-1.85c/sdkconfig.defaults.esp32s3...

E:/ESP/esp-miply-1.85touch/esp_miplay-1.85c/sdkconfig.defaults.esp32s3:5 CONFIG_OPTIMIZATION_LEVEL_RELEASE was replaced with CONFIG_COMPILER_OPTIMIZATION_SIZE 

E:/ESP/esp-miply-1.85touch/esp_miplay-1.85c/sdkconfig.defaults.esp32s3:20 CONFIG_ESP32S3_SPIRAM_SUPPORT was replaced with CONFIG_SPIRAM 

warning: unknown kconfig symbol 'LWIP_MSS' assigned to '1460' in E:/ESP/esp-miply-1.85touch/esp_miplay-1.85c/sdkconfig.defaults.esp32s3

warning: unknown kconfig symbol 'LWIP_TCP_KEEP_CONNECTION_WHEN_IP_CHANGES' assigned to 'y' in E:/ESP/esp-miply-1.85touch/esp_miplay-1.85c/sdkconfig.defaults.esp32s3

warning: unknown kconfig symbol 'LWIP_RCV_WND_SCALE_FACTOR' assigned to '2' in E:/ESP/esp-miply-1.85touch/esp_miplay-1.85c/sdkconfig.defaults.esp32s3

warning: unknown kconfig symbol 'HTTPD_ERR_RESP_NO_KEY_RETURN_ONFAIL' assigned to 'n' in E:/ESP/esp-miply-1.85touch/esp_miplay-1.85c/sdkconfig.defaults.esp32s3

warning: unknown kconfig symbol 'ESP32S3_WIFI_NVS_ENABLED' assigned to 'y' in E:/ESP/esp-miply-1.85touch/esp_miplay-1.85c/sdkconfig.defaults.esp32s3

warning: unknown kconfig symbol 'I2C_SUPPRESS_DEPRECATE_WARN' assigned to 'y' in E:/ESP/esp-miply-1.85touch/esp_miplay-1.85c/sdkconfig.defaults.esp32s3

-- Compiler supported targets: xtensa-esp-elf
-- Detecting C compiler ABI info
-- Detecting C compiler ABI info - done
-- Detecting CXX compiler ABI info
-- Detecting CXX compiler ABI info - done
-- Detecting C compiler ABI info
-- Detecting C compiler ABI info - done
-- Detecting CXX compiler ABI info
-- Detecting CXX compiler ABI info - done
-- Found Python3: E:/ESP/.espressif/tools/python_env/idf5.5_py3.14_env/Scripts/python.exe (found version "3.14.4") found components: Interpreter
-- Performing Test CMAKE_HAVE_LIBC_PTHREAD
-- Performing Test CMAKE_HAVE_LIBC_PTHREAD - Success
-- Found Threads: TRUE
-- Performing Test C_COMPILER_SUPPORTS_WFORMAT_SIGNEDNESS
-- Performing Test C_COMPILER_SUPPORTS_WFORMAT_SIGNEDNESS - Success
-- USING O3
-- App "dlna" version: v1.4.0-dirty
-- Adding linker script E:/ESP/esp-miply-1.85touch/esp_miplay-1.85c/build/esp-idf/esp_system/ld/memory.ld
-- Adding linker script E:/ESP/esp-miply-1.85touch/esp_miplay-1.85c/build/esp-idf/esp_system/ld/sections.ld.in
-- Adding linker script E:/ESP/.espressif/v5.5.4/esp-idf/components/esp_rom/esp32s3/ld/esp32s3.rom.ld
-- Adding linker script E:/ESP/.espressif/v5.5.4/esp-idf/components/esp_rom/esp32s3/ld/esp32s3.rom.api.ld
-- Adding linker script E:/ESP/.espressif/v5.5.4/esp-idf/components/esp_rom/esp32s3/ld/esp32s3.rom.bt_funcs.ld
-- Adding linker script E:/ESP/.espressif/v5.5.4/esp-idf/components/esp_rom/esp32s3/ld/esp32s3.rom.libgcc.ld
-- Adding linker script E:/ESP/.espressif/v5.5.4/esp-idf/components/esp_rom/esp32s3/ld/esp32s3.rom.wdt.ld
-- Adding linker script E:/ESP/.espressif/v5.5.4/esp-idf/components/esp_rom/esp32s3/ld/esp32s3.rom.version.ld
-- Adding linker script E:/ESP/.espressif/v5.5.4/esp-idf/components/esp_rom/esp32s3/ld/esp32s3.rom.ble_master.ld
-- Adding linker script E:/ESP/.espressif/v5.5.4/esp-idf/components/esp_rom/esp32s3/ld/esp32s3.rom.ble_50.ld
-- Adding linker script E:/ESP/.espressif/v5.5.4/esp-idf/components/esp_rom/esp32s3/ld/esp32s3.rom.ble_smp.ld
-- Adding linker script E:/ESP/.espressif/v5.5.4/esp-idf/components/esp_rom/esp32s3/ld/esp32s3.rom.ble_dtm.ld
-- Adding linker script E:/ESP/.espressif/v5.5.4/esp-idf/components/esp_rom/esp32s3/ld/esp32s3.rom.ble_test.ld
-- Adding linker script E:/ESP/.espressif/v5.5.4/esp-idf/components/esp_rom/esp32s3/ld/esp32s3.rom.ble_scan.ld
-- Adding linker script E:/ESP/.espressif/v5.5.4/esp-idf/components/esp_rom/esp32s3/ld/esp32s3.rom.libc.ld
-- Adding linker script E:/ESP/.espressif/v5.5.4/esp-idf/components/esp_rom/esp32s3/ld/esp32s3.rom.newlib.ld
-- Adding linker script E:/ESP/.espressif/v5.5.4/esp-idf/components/soc/esp32s3/ld/esp32s3.peripherals.ld
-- ESP_LCD_ST77916: 1.0.1
-- The esp_codec_dev is installed
-- Components: app_trace app_update bat_monitor bootloader bootloader_support bt chime cmock console custom_dlna cxx driver echopal_board efuse esp-adf-libs esp-tls esp_adc esp_app_format esp_bootloader_format esp_codec_dev esp_coex esp_common esp_driver_ana_cmpr esp_driver_bitscrambler esp_driver_cam esp_driver_dac esp_driver_gpio esp_driver_gptimer esp_driver_i2c esp_driver_i2s esp_driver_isp esp_driver_jpeg esp_driver_ledc esp_driver_mcpwm esp_driver_parlio esp_driver_pcnt esp_driver_ppa esp_driver_rmt esp_driver_sdio esp_driver_sdm esp_driver_sdmmc esp_driver_sdspi esp_driver_spi esp_driver_touch_sens esp_driver_tsens esp_driver_twai esp_driver_uart esp_driver_usb_serial_jtag esp_eth esp_event esp_gdbstub esp_hal_ieee802154 esp_hid esp_http_client esp_http_server esp_https_ota esp_https_server esp_hw_support esp_lcd esp_lcd_st77916 esp_local_ctrl esp_mm esp_netif esp_netif_stack esp_partition esp_phy esp_pm esp_psram esp_ringbuf esp_rom esp_security esp_system esp_timer esp_vfs_console esp_wifi espcoredump espressif__cmake_utilities espressif__mdns esptool_py fatfs freertos gmf_audio gmf_core gmf_io gmf_loader hal heap http_parser i2s_pa idf_test ieee802154 jsmn json libwebp log lvgl lvgl_port lwip lyrics_fetch main mbedtls miplay mqtt newlib nghttp nvs_flash nvs_sec_provider openthread partition_table perfmon protobuf-c protocomm pthread rt sdmmc soc spi_flash spiffs tcp_transport tft_display touch_element ulp unity usb vfs wear_levelling wifi_provision wifi_provisioning wpa_supplicant xtensa
-- Component paths: E:/ESP/.espressif/v5.5.4/esp-idf/components/app_trace E:/ESP/.espressif/v5.5.4/esp-idf/components/app_update E:/ESP/esp-miply-1.85touch/esp_miplay-1.85c/components/bat_monitor E:/ESP/.espressif/v5.5.4/esp-idf/components/bootloader E:/ESP/.espressif/v5.5.4/esp-idf/components/bootloader_support E:/ESP/.espressif/v5.5.4/esp-idf/components/bt E:/ESP/esp-miply-1.85touch/esp_miplay-1.85c/components/chime E:/ESP/.espressif/v5.5.4/esp-idf/components/cmock E:/ESP/.espressif/v5.5.4/esp-idf/components/console E:/ESP/esp-miply-1.85touch/esp_miplay-1.85c/components/custom_dlna E:/ESP/.espressif/v5.5.4/esp-idf/components/cxx E:/ESP/.espressif/v5.5.4/esp-idf/components/driver E:/ESP/esp-miply-1.85touch/esp_miplay-1.85c/components/echopal_board E:/ESP/.espressif/v5.5.4/esp-idf/components/efuse E:/ESP/esp-miply-1.85touch/esp_miplay-1.85c/components/esp-adf-libs E:/ESP/.espressif/v5.5.4/esp-idf/components/esp-tls E:/ESP/.espressif/v5.5.4/esp-idf/components/esp_adc E:/ESP/.espressif/v5.5.4/esp-idf/components/esp_app_format E:/ESP/.espressif/v5.5.4/esp-idf/components/esp_bootloader_format E:/ESP/esp-miply-1.85touch/esp_miplay-1.85c/components/esp_codec_dev E:/ESP/.espressif/v5.5.4/esp-idf/components/esp_coex E:/ESP/.espressif/v5.5.4/esp-idf/components/esp_common E:/ESP/.espressif/v5.5.4/esp-idf/components/esp_driver_ana_cmpr E:/ESP/.espressif/v5.5.4/esp-idf/components/esp_driver_bitscrambler E:/ESP/.espressif/v5.5.4/esp-idf/components/esp_driver_cam E:/ESP/.espressif/v5.5.4/esp-idf/components/esp_driver_dac E:/ESP/.espressif/v5.5.4/esp-idf/components/esp_driver_gpio E:/ESP/.espressif/v5.5.4/esp-idf/components/esp_driver_gptimer E:/ESP/.espressif/v5.5.4/esp-idf/components/esp_driver_i2c E:/ESP/.espressif/v5.5.4/esp-idf/components/esp_driver_i2s E:/ESP/.espressif/v5.5.4/esp-idf/components/esp_driver_isp E:/ESP/.espressif/v5.5.4/esp-idf/components/esp_driver_jpeg E:/ESP/.espressif/v5.5.4/esp-idf/components/esp_driver_ledc E:/ESP/.espressif/v5.5.4/esp-idf/components/esp_driver_mcpwm E:/ESP/.espressif/v5.5.4/esp-idf/components/esp_driver_parlio E:/ESP/.espressif/v5.5.4/esp-idf/components/esp_driver_pcnt E:/ESP/.espressif/v5.5.4/esp-idf/components/esp_driver_ppa E:/ESP/.espressif/v5.5.4/esp-idf/components/esp_driver_rmt E:/ESP/.espressif/v5.5.4/esp-idf/components/esp_driver_sdio E:/ESP/.espressif/v5.5.4/esp-idf/components/esp_driver_sdm E:/ESP/.espressif/v5.5.4/esp-idf/components/esp_driver_sdmmc E:/ESP/.espressif/v5.5.4/esp-idf/components/esp_driver_sdspi E:/ESP/.espressif/v5.5.4/esp-idf/components/esp_driver_spi E:/ESP/.espressif/v5.5.4/esp-idf/components/esp_driver_touch_sens E:/ESP/.espressif/v5.5.4/esp-idf/components/esp_driver_tsens E:/ESP/.espressif/v5.5.4/esp-idf/components/esp_driver_twai E:/ESP/.espressif/v5.5.4/esp-idf/components/esp_driver_uart E:/ESP/.espressif/v5.5.4/esp-idf/components/esp_driver_usb_serial_jtag E:/ESP/.espressif/v5.5.4/esp-idf/components/esp_eth E:/ESP/.espressif/v5.5.4/esp-idf/components/esp_event E:/ESP/.espressif/v5.5.4/esp-idf/components/esp_gdbstub E:/ESP/.espressif/v5.5.4/esp-idf/components/esp_hal_ieee802154 E:/ESP/.espressif/v5.5.4/esp-idf/components/esp_hid E:/ESP/.espressif/v5.5.4/esp-idf/components/esp_http_client E:/ESP/.espressif/v5.5.4/esp-idf/components/esp_http_server E:/ESP/.espressif/v5.5.4/esp-idf/components/esp_https_ota E:/ESP/.espressif/v5.5.4/esp-idf/components/esp_https_server E:/ESP/.espressif/v5.5.4/esp-idf/components/esp_hw_support E:/ESP/.espressif/v5.5.4/esp-idf/components/esp_lcd E:/ESP/esp-miply-1.85touch/esp_miplay-1.85c/components/esp_lcd_st77916 E:/ESP/.espressif/v5.5.4/esp-idf/components/esp_local_ctrl E:/ESP/.espressif/v5.5.4/esp-idf/components/esp_mm E:/ESP/.espressif/v5.5.4/esp-idf/components/esp_netif E:/ESP/.espressif/v5.5.4/esp-idf/components/esp_netif_stack E:/ESP/.espressif/v5.5.4/esp-idf/components/esp_partition E:/ESP/.espressif/v5.5.4/esp-idf/components/esp_phy E:/ESP/.espressif/v5.5.4/esp-idf/components/esp_pm E:/ESP/.espressif/v5.5.4/esp-idf/components/esp_psram E:/ESP/.espressif/v5.5.4/esp-idf/components/esp_ringbuf E:/ESP/.espressif/v5.5.4/esp-idf/components/esp_rom E:/ESP/.espressif/v5.5.4/esp-idf/components/esp_security E:/ESP/.espressif/v5.5.4/esp-idf/components/esp_system E:/ESP/.espressif/v5.5.4/esp-idf/components/esp_timer E:/ESP/.espressif/v5.5.4/esp-idf/components/esp_vfs_console E:/ESP/.espressif/v5.5.4/esp-idf/components/esp_wifi E:/ESP/.espressif/v5.5.4/esp-idf/components/espcoredump E:/ESP/esp-miply-1.85touch/esp_miplay-1.85c/managed_components/espressif__cmake_utilities E:/ESP/esp-miply-1.85touch/esp_miplay-1.85c/managed_components/espressif__mdns E:/ESP/.espressif/v5.5.4/esp-idf/components/esptool_py E:/ESP/.espressif/v5.5.4/esp-idf/components/fatfs E:/ESP/.espressif/v5.5.4/esp-idf/components/freertos E:/ESP/esp-miply-1.85touch/esp_miplay-1.85c/components/gmf_audio E:/ESP/esp-miply-1.85touch/esp_miplay-1.85c/components/gmf_core E:/ESP/esp-miply-1.85touch/esp_miplay-1.85c/components/gmf_io E:/ESP/esp-miply-1.85touch/esp_miplay-1.85c/components/gmf_loader E:/ESP/.espressif/v5.5.4/esp-idf/components/hal E:/ESP/.espressif/v5.5.4/esp-idf/components/heap E:/ESP/.espressif/v5.5.4/esp-idf/components/http_parser E:/ESP/esp-miply-1.85touch/esp_miplay-1.85c/components/i2s_pa E:/ESP/.espressif/v5.5.4/esp-idf/components/idf_test E:/ESP/.espressif/v5.5.4/esp-idf/components/ieee802154 E:/ESP/esp-miply-1.85touch/esp_miplay-1.85c/components/jsmn E:/ESP/.espressif/v5.5.4/esp-idf/components/json E:/ESP/esp-miply-1.85touch/esp_miplay-1.85c/components/libwebp E:/ESP/.espressif/v5.5.4/esp-idf/components/log E:/ESP/esp-miply-1.85touch/esp_miplay-1.85c/components/lvgl E:/ESP/esp-miply-1.85touch/esp_miplay-1.85c/components/lvgl_port E:/ESP/.espressif/v5.5.4/esp-idf/components/lwip E:/ESP/esp-miply-1.85touch/esp_miplay-1.85c/components/lyrics_fetch E:/ESP/esp-miply-1.85touch/esp_miplay-1.85c/main E:/ESP/.espressif/v5.5.4/esp-idf/components/mbedtls E:/ESP/esp-miply-1.85touch/esp_miplay-1.85c/components/miplay E:/ESP/.espressif/v5.5.4/esp-idf/components/mqtt E:/ESP/.espressif/v5.5.4/esp-idf/components/newlib E:/ESP/esp-miply-1.85touch/esp_miplay-1.85c/components/nghttp E:/ESP/.espressif/v5.5.4/esp-idf/components/nvs_flash E:/ESP/.espressif/v5.5.4/esp-idf/components/nvs_sec_provider E:/ESP/.espressif/v5.5.4/esp-idf/components/openthread E:/ESP/.espressif/v5.5.4/esp-idf/components/partition_table E:/ESP/.espressif/v5.5.4/esp-idf/components/perfmon E:/ESP/.espressif/v5.5.4/esp-idf/components/protobuf-c E:/ESP/.espressif/v5.5.4/esp-idf/components/protocomm E:/ESP/.espressif/v5.5.4/esp-idf/components/pthread E:/ESP/.espressif/v5.5.4/esp-idf/components/rt E:/ESP/.espressif/v5.5.4/esp-idf/components/sdmmc E:/ESP/.espressif/v5.5.4/esp-idf/components/soc E:/ESP/.espressif/v5.5.4/esp-idf/components/spi_flash E:/ESP/.espressif/v5.5.4/esp-idf/components/spiffs E:/ESP/.espressif/v5.5.4/esp-idf/components/tcp_transport E:/ESP/esp-miply-1.85touch/esp_miplay-1.85c/components/tft_display E:/ESP/.espressif/v5.5.4/esp-idf/components/touch_element E:/ESP/.espressif/v5.5.4/esp-idf/components/ulp E:/ESP/.espressif/v5.5.4/esp-idf/components/unity E:/ESP/.espressif/v5.5.4/esp-idf/components/usb E:/ESP/.espressif/v5.5.4/esp-idf/components/vfs E:/ESP/.espressif/v5.5.4/esp-idf/components/wear_levelling E:/ESP/esp-miply-1.85touch/esp_miplay-1.85c/components/wifi_provision E:/ESP/.espressif/v5.5.4/esp-idf/components/wifi_provisioning E:/ESP/.espressif/v5.5.4/esp-idf/components/wpa_supplicant E:/ESP/.espressif/v5.5.4/esp-idf/components/xtensa
-- Configuring done (16.4s)
-- Generating done (1.7s)
-- Build files have been written to: E:/ESP/esp-miply-1.85touch/esp_miplay-1.85c/build
Running ninja in directory E:\ESP\esp-miply-1.85touch\esp_miplay-1.85c\build
Executing "ninja all"...
[1/1865] Generating project_elf_src_esp32s3.c

[2/1865] Generating E:/ESP/esp-miply-1.85touch/esp_miplay-1.85c/build/esp-idf/esp_system/ld/memory.ld linker script...

[3/1865] Generating E:/ESP/esp-miply-1.85touch/esp_miplay-1.85c/build/esp-idf/esp_system/ld/sections.ld.in linker script...

[4/1865] Building C object esp-idf/espcoredump/CMakeFiles/__idf_espcoredump.dir/src/core_dump_sha.c.obj

[5/1865] Building C object esp-idf/espcoredump/CMakeFiles/__idf_espcoredump.dir/src/core_dump_init.c.obj

[6/1865] Building C object esp-idf/espcoredump/CMakeFiles/__idf_espcoredump.dir/src/core_dump_binary.c.obj

[7/1865] Building ASM object esp-idf/espcoredump/CMakeFiles/__idf_espcoredump.dir/src/port/xtensa/core_dump_stack_switch.S.obj

[8/1865] Building C object esp-idf/espcoredump/CMakeFiles/__idf_espcoredump.dir/src/core_dump_common.c.obj

[9/1865] Building C object esp-idf/espcoredump/CMakeFiles/__idf_espcoredump.dir/src/core_dump_uart.c.obj

[10/1865] Building C object esp-idf/espcoredump/CMakeFiles/__idf_espcoredump.dir/src/core_dump_crc.c.obj

[11/1865] Building C object esp-idf/espcoredump/CMakeFiles/__idf_espcoredump.dir/src/core_dump_flash.c.obj

[12/1865] Building C object esp-idf/espcoredump/CMakeFiles/__idf_espcoredump.dir/src/core_dump_elf.c.obj

[13/1865] Building C object esp-idf/espcoredump/CMakeFiles/__idf_espcoredump.dir/src/port/xtensa/core_dump_port.c.obj

[14/1865] Building C object esp-idf/esp_http_server/CMakeFiles/__idf_esp_http_server.dir/src/util/ctrl_sock.c.obj

[15/1865] Building C object esp-idf/esp_http_server/CMakeFiles/__idf_esp_http_server.dir/src/httpd_ws.c.obj

[16/1865] Building C object esp-idf/esp_http_server/CMakeFiles/__idf_esp_http_server.dir/src/httpd_parse.c.obj

[17/1865] Building C object esp-idf/esp_https_ota/CMakeFiles/__idf_esp_https_ota.dir/src/esp_https_ota.c.obj

[18/1865] Building C object esp-idf/esp_http_server/CMakeFiles/__idf_esp_http_server.dir/src/httpd_sess.c.obj

[19/1865] Building C object esp-idf/esp_http_server/CMakeFiles/__idf_esp_http_server.dir/src/httpd_main.c.obj

[20/1865] Building C object esp-idf/esp_http_client/CMakeFiles/__idf_esp_http_client.dir/lib/http_utils.c.obj

[21/1865] Building C object esp-idf/esp_http_server/CMakeFiles/__idf_esp_http_server.dir/src/httpd_uri.c.obj

[22/1865] Building C object esp-idf/esp_http_client/CMakeFiles/__idf_esp_http_client.dir/lib/http_header.c.obj

[23/1865] Linking C static library esp-idf\espcoredump\libespcoredump.a

[24/1865] Generating ../../partition_table/partition-table.bin

Partition table binary generated. Contents:

*******************************************************************************

# ESP-IDF Partition Table


# Name, Type, SubType, Offset, Size, Flags


nvs,data,nvs,0x9000,24K,


phy_init,data,phy,0xf000,4K,


factory,app,factory,0x10000,8M,


coredump,data,coredump,0x810000,64K,


*******************************************************************************

[25/1865] Building C object esp-idf/esp_http_server/CMakeFiles/__idf_esp_http_server.dir/src/httpd_txrx.c.obj

[26/1865] Building C object esp-idf/esp_http_client/CMakeFiles/__idf_esp_http_client.dir/lib/http_auth.c.obj

[27/1865] Building C object esp-idf/tcp_transport/CMakeFiles/__idf_tcp_transport.dir/transport.c.obj

[28/1865] Building C object esp-idf/tcp_transport/CMakeFiles/__idf_tcp_transport.dir/transport_socks_proxy.c.obj

[29/1865] Building C object esp-idf/esp_adc/CMakeFiles/__idf_esp_adc.dir/adc_cali.c.obj

[30/1865] Building C object esp-idf/tcp_transport/CMakeFiles/__idf_tcp_transport.dir/transport_ssl.c.obj

[31/1865] Building C object esp-idf/tcp_transport/CMakeFiles/__idf_tcp_transport.dir/transport_internal.c.obj

[32/1865] Linking C static library esp-idf\esp_https_ota\libesp_https_ota.a

[33/1865] Building C object esp-idf/esp_adc/CMakeFiles/__idf_esp_adc.dir/adc_cali_curve_fitting.c.obj

[34/1865] Building C object esp-idf/esp_adc/CMakeFiles/__idf_esp_adc.dir/adc_oneshot.c.obj

[35/1865] Building C object esp-idf/esp_adc/CMakeFiles/__idf_esp_adc.dir/adc_common.c.obj

[36/1865] Building C object esp-idf/esp_adc/CMakeFiles/__idf_esp_adc.dir/deprecated/esp_adc_cal_common_legacy.c.obj

[37/1865] Building C object esp-idf/esp_http_client/CMakeFiles/__idf_esp_http_client.dir/esp_http_client.c.obj

[38/1865] Building C object esp-idf/esp_adc/CMakeFiles/__idf_esp_adc.dir/esp32s3/curve_fitting_coefficients.c.obj

[39/1865] Building C object esp-idf/esp_adc/CMakeFiles/__idf_esp_adc.dir/gdma/adc_dma.c.obj

[40/1865] Building C object esp-idf/esp_adc/CMakeFiles/__idf_esp_adc.dir/adc_monitor.c.obj

[41/1865] Building C object esp-idf/esp-tls/CMakeFiles/__idf_esp-tls.dir/esp_tls_platform_port.c.obj

[42/1865] Building C object esp-idf/esp_adc/CMakeFiles/__idf_esp_adc.dir/adc_continuous.c.obj

[43/1865] Building C object esp-idf/esp_adc/CMakeFiles/__idf_esp_adc.dir/deprecated/esp32s3/esp_adc_cal_legacy.c.obj

[44/1865] Building C object esp-idf/esp-tls/CMakeFiles/__idf_esp-tls.dir/esp_tls_error_capture.c.obj

[45/1865] Building C object esp-idf/esp-tls/CMakeFiles/__idf_esp-tls.dir/esp-tls-crypto/esp_tls_crypto.c.obj

[46/1865] Building C object esp-idf/tcp_transport/CMakeFiles/__idf_tcp_transport.dir/transport_ws.c.obj

[47/1865] Building C object esp-idf/esp_adc/CMakeFiles/__idf_esp_adc.dir/adc_filter.c.obj

[48/1865] Linking C static library esp-idf\esp_http_server\libesp_http_server.a

[49/1865] Building C object esp-idf/driver/CMakeFiles/__idf_driver.dir/deprecated/adc_dma_legacy.c.obj

[50/1865] Building C object esp-idf/driver/CMakeFiles/__idf_driver.dir/deprecated/adc_legacy.c.obj

[51/1865] Building C object esp-idf/driver/CMakeFiles/__idf_driver.dir/deprecated/sigma_delta_legacy.c.obj

[52/1865] Building C object esp-idf/esp-tls/CMakeFiles/__idf_esp-tls.dir/esp_tls.c.obj

[53/1865] Building C object esp-idf/driver/CMakeFiles/__idf_driver.dir/deprecated/rtc_temperature_legacy.c.obj

[54/1865] Building C object esp-idf/driver/CMakeFiles/__idf_driver.dir/deprecated/timer_legacy.c.obj

[55/1865] Linking C static library esp-idf\esp_http_client\libesp_http_client.a

[56/1865] Building C object esp-idf/esp-tls/CMakeFiles/__idf_esp-tls.dir/esp_tls_mbedtls.c.obj

[57/1865] Building C object esp-idf/driver/CMakeFiles/__idf_driver.dir/deprecated/pcnt_legacy.c.obj

[58/1865] Building C object esp-idf/http_parser/CMakeFiles/__idf_http_parser.dir/http_parser.c.obj

[59/1865] Building C object esp-idf/driver/CMakeFiles/__idf_driver.dir/i2c/i2c.c.obj

[60/1865] Linking C static library esp-idf\tcp_transport\libtcp_transport.a

[61/1865] Building C object esp-idf/driver/CMakeFiles/__idf_driver.dir/touch_sensor/touch_sensor_common.c.obj

[62/1865] Building C object esp-idf/driver/CMakeFiles/__idf_driver.dir/deprecated/i2s_legacy.c.obj

[63/1865] Building C object esp-idf/esp_driver_twai/CMakeFiles/__idf_esp_driver_twai.dir/esp_twai.c.obj

[64/1865] Building C object esp-idf/driver/CMakeFiles/__idf_driver.dir/deprecated/mcpwm_legacy.c.obj

[65/1865] Building C object esp-idf/driver/CMakeFiles/__idf_driver.dir/twai/twai.c.obj

[66/1865] Building C object esp-idf/esp_driver_twai/CMakeFiles/__idf_esp_driver_twai.dir/esp_twai_onchip.c.obj

[67/1865] Linking C static library esp-idf\esp_adc\libesp_adc.a

[68/1865] Building C object esp-idf/driver/CMakeFiles/__idf_driver.dir/deprecated/rmt_legacy.c.obj

[69/1865] Building C object esp-idf/esp_driver_sdm/CMakeFiles/__idf_esp_driver_sdm.dir/src/sdm.c.obj

[70/1865] Building C object esp-idf/esp_driver_tsens/CMakeFiles/__idf_esp_driver_tsens.dir/src/temperature_sensor.c.obj

[71/1865] Building C object esp-idf/driver/CMakeFiles/__idf_driver.dir/touch_sensor/esp32s3/touch_sensor.c.obj

[72/1865] Building C object esp-idf/esp_driver_i2c/CMakeFiles/__idf_esp_driver_i2c.dir/i2c_common.c.obj

[73/1865] Building C object esp-idf/esp_driver_rmt/CMakeFiles/__idf_esp_driver_rmt.dir/src/rmt_encoder.c.obj

[74/1865] Building C object esp-idf/esp_driver_ledc/CMakeFiles/__idf_esp_driver_ledc.dir/src/ledc.c.obj

[75/1865] Building C object esp-idf/esp_driver_sdspi/CMakeFiles/__idf_esp_driver_sdspi.dir/src/sdspi_crc.c.obj

[76/1865] Building C object esp-idf/esp_driver_rmt/CMakeFiles/__idf_esp_driver_rmt.dir/src/rmt_common.c.obj

[77/1865] Building C object esp-idf/esp_driver_i2c/CMakeFiles/__idf_esp_driver_i2c.dir/i2c_slave.c.obj

[78/1865] Building C object esp-idf/esp_driver_rmt/CMakeFiles/__idf_esp_driver_rmt.dir/src/rmt_encoder_bytes.c.obj

[79/1865] Linking C static library esp-idf\esp-tls\libesp-tls.a

[80/1865] Building C object esp-idf/esp_driver_i2c/CMakeFiles/__idf_esp_driver_i2c.dir/i2c_master.c.obj

[81/1865] Building C object esp-idf/esp_driver_rmt/CMakeFiles/__idf_esp_driver_rmt.dir/src/rmt_encoder_copy.c.obj

[82/1865] Building C object esp-idf/esp_driver_rmt/CMakeFiles/__idf_esp_driver_rmt.dir/src/rmt_encoder_simple.c.obj

[83/1865] Building C object esp-idf/esp_driver_sdspi/CMakeFiles/__idf_esp_driver_sdspi.dir/src/sdspi_transaction.c.obj

[84/1865] Building C object esp-idf/esp_driver_sdmmc/CMakeFiles/__idf_esp_driver_sdmmc.dir/src/sdmmc_transaction.c.obj

[85/1865] Building C object esp-idf/esp_driver_sdspi/CMakeFiles/__idf_esp_driver_sdspi.dir/src/sdspi_host.c.obj

[86/1865] Linking C static library esp-idf\http_parser\libhttp_parser.a

[87/1865] Building C object esp-idf/sdmmc/CMakeFiles/__idf_sdmmc.dir/sdmmc_init.c.obj

[88/1865] Building C object esp-idf/sdmmc/CMakeFiles/__idf_sdmmc.dir/sdmmc_common.c.obj

[89/1865] Building C object esp-idf/esp_driver_rmt/CMakeFiles/__idf_esp_driver_rmt.dir/src/rmt_rx.c.obj

[90/1865] Building C object esp-idf/sdmmc/CMakeFiles/__idf_sdmmc.dir/sd_pwr_ctrl/sd_pwr_ctrl.c.obj

[91/1865] Building C object esp-idf/sdmmc/CMakeFiles/__idf_sdmmc.dir/sdmmc_mmc.c.obj

[92/1865] Building C object esp-idf/sdmmc/CMakeFiles/__idf_sdmmc.dir/sdmmc_cmd.c.obj

[93/1865] Building C object esp-idf/sdmmc/CMakeFiles/__idf_sdmmc.dir/sdmmc_io.c.obj

[94/1865] Building C object esp-idf/esp_driver_rmt/CMakeFiles/__idf_esp_driver_rmt.dir/src/rmt_tx.c.obj

[95/1865] Building C object esp-idf/sdmmc/CMakeFiles/__idf_sdmmc.dir/sdmmc_sd.c.obj

[96/1865] Building C object esp-idf/esp_driver_i2s/CMakeFiles/__idf_esp_driver_i2s.dir/i2s_platform.c.obj

[97/1865] Building C object esp-idf/esp_driver_sdmmc/CMakeFiles/__idf_esp_driver_sdmmc.dir/src/sdmmc_host.c.obj

[98/1865] Building C object esp-idf/esp_driver_mcpwm/CMakeFiles/__idf_esp_driver_mcpwm.dir/src/mcpwm_com.c.obj

[99/1865] Linking C static library esp-idf\driver\libdriver.a

[100/1865] Building C object esp-idf/esp_driver_i2s/CMakeFiles/__idf_esp_driver_i2s.dir/i2s_std.c.obj

[101/1865] Building C object esp-idf/esp_driver_mcpwm/CMakeFiles/__idf_esp_driver_mcpwm.dir/src/mcpwm_cmpr.c.obj

[102/1865] Building C object esp-idf/esp_driver_mcpwm/CMakeFiles/__idf_esp_driver_mcpwm.dir/src/mcpwm_fault.c.obj

[103/1865] Building C object esp-idf/esp_driver_mcpwm/CMakeFiles/__idf_esp_driver_mcpwm.dir/src/mcpwm_cap.c.obj

[104/1865] Building C object esp-idf/esp_driver_i2s/CMakeFiles/__idf_esp_driver_i2s.dir/i2s_pdm.c.obj

[105/1865] Building C object esp-idf/esp_driver_i2s/CMakeFiles/__idf_esp_driver_i2s.dir/i2s_tdm.c.obj

[106/1865] Building C object esp-idf/esp_driver_i2s/CMakeFiles/__idf_esp_driver_i2s.dir/i2s_common.c.obj

[107/1865] Building ASM object esp-idf/esp_gdbstub/CMakeFiles/__idf_esp_gdbstub.dir/src/port/xtensa/xt_debugexception.S.obj

[108/1865] Building C object esp-idf/esp_gdbstub/CMakeFiles/__idf_esp_gdbstub.dir/src/packet.c.obj

[109/1865] Building C object esp-idf/esp_driver_mcpwm/CMakeFiles/__idf_esp_driver_mcpwm.dir/src/mcpwm_oper.c.obj

[110/1865] Building ASM object esp-idf/esp_gdbstub/CMakeFiles/__idf_esp_gdbstub.dir/src/port/xtensa/gdbstub-entry.S.obj

[111/1865] Linking C static library esp-idf\esp_driver_twai\libesp_driver_twai.a

[112/1865] Building C object esp-idf/esp_gdbstub/CMakeFiles/__idf_esp_gdbstub.dir/src/gdbstub_transport.c.obj

[113/1865] Building C object esp-idf/esp_driver_mcpwm/CMakeFiles/__idf_esp_driver_mcpwm.dir/src/mcpwm_sync.c.obj

[114/1865] Building C object esp-idf/esp_driver_mcpwm/CMakeFiles/__idf_esp_driver_mcpwm.dir/src/mcpwm_gen.c.obj

[115/1865] Building C object esp-idf/esp_gdbstub/CMakeFiles/__idf_esp_gdbstub.dir/src/port/xtensa/gdbstub_xtensa.c.obj

[116/1865] Building C object esp-idf/esp_driver_mcpwm/CMakeFiles/__idf_esp_driver_mcpwm.dir/src/mcpwm_timer.c.obj

[117/1865] Building C object esp-idf/esp_gdbstub/CMakeFiles/__idf_esp_gdbstub.dir/src/gdbstub.c.obj

[118/1865] Building C object esp-idf/esp_wifi/CMakeFiles/__idf_esp_wifi.dir/src/lib_printf.c.obj

[119/1865] Linking C static library esp-idf\esp_driver_ledc\libesp_driver_ledc.a

[120/1865] Building C object esp-idf/esp_wifi/CMakeFiles/__idf_esp_wifi.dir/src/mesh_event.c.obj

[121/1865] Building C object esp-idf/esp_wifi/CMakeFiles/__idf_esp_wifi.dir/src/smartconfig.c.obj

[122/1865] Building C object esp-idf/esp_driver_pcnt/CMakeFiles/__idf_esp_driver_pcnt.dir/src/pulse_cnt.c.obj

[123/1865] Building C object esp-idf/esp_wifi/CMakeFiles/__idf_esp_wifi.dir/src/wifi_netif.c.obj

[124/1865] Building C object esp-idf/esp_driver_spi/CMakeFiles/__idf_esp_driver_spi.dir/src/gpspi/spi_slave.c.obj

[125/1865] Building C object esp-idf/esp_wifi/CMakeFiles/__idf_esp_wifi.dir/src/wifi_default_ap.c.obj

[126/1865] Building C object esp-idf/esp_wifi/CMakeFiles/__idf_esp_wifi.dir/src/wifi_init.c.obj

[127/1865] Building C object esp-idf/esp_driver_spi/CMakeFiles/__idf_esp_driver_spi.dir/src/gpspi/spi_common.c.obj

[128/1865] Building C object esp-idf/esp_wifi/CMakeFiles/__idf_esp_wifi.dir/src/wifi_default.c.obj

[129/1865] Building C object esp-idf/esp_driver_spi/CMakeFiles/__idf_esp_driver_spi.dir/src/gpspi/spi_slave_hd.c.obj

[130/1865] Building C object esp-idf/esp_coex/CMakeFiles/__idf_esp_coex.dir/src/coexist_debug_diagram.c.obj

[131/1865] Building C object esp-idf/esp_wifi/CMakeFiles/__idf_esp_wifi.dir/regulatory/esp_wifi_regulatory.c.obj

[132/1865] Building C object esp-idf/esp_coex/CMakeFiles/__idf_esp_coex.dir/src/coexist_debug.c.obj

[133/1865] Linking C static library esp-idf\esp_driver_i2c\libesp_driver_i2c.a

[134/1865] Building C object esp-idf/esp_coex/CMakeFiles/__idf_esp_coex.dir/esp32s3/esp_coex_adapter.c.obj

[135/1865] Building C object esp-idf/esp_driver_spi/CMakeFiles/__idf_esp_driver_spi.dir/src/gpspi/spi_master.c.obj

[136/1865] Building C object esp-idf/wpa_supplicant/CMakeFiles/__idf_wpa_supplicant.dir/src/ap/ap_config.c.obj

[137/1865] Building C object esp-idf/esp_wifi/CMakeFiles/__idf_esp_wifi.dir/esp32s3/esp_adapter.c.obj

[138/1865] Building C object esp-idf/wpa_supplicant/CMakeFiles/__idf_wpa_supplicant.dir/port/os_xtensa.c.obj

[139/1865] Building C object esp-idf/wpa_supplicant/CMakeFiles/__idf_wpa_supplicant.dir/src/ap/ieee802_1x.c.obj

[140/1865] Building C object esp-idf/esp_wifi/CMakeFiles/__idf_esp_wifi.dir/src/smartconfig_ack.c.obj

[141/1865] Building C object esp-idf/wpa_supplicant/CMakeFiles/__idf_wpa_supplicant.dir/src/ap/sta_info.c.obj

[142/1865] Building C object esp-idf/wpa_supplicant/CMakeFiles/__idf_wpa_supplicant.dir/port/eloop.c.obj

[143/1865] Linking C static library esp-idf\esp_driver_sdm\libesp_driver_sdm.a

[144/1865] Building C object esp-idf/wpa_supplicant/CMakeFiles/__idf_wpa_supplicant.dir/src/ap/pmksa_cache_auth.c.obj

[145/1865] Building C object esp-idf/wpa_supplicant/CMakeFiles/__idf_wpa_supplicant.dir/src/ap/wpa_auth_ie.c.obj

[146/1865] Building C object esp-idf/wpa_supplicant/CMakeFiles/__idf_wpa_supplicant.dir/src/ap/comeback_token.c.obj

[147/1865] Building C object esp-idf/wpa_supplicant/CMakeFiles/__idf_wpa_supplicant.dir/src/utils/bitfield.c.obj

[148/1865] Building C object esp-idf/wpa_supplicant/CMakeFiles/__idf_wpa_supplicant.dir/src/ap/ieee802_11.c.obj

[149/1865] Building C object esp-idf/wpa_supplicant/CMakeFiles/__idf_wpa_supplicant.dir/src/common/dragonfly.c.obj

[150/1865] Building C object esp-idf/wpa_supplicant/CMakeFiles/__idf_wpa_supplicant.dir/src/crypto/aes-siv.c.obj

[151/1865] Building C object esp-idf/wpa_supplicant/CMakeFiles/__idf_wpa_supplicant.dir/src/crypto/sha256-kdf.c.obj

[152/1865] Linking C static library esp-idf\esp_driver_tsens\libesp_driver_tsens.a

[153/1865] Building C object esp-idf/wpa_supplicant/CMakeFiles/__idf_wpa_supplicant.dir/src/crypto/ccmp.c.obj

[154/1865] Building C object esp-idf/wpa_supplicant/CMakeFiles/__idf_wpa_supplicant.dir/src/common/wpa_common.c.obj

[155/1865] Building C object esp-idf/wpa_supplicant/CMakeFiles/__idf_wpa_supplicant.dir/src/crypto/aes-gcm.c.obj

[156/1865] Building C object esp-idf/wpa_supplicant/CMakeFiles/__idf_wpa_supplicant.dir/src/crypto/dh_groups.c.obj

[157/1865] Building C object esp-idf/wpa_supplicant/CMakeFiles/__idf_wpa_supplicant.dir/src/crypto/crypto_ops.c.obj

[158/1865] Building C object esp-idf/wpa_supplicant/CMakeFiles/__idf_wpa_supplicant.dir/src/crypto/dh_group5.c.obj

[159/1865] Building C object esp-idf/wpa_supplicant/CMakeFiles/__idf_wpa_supplicant.dir/src/ap/wpa_auth.c.obj

[160/1865] Building C object esp-idf/wpa_supplicant/CMakeFiles/__idf_wpa_supplicant.dir/src/crypto/ms_funcs.c.obj

[161/1865] Building C object esp-idf/wpa_supplicant/CMakeFiles/__idf_wpa_supplicant.dir/src/crypto/sha1-tlsprf.c.obj

[162/1865] Building C object esp-idf/wpa_supplicant/CMakeFiles/__idf_wpa_supplicant.dir/src/crypto/sha256-tlsprf.c.obj

[163/1865] Building C object esp-idf/wpa_supplicant/CMakeFiles/__idf_wpa_supplicant.dir/src/common/sae.c.obj

[164/1865] Linking C static library esp-idf\esp_driver_rmt\libesp_driver_rmt.a

[165/1865] Building C object esp-idf/wpa_supplicant/CMakeFiles/__idf_wpa_supplicant.dir/src/crypto/sha384-tlsprf.c.obj

[166/1865] Building C object esp-idf/wpa_supplicant/CMakeFiles/__idf_wpa_supplicant.dir/src/crypto/sha1-tprf.c.obj

[167/1865] Building C object esp-idf/wpa_supplicant/CMakeFiles/__idf_wpa_supplicant.dir/src/crypto/sha256-prf.c.obj

[168/1865] Building C object esp-idf/wpa_supplicant/CMakeFiles/__idf_wpa_supplicant.dir/src/crypto/sha1-prf.c.obj

[169/1865] Building C object esp-idf/wpa_supplicant/CMakeFiles/__idf_wpa_supplicant.dir/src/crypto/md4-internal.c.obj

[170/1865] Building C object esp-idf/wpa_supplicant/CMakeFiles/__idf_wpa_supplicant.dir/src/crypto/sha384-prf.c.obj

[171/1865] Building C object esp-idf/wpa_supplicant/CMakeFiles/__idf_wpa_supplicant.dir/src/eap_common/eap_wsc_common.c.obj

[172/1865] Building C object esp-idf/wpa_supplicant/CMakeFiles/__idf_wpa_supplicant.dir/src/eap_peer/chap.c.obj

[173/1865] Building C object esp-idf/wpa_supplicant/CMakeFiles/__idf_wpa_supplicant.dir/src/common/ieee802_11_common.c.obj

[174/1865] Building C object esp-idf/wpa_supplicant/CMakeFiles/__idf_wpa_supplicant.dir/src/eap_peer/eap_common.c.obj

[175/1865] Linking C static library esp-idf\esp_driver_sdspi\libesp_driver_sdspi.a

[176/1865] Building C object esp-idf/wpa_supplicant/CMakeFiles/__idf_wpa_supplicant.dir/src/eap_peer/eap_peap_common.c.obj

[177/1865] Building C object esp-idf/wpa_supplicant/CMakeFiles/__idf_wpa_supplicant.dir/src/eap_peer/eap_mschapv2.c.obj

[178/1865] Building C object esp-idf/wpa_supplicant/CMakeFiles/__idf_wpa_supplicant.dir/src/eap_peer/eap.c.obj

[179/1865] Building C object esp-idf/wpa_supplicant/CMakeFiles/__idf_wpa_supplicant.dir/src/eap_peer/eap_tls.c.obj

[180/1865] Building C object esp-idf/wpa_supplicant/CMakeFiles/__idf_wpa_supplicant.dir/src/eap_peer/mschapv2.c.obj

[181/1865] Building C object esp-idf/wpa_supplicant/CMakeFiles/__idf_wpa_supplicant.dir/src/eap_peer/eap_fast_common.c.obj

[182/1865] Building C object esp-idf/wpa_supplicant/CMakeFiles/__idf_wpa_supplicant.dir/src/eap_peer/eap_peap.c.obj

[183/1865] Building C object esp-idf/wpa_supplicant/CMakeFiles/__idf_wpa_supplicant.dir/src/eap_peer/eap_tls_common.c.obj

[184/1865] Building C object esp-idf/wpa_supplicant/CMakeFiles/__idf_wpa_supplicant.dir/src/eap_peer/eap_ttls.c.obj

[185/1865] Linking C static library esp-idf\esp_driver_sdmmc\libesp_driver_sdmmc.a

[186/1865] Building C object esp-idf/wpa_supplicant/CMakeFiles/__idf_wpa_supplicant.dir/src/eap_peer/eap_fast_pac.c.obj

[187/1865] Building C object esp-idf/wpa_supplicant/CMakeFiles/__idf_wpa_supplicant.dir/src/rsn_supp/wpa_ie.c.obj

[188/1865] Building C object esp-idf/wpa_supplicant/CMakeFiles/__idf_wpa_supplicant.dir/src/rsn_supp/pmksa_cache.c.obj

[189/1865] Building C object esp-idf/wpa_supplicant/CMakeFiles/__idf_wpa_supplicant.dir/src/utils/ext_password.c.obj

[190/1865] Building C object esp-idf/wpa_supplicant/CMakeFiles/__idf_wpa_supplicant.dir/src/utils/base64.c.obj

[191/1865] Building C object esp-idf/wpa_supplicant/CMakeFiles/__idf_wpa_supplicant.dir/src/utils/uuid.c.obj

[192/1865] Building C object esp-idf/wpa_supplicant/CMakeFiles/__idf_wpa_supplicant.dir/src/utils/wpabuf.c.obj

[193/1865] Building C object esp-idf/wpa_supplicant/CMakeFiles/__idf_wpa_supplicant.dir/src/utils/common.c.obj

[194/1865] Building C object esp-idf/wpa_supplicant/CMakeFiles/__idf_wpa_supplicant.dir/src/utils/wpa_debug.c.obj

[195/1865] Building C object esp-idf/wpa_supplicant/CMakeFiles/__idf_wpa_supplicant.dir/src/eap_peer/eap_fast.c.obj

[196/1865] Linking C static library esp-idf\sdmmc\libsdmmc.a

[197/1865] Building C object esp-idf/wpa_supplicant/CMakeFiles/__idf_wpa_supplicant.dir/src/wps/wps_attr_build.c.obj

[198/1865] Building C object esp-idf/wpa_supplicant/CMakeFiles/__idf_wpa_supplicant.dir/src/wps/wps.c.obj

[199/1865] Building C object esp-idf/wpa_supplicant/CMakeFiles/__idf_wpa_supplicant.dir/src/rsn_supp/wpa.c.obj

[200/1865] Building C object esp-idf/wpa_supplicant/CMakeFiles/__idf_wpa_supplicant.dir/src/wps/wps_attr_process.c.obj

[201/1865] Building C object esp-idf/wpa_supplicant/CMakeFiles/__idf_wpa_supplicant.dir/src/utils/json.c.obj

[202/1865] Building C object esp-idf/wpa_supplicant/CMakeFiles/__idf_wpa_supplicant.dir/src/wps/wps_attr_parse.c.obj

[203/1865] Building C object esp-idf/wpa_supplicant/CMakeFiles/__idf_wpa_supplicant.dir/esp_supplicant/src/esp_wpa2_api_port.c.obj

[204/1865] Building C object esp-idf/wpa_supplicant/CMakeFiles/__idf_wpa_supplicant.dir/src/wps/wps_common.c.obj

[205/1865] Building C object esp-idf/wpa_supplicant/CMakeFiles/__idf_wpa_supplicant.dir/src/wps/wps_dev_attr.c.obj

[206/1865] Linking C static library esp-idf\esp_driver_i2s\libesp_driver_i2s.a

[207/1865] Building C object esp-idf/wpa_supplicant/CMakeFiles/__idf_wpa_supplicant.dir/src/wps/wps_enrollee.c.obj

[208/1865] Building C object esp-idf/wpa_supplicant/CMakeFiles/__idf_wpa_supplicant.dir/esp_supplicant/src/esp_owe.c.obj

[209/1865] Building C object esp-idf/wpa_supplicant/CMakeFiles/__idf_wpa_supplicant.dir/esp_supplicant/src/esp_wpas_glue.c.obj

[210/1865] Building C object esp-idf/wpa_supplicant/CMakeFiles/__idf_wpa_supplicant.dir/esp_supplicant/src/esp_wpa_main.c.obj

[211/1865] Building C object esp-idf/wpa_supplicant/CMakeFiles/__idf_wpa_supplicant.dir/src/common/sae_pk.c.obj

[212/1865] Building C object esp-idf/wpa_supplicant/CMakeFiles/__idf_wpa_supplicant.dir/esp_supplicant/src/esp_common.c.obj

[213/1865] Building C object esp-idf/wpa_supplicant/CMakeFiles/__idf_wpa_supplicant.dir/esp_supplicant/src/esp_hostap.c.obj

[214/1865] Building C object esp-idf/wpa_supplicant/CMakeFiles/__idf_wpa_supplicant.dir/esp_supplicant/src/esp_wpa3.c.obj

[215/1865] Building C object esp-idf/wpa_supplicant/CMakeFiles/__idf_wpa_supplicant.dir/esp_supplicant/src/crypto/tls_mbedtls.c.obj

[216/1865] Building C object esp-idf/wpa_supplicant/CMakeFiles/__idf_wpa_supplicant.dir/esp_supplicant/src/esp_wps.c.obj

[217/1865] Building C object esp-idf/wpa_supplicant/CMakeFiles/__idf_wpa_supplicant.dir/esp_supplicant/src/crypto/crypto_mbedtls-bignum.c.obj

[218/1865] Linking C static library esp-idf\esp_driver_mcpwm\libesp_driver_mcpwm.a

[219/1865] Building C object esp-idf/wpa_supplicant/CMakeFiles/__idf_wpa_supplicant.dir/esp_supplicant/src/crypto/fastpsk.c.obj

[220/1865] Building C object esp-idf/wpa_supplicant/CMakeFiles/__idf_wpa_supplicant.dir/src/crypto/rc4.c.obj

[221/1865] Building C object esp-idf/wpa_supplicant/CMakeFiles/__idf_wpa_supplicant.dir/esp_supplicant/src/crypto/crypto_mbedtls.c.obj

[222/1865] Building C object esp-idf/wpa_supplicant/CMakeFiles/__idf_wpa_supplicant.dir/esp_supplicant/src/esp_eap_client.c.obj

[223/1865] Building C object esp-idf/wpa_supplicant/CMakeFiles/__idf_wpa_supplicant.dir/esp_supplicant/src/crypto/fastpbkdf2.c.obj

[224/1865] Building C object esp-idf/wpa_supplicant/CMakeFiles/__idf_wpa_supplicant.dir/src/crypto/des-internal.c.obj

[225/1865] Building C object esp-idf/wpa_supplicant/CMakeFiles/__idf_wpa_supplicant.dir/src/crypto/aes-wrap.c.obj

[226/1865] Building C object esp-idf/esp_netif/CMakeFiles/__idf_esp_netif.dir/esp_netif_defaults.c.obj

[227/1865] Building C object esp-idf/esp_netif/CMakeFiles/__idf_esp_netif.dir/esp_netif_handlers.c.obj

[228/1865] Building C object esp-idf/wpa_supplicant/CMakeFiles/__idf_wpa_supplicant.dir/src/crypto/aes-unwrap.c.obj

[229/1865] Building C object esp-idf/wpa_supplicant/CMakeFiles/__idf_wpa_supplicant.dir/esp_supplicant/src/crypto/crypto_mbedtls-rsa.c.obj

[230/1865] Building C object esp-idf/esp_netif/CMakeFiles/__idf_esp_netif.dir/esp_netif_objects.c.obj

[231/1865] Linking C static library esp-idf\esp_driver_pcnt\libesp_driver_pcnt.a

[232/1865] Building C object esp-idf/esp_netif/CMakeFiles/__idf_esp_netif.dir/lwip/esp_netif_lwip_defaults.c.obj

[233/1865] Building C object esp-idf/wpa_supplicant/CMakeFiles/__idf_wpa_supplicant.dir/src/crypto/aes-ccm.c.obj

[234/1865] Building C object esp-idf/esp_netif/CMakeFiles/__idf_esp_netif.dir/lwip/esp_netif_sntp.c.obj

[235/1865] Building C object esp-idf/wpa_supplicant/CMakeFiles/__idf_wpa_supplicant.dir/esp_supplicant/src/crypto/crypto_mbedtls-ec.c.obj

[236/1865] Building C object esp-idf/esp_netif/CMakeFiles/__idf_esp_netif.dir/lwip/netif/esp_pbuf_ref.c.obj

[237/1865] Building C object esp-idf/esp_netif/CMakeFiles/__idf_esp_netif.dir/lwip/netif/wlanif.c.obj

[238/1865] Building C object esp-idf/lwip/CMakeFiles/__idf_lwip.dir/lwip/src/api/err.c.obj

[239/1865] Building C object esp-idf/esp_netif/CMakeFiles/__idf_esp_netif.dir/lwip/netif/ethernetif.c.obj

[240/1865] Building C object esp-idf/lwip/CMakeFiles/__idf_lwip.dir/apps/sntp/sntp.c.obj

[241/1865] Building C object esp-idf/lwip/CMakeFiles/__idf_lwip.dir/lwip/src/api/api_lib.c.obj

[242/1865] Building C object esp-idf/lwip/CMakeFiles/__idf_lwip.dir/lwip/src/api/if_api.c.obj

[243/1865] Building C object esp-idf/lwip/CMakeFiles/__idf_lwip.dir/lwip/src/api/netbuf.c.obj

[244/1865] Linking C static library esp-idf\esp_gdbstub\libesp_gdbstub.a

[245/1865] Building C object esp-idf/lwip/CMakeFiles/__idf_lwip.dir/lwip/src/api/netdb.c.obj

[246/1865] Building C object esp-idf/lwip/CMakeFiles/__idf_lwip.dir/lwip/src/api/netifapi.c.obj

[247/1865] Building C object esp-idf/lwip/CMakeFiles/__idf_lwip.dir/lwip/src/core/def.c.obj

[248/1865] Building C object esp-idf/lwip/CMakeFiles/__idf_lwip.dir/lwip/src/apps/sntp/sntp.c.obj

[249/1865] Building C object esp-idf/lwip/CMakeFiles/__idf_lwip.dir/lwip/src/apps/netbiosns/netbiosns.c.obj

[250/1865] Building C object esp-idf/lwip/CMakeFiles/__idf_lwip.dir/lwip/src/api/tcpip.c.obj

[251/1865] Building C object esp-idf/lwip/CMakeFiles/__idf_lwip.dir/lwip/src/api/api_msg.c.obj

[252/1865] Building C object esp-idf/lwip/CMakeFiles/__idf_lwip.dir/lwip/src/core/ip.c.obj

[253/1865] Building C object esp-idf/lwip/CMakeFiles/__idf_lwip.dir/lwip/src/core/inet_chksum.c.obj

[254/1865] Linking C static library esp-idf\esp_driver_spi\libesp_driver_spi.a

[255/1865] Building C object esp-idf/lwip/CMakeFiles/__idf_lwip.dir/lwip/src/core/init.c.obj

[256/1865] Building C object esp-idf/lwip/CMakeFiles/__idf_lwip.dir/lwip/src/core/mem.c.obj

[257/1865] Building C object esp-idf/lwip/CMakeFiles/__idf_lwip.dir/lwip/src/core/memp.c.obj

[258/1865] Building C object esp-idf/esp_netif/CMakeFiles/__idf_esp_netif.dir/lwip/esp_netif_lwip.c.obj

[259/1865] Building C object esp-idf/lwip/CMakeFiles/__idf_lwip.dir/lwip/src/core/dns.c.obj

[260/1865] Building C object esp-idf/lwip/CMakeFiles/__idf_lwip.dir/lwip/src/core/raw.c.obj

[261/1865] Building C object esp-idf/lwip/CMakeFiles/__idf_lwip.dir/lwip/src/core/stats.c.obj

[262/1865] Building C object esp-idf/lwip/CMakeFiles/__idf_lwip.dir/lwip/src/core/sys.c.obj

[263/1865] Building C object esp-idf/lwip/CMakeFiles/__idf_lwip.dir/lwip/src/core/netif.c.obj

[264/1865] Building C object esp-idf/lwip/CMakeFiles/__idf_lwip.dir/lwip/src/core/pbuf.c.obj

[265/1865] Linking C static library esp-idf\esp_wifi\libesp_wifi.a

[266/1865] Building C object esp-idf/lwip/CMakeFiles/__idf_lwip.dir/lwip/src/core/ipv4/autoip.c.obj

[267/1865] Building C object esp-idf/lwip/CMakeFiles/__idf_lwip.dir/lwip/src/core/timeouts.c.obj

[268/1865] Building C object esp-idf/lwip/CMakeFiles/__idf_lwip.dir/lwip/src/api/sockets.c.obj

[269/1865] Building C object esp-idf/lwip/CMakeFiles/__idf_lwip.dir/lwip/src/core/udp.c.obj

[270/1865] Building C object esp-idf/lwip/CMakeFiles/__idf_lwip.dir/lwip/src/core/tcp_in.c.obj

[271/1865] Building C object esp-idf/lwip/CMakeFiles/__idf_lwip.dir/lwip/src/core/tcp_out.c.obj

[272/1865] Building C object esp-idf/lwip/CMakeFiles/__idf_lwip.dir/lwip/src/core/ipv4/igmp.c.obj

[273/1865] Building C object esp-idf/lwip/CMakeFiles/__idf_lwip.dir/lwip/src/core/ipv4/icmp.c.obj

[274/1865] Building C object esp-idf/lwip/CMakeFiles/__idf_lwip.dir/lwip/src/core/tcp.c.obj

[275/1865] Building C object esp-idf/lwip/CMakeFiles/__idf_lwip.dir/lwip/src/core/ipv4/ip4_napt.c.obj

[276/1865] Building C object esp-idf/lwip/CMakeFiles/__idf_lwip.dir/lwip/src/core/ipv4/ip4.c.obj

[277/1865] Linking C static library esp-idf\esp_coex\libesp_coex.a

[278/1865] Building C object esp-idf/lwip/CMakeFiles/__idf_lwip.dir/lwip/src/core/ipv4/etharp.c.obj

[279/1865] Building C object esp-idf/lwip/CMakeFiles/__idf_lwip.dir/lwip/src/core/ipv4/ip4_addr.c.obj

[280/1865] Building C object esp-idf/lwip/CMakeFiles/__idf_lwip.dir/lwip/src/core/ipv6/dhcp6.c.obj

[281/1865] Building C object esp-idf/lwip/CMakeFiles/__idf_lwip.dir/lwip/src/core/ipv4/ip4_frag.c.obj

[282/1865] Building C object esp-idf/lwip/CMakeFiles/__idf_lwip.dir/lwip/src/core/ipv6/ethip6.c.obj

[283/1865] Building C object esp-idf/lwip/CMakeFiles/__idf_lwip.dir/lwip/src/core/ipv6/inet6.c.obj

[284/1865] Building C object esp-idf/lwip/CMakeFiles/__idf_lwip.dir/lwip/src/core/ipv6/icmp6.c.obj

[285/1865] Building C object esp-idf/lwip/CMakeFiles/__idf_lwip.dir/lwip/src/core/ipv4/dhcp.c.obj

[286/1865] Building C object esp-idf/lwip/CMakeFiles/__idf_lwip.dir/lwip/src/core/ipv6/ip6_addr.c.obj

[287/1865] Building C object esp-idf/lwip/CMakeFiles/__idf_lwip.dir/lwip/src/netif/ethernet.c.obj

[288/1865] Building C object esp-idf/lwip/CMakeFiles/__idf_lwip.dir/lwip/src/core/ipv6/ip6_frag.c.obj

[289/1865] Building C object esp-idf/lwip/CMakeFiles/__idf_lwip.dir/lwip/src/core/ipv6/mld6.c.obj

[290/1865] Building C object esp-idf/lwip/CMakeFiles/__idf_lwip.dir/lwip/src/netif/bridgeif.c.obj

[291/1865] Building C object esp-idf/lwip/CMakeFiles/__idf_lwip.dir/lwip/src/netif/ppp/chap-md5.c.obj

[292/1865] Building C object esp-idf/lwip/CMakeFiles/__idf_lwip.dir/lwip/src/core/ipv6/ip6.c.obj

[293/1865] Building C object esp-idf/lwip/CMakeFiles/__idf_lwip.dir/lwip/src/netif/ppp/auth.c.obj

[294/1865] Linking C static library esp-idf\wpa_supplicant\libwpa_supplicant.a

[295/1865] Building C object esp-idf/lwip/CMakeFiles/__idf_lwip.dir/lwip/src/netif/slipif.c.obj

[296/1865] Building C object esp-idf/lwip/CMakeFiles/__idf_lwip.dir/lwip/src/netif/ppp/ccp.c.obj

[297/1865] Building C object esp-idf/lwip/CMakeFiles/__idf_lwip.dir/lwip/src/netif/bridgeif_fdb.c.obj

[298/1865] Building C object esp-idf/lwip/CMakeFiles/__idf_lwip.dir/lwip/src/netif/ppp/chap-new.c.obj

[299/1865] Building C object esp-idf/lwip/CMakeFiles/__idf_lwip.dir/lwip/src/netif/ppp/eap.c.obj

[300/1865] Building C object esp-idf/lwip/CMakeFiles/__idf_lwip.dir/lwip/src/netif/ppp/chap_ms.c.obj

[301/1865] Building C object esp-idf/lwip/CMakeFiles/__idf_lwip.dir/lwip/src/netif/ppp/ecp.c.obj

[302/1865] Building C object esp-idf/lwip/CMakeFiles/__idf_lwip.dir/lwip/src/netif/ppp/demand.c.obj

[303/1865] Building C object esp-idf/lwip/CMakeFiles/__idf_lwip.dir/lwip/src/netif/ppp/ipcp.c.obj

[304/1865] Building C object esp-idf/lwip/CMakeFiles/__idf_lwip.dir/lwip/src/netif/ppp/ipv6cp.c.obj

[305/1865] Building C object esp-idf/lwip/CMakeFiles/__idf_lwip.dir/lwip/src/netif/ppp/magic.c.obj

[306/1865] Building C object esp-idf/lwip/CMakeFiles/__idf_lwip.dir/lwip/src/netif/ppp/lcp.c.obj

[307/1865] Building C object esp-idf/lwip/CMakeFiles/__idf_lwip.dir/lwip/src/netif/ppp/eui64.c.obj

[308/1865] Building C object esp-idf/lwip/CMakeFiles/__idf_lwip.dir/lwip/src/netif/ppp/mppe.c.obj

[309/1865] Building C object esp-idf/lwip/CMakeFiles/__idf_lwip.dir/lwip/src/netif/ppp/multilink.c.obj

[310/1865] Building C object esp-idf/lwip/CMakeFiles/__idf_lwip.dir/lwip/src/netif/ppp/fsm.c.obj

[311/1865] Building C object esp-idf/lwip/CMakeFiles/__idf_lwip.dir/lwip/src/netif/ppp/pppapi.c.obj

[312/1865] Building C object esp-idf/lwip/CMakeFiles/__idf_lwip.dir/lwip/src/netif/ppp/ppp.c.obj

[313/1865] Building C object esp-idf/lwip/CMakeFiles/__idf_lwip.dir/lwip/src/netif/ppp/pppoe.c.obj

[314/1865] Building C object esp-idf/lwip/CMakeFiles/__idf_lwip.dir/lwip/src/netif/ppp/pppol2tp.c.obj

[315/1865] Building C object esp-idf/lwip/CMakeFiles/__idf_lwip.dir/lwip/src/netif/ppp/pppos.c.obj

[316/1865] Building C object esp-idf/lwip/CMakeFiles/__idf_lwip.dir/lwip/src/netif/ppp/pppcrypt.c.obj

[317/1865] Building C object esp-idf/lwip/CMakeFiles/__idf_lwip.dir/lwip/src/netif/ppp/upap.c.obj

[318/1865] Building C object esp-idf/lwip/CMakeFiles/__idf_lwip.dir/lwip/src/netif/ppp/utils.c.obj

[319/1865] Building C object esp-idf/lwip/CMakeFiles/__idf_lwip.dir/port/hooks/tcp_isn_default.c.obj

[320/1865] Building C object esp-idf/lwip/CMakeFiles/__idf_lwip.dir/lwip/src/core/ipv6/nd6.c.obj

[321/1865] Building C object esp-idf/lwip/CMakeFiles/__idf_lwip.dir/lwip/src/netif/ppp/vj.c.obj

[322/1865] Building C object esp-idf/lwip/CMakeFiles/__idf_lwip.dir/port/if_index.c.obj

[323/1865] Building C object esp-idf/lwip/CMakeFiles/__idf_lwip.dir/port/hooks/lwip_default_hooks.c.obj

[324/1865] Building C object esp-idf/lwip/CMakeFiles/__idf_lwip.dir/port/esp32xx/vfs_lwip.c.obj

[325/1865] Building C object esp-idf/lwip/CMakeFiles/__idf_lwip.dir/port/sockets_ext.c.obj

[326/1865] Building C object esp-idf/lwip/CMakeFiles/__idf_lwip.dir/port/freertos/sys_arch.c.obj

[327/1865] Building C object esp-idf/lwip/CMakeFiles/__idf_lwip.dir/port/debug/lwip_debug.c.obj

[328/1865] Building C object esp-idf/lwip/CMakeFiles/__idf_lwip.dir/apps/ping/ping.c.obj

[329/1865] Building C object esp-idf/lwip/CMakeFiles/__idf_lwip.dir/port/acd_dhcp_check.c.obj

[330/1865] Building C object esp-idf/lwip/CMakeFiles/__idf_lwip.dir/apps/ping/esp_ping.c.obj

[331/1865] Building C object esp-idf/lwip/CMakeFiles/__idf_lwip.dir/lwip/src/netif/ppp/polarssl/des.c.obj

[332/1865] Building C object esp-idf/lwip/CMakeFiles/__idf_lwip.dir/lwip/src/netif/ppp/polarssl/arc4.c.obj

[333/1865] Building C object esp-idf/lwip/CMakeFiles/__idf_lwip.dir/lwip/src/netif/ppp/polarssl/md4.c.obj

[334/1865] Building C object esp-idf/lwip/CMakeFiles/__idf_lwip.dir/lwip/src/netif/ppp/polarssl/sha1.c.obj

[335/1865] Building C object esp-idf/lwip/CMakeFiles/__idf_lwip.dir/lwip/src/netif/ppp/polarssl/md5.c.obj

[336/1865] Linking C static library esp-idf\esp_netif\libesp_netif.a

[337/1865] Building C object esp-idf/lwip/CMakeFiles/__idf_lwip.dir/apps/ping/ping_sock.c.obj

[338/1865] Building C object esp-idf/esp_vfs_console/CMakeFiles/__idf_esp_vfs_console.dir/vfs_console.c.obj

[339/1865] Building C object esp-idf/lwip/CMakeFiles/__idf_lwip.dir/apps/dhcpserver/dhcpserver.c.obj

[340/1865] Building C object esp-idf/vfs/CMakeFiles/__idf_vfs.dir/vfs_semihost.c.obj

[341/1865] Building C object esp-idf/esp_phy/CMakeFiles/__idf_esp_phy.dir/src/lib_printf.c.obj

[342/1865] Building C object esp-idf/esp_driver_usb_serial_jtag/CMakeFiles/__idf_esp_driver_usb_serial_jtag.dir/src/usb_serial_jtag_connection_monitor.c.obj

[343/1865] Building C object esp-idf/vfs/CMakeFiles/__idf_vfs.dir/nullfs.c.obj

[344/1865] Building C object esp-idf/esp_phy/CMakeFiles/__idf_esp_phy.dir/esp32s3/phy_init_data.c.obj

[345/1865] Building C object esp-idf/vfs/CMakeFiles/__idf_vfs.dir/vfs_eventfd.c.obj

[346/1865] Building C object esp-idf/esp_phy/CMakeFiles/__idf_esp_phy.dir/src/phy_override.c.obj

[347/1865] Building C object esp-idf/esp_driver_usb_serial_jtag/CMakeFiles/__idf_esp_driver_usb_serial_jtag.dir/src/usb_serial_jtag.c.obj

[348/1865] Building C object esp-idf/esp_phy/CMakeFiles/__idf_esp_phy.dir/src/phy_common.c.obj

[349/1865] Building C object esp-idf/esp_phy/CMakeFiles/__idf_esp_phy.dir/src/btbb_init.c.obj

[350/1865] Building C object esp-idf/esp_driver_usb_serial_jtag/CMakeFiles/__idf_esp_driver_usb_serial_jtag.dir/src/usb_serial_jtag_vfs.c.obj

[351/1865] Building C object esp-idf/esp_phy/CMakeFiles/__idf_esp_phy.dir/src/phy_init.c.obj

[352/1865] Building C object esp-idf/vfs/CMakeFiles/__idf_vfs.dir/vfs.c.obj

[353/1865] Linking C static library esp-idf\lwip\liblwip.a

[354/1865] Building CXX object esp-idf/nvs_flash/CMakeFiles/__idf_nvs_flash.dir/src/nvs_partition.cpp.obj

[355/1865] Building CXX object esp-idf/nvs_flash/CMakeFiles/__idf_nvs_flash.dir/src/nvs_partition_lookup.cpp.obj

[356/1865] Building CXX object esp-idf/nvs_flash/CMakeFiles/__idf_nvs_flash.dir/src/nvs_platform.cpp.obj

[357/1865] Linking C static library esp-idf\vfs\libvfs.a

[358/1865] Building C object esp-idf/nvs_flash/CMakeFiles/__idf_nvs_flash.dir/src/nvs_bootloader_aes.c.obj

[359/1865] Building C object esp-idf/nvs_flash/CMakeFiles/__idf_nvs_flash.dir/src/nvs_bootloader.c.obj

[360/1865] Building CXX object esp-idf/nvs_flash/CMakeFiles/__idf_nvs_flash.dir/src/nvs_item_hash_list.cpp.obj

[361/1865] Linking C static library esp-idf\esp_vfs_console\libesp_vfs_console.a

[362/1865] Building CXX object esp-idf/nvs_flash/CMakeFiles/__idf_nvs_flash.dir/src/nvs_cxx_api.cpp.obj

[363/1865] Building C object esp-idf/esp_event/CMakeFiles/__idf_esp_event.dir/default_event_loop.c.obj

[364/1865] Building C object esp-idf/nvs_flash/CMakeFiles/__idf_nvs_flash.dir/src/nvs_bootloader_xts_aes.c.obj

[365/1865] Building CXX object esp-idf/nvs_flash/CMakeFiles/__idf_nvs_flash.dir/src/nvs_pagemanager.cpp.obj

[366/1865] Building CXX object esp-idf/nvs_flash/CMakeFiles/__idf_nvs_flash.dir/src/nvs_handle_locked.cpp.obj

[367/1865] Building CXX object esp-idf/nvs_flash/CMakeFiles/__idf_nvs_flash.dir/src/nvs_handle_simple.cpp.obj

[368/1865] Building C object esp-idf/esp_event/CMakeFiles/__idf_esp_event.dir/esp_event_private.c.obj

[369/1865] Linking C static library esp-idf\esp_driver_usb_serial_jtag\libesp_driver_usb_serial_jtag.a

[370/1865] Building C object esp-idf/esp_driver_uart/CMakeFiles/__idf_esp_driver_uart.dir/src/uart_wakeup.c.obj

[371/1865] Building CXX object esp-idf/nvs_flash/CMakeFiles/__idf_nvs_flash.dir/src/nvs_types.cpp.obj

[372/1865] Building CXX object esp-idf/nvs_flash/CMakeFiles/__idf_nvs_flash.dir/src/nvs_storage.cpp.obj

[373/1865] Building CXX object esp-idf/nvs_flash/CMakeFiles/__idf_nvs_flash.dir/src/nvs_page.cpp.obj

[374/1865] Building C object esp-idf/esp_psram/CMakeFiles/__idf_esp_psram.dir/system_layer/esp_psram_mspi.c.obj

[375/1865] Building C object esp-idf/esp_event/CMakeFiles/__idf_esp_event.dir/esp_event.c.obj

[376/1865] Building CXX object esp-idf/nvs_flash/CMakeFiles/__idf_nvs_flash.dir/src/nvs_api.cpp.obj

[377/1865] Linking C static library esp-idf\esp_phy\libesp_phy.a

[378/1865] Building C object esp-idf/esp_psram/CMakeFiles/__idf_esp_psram.dir/xip_impl/mmu_psram_flash.c.obj

[379/1865] Building CXX object esp-idf/nvs_flash/CMakeFiles/__idf_nvs_flash.dir/src/nvs_partition_manager.cpp.obj

[380/1865] Building C object esp-idf/esp_driver_uart/CMakeFiles/__idf_esp_driver_uart.dir/src/uhci.c.obj

[381/1865] Building C object esp-idf/esp_psram/CMakeFiles/__idf_esp_psram.dir/esp32s3/esp_psram_impl_octal.c.obj

[382/1865] Building C object esp-idf/esp_psram/CMakeFiles/__idf_esp_psram.dir/system_layer/esp_psram.c.obj

[383/1865] Building C object esp-idf/esp_timer/CMakeFiles/__idf_esp_timer.dir/src/esp_timer_init.c.obj

[384/1865] Building C object esp-idf/esp_driver_gptimer/CMakeFiles/__idf_esp_driver_gptimer.dir/src/gptimer_common.c.obj

[385/1865] Building C object esp-idf/esp_driver_uart/CMakeFiles/__idf_esp_driver_uart.dir/src/uart_vfs.c.obj

[386/1865] Building C object esp-idf/esp_timer/CMakeFiles/__idf_esp_timer.dir/src/system_time.c.obj

[387/1865] Building C object esp-idf/esp_driver_gptimer/CMakeFiles/__idf_esp_driver_gptimer.dir/src/gptimer.c.obj

[388/1865] Building C object esp-idf/esp_timer/CMakeFiles/__idf_esp_timer.dir/src/ets_timer_legacy.c.obj

[389/1865] Building C object esp-idf/esp_timer/CMakeFiles/__idf_esp_timer.dir/src/esp_timer_impl_common.c.obj

[390/1865] Building C object esp-idf/esp_timer/CMakeFiles/__idf_esp_timer.dir/src/esp_timer_impl_systimer.c.obj

[391/1865] Building C object esp-idf/esp_timer/CMakeFiles/__idf_esp_timer.dir/src/esp_timer.c.obj

[392/1865] Building CXX object esp-idf/cxx/CMakeFiles/__idf_cxx.dir/cxx_init.cpp.obj

[393/1865] Building CXX object esp-idf/cxx/CMakeFiles/__idf_cxx.dir/cxx_exception_stubs.cpp.obj

[394/1865] Building C object esp-idf/esp_ringbuf/CMakeFiles/__idf_esp_ringbuf.dir/ringbuf.c.obj

[395/1865] Building C object esp-idf/newlib/CMakeFiles/__idf_newlib.dir/src/init.c.obj

[396/1865] Building C object esp-idf/pthread/CMakeFiles/__idf_pthread.dir/pthread_cond_var.c.obj

[397/1865] Building C object esp-idf/pthread/CMakeFiles/__idf_pthread.dir/pthread_local_storage.c.obj

[398/1865] Building C object esp-idf/pthread/CMakeFiles/__idf_pthread.dir/pthread_rwlock.c.obj

[399/1865] Building C object esp-idf/esp_driver_uart/CMakeFiles/__idf_esp_driver_uart.dir/src/uart.c.obj

[400/1865] Building C object esp-idf/pthread/CMakeFiles/__idf_pthread.dir/pthread_semaphore.c.obj

[401/1865] Building C object esp-idf/newlib/CMakeFiles/__idf_newlib.dir/src/abort.c.obj

[402/1865] Building C object esp-idf/newlib/CMakeFiles/__idf_newlib.dir/src/heap.c.obj

[403/1865] Building C object esp-idf/newlib/CMakeFiles/__idf_newlib.dir/src/assert.c.obj

[404/1865] Building C object esp-idf/newlib/CMakeFiles/__idf_newlib.dir/src/poll.c.obj

[405/1865] Building C object esp-idf/pthread/CMakeFiles/__idf_pthread.dir/pthread.c.obj

[406/1865] Building C object esp-idf/newlib/CMakeFiles/__idf_newlib.dir/src/locks.c.obj

[407/1865] Building C object esp-idf/newlib/CMakeFiles/__idf_newlib.dir/src/termios.c.obj

[408/1865] Building C object esp-idf/newlib/CMakeFiles/__idf_newlib.dir/src/getentropy.c.obj

[409/1865] Building C object esp-idf/newlib/CMakeFiles/__idf_newlib.dir/src/random.c.obj

[410/1865] Building C object esp-idf/newlib/CMakeFiles/__idf_newlib.dir/src/pthread.c.obj

[411/1865] Building CXX object esp-idf/cxx/CMakeFiles/__idf_cxx.dir/cxx_guards.cpp.obj

[412/1865] Building C object esp-idf/newlib/CMakeFiles/__idf_newlib.dir/src/syscalls.c.obj

[413/1865] Building CXX object esp-idf/nvs_flash/CMakeFiles/__idf_nvs_flash.dir/src/nvs_encrypted_partition.cpp.obj

[414/1865] Building C object esp-idf/newlib/CMakeFiles/__idf_newlib.dir/src/realpath.c.obj

[415/1865] Building C object esp-idf/newlib/CMakeFiles/__idf_newlib.dir/src/sysconf.c.obj

[416/1865] Building C object esp-idf/newlib/CMakeFiles/__idf_newlib.dir/src/time.c.obj

[417/1865] Building C object esp-idf/newlib/CMakeFiles/__idf_newlib.dir/src/scandir.c.obj

[418/1865] Building C object esp-idf/newlib/CMakeFiles/__idf_newlib.dir/src/port/esp_time_impl.c.obj

[419/1865] Building C object esp-idf/newlib/CMakeFiles/__idf_newlib.dir/src/reent_syscalls.c.obj

[420/1865] Building C object esp-idf/newlib/CMakeFiles/__idf_newlib.dir/src/reent_init.c.obj

[421/1865] Building C object esp-idf/newlib/CMakeFiles/__idf_newlib.dir/src/flockfile.c.obj

[422/1865] Building C object esp-idf/freertos/CMakeFiles/__idf_freertos.dir/heap_idf.c.obj

[423/1865] Building C object esp-idf/newlib/CMakeFiles/__idf_newlib.dir/src/newlib_init.c.obj

[424/1865] Building C object esp-idf/freertos/CMakeFiles/__idf_freertos.dir/app_startup.c.obj

[425/1865] Building C object esp-idf/freertos/CMakeFiles/__idf_freertos.dir/port_common.c.obj

[426/1865] Building C object esp-idf/freertos/CMakeFiles/__idf_freertos.dir/port_systick.c.obj

[427/1865] Building C object esp-idf/freertos/CMakeFiles/__idf_freertos.dir/FreeRTOS-Kernel/list.c.obj

[428/1865] Building C object esp-idf/newlib/CMakeFiles/__idf_newlib.dir/src/port/xtensa/stdatomic_s32c1i.c.obj

[429/1865] Linking C static library esp-idf\nvs_flash\libnvs_flash.a

[430/1865] Building ASM object esp-idf/freertos/CMakeFiles/__idf_freertos.dir/FreeRTOS-Kernel/portable/xtensa/portasm.S.obj

[431/1865] Building C object esp-idf/freertos/CMakeFiles/__idf_freertos.dir/FreeRTOS-Kernel/event_groups.c.obj

[432/1865] Building C object esp-idf/freertos/CMakeFiles/__idf_freertos.dir/FreeRTOS-Kernel/stream_buffer.c.obj

[433/1865] Building C object esp-idf/freertos/CMakeFiles/__idf_freertos.dir/FreeRTOS-Kernel/timers.c.obj

[434/1865] Building C object esp-idf/freertos/CMakeFiles/__idf_freertos.dir/FreeRTOS-Kernel/queue.c.obj

[435/1865] Building C object esp-idf/freertos/CMakeFiles/__idf_freertos.dir/FreeRTOS-Kernel/portable/xtensa/xtensa_init.c.obj

[436/1865] Building C object esp-idf/freertos/CMakeFiles/__idf_freertos.dir/FreeRTOS-Kernel/portable/xtensa/port.c.obj

[437/1865] Building C object esp-idf/freertos/CMakeFiles/__idf_freertos.dir/FreeRTOS-Kernel/portable/xtensa/xtensa_overlay_os_hook.c.obj

[438/1865] Building C object esp-idf/esp_hw_support/CMakeFiles/__idf_esp_hw_support.dir/port/esp32s3/esp_cpu_intr.c.obj

[439/1865] Building C object esp-idf/freertos/CMakeFiles/__idf_freertos.dir/esp_additions/freertos_compatibility.c.obj

[440/1865] Building C object esp-idf/newlib/CMakeFiles/__idf_newlib.dir/src/stdatomic.c.obj

[441/1865] Linking C static library esp-idf\esp_event\libesp_event.a

[442/1865] Building C object esp-idf/freertos/CMakeFiles/__idf_freertos.dir/esp_additions/idf_additions_event_groups.c.obj

[443/1865] Building C object esp-idf/freertos/CMakeFiles/__idf_freertos.dir/esp_additions/idf_additions.c.obj

[444/1865] Building C object esp-idf/esp_hw_support/CMakeFiles/__idf_esp_hw_support.dir/cpu.c.obj

[445/1865] Building C object esp-idf/esp_hw_support/CMakeFiles/__idf_esp_hw_support.dir/esp_memory_utils.c.obj

[446/1865] Building C object esp-idf/esp_hw_support/CMakeFiles/__idf_esp_hw_support.dir/port/esp32s3/cpu_region_protect.c.obj

[447/1865] Building C object esp-idf/esp_hw_support/CMakeFiles/__idf_esp_hw_support.dir/clk_ctrl_os.c.obj

[448/1865] Building C object esp-idf/esp_hw_support/CMakeFiles/__idf_esp_hw_support.dir/revision.c.obj

[449/1865] Building C object esp-idf/esp_hw_support/CMakeFiles/__idf_esp_hw_support.dir/hw_random.c.obj

[450/1865] Building C object esp-idf/esp_hw_support/CMakeFiles/__idf_esp_hw_support.dir/esp_clk.c.obj

[451/1865] Building C object esp-idf/esp_hw_support/CMakeFiles/__idf_esp_hw_support.dir/mac_addr.c.obj

[452/1865] Building C object esp-idf/esp_hw_support/CMakeFiles/__idf_esp_hw_support.dir/esp_gpio_reserve.c.obj

[453/1865] Linking C static library esp-idf\esp_driver_uart\libesp_driver_uart.a

[454/1865] Building C object esp-idf/esp_hw_support/CMakeFiles/__idf_esp_hw_support.dir/periph_ctrl.c.obj

[455/1865] Building C object esp-idf/esp_hw_support/CMakeFiles/__idf_esp_hw_support.dir/sar_periph_ctrl_common.c.obj

[456/1865] Building C object esp-idf/esp_hw_support/CMakeFiles/__idf_esp_hw_support.dir/regi2c_ctrl.c.obj

[457/1865] Building C object esp-idf/esp_hw_support/CMakeFiles/__idf_esp_hw_support.dir/rtc_module.c.obj

[458/1865] Building C object esp-idf/esp_hw_support/CMakeFiles/__idf_esp_hw_support.dir/port/esp32s3/esp_clk_tree.c.obj

[459/1865] Building C object esp-idf/esp_hw_support/CMakeFiles/__idf_esp_hw_support.dir/intr_alloc.c.obj

[460/1865] Building C object esp-idf/freertos/CMakeFiles/__idf_freertos.dir/FreeRTOS-Kernel/tasks.c.obj

[461/1865] Building C object esp-idf/esp_hw_support/CMakeFiles/__idf_esp_hw_support.dir/port/esp32s3/io_mux.c.obj

[462/1865] Building C object esp-idf/esp_hw_support/CMakeFiles/__idf_esp_hw_support.dir/dma/gdma_link.c.obj

[463/1865] Building C object esp-idf/esp_hw_support/CMakeFiles/__idf_esp_hw_support.dir/clk_utils.c.obj

[464/1865] Building C object esp-idf/esp_hw_support/CMakeFiles/__idf_esp_hw_support.dir/dma/esp_dma_utils.c.obj

[465/1865] Building C object esp-idf/esp_hw_support/CMakeFiles/__idf_esp_hw_support.dir/port/esp_clk_tree_common.c.obj

[466/1865] Building C object esp-idf/esp_hw_support/CMakeFiles/__idf_esp_hw_support.dir/sleep_mspi.c.obj

[467/1865] Linking C static library esp-idf\esp_psram\libesp_psram.a

[468/1865] Building C object esp-idf/esp_hw_support/CMakeFiles/__idf_esp_hw_support.dir/spi_bus_lock.c.obj

[469/1865] Building C object esp-idf/esp_hw_support/CMakeFiles/__idf_esp_hw_support.dir/sleep_usb.c.obj

[470/1865] Building C object esp-idf/esp_hw_support/CMakeFiles/__idf_esp_hw_support.dir/sleep_console.c.obj

[471/1865] Building C object esp-idf/esp_hw_support/CMakeFiles/__idf_esp_hw_support.dir/sleep_modem.c.obj

[472/1865] Building C object esp-idf/esp_hw_support/CMakeFiles/__idf_esp_hw_support.dir/spi_share_hw_ctrl.c.obj

[473/1865] Building C object esp-idf/esp_hw_support/CMakeFiles/__idf_esp_hw_support.dir/adc_share_hw_ctrl.c.obj

[474/1865] Building C object esp-idf/esp_hw_support/CMakeFiles/__idf_esp_hw_support.dir/port/esp32s3/systimer.c.obj

[475/1865] Building C object esp-idf/esp_hw_support/CMakeFiles/__idf_esp_hw_support.dir/dma/esp_async_memcpy.c.obj

[476/1865] Building C object esp-idf/esp_hw_support/CMakeFiles/__idf_esp_hw_support.dir/sleep_event.c.obj

[477/1865] Building C object esp-idf/esp_hw_support/CMakeFiles/__idf_esp_hw_support.dir/deprecated/gdma_legacy.c.obj

[478/1865] Linking C static library esp-idf\esp_ringbuf\libesp_ringbuf.a

[479/1865] Building C object esp-idf/esp_hw_support/CMakeFiles/__idf_esp_hw_support.dir/sleep_gpio.c.obj

[480/1865] Building C object esp-idf/esp_hw_support/CMakeFiles/__idf_esp_hw_support.dir/mspi_timing_tuning/mspi_timing_tuning.c.obj

[481/1865] Building C object esp-idf/esp_hw_support/CMakeFiles/__idf_esp_hw_support.dir/sleep_wake_stub.c.obj

[482/1865] Building C object esp-idf/esp_hw_support/CMakeFiles/__idf_esp_hw_support.dir/port/esp32s3/rtc_clk_init.c.obj

[483/1865] Building C object esp-idf/esp_hw_support/CMakeFiles/__idf_esp_hw_support.dir/esp_clock_output.c.obj

[484/1865] Building C object esp-idf/esp_hw_support/CMakeFiles/__idf_esp_hw_support.dir/dma/async_memcpy_gdma.c.obj

[485/1865] Building C object esp-idf/esp_hw_support/CMakeFiles/__idf_esp_hw_support.dir/power_supply/brownout.c.obj

[486/1865] Building C object esp-idf/esp_hw_support/CMakeFiles/__idf_esp_hw_support.dir/sleep_modes.c.obj

[487/1865] Building C object esp-idf/esp_hw_support/CMakeFiles/__idf_esp_hw_support.dir/port/esp32s3/rtc_sleep.c.obj

[488/1865] Building C object esp-idf/esp_hw_support/CMakeFiles/__idf_esp_hw_support.dir/port/esp32s3/rtc_time.c.obj

[489/1865] Building C object esp-idf/esp_hw_support/CMakeFiles/__idf_esp_hw_support.dir/dma/gdma.c.obj

[490/1865] Building C object esp-idf/esp_hw_support/CMakeFiles/__idf_esp_hw_support.dir/port/esp32s3/chip_info.c.obj

[491/1865] Building C object esp-idf/esp_hw_support/CMakeFiles/__idf_esp_hw_support.dir/port/esp32s3/rtc_clk.c.obj

[492/1865] Linking C static library esp-idf\esp_driver_gptimer\libesp_driver_gptimer.a

[493/1865] Building C object esp-idf/esp_hw_support/CMakeFiles/__idf_esp_hw_support.dir/port/esp_memprot_conv.c.obj

[494/1865] Building C object esp-idf/esp_hw_support/CMakeFiles/__idf_esp_hw_support.dir/port/esp32s3/rtc_init.c.obj

[495/1865] Building C object esp-idf/esp_hw_support/CMakeFiles/__idf_esp_hw_support.dir/port/esp32s3/sar_periph_ctrl.c.obj

[496/1865] Building C object esp-idf/esp_security/CMakeFiles/__idf_esp_security.dir/src/init.c.obj

[497/1865] Building C object esp-idf/soc/CMakeFiles/__idf_soc.dir/lldesc.c.obj

[498/1865] Building C object esp-idf/esp_security/CMakeFiles/__idf_esp_security.dir/src/esp_crypto_lock.c.obj

[499/1865] Building C object esp-idf/esp_hw_support/CMakeFiles/__idf_esp_hw_support.dir/mspi_timing_tuning/port/esp32s3/mspi_timing_config.c.obj

[500/1865] Building C object esp-idf/esp_security/CMakeFiles/__idf_esp_security.dir/src/esp_hmac.c.obj

[501/1865] Building C object esp-idf/soc/CMakeFiles/__idf_soc.dir/dport_access_common.c.obj

[502/1865] Building C object esp-idf/soc/CMakeFiles/__idf_soc.dir/esp32s3/interrupts.c.obj

[503/1865] Building C object esp-idf/esp_security/CMakeFiles/__idf_esp_security.dir/src/esp_ds.c.obj

[504/1865] Building C object esp-idf/esp_security/CMakeFiles/__idf_esp_security.dir/src/esp_crypto_periph_clk.c.obj

[505/1865] Linking C static library esp-idf\esp_timer\libesp_timer.a

[506/1865] Building C object esp-idf/soc/CMakeFiles/__idf_soc.dir/esp32s3/gpio_periph.c.obj

[507/1865] Building C object esp-idf/soc/CMakeFiles/__idf_soc.dir/esp32s3/uart_periph.c.obj

[508/1865] Building C object esp-idf/esp_hw_support/CMakeFiles/__idf_esp_hw_support.dir/lowpower/port/esp32s3/sleep_cpu.c.obj

[509/1865] Building C object esp-idf/soc/CMakeFiles/__idf_soc.dir/esp32s3/adc_periph.c.obj

[510/1865] Building C object esp-idf/soc/CMakeFiles/__idf_soc.dir/esp32s3/gdma_periph.c.obj

[511/1865] Building C object esp-idf/esp_hw_support/CMakeFiles/__idf_esp_hw_support.dir/mspi_timing_tuning/port/esp32s3/mspi_timing_by_mspi_delay.c.obj

[512/1865] Building C object esp-idf/soc/CMakeFiles/__idf_soc.dir/esp32s3/spi_periph.c.obj

[513/1865] Building C object esp-idf/soc/CMakeFiles/__idf_soc.dir/esp32s3/sdm_periph.c.obj

[514/1865] Building C object esp-idf/soc/CMakeFiles/__idf_soc.dir/esp32s3/ledc_periph.c.obj

[515/1865] Building C object esp-idf/soc/CMakeFiles/__idf_soc.dir/esp32s3/dedic_gpio_periph.c.obj

[516/1865] Building C object esp-idf/soc/CMakeFiles/__idf_soc.dir/esp32s3/rmt_periph.c.obj

[517/1865] Building C object esp-idf/soc/CMakeFiles/__idf_soc.dir/esp32s3/pcnt_periph.c.obj

[518/1865] Building C object esp-idf/soc/CMakeFiles/__idf_soc.dir/esp32s3/i2s_periph.c.obj

[519/1865] Building C object esp-idf/soc/CMakeFiles/__idf_soc.dir/esp32s3/lcd_periph.c.obj

[520/1865] Building C object esp-idf/soc/CMakeFiles/__idf_soc.dir/esp32s3/timer_periph.c.obj

[521/1865] Building C object esp-idf/soc/CMakeFiles/__idf_soc.dir/esp32s3/temperature_sensor_periph.c.obj

[522/1865] Building C object esp-idf/soc/CMakeFiles/__idf_soc.dir/esp32s3/i2c_periph.c.obj

[523/1865] Building C object esp-idf/soc/CMakeFiles/__idf_soc.dir/esp32s3/mcpwm_periph.c.obj

[524/1865] Building C object esp-idf/soc/CMakeFiles/__idf_soc.dir/esp32s3/touch_sensor_periph.c.obj

[525/1865] Building C object esp-idf/soc/CMakeFiles/__idf_soc.dir/esp32s3/twai_periph.c.obj

[526/1865] Linking C static library esp-idf\cxx\libcxx.a

[527/1865] Building C object esp-idf/soc/CMakeFiles/__idf_soc.dir/esp32s3/wdt_periph.c.obj

[528/1865] Building C object esp-idf/soc/CMakeFiles/__idf_soc.dir/esp32s3/mpi_periph.c.obj

[529/1865] Building C object esp-idf/soc/CMakeFiles/__idf_soc.dir/esp32s3/sdmmc_periph.c.obj

[530/1865] Building C object esp-idf/soc/CMakeFiles/__idf_soc.dir/esp32s3/usb_dwc_periph.c.obj

[531/1865] Building C object esp-idf/soc/CMakeFiles/__idf_soc.dir/esp32s3/cam_periph.c.obj

[532/1865] Building C object esp-idf/soc/CMakeFiles/__idf_soc.dir/esp32s3/rtc_io_periph.c.obj

[533/1865] Building C object esp-idf/soc/CMakeFiles/__idf_soc.dir/esp32s3/power_supply_periph.c.obj

[534/1865] Building C object esp-idf/heap/CMakeFiles/__idf_heap.dir/port/esp32s3/memory_layout.c.obj

[535/1865] Building C object esp-idf/heap/CMakeFiles/__idf_heap.dir/port/memory_layout_utils.c.obj

[536/1865] Building C object esp-idf/log/CMakeFiles/__idf_log.dir/src/os/log_timestamp.c.obj

[537/1865] Building C object esp-idf/log/CMakeFiles/__idf_log.dir/src/log_timestamp_common.c.obj

[538/1865] Building C object esp-idf/heap/CMakeFiles/__idf_heap.dir/heap_caps_init.c.obj

[539/1865] Building C object esp-idf/heap/CMakeFiles/__idf_heap.dir/heap_caps_base.c.obj

[540/1865] Building C object esp-idf/heap/CMakeFiles/__idf_heap.dir/multi_heap.c.obj

[541/1865] Building C object esp-idf/esp_hw_support/CMakeFiles/__idf_esp_hw_support.dir/port/esp32s3/esp_memprot.c.obj

[542/1865] Building C object esp-idf/log/CMakeFiles/__idf_log.dir/src/util.c.obj

[543/1865] Linking C static library esp-idf\pthread\libpthread.a

[544/1865] Building C object esp-idf/log/CMakeFiles/__idf_log.dir/src/os/log_lock.c.obj

[545/1865] Building C object esp-idf/log/CMakeFiles/__idf_log.dir/src/buffer/log_buffers.c.obj

[546/1865] Building C object esp-idf/log/CMakeFiles/__idf_log.dir/src/os/util.c.obj

[547/1865] Building C object esp-idf/heap/CMakeFiles/__idf_heap.dir/heap_caps.c.obj

[548/1865] Building C object esp-idf/log/CMakeFiles/__idf_log.dir/src/log_level/log_level.c.obj

[549/1865] Building C object esp-idf/log/CMakeFiles/__idf_log.dir/src/log_format_text.c.obj

[550/1865] Building C object esp-idf/log/CMakeFiles/__idf_log.dir/src/os/log_write.c.obj

[551/1865] Building C object esp-idf/log/CMakeFiles/__idf_log.dir/src/log.c.obj

[552/1865] Building C object esp-idf/log/CMakeFiles/__idf_log.dir/src/log_print.c.obj

[553/1865] Building C object esp-idf/log/CMakeFiles/__idf_log.dir/src/log_level/tag_log_level/tag_log_level.c.obj

[554/1865] Building C object esp-idf/log/CMakeFiles/__idf_log.dir/src/log_level/tag_log_level/linked_list/log_linked_list.c.obj

[555/1865] Building C object esp-idf/log/CMakeFiles/__idf_log.dir/src/log_level/tag_log_level/cache/log_binary_heap.c.obj

[556/1865] Building C object esp-idf/hal/CMakeFiles/__idf_hal.dir/mpu_hal.c.obj

[557/1865] Building C object esp-idf/hal/CMakeFiles/__idf_hal.dir/efuse_hal.c.obj

[558/1865] Building C object esp-idf/hal/CMakeFiles/__idf_hal.dir/esp32s3/efuse_hal.c.obj

[559/1865] Building C object esp-idf/hal/CMakeFiles/__idf_hal.dir/hal_utils.c.obj

[560/1865] Building C object esp-idf/hal/CMakeFiles/__idf_hal.dir/color_hal.c.obj

[561/1865] Linking C static library esp-idf\newlib\libnewlib.a

[562/1865] Building C object esp-idf/hal/CMakeFiles/__idf_hal.dir/mmu_hal.c.obj

[563/1865] Building C object esp-idf/hal/CMakeFiles/__idf_hal.dir/systimer_hal.c.obj

[564/1865] Building C object esp-idf/hal/CMakeFiles/__idf_hal.dir/cache_hal.c.obj

[565/1865] Building C object esp-idf/hal/CMakeFiles/__idf_hal.dir/spi_flash_hal.c.obj

[566/1865] Building C object esp-idf/hal/CMakeFiles/__idf_hal.dir/spi_flash_encrypt_hal_iram.c.obj

[567/1865] Building C object esp-idf/hal/CMakeFiles/__idf_hal.dir/uart_hal_iram.c.obj

[568/1865] Building C object esp-idf/hal/CMakeFiles/__idf_hal.dir/esp32s3/clk_tree_hal.c.obj

[569/1865] Building C object esp-idf/heap/CMakeFiles/__idf_heap.dir/tlsf/tlsf.c.obj

[570/1865] Building C object esp-idf/hal/CMakeFiles/__idf_hal.dir/spi_flash_hal_iram.c.obj

[571/1865] Building C object esp-idf/hal/CMakeFiles/__idf_hal.dir/uart_hal.c.obj

[572/1865] Building C object esp-idf/hal/CMakeFiles/__idf_hal.dir/gpio_hal.c.obj

[573/1865] Building C object esp-idf/hal/CMakeFiles/__idf_hal.dir/timer_hal.c.obj

[574/1865] Building C object esp-idf/hal/CMakeFiles/__idf_hal.dir/rtc_io_hal.c.obj

[575/1865] Building C object esp-idf/hal/CMakeFiles/__idf_hal.dir/ledc_hal.c.obj

[576/1865] Building C object esp-idf/hal/CMakeFiles/__idf_hal.dir/pcnt_hal.c.obj

[577/1865] Building C object esp-idf/hal/CMakeFiles/__idf_hal.dir/rmt_hal.c.obj

[578/1865] Building C object esp-idf/hal/CMakeFiles/__idf_hal.dir/ledc_hal_iram.c.obj

[579/1865] Building C object esp-idf/hal/CMakeFiles/__idf_hal.dir/uhci_hal.c.obj

[580/1865] Building C object esp-idf/hal/CMakeFiles/__idf_hal.dir/i2c_hal_iram.c.obj

[581/1865] Building C object esp-idf/hal/CMakeFiles/__idf_hal.dir/mcpwm_hal.c.obj

[582/1865] Building C object esp-idf/hal/CMakeFiles/__idf_hal.dir/i2c_hal.c.obj

[583/1865] Building C object esp-idf/hal/CMakeFiles/__idf_hal.dir/gdma_hal_top.c.obj

[584/1865] Linking C static library esp-idf\freertos\libfreertos.a

[585/1865] Building C object esp-idf/hal/CMakeFiles/__idf_hal.dir/sdm_hal.c.obj

[586/1865] Building C object esp-idf/hal/CMakeFiles/__idf_hal.dir/gdma_hal_ahb_v1.c.obj

[587/1865] Building C object esp-idf/hal/CMakeFiles/__idf_hal.dir/sdmmc_hal.c.obj

[588/1865] Building C object esp-idf/hal/CMakeFiles/__idf_hal.dir/twai_hal_v1.c.obj

[589/1865] Building C object esp-idf/hal/CMakeFiles/__idf_hal.dir/adc_oneshot_hal.c.obj

[590/1865] Building C object esp-idf/hal/CMakeFiles/__idf_hal.dir/lcd_hal.c.obj

[591/1865] Building C object esp-idf/hal/CMakeFiles/__idf_hal.dir/mpi_hal.c.obj

[592/1865] Building C object esp-idf/hal/CMakeFiles/__idf_hal.dir/adc_hal_common.c.obj

[593/1865] Building C object esp-idf/hal/CMakeFiles/__idf_hal.dir/i2s_hal.c.obj

[594/1865] Building C object esp-idf/hal/CMakeFiles/__idf_hal.dir/sha_hal.c.obj

[595/1865] Building C object esp-idf/hal/CMakeFiles/__idf_hal.dir/aes_hal.c.obj

[596/1865] Building C object esp-idf/hal/CMakeFiles/__idf_hal.dir/brownout_hal.c.obj

[597/1865] Building C object esp-idf/hal/CMakeFiles/__idf_hal.dir/adc_hal.c.obj

[598/1865] Building C object esp-idf/hal/CMakeFiles/__idf_hal.dir/ds_hal.c.obj

[599/1865] Building C object esp-idf/hal/CMakeFiles/__idf_hal.dir/spi_slave_hal.c.obj

[600/1865] Building C object esp-idf/hal/CMakeFiles/__idf_hal.dir/hmac_hal.c.obj

[601/1865] Building C object esp-idf/hal/CMakeFiles/__idf_hal.dir/spi_slave_hal_iram.c.obj

[602/1865] Building C object esp-idf/hal/CMakeFiles/__idf_hal.dir/spi_hal.c.obj

[603/1865] Building C object esp-idf/hal/CMakeFiles/__idf_hal.dir/usb_serial_jtag_hal.c.obj

[604/1865] Linking C static library esp-idf\esp_hw_support\libesp_hw_support.a

[605/1865] Building C object esp-idf/hal/CMakeFiles/__idf_hal.dir/usb_wrap_hal.c.obj

[606/1865] Building C object esp-idf/hal/CMakeFiles/__idf_hal.dir/cam_hal.c.obj

[607/1865] Building C object esp-idf/hal/CMakeFiles/__idf_hal.dir/spi_flash_hal_gpspi.c.obj

[608/1865] Building C object esp-idf/hal/CMakeFiles/__idf_hal.dir/spi_slave_hd_hal.c.obj

[609/1865] Building C object esp-idf/hal/CMakeFiles/__idf_hal.dir/spi_hal_iram.c.obj

[610/1865] Building C object esp-idf/hal/CMakeFiles/__idf_hal.dir/esp32s3/touch_sensor_hal.c.obj

[611/1865] Building C object esp-idf/hal/CMakeFiles/__idf_hal.dir/touch_sensor_hal.c.obj

[612/1865] Building C object esp-idf/hal/CMakeFiles/__idf_hal.dir/xt_wdt_hal.c.obj

[613/1865] Building C object esp-idf/esp_rom/CMakeFiles/__idf_esp_rom.dir/patches/esp_rom_crc.c.obj

[614/1865] Building C object esp-idf/esp_rom/CMakeFiles/__idf_esp_rom.dir/patches/esp_rom_sys.c.obj

[615/1865] Building C object esp-idf/hal/CMakeFiles/__idf_hal.dir/usb_dwc_hal.c.obj

[616/1865] Building C object esp-idf/hal/CMakeFiles/__idf_hal.dir/esp32s3/rtc_cntl_hal.c.obj

[617/1865] Building C object esp-idf/esp_rom/CMakeFiles/__idf_esp_rom.dir/patches/esp_rom_print.c.obj

[618/1865] Building C object esp-idf/esp_rom/CMakeFiles/__idf_esp_rom.dir/patches/esp_rom_efuse.c.obj

[619/1865] Building C object esp-idf/esp_rom/CMakeFiles/__idf_esp_rom.dir/patches/esp_rom_uart.c.obj

[620/1865] Building ASM object esp-idf/esp_rom/CMakeFiles/__idf_esp_rom.dir/patches/esp_rom_longjmp.S.obj

[621/1865] Building C object esp-idf/esp_rom/CMakeFiles/__idf_esp_rom.dir/patches/esp_rom_gpio.c.obj

[622/1865] Building C object esp-idf/hal/CMakeFiles/__idf_hal.dir/touch_sens_hal.c.obj

[623/1865] Building C object esp-idf/esp_rom/CMakeFiles/__idf_esp_rom.dir/patches/esp_rom_spiflash.c.obj

[624/1865] Linking C static library esp-idf\esp_security\libesp_security.a

[625/1865] Building C object esp-idf/esp_rom/CMakeFiles/__idf_esp_rom.dir/patches/esp_rom_systimer.c.obj

[626/1865] Building C object esp-idf/esp_rom/CMakeFiles/__idf_esp_rom.dir/patches/esp_rom_wdt.c.obj

[627/1865] Building ASM object esp-idf/esp_rom/CMakeFiles/__idf_esp_rom.dir/patches/esp_rom_cache_writeback_esp32s3.S.obj

[628/1865] Building C object esp-idf/esp_rom/CMakeFiles/__idf_esp_rom.dir/patches/esp_rom_cache_esp32s2_esp32s3.c.obj

[629/1865] Building C object esp-idf/esp_system/CMakeFiles/__idf_esp_system.dir/esp_err.c.obj

[630/1865] Building C object esp-idf/esp_system/CMakeFiles/__idf_esp_system.dir/esp_system_console.c.obj

[631/1865] Building C object esp-idf/esp_system/CMakeFiles/__idf_esp_system.dir/crosscore_int.c.obj

[632/1865] Building C object esp-idf/esp_system/CMakeFiles/__idf_esp_system.dir/esp_ipc.c.obj

[633/1865] Building C object esp-idf/esp_system/CMakeFiles/__idf_esp_system.dir/freertos_hooks.c.obj

[634/1865] Building C object esp-idf/esp_system/CMakeFiles/__idf_esp_system.dir/esp_system.c.obj

[635/1865] Building C object esp-idf/esp_system/CMakeFiles/__idf_esp_system.dir/int_wdt.c.obj

[636/1865] Building C object esp-idf/esp_system/CMakeFiles/__idf_esp_system.dir/system_time.c.obj

[637/1865] Building C object esp-idf/esp_system/CMakeFiles/__idf_esp_system.dir/startup.c.obj

[638/1865] Building C object esp-idf/esp_system/CMakeFiles/__idf_esp_system.dir/stack_check.c.obj

[639/1865] Linking C static library esp-idf\soc\libsoc.a

[640/1865] Building C object esp-idf/esp_system/CMakeFiles/__idf_esp_system.dir/panic.c.obj

[641/1865] Building C object esp-idf/esp_system/CMakeFiles/__idf_esp_system.dir/startup_funcs.c.obj

[642/1865] Building C object esp-idf/esp_system/CMakeFiles/__idf_esp_system.dir/ubsan.c.obj

[643/1865] Building C object esp-idf/esp_common/CMakeFiles/__idf_esp_common.dir/src/esp_err_to_name.c.obj

[644/1865] Building C object esp-idf/esp_system/CMakeFiles/__idf_esp_system.dir/xt_wdt.c.obj

[645/1865] Building C object esp-idf/esp_system/CMakeFiles/__idf_esp_system.dir/port/esp_system_chip.c.obj

[646/1865] Building ASM object esp-idf/esp_system/CMakeFiles/__idf_esp_system.dir/port/arch/xtensa/esp_ipc_isr_handler.S.obj

[647/1865] Building C object esp-idf/esp_system/CMakeFiles/__idf_esp_system.dir/port/arch/xtensa/esp_ipc_isr_port.c.obj

[648/1865] Building C object esp-idf/esp_system/CMakeFiles/__idf_esp_system.dir/port/image_process.c.obj

[649/1865] Building C object esp-idf/esp_system/CMakeFiles/__idf_esp_system.dir/port/esp_ipc_isr.c.obj

[650/1865] Building C object esp-idf/esp_system/CMakeFiles/__idf_esp_system.dir/task_wdt/task_wdt_impl_timergroup.c.obj

[651/1865] Building ASM object esp-idf/esp_system/CMakeFiles/__idf_esp_system.dir/port/arch/xtensa/esp_ipc_isr_routines.S.obj

[652/1865] Building ASM object esp-idf/esp_system/CMakeFiles/__idf_esp_system.dir/port/arch/xtensa/panic_handler_asm.S.obj

[653/1865] Building C object esp-idf/esp_system/CMakeFiles/__idf_esp_system.dir/port/panic_handler.c.obj

[654/1865] Building C object esp-idf/esp_system/CMakeFiles/__idf_esp_system.dir/port/cpu_start.c.obj

[655/1865] Building ASM object esp-idf/esp_system/CMakeFiles/__idf_esp_system.dir/port/arch/xtensa/expression_with_stack_asm.S.obj

[656/1865] Building C object esp-idf/esp_system/CMakeFiles/__idf_esp_system.dir/task_wdt/task_wdt.c.obj

[657/1865] Building ASM object esp-idf/esp_system/CMakeFiles/__idf_esp_system.dir/port/arch/xtensa/debug_helpers_asm.S.obj

[658/1865] Linking C static library esp-idf\heap\libheap.a

[659/1865] Building C object esp-idf/esp_system/CMakeFiles/__idf_esp_system.dir/port/arch/xtensa/expression_with_stack.c.obj

[660/1865] Building C object esp-idf/esp_system/CMakeFiles/__idf_esp_system.dir/port/arch/xtensa/debug_stubs.c.obj

[661/1865] Building ASM object esp-idf/esp_system/CMakeFiles/__idf_esp_system.dir/port/soc/esp32s3/highint_hdl.S.obj

[662/1865] Building C object esp-idf/esp_system/CMakeFiles/__idf_esp_system.dir/port/arch/xtensa/panic_arch.c.obj

[663/1865] Building C object esp-idf/esp_system/CMakeFiles/__idf_esp_system.dir/port/arch/xtensa/trax.c.obj

[664/1865] Building C object esp-idf/spi_flash/CMakeFiles/__idf_spi_flash.dir/flash_brownout_hook.c.obj

[665/1865] Building C object esp-idf/esp_system/CMakeFiles/__idf_esp_system.dir/port/soc/esp32s3/reset_reason.c.obj

[666/1865] Building C object esp-idf/esp_system/CMakeFiles/__idf_esp_system.dir/port/soc/esp32s3/apb_backup_dma.c.obj

[667/1865] Building C object esp-idf/esp_system/CMakeFiles/__idf_esp_system.dir/port/soc/esp32s3/cache_err_int.c.obj

[668/1865] Building C object esp-idf/esp_system/CMakeFiles/__idf_esp_system.dir/port/arch/xtensa/debug_helpers.c.obj

[669/1865] Building C object esp-idf/esp_system/CMakeFiles/__idf_esp_system.dir/port/soc/esp32s3/system_internal.c.obj

[670/1865] Building C object esp-idf/spi_flash/CMakeFiles/__idf_spi_flash.dir/spi_flash_chip_drivers.c.obj

[671/1865] Building C object esp-idf/spi_flash/CMakeFiles/__idf_spi_flash.dir/esp32s3/spi_flash_oct_flash_init.c.obj

[672/1865] Building C object esp-idf/spi_flash/CMakeFiles/__idf_spi_flash.dir/spi_flash_hpm_enable.c.obj

[673/1865] Building C object esp-idf/esp_system/CMakeFiles/__idf_esp_system.dir/port/soc/esp32s3/clk.c.obj

[674/1865] Linking C static library esp-idf\log\liblog.a

[675/1865] Building C object esp-idf/spi_flash/CMakeFiles/__idf_spi_flash.dir/spi_flash_chip_issi.c.obj

[676/1865] Building C object esp-idf/spi_flash/CMakeFiles/__idf_spi_flash.dir/spi_flash_chip_boya.c.obj

[677/1865] Building C object esp-idf/spi_flash/CMakeFiles/__idf_spi_flash.dir/spi_flash_chip_gd.c.obj

[678/1865] Building C object esp-idf/spi_flash/CMakeFiles/__idf_spi_flash.dir/spi_flash_chip_th.c.obj

[679/1865] Building C object esp-idf/spi_flash/CMakeFiles/__idf_spi_flash.dir/spi_flash_chip_mxic.c.obj

[680/1865] Building C object esp-idf/spi_flash/CMakeFiles/__idf_spi_flash.dir/spi_flash_chip_winbond.c.obj

[681/1865] Building C object esp-idf/spi_flash/CMakeFiles/__idf_spi_flash.dir/memspi_host_driver.c.obj

[682/1865] Building C object esp-idf/spi_flash/CMakeFiles/__idf_spi_flash.dir/spi_flash_chip_mxic_opi.c.obj

[683/1865] Building C object esp-idf/spi_flash/CMakeFiles/__idf_spi_flash.dir/spi_flash_wrap.c.obj

[684/1865] Building C object esp-idf/spi_flash/CMakeFiles/__idf_spi_flash.dir/flash_ops.c.obj

[685/1865] Building C object esp-idf/spi_flash/CMakeFiles/__idf_spi_flash.dir/spi_flash_chip_generic.c.obj

[686/1865] Building C object esp-idf/spi_flash/CMakeFiles/__idf_spi_flash.dir/flash_mmap.c.obj

[687/1865] Building C object esp-idf/spi_flash/CMakeFiles/__idf_spi_flash.dir/cache_utils.c.obj

[688/1865] Building C object esp-idf/spi_flash/CMakeFiles/__idf_spi_flash.dir/spi_flash_os_func_noos.c.obj

[689/1865] Building C object esp-idf/spi_flash/CMakeFiles/__idf_spi_flash.dir/spi_flash_os_func_app.c.obj

[690/1865] Building C object esp-idf/esp_mm/CMakeFiles/__idf_esp_mm.dir/port/esp32s3/ext_mem_layout.c.obj

[691/1865] Linking C static library esp-idf\hal\libhal.a

[692/1865] Building C object esp-idf/esp_mm/CMakeFiles/__idf_esp_mm.dir/heap_align_hw.c.obj

[693/1865] Building C object esp-idf/spi_flash/CMakeFiles/__idf_spi_flash.dir/esp_flash_spi_init.c.obj

[694/1865] Building C object esp-idf/esp_mm/CMakeFiles/__idf_esp_mm.dir/esp_cache_utils.c.obj

[695/1865] Building C object esp-idf/esp_mm/CMakeFiles/__idf_esp_mm.dir/esp_cache_msync.c.obj

[696/1865] Building C object esp-idf/bootloader_support/CMakeFiles/__idf_bootloader_support.dir/src/bootloader_clock_init.c.obj

[697/1865] Building C object esp-idf/bootloader_support/CMakeFiles/__idf_bootloader_support.dir/src/bootloader_mem.c.obj

[698/1865] Building C object esp-idf/bootloader_support/CMakeFiles/__idf_bootloader_support.dir/src/bootloader_common.c.obj

[699/1865] Building C object esp-idf/bootloader_support/CMakeFiles/__idf_bootloader_support.dir/src/bootloader_efuse.c.obj

[700/1865] Building C object esp-idf/spi_flash/CMakeFiles/__idf_spi_flash.dir/esp_flash_api.c.obj

[701/1865] Building C object esp-idf/bootloader_support/CMakeFiles/__idf_bootloader_support.dir/src/bootloader_common_loader.c.obj

[702/1865] Building C object esp-idf/esp_mm/CMakeFiles/__idf_esp_mm.dir/esp_mmu_map.c.obj

[703/1865] Building C object esp-idf/bootloader_support/CMakeFiles/__idf_bootloader_support.dir/src/bootloader_random.c.obj

[704/1865] Building C object esp-idf/bootloader_support/CMakeFiles/__idf_bootloader_support.dir/src/flash_encrypt.c.obj

[705/1865] Building C object esp-idf/bootloader_support/CMakeFiles/__idf_bootloader_support.dir/src/bootloader_random_esp32s3.c.obj

[706/1865] Building C object esp-idf/bootloader_support/CMakeFiles/__idf_bootloader_support.dir/src/secure_boot.c.obj

[707/1865] Linking C static library esp-idf\esp_rom\libesp_rom.a

[708/1865] Building C object esp-idf/bootloader_support/CMakeFiles/__idf_bootloader_support.dir/bootloader_flash/src/flash_qio_mode.c.obj

[709/1865] Building C object esp-idf/bootloader_support/CMakeFiles/__idf_bootloader_support.dir/src/flash_partitions.c.obj

[710/1865] Building C object esp-idf/efuse/CMakeFiles/__idf_efuse.dir/esp32s3/esp_efuse_table.c.obj

[711/1865] Building C object esp-idf/bootloader_support/CMakeFiles/__idf_bootloader_support.dir/bootloader_flash/src/bootloader_flash_config_esp32s3.c.obj

[712/1865] Building C object esp-idf/efuse/CMakeFiles/__idf_efuse.dir/esp32s3/esp_efuse_fields.c.obj

[713/1865] Building C object esp-idf/bootloader_support/CMakeFiles/__idf_bootloader_support.dir/src/esp32s3/secure_boot_secure_features.c.obj

[714/1865] Building C object esp-idf/bootloader_support/CMakeFiles/__idf_bootloader_support.dir/src/bootloader_sha.c.obj

[715/1865] Building C object esp-idf/efuse/CMakeFiles/__idf_efuse.dir/esp32s3/esp_efuse_rtc_calib.c.obj

[716/1865] Building C object esp-idf/bootloader_support/CMakeFiles/__idf_bootloader_support.dir/bootloader_flash/src/bootloader_flash.c.obj

[717/1865] Building C object esp-idf/efuse/CMakeFiles/__idf_efuse.dir/esp32s3/esp_efuse_utility.c.obj

[718/1865] Building C object esp-idf/bootloader_support/CMakeFiles/__idf_bootloader_support.dir/src/bootloader_utility.c.obj

[719/1865] Building C object esp-idf/efuse/CMakeFiles/__idf_efuse.dir/src/esp_efuse_fields.c.obj

[720/1865] Building C object esp-idf/efuse/CMakeFiles/__idf_efuse.dir/src/esp_efuse_startup.c.obj

[721/1865] Building C object esp-idf/efuse/CMakeFiles/__idf_efuse.dir/src/esp_efuse_api.c.obj

[722/1865] Linking C static library esp-idf\esp_common\libesp_common.a

[723/1865] Building C object esp-idf/bootloader_support/CMakeFiles/__idf_bootloader_support.dir/src/esp_image_format.c.obj

[724/1865] Building C object esp-idf/esp_bootloader_format/CMakeFiles/__idf_esp_bootloader_format.dir/esp_bootloader_desc.c.obj

[725/1865] Building C object esp-idf/esp_partition/CMakeFiles/__idf_esp_partition.dir/partition_target.c.obj

[726/1865] Building C object esp-idf/app_update/CMakeFiles/__idf_app_update.dir/esp_ota_app_desc.c.obj

[727/1865] Building C object esp-idf/efuse/CMakeFiles/__idf_efuse.dir/src/esp_efuse_utility.c.obj

[728/1865] Building C object esp-idf/efuse/CMakeFiles/__idf_efuse.dir/src/efuse_controller/keys/with_key_purposes/esp_efuse_api_key.c.obj

[729/1865] Building C object esp-idf/mbedtls/mbedtls/library/CMakeFiles/mbedtls.dir/debug.c.obj

[730/1865] Building C object esp-idf/mbedtls/mbedtls/library/CMakeFiles/mbedtls.dir/mps_reader.c.obj

[731/1865] Building C object esp-idf/esp_partition/CMakeFiles/__idf_esp_partition.dir/partition.c.obj

[732/1865] Building C object esp-idf/esp_app_format/CMakeFiles/__idf_esp_app_format.dir/esp_app_desc.c.obj

[733/1865] Building C object esp-idf/mbedtls/mbedtls/library/CMakeFiles/mbedtls.dir/mps_trace.c.obj

[734/1865] Building C object esp-idf/mbedtls/mbedtls/library/CMakeFiles/mbedtls.dir/ssl_debug_helpers_generated.c.obj

[735/1865] Building C object esp-idf/mbedtls/mbedtls/library/CMakeFiles/mbedtls.dir/ssl_cookie.c.obj

[736/1865] Building C object esp-idf/mbedtls/mbedtls/library/CMakeFiles/mbedtls.dir/ssl_cache.c.obj

[737/1865] Building C object esp-idf/mbedtls/mbedtls/library/CMakeFiles/mbedtls.dir/ssl_ciphersuites.c.obj

[738/1865] Linking C static library esp-idf\esp_system\libesp_system.a

[739/1865] Building C object esp-idf/mbedtls/mbedtls/library/CMakeFiles/mbedtls.dir/ssl_client.c.obj

[740/1865] Building C object esp-idf/mbedtls/mbedtls/library/CMakeFiles/mbedtls.dir/ssl_tls13_server.c.obj

[741/1865] Building C object esp-idf/mbedtls/mbedtls/library/CMakeFiles/mbedtls.dir/ssl_tls13_keys.c.obj

[742/1865] Building C object esp-idf/app_update/CMakeFiles/__idf_app_update.dir/esp_ota_ops.c.obj

[743/1865] Building C object esp-idf/mbedtls/mbedtls/library/CMakeFiles/mbedtls.dir/ssl_ticket.c.obj

[744/1865] Building C object esp-idf/mbedtls/mbedtls/library/CMakeFiles/mbedtls.dir/ssl_tls13_client.c.obj

[745/1865] Building C object esp-idf/mbedtls/mbedtls/library/CMakeFiles/mbedtls.dir/ssl_tls13_generic.c.obj

[746/1865] Building C object esp-idf/mbedtls/mbedtls/library/CMakeFiles/mbedtls.dir/E_/ESP/.espressif/v5.5.4/esp-idf/components/mbedtls/port/esp_platform_time.c.obj

[747/1865] Linking C static library esp-idf\spi_flash\libspi_flash.a

[748/1865] Building C object esp-idf/mbedtls/mbedtls/library/CMakeFiles/mbedtls.dir/E_/ESP/.espressif/v5.5.4/esp-idf/components/mbedtls/port/mbedtls_debug.c.obj

[749/1865] Building C object esp-idf/mbedtls/mbedtls/library/CMakeFiles/mbedtls.dir/ssl_msg.c.obj

[750/1865] Building C object esp-idf/mbedtls/mbedtls/library/CMakeFiles/mbedtls.dir/E_/ESP/.espressif/v5.5.4/esp-idf/components/mbedtls/port/net_sockets.c.obj

[751/1865] Building C object esp-idf/mbedtls/mbedtls/library/CMakeFiles/mbedx509.dir/pkcs7.c.obj

[752/1865] Building C object esp-idf/mbedtls/mbedtls/library/CMakeFiles/mbedx509.dir/x509_create.c.obj

[753/1865] Building C object esp-idf/mbedtls/mbedtls/library/CMakeFiles/mbedtls.dir/ssl_tls12_client.c.obj

[754/1865] Building C object esp-idf/mbedtls/mbedtls/library/CMakeFiles/mbedx509.dir/x509_crl.c.obj

[755/1865] Building C object esp-idf/mbedtls/mbedtls/library/CMakeFiles/mbedtls.dir/ssl_tls12_server.c.obj

[756/1865] Building C object esp-idf/mbedtls/mbedtls/library/CMakeFiles/mbedx509.dir/x509_csr.c.obj

[757/1865] Building C object esp-idf/mbedtls/mbedtls/library/CMakeFiles/mbedx509.dir/x509write.c.obj

[758/1865] Linking C static library esp-idf\esp_mm\libesp_mm.a

[759/1865] Building C object esp-idf/mbedtls/mbedtls/library/CMakeFiles/mbedcrypto.dir/aesni.c.obj

[760/1865] Building C object esp-idf/mbedtls/mbedtls/library/CMakeFiles/mbedx509.dir/x509write_csr.c.obj

[761/1865] Building C object esp-idf/mbedtls/mbedtls/library/CMakeFiles/mbedcrypto.dir/aesce.c.obj

[762/1865] Building C object esp-idf/mbedtls/mbedtls/library/CMakeFiles/mbedcrypto.dir/asn1parse.c.obj

[763/1865] Building C object esp-idf/mbedtls/mbedtls/library/CMakeFiles/mbedx509.dir/x509.c.obj

[764/1865] Building C object esp-idf/mbedtls/mbedtls/library/CMakeFiles/mbedx509.dir/x509write_crt.c.obj

[765/1865] Building C object esp-idf/mbedtls/mbedtls/library/CMakeFiles/mbedtls.dir/ssl_tls.c.obj

[766/1865] Building C object esp-idf/mbedtls/mbedtls/library/CMakeFiles/mbedcrypto.dir/aes.c.obj

[767/1865] Building C object esp-idf/mbedtls/mbedtls/library/CMakeFiles/mbedcrypto.dir/aria.c.obj

[768/1865] Building C object esp-idf/mbedtls/mbedtls/library/CMakeFiles/mbedcrypto.dir/asn1write.c.obj

[769/1865] Building C object esp-idf/mbedtls/mbedtls/library/CMakeFiles/mbedcrypto.dir/bignum_mod_raw.c.obj

[770/1865] Building C object esp-idf/mbedtls/mbedtls/library/CMakeFiles/mbedcrypto.dir/bignum_mod.c.obj

[771/1865] Linking C static library esp-idf\bootloader_support\libbootloader_support.a

[772/1865] Building C object esp-idf/mbedtls/mbedtls/library/CMakeFiles/mbedcrypto.dir/camellia.c.obj

[773/1865] Building C object esp-idf/mbedtls/mbedtls/library/CMakeFiles/mbedcrypto.dir/base64.c.obj

[774/1865] Building C object esp-idf/mbedtls/mbedtls/library/CMakeFiles/mbedcrypto.dir/block_cipher.c.obj

[775/1865] Building C object esp-idf/mbedtls/mbedtls/library/CMakeFiles/mbedcrypto.dir/chacha20.c.obj

[776/1865] Building C object esp-idf/mbedtls/mbedtls/library/CMakeFiles/mbedx509.dir/x509_crt.c.obj

[777/1865] Building C object esp-idf/mbedtls/mbedtls/library/CMakeFiles/mbedcrypto.dir/chachapoly.c.obj

[778/1865] Building C object esp-idf/mbedtls/mbedtls/library/CMakeFiles/mbedcrypto.dir/ccm.c.obj

[779/1865] Building C object esp-idf/mbedtls/mbedtls/library/CMakeFiles/mbedcrypto.dir/constant_time.c.obj

[780/1865] Building C object esp-idf/mbedtls/mbedtls/library/CMakeFiles/mbedcrypto.dir/bignum_core.c.obj

[781/1865] Building C object esp-idf/mbedtls/mbedtls/library/CMakeFiles/mbedcrypto.dir/dhm.c.obj

[782/1865] Building C object esp-idf/mbedtls/mbedtls/library/CMakeFiles/mbedcrypto.dir/des.c.obj

[783/1865] Building C object esp-idf/mbedtls/mbedtls/library/CMakeFiles/mbedcrypto.dir/cipher_wrap.c.obj

[784/1865] Linking C static library esp-idf\efuse\libefuse.a

[785/1865] Building C object esp-idf/mbedtls/mbedtls/library/CMakeFiles/mbedcrypto.dir/ctr_drbg.c.obj

[786/1865] Building C object esp-idf/mbedtls/mbedtls/library/CMakeFiles/mbedcrypto.dir/cipher.c.obj

[787/1865] Building C object esp-idf/mbedtls/mbedtls/library/CMakeFiles/mbedcrypto.dir/cmac.c.obj

[788/1865] Building C object esp-idf/mbedtls/mbedtls/library/CMakeFiles/mbedcrypto.dir/ecjpake.c.obj

[789/1865] Building C object esp-idf/mbedtls/mbedtls/library/CMakeFiles/mbedcrypto.dir/ecdh.c.obj

[790/1865] Building C object esp-idf/mbedtls/mbedtls/library/CMakeFiles/mbedcrypto.dir/ecdsa.c.obj

[791/1865] Building C object esp-idf/mbedtls/mbedtls/library/CMakeFiles/mbedcrypto.dir/ecp_curves_new.c.obj

[792/1865] Building C object esp-idf/mbedtls/mbedtls/library/CMakeFiles/mbedcrypto.dir/bignum.c.obj

[793/1865] Building C object esp-idf/mbedtls/mbedtls/library/CMakeFiles/mbedcrypto.dir/entropy_poll.c.obj

[794/1865] Building C object esp-idf/mbedtls/mbedtls/library/CMakeFiles/mbedcrypto.dir/hkdf.c.obj

[795/1865] Linking C static library esp-idf\esp_partition\libesp_partition.a

[796/1865] Building C object esp-idf/mbedtls/mbedtls/library/CMakeFiles/mbedcrypto.dir/hmac_drbg.c.obj

[797/1865] Building C object esp-idf/mbedtls/mbedtls/library/CMakeFiles/mbedcrypto.dir/entropy.c.obj

[798/1865] Building C object esp-idf/mbedtls/mbedtls/library/CMakeFiles/mbedcrypto.dir/lmots.c.obj

[799/1865] Building C object esp-idf/mbedtls/mbedtls/library/CMakeFiles/mbedcrypto.dir/lms.c.obj

[800/1865] Building C object esp-idf/mbedtls/mbedtls/library/CMakeFiles/mbedcrypto.dir/error.c.obj

[801/1865] Building C object esp-idf/mbedtls/mbedtls/library/CMakeFiles/mbedcrypto.dir/md5.c.obj

[802/1865] Building C object esp-idf/mbedtls/mbedtls/library/CMakeFiles/mbedcrypto.dir/memory_buffer_alloc.c.obj

[803/1865] Building C object esp-idf/mbedtls/mbedtls/library/CMakeFiles/mbedcrypto.dir/ecp_curves.c.obj

[804/1865] Building C object esp-idf/mbedtls/mbedtls/library/CMakeFiles/mbedcrypto.dir/nist_kw.c.obj

[805/1865] Building C object esp-idf/mbedtls/mbedtls/library/CMakeFiles/mbedcrypto.dir/gcm.c.obj

[806/1865] Building C object esp-idf/mbedtls/mbedtls/library/CMakeFiles/mbedcrypto.dir/md.c.obj

[807/1865] Building C object esp-idf/mbedtls/mbedtls/library/CMakeFiles/mbedcrypto.dir/padlock.c.obj

[808/1865] Linking C static library esp-idf\app_update\libapp_update.a

[809/1865] Building C object esp-idf/mbedtls/mbedtls/library/CMakeFiles/mbedcrypto.dir/pem.c.obj

[810/1865] Building C object esp-idf/mbedtls/mbedtls/library/CMakeFiles/mbedcrypto.dir/pk_ecc.c.obj

[811/1865] Building C object esp-idf/mbedtls/mbedtls/library/CMakeFiles/mbedcrypto.dir/ecp.c.obj

[812/1865] Building C object esp-idf/mbedtls/mbedtls/library/CMakeFiles/mbedcrypto.dir/pkcs5.c.obj

[813/1865] Building C object esp-idf/mbedtls/mbedtls/library/CMakeFiles/mbedcrypto.dir/pkcs12.c.obj

[814/1865] Building C object esp-idf/mbedtls/mbedtls/library/CMakeFiles/mbedcrypto.dir/pk_wrap.c.obj

[815/1865] Building C object esp-idf/mbedtls/mbedtls/library/CMakeFiles/mbedcrypto.dir/oid.c.obj

[816/1865] Building C object esp-idf/mbedtls/mbedtls/library/CMakeFiles/mbedcrypto.dir/poly1305.c.obj

[817/1865] Building C object esp-idf/mbedtls/mbedtls/library/CMakeFiles/mbedcrypto.dir/platform.c.obj

[818/1865] Building C object esp-idf/mbedtls/mbedtls/library/CMakeFiles/mbedcrypto.dir/pk.c.obj

[819/1865] Building C object esp-idf/mbedtls/mbedtls/library/CMakeFiles/mbedcrypto.dir/platform_util.c.obj

[820/1865] Building C object esp-idf/mbedtls/mbedtls/library/CMakeFiles/mbedcrypto.dir/pkwrite.c.obj

[821/1865] Linking C static library esp-idf\esp_bootloader_format\libesp_bootloader_format.a

[822/1865] Building C object esp-idf/mbedtls/mbedtls/library/CMakeFiles/mbedcrypto.dir/pkparse.c.obj

[823/1865] Building C object esp-idf/mbedtls/mbedtls/library/CMakeFiles/mbedcrypto.dir/psa_crypto_client.c.obj

[824/1865] Building C object esp-idf/mbedtls/mbedtls/library/CMakeFiles/mbedcrypto.dir/psa_crypto_driver_wrappers_no_static.c.obj

[825/1865] Building C object esp-idf/mbedtls/mbedtls/library/CMakeFiles/mbedcrypto.dir/psa_crypto_cipher.c.obj

[826/1865] Building C object esp-idf/mbedtls/mbedtls/library/CMakeFiles/mbedcrypto.dir/psa_crypto_aead.c.obj

[827/1865] Building C object esp-idf/mbedtls/mbedtls/library/CMakeFiles/mbedcrypto.dir/psa_crypto_hash.c.obj

[828/1865] Building C object esp-idf/mbedtls/mbedtls/library/CMakeFiles/mbedcrypto.dir/psa_crypto_se.c.obj

[829/1865] Building C object esp-idf/mbedtls/mbedtls/library/CMakeFiles/mbedcrypto.dir/psa_crypto_ffdh.c.obj

[830/1865] Building C object esp-idf/mbedtls/mbedtls/library/CMakeFiles/mbedcrypto.dir/psa_crypto_ecp.c.obj

[831/1865] Building C object esp-idf/mbedtls/mbedtls/library/CMakeFiles/mbedcrypto.dir/psa_crypto_pake.c.obj

[832/1865] Building C object esp-idf/mbedtls/mbedtls/library/CMakeFiles/mbedcrypto.dir/psa_crypto_mac.c.obj

[833/1865] Linking C static library esp-idf\esp_app_format\libesp_app_format.a

[834/1865] Building C object esp-idf/mbedtls/mbedtls/library/CMakeFiles/mbedcrypto.dir/psa_its_file.c.obj

[835/1865] Building C object esp-idf/mbedtls/mbedtls/library/CMakeFiles/mbedcrypto.dir/psa_crypto_rsa.c.obj

[836/1865] Building C object esp-idf/mbedtls/mbedtls/library/CMakeFiles/mbedcrypto.dir/ripemd160.c.obj

[837/1865] Building C object esp-idf/mbedtls/mbedtls/library/CMakeFiles/mbedcrypto.dir/psa_crypto_storage.c.obj

[838/1865] Building C object esp-idf/mbedtls/mbedtls/library/CMakeFiles/mbedcrypto.dir/rsa_alt_helpers.c.obj

[839/1865] Building C object esp-idf/mbedtls/mbedtls/library/CMakeFiles/mbedcrypto.dir/sha512.c.obj

[840/1865] Building C object esp-idf/mbedtls/mbedtls/library/CMakeFiles/mbedcrypto.dir/psa_crypto_slot_management.c.obj

[841/1865] Building C object esp-idf/mbedtls/mbedtls/library/CMakeFiles/mbedcrypto.dir/psa_util.c.obj

[842/1865] Building C object esp-idf/mbedtls/mbedtls/library/CMakeFiles/mbedcrypto.dir/sha1.c.obj

[843/1865] Building C object esp-idf/mbedtls/mbedtls/library/CMakeFiles/mbedcrypto.dir/sha3.c.obj

[844/1865] Building C object esp-idf/mbedtls/mbedtls/library/CMakeFiles/mbedcrypto.dir/version.c.obj

[845/1865] Building C object esp-idf/mbedtls/mbedtls/library/CMakeFiles/mbedcrypto.dir/threading.c.obj

[846/1865] Building C object esp-idf/mbedtls/mbedtls/library/CMakeFiles/mbedcrypto.dir/sha256.c.obj

[847/1865] Building C object esp-idf/mbedtls/mbedtls/library/CMakeFiles/mbedcrypto.dir/timing.c.obj

[848/1865] Building C object esp-idf/mbedtls/mbedtls/library/CMakeFiles/mbedcrypto.dir/version_features.c.obj

[849/1865] Linking CXX static library esp-idf\mbedtls\mbedtls\library\libmbedtls.a

[850/1865] Building C object esp-idf/mbedtls/mbedtls/library/CMakeFiles/mbedcrypto.dir/E_/ESP/.espressif/v5.5.4/esp-idf/components/mbedtls/port/sha/core/esp_sha_gdma_impl.c.obj

[851/1865] Building C object esp-idf/mbedtls/mbedtls/library/CMakeFiles/mbedcrypto.dir/E_/ESP/.espressif/v5.5.4/esp-idf/components/mbedtls/port/esp_mem.c.obj

[852/1865] Building C object esp-idf/mbedtls/mbedtls/library/CMakeFiles/mbedcrypto.dir/E_/ESP/.espressif/v5.5.4/esp-idf/components/mbedtls/port/esp_hardware.c.obj

[853/1865] Building C object esp-idf/mbedtls/mbedtls/library/CMakeFiles/mbedcrypto.dir/E_/ESP/.espressif/v5.5.4/esp-idf/components/mbedtls/port/esp_timing.c.obj

[854/1865] Building C object esp-idf/mbedtls/mbedtls/library/CMakeFiles/mbedcrypto.dir/E_/ESP/.espressif/v5.5.4/esp-idf/components/mbedtls/port/crypto_shared_gdma/esp_crypto_shared_gdma.c.obj

[855/1865] Building C object esp-idf/mbedtls/mbedtls/library/CMakeFiles/mbedcrypto.dir/E_/ESP/.espressif/v5.5.4/esp-idf/components/mbedtls/port/aes/dma/esp_aes_gdma_impl.c.obj

[856/1865] Building C object esp-idf/mbedtls/mbedtls/library/CMakeFiles/mbedcrypto.dir/E_/ESP/.espressif/v5.5.4/esp-idf/components/mbedtls/port/aes/esp_aes_common.c.obj

[857/1865] Building C object esp-idf/mbedtls/mbedtls/library/CMakeFiles/mbedcrypto.dir/E_/ESP/.espressif/v5.5.4/esp-idf/components/mbedtls/port/aes/esp_aes_xts.c.obj

[858/1865] Building C object esp-idf/mbedtls/mbedtls/library/CMakeFiles/mbedcrypto.dir/E_/ESP/.espressif/v5.5.4/esp-idf/components/mbedtls/port/aes/dma/esp_aes_dma_core.c.obj

[859/1865] Building C object esp-idf/mbedtls/mbedtls/library/CMakeFiles/mbedcrypto.dir/E_/ESP/.espressif/v5.5.4/esp-idf/components/mbedtls/port/sha/esp_sha.c.obj

[860/1865] Building C object esp-idf/mbedtls/mbedtls/library/CMakeFiles/mbedcrypto.dir/rsa.c.obj

[861/1865] Building C object esp-idf/mbedtls/mbedtls/library/CMakeFiles/mbedcrypto.dir/E_/ESP/.espressif/v5.5.4/esp-idf/components/mbedtls/port/esp_hmac_pbkdf2.c.obj

[862/1865] Building C object esp-idf/mbedtls/mbedtls/library/CMakeFiles/mbedcrypto.dir/E_/ESP/.espressif/v5.5.4/esp-idf/components/mbedtls/port/aes/dma/esp_aes.c.obj

[863/1865] Building C object esp-idf/mbedtls/mbedtls/library/CMakeFiles/mbedcrypto.dir/E_/ESP/.espressif/v5.5.4/esp-idf/components/mbedtls/port/sha/core/sha.c.obj

[864/1865] Building C object esp-idf/mbedtls/mbedtls/library/CMakeFiles/mbedcrypto.dir/E_/ESP/.espressif/v5.5.4/esp-idf/components/mbedtls/port/esp_ds/esp_rsa_dec_alt.c.obj

[865/1865] Building C object esp-idf/mbedtls/mbedtls/library/CMakeFiles/mbedcrypto.dir/E_/ESP/.espressif/v5.5.4/esp-idf/components/mbedtls/port/bignum/bignum_alt.c.obj

[866/1865] Building C object esp-idf/mbedtls/mbedtls/library/CMakeFiles/mbedcrypto.dir/E_/ESP/.espressif/v5.5.4/esp-idf/components/mbedtls/port/sha/core/esp_sha1.c.obj

[867/1865] Building C object esp-idf/mbedtls/mbedtls/library/CMakeFiles/mbedcrypto.dir/E_/ESP/.espressif/v5.5.4/esp-idf/components/mbedtls/port/esp_ds/esp_ds_common.c.obj

[868/1865] Building C object esp-idf/mbedtls/mbedtls/library/CMakeFiles/mbedcrypto.dir/E_/ESP/.espressif/v5.5.4/esp-idf/components/mbedtls/port/esp_ds/esp_rsa_sign_alt.c.obj

[869/1865] Building C object esp-idf/mbedtls/mbedtls/library/CMakeFiles/mbedcrypto.dir/E_/ESP/.espressif/v5.5.4/esp-idf/components/mbedtls/port/bignum/esp_bignum.c.obj

[870/1865] Building C object esp-idf/mbedtls/mbedtls/library/CMakeFiles/mbedcrypto.dir/E_/ESP/.espressif/v5.5.4/esp-idf/components/mbedtls/port/sha/core/esp_sha256.c.obj

[871/1865] Building C object esp-idf/mbedtls/mbedtls/library/CMakeFiles/mbedcrypto.dir/E_/ESP/.espressif/v5.5.4/esp-idf/components/mbedtls/port/md/esp_md.c.obj

[872/1865] Building C object esp-idf/mbedtls/mbedtls/library/CMakeFiles/mbedcrypto.dir/E_/ESP/.espressif/v5.5.4/esp-idf/components/mbedtls/port/sha/core/esp_sha512.c.obj

[873/1865] Building C object esp-idf/mbedtls/mbedtls/library/CMakeFiles/mbedcrypto.dir/E_/ESP/.espressif/v5.5.4/esp-idf/components/mbedtls/port/aes/esp_aes_gcm.c.obj

[874/1865] Linking CXX static library esp-idf\mbedtls\mbedtls\library\libmbedx509.a

[875/1865] Building C object esp-idf/mbedtls/mbedtls/3rdparty/p256-m/CMakeFiles/p256m.dir/p256-m_driver_entrypoints.c.obj

[876/1865] Building C object esp-idf/mbedtls/mbedtls/3rdparty/p256-m/CMakeFiles/p256m.dir/p256-m/p256-m.c.obj

[877/1865] Creating directories for 'bootloader'

[878/1865] Building C object esp-idf/mbedtls/mbedtls/3rdparty/everest/CMakeFiles/everest.dir/library/Hacl_Curve25519_joined.c.obj

[879/1865] Building C object esp-idf/mbedtls/mbedtls/3rdparty/everest/CMakeFiles/everest.dir/library/x25519.c.obj

[880/1865] Building C object esp-idf/mbedtls/mbedtls/3rdparty/everest/CMakeFiles/everest.dir/library/everest.c.obj

[881/1865] No download step for 'bootloader'

[882/1865] No update step for 'bootloader'

[883/1865] No patch step for 'bootloader'

[884/1865] Building C object esp-idf/mbedtls/mbedtls/library/CMakeFiles/mbedcrypto.dir/psa_crypto.c.obj

[885/1865] Linking CXX static library esp-idf\mbedtls\mbedtls\library\libmbedcrypto.a

[886/1865] Linking CXX static library esp-idf\mbedtls\mbedtls\3rdparty\p256-m\libp256m.a

[887/1865] Linking CXX static library esp-idf\mbedtls\mbedtls\3rdparty\everest\libeverest.a

[888/1865] Generating x509_crt_bundle

[889/1865] Generating ../../x509_crt_bundle.S

[890/1865] Building ASM object esp-idf/mbedtls/CMakeFiles/__idf_mbedtls.dir/__/__/x509_crt_bundle.S.obj

[891/1865] Building ASM object esp-idf/xtensa/CMakeFiles/__idf_xtensa.dir/xtensa_context.S.obj

[892/1865] Building C object esp-idf/xtensa/CMakeFiles/__idf_xtensa.dir/eri.c.obj

[893/1865] Building C object esp-idf/esp_driver_gpio/CMakeFiles/__idf_esp_driver_gpio.dir/src/gpio_glitch_filter_ops.c.obj

[894/1865] Building C object esp-idf/xtensa/CMakeFiles/__idf_xtensa.dir/xt_trax.c.obj

[895/1865] Building C object esp-idf/esp_pm/CMakeFiles/__idf_esp_pm.dir/pm_trace.c.obj

[896/1865] Building C object esp-idf/esp_pm/CMakeFiles/__idf_esp_pm.dir/pm_locks.c.obj

[897/1865] Building ASM object esp-idf/xtensa/CMakeFiles/__idf_xtensa.dir/xtensa_intr_asm.S.obj

[898/1865] Building C object esp-idf/esp_driver_gpio/CMakeFiles/__idf_esp_driver_gpio.dir/src/gpio_pin_glitch_filter.c.obj

[899/1865] Building C object esp-idf/mbedtls/CMakeFiles/__idf_mbedtls.dir/esp_crt_bundle/esp_crt_bundle.c.obj

[900/1865] Building ASM object esp-idf/xtensa/CMakeFiles/__idf_xtensa.dir/xtensa_vectors.S.obj

[901/1865] Building C object esp-idf/esp_driver_gpio/CMakeFiles/__idf_esp_driver_gpio.dir/src/dedic_gpio.c.obj

[902/1865] Building C object esp-idf/esp_pm/CMakeFiles/__idf_esp_pm.dir/pm_impl.c.obj

[903/1865] Building C object esp-idf/esp_driver_gpio/CMakeFiles/__idf_esp_driver_gpio.dir/src/rtc_io.c.obj

[904/1865] Building C object esp-idf/xtensa/CMakeFiles/__idf_xtensa.dir/xtensa_intr.c.obj

[905/1865] Building C object esp-idf/esp_lcd/CMakeFiles/__idf_esp_lcd.dir/src/esp_lcd_common.c.obj

[906/1865] Building C object esp-idf/esp_lcd/CMakeFiles/__idf_esp_lcd.dir/src/esp_lcd_panel_io.c.obj

[907/1865] Building C object esp-idf/esp_lcd/CMakeFiles/__idf_esp_lcd.dir/src/esp_lcd_panel_ops.c.obj

[908/1865] Linking C static library esp-idf\mbedtls\libmbedtls.a

[909/1865] Building C object esp-idf/esp_lcd/CMakeFiles/__idf_esp_lcd.dir/src/esp_lcd_panel_nt35510.c.obj

[910/1865] Building C object esp-idf/esp_lcd/CMakeFiles/__idf_esp_lcd.dir/src/esp_lcd_panel_ssd1306.c.obj

[911/1865] Building C object esp-idf/esp_lcd/CMakeFiles/__idf_esp_lcd.dir/src/esp_lcd_panel_st7789.c.obj

[912/1865] Building C object esp-idf/esp_lcd/CMakeFiles/__idf_esp_lcd.dir/i2c/esp_lcd_panel_io_i2c_v1.c.obj

[913/1865] Building C object esp-idf/esp_lcd/CMakeFiles/__idf_esp_lcd.dir/i2c/esp_lcd_panel_io_i2c_v2.c.obj

[914/1865] Building C object esp-idf/echopal_board/CMakeFiles/__idf_echopal_board.dir/echopal_board.c.obj

E:/ESP/esp-miply-1.85touch/esp_miplay-1.85c/components/echopal_board/echopal_board.c:29:18: warning: 'tca9554_read' defined but not used [-Wunused-function]

   29 | static esp_err_t tca9554_read(uint8_t reg, uint8_t *value)

      |                  ^~~~~~~~~~~~

[915/1865] Building C object esp-idf/esp_driver_gpio/CMakeFiles/__idf_esp_driver_gpio.dir/src/gpio.c.obj

[916/1865] Building C object esp-idf/esp_codec_dev/CMakeFiles/__idf_esp_codec_dev.dir/esp_codec_dev_vol.c.obj

[917/1865] Building C object esp-idf/esp_codec_dev/CMakeFiles/__idf_esp_codec_dev.dir/esp_codec_dev_if.c.obj

[918/1865] Building C object esp-idf/esp_lcd/CMakeFiles/__idf_esp_lcd.dir/spi/esp_lcd_panel_io_spi.c.obj

[919/1865] Building C object esp-idf/esp_codec_dev/CMakeFiles/__idf_esp_codec_dev.dir/esp_codec_dev.c.obj

[920/1865] Linking C static library esp-idf\esp_pm\libesp_pm.a

[921/1865] Building C object esp-idf/esp_lcd_st77916/CMakeFiles/__idf_esp_lcd_st77916.dir/esp_lcd_st77916.c.obj

[922/1865] Building C object esp-idf/esp_codec_dev/CMakeFiles/__idf_esp_codec_dev.dir/platform/audio_codec_gpio.c.obj

[923/1865] Building C object esp-idf/esp_codec_dev/CMakeFiles/__idf_esp_codec_dev.dir/audio_codec_sw_vol.c.obj

[924/1865] Building C object esp-idf/esp_codec_dev/CMakeFiles/__idf_esp_codec_dev.dir/platform/audio_codec_ctrl_i2c.c.obj

[925/1865] Building C object esp-idf/esp_lcd/CMakeFiles/__idf_esp_lcd.dir/i80/esp_lcd_panel_io_i80.c.obj

[926/1865] Building C object esp-idf/nghttp/CMakeFiles/__idf_nghttp.dir/nghttp2/lib/nghttp2_debug.c.obj

[927/1865] Building C object esp-idf/esp_codec_dev/CMakeFiles/__idf_esp_codec_dev.dir/platform/esp_codec_dev_os.c.obj

[928/1865] Building C object esp-idf/esp_codec_dev/CMakeFiles/__idf_esp_codec_dev.dir/platform/audio_codec_ctrl_spi.c.obj

[929/1865] Linking C static library esp-idf\esp_driver_gpio\libesp_driver_gpio.a

[930/1865] Building C object esp-idf/nghttp/CMakeFiles/__idf_nghttp.dir/nghttp2/lib/nghttp2_extpri.c.obj

[931/1865] Building C object esp-idf/nghttp/CMakeFiles/__idf_nghttp.dir/nghttp2/lib/nghttp2_callbacks.c.obj

[932/1865] Building C object esp-idf/esp_codec_dev/CMakeFiles/__idf_esp_codec_dev.dir/device/es8311/es8311.c.obj

[933/1865] Building C object esp-idf/nghttp/CMakeFiles/__idf_nghttp.dir/nghttp2/lib/nghttp2_buf.c.obj

[934/1865] Building C object esp-idf/esp_codec_dev/CMakeFiles/__idf_esp_codec_dev.dir/platform/audio_codec_data_i2s.c.obj

[935/1865] Building C object esp-idf/nghttp/CMakeFiles/__idf_nghttp.dir/nghttp2/lib/nghttp2_hd_huffman.c.obj

[936/1865] Building C object esp-idf/nghttp/CMakeFiles/__idf_nghttp.dir/nghttp2/lib/nghttp2_hd_huffman_data.c.obj

[937/1865] Building C object esp-idf/esp_lcd/CMakeFiles/__idf_esp_lcd.dir/rgb/esp_lcd_panel_rgb.c.obj

[938/1865] Building C object esp-idf/nghttp/CMakeFiles/__idf_nghttp.dir/nghttp2/lib/nghttp2_mem.c.obj

[939/1865] Building C object esp-idf/nghttp/CMakeFiles/__idf_nghttp.dir/nghttp2/lib/nghttp2_helper.c.obj

[940/1865] Building C object esp-idf/nghttp/CMakeFiles/__idf_nghttp.dir/nghttp2/lib/nghttp2_alpn.c.obj

[941/1865] Building C object esp-idf/nghttp/CMakeFiles/__idf_nghttp.dir/nghttp2/lib/nghttp2_outbound_item.c.obj

[942/1865] Linking C static library esp-idf\xtensa\libxtensa.a

[943/1865] Building C object esp-idf/nghttp/CMakeFiles/__idf_nghttp.dir/nghttp2/lib/nghttp2_priority_spec.c.obj

[944/1865] Building C object esp-idf/nghttp/CMakeFiles/__idf_nghttp.dir/nghttp2/lib/nghttp2_frame.c.obj

[945/1865] Building C object esp-idf/nghttp/CMakeFiles/__idf_nghttp.dir/nghttp2/lib/nghttp2_pq.c.obj

[946/1865] Building C object esp-idf/nghttp/CMakeFiles/__idf_nghttp.dir/nghttp2/lib/nghttp2_option.c.obj

[947/1865] Building C object esp-idf/nghttp/CMakeFiles/__idf_nghttp.dir/nghttp2/lib/nghttp2_map.c.obj

[948/1865] Building C object esp-idf/nghttp/CMakeFiles/__idf_nghttp.dir/nghttp2/lib/nghttp2_http.c.obj

[949/1865] Building C object esp-idf/nghttp/CMakeFiles/__idf_nghttp.dir/nghttp2/lib/nghttp2_queue.c.obj

[950/1865] Building C object esp-idf/nghttp/CMakeFiles/__idf_nghttp.dir/nghttp2/lib/nghttp2_ratelim.c.obj

[951/1865] Building C object esp-idf/nghttp/CMakeFiles/__idf_nghttp.dir/nghttp2/lib/nghttp2_rcbuf.c.obj

[952/1865] Building C object esp-idf/nghttp/CMakeFiles/__idf_nghttp.dir/nghttp2/lib/nghttp2_hd.c.obj

[953/1865] Building C object esp-idf/nghttp/CMakeFiles/__idf_nghttp.dir/nghttp2/lib/nghttp2_time.c.obj

[954/1865] Building C object esp-idf/nghttp/CMakeFiles/__idf_nghttp.dir/nghttp2/lib/nghttp2_stream.c.obj

[955/1865] Linking C static library esp-idf\esp_lcd\libesp_lcd.a

[956/1865] Building C object esp-idf/nghttp/CMakeFiles/__idf_nghttp.dir/nghttp2/lib/nghttp2_version.c.obj

[957/1865] Building C object esp-idf/console/CMakeFiles/__idf_console.dir/split_argv.c.obj

[958/1865] Building C object esp-idf/console/CMakeFiles/__idf_console.dir/esp_console_repl_internal.c.obj

[959/1865] Building C object esp-idf/nghttp/CMakeFiles/__idf_nghttp.dir/nghttp2/lib/nghttp2_submit.c.obj

[960/1865] Building C object esp-idf/console/CMakeFiles/__idf_console.dir/commands.c.obj

[961/1865] Building C object esp-idf/console/CMakeFiles/__idf_console.dir/esp_console_common.c.obj

[962/1865] Building C object esp-idf/nghttp/CMakeFiles/__idf_nghttp.dir/nghttp2/lib/sfparse.c.obj

[963/1865] Building C object esp-idf/console/CMakeFiles/__idf_console.dir/argtable3/arg_end.c.obj

[964/1865] Building C object esp-idf/console/CMakeFiles/__idf_console.dir/argtable3/arg_dbl.c.obj

[965/1865] Building C object esp-idf/console/CMakeFiles/__idf_console.dir/argtable3/arg_dstr.c.obj

[966/1865] Building C object esp-idf/console/CMakeFiles/__idf_console.dir/argtable3/arg_file.c.obj

[967/1865] Building C object esp-idf/console/CMakeFiles/__idf_console.dir/argtable3/arg_cmd.c.obj

[968/1865] Building C object esp-idf/console/CMakeFiles/__idf_console.dir/esp_console_repl_chip.c.obj

[969/1865] Building C object esp-idf/console/CMakeFiles/__idf_console.dir/argtable3/arg_date.c.obj

[970/1865] Building C object esp-idf/console/CMakeFiles/__idf_console.dir/argtable3/arg_hashtable.c.obj

[971/1865] Building C object esp-idf/console/CMakeFiles/__idf_console.dir/argtable3/arg_lit.c.obj

[972/1865] Building C object esp-idf/console/CMakeFiles/__idf_console.dir/argtable3/arg_rem.c.obj

[973/1865] Building C object esp-idf/console/CMakeFiles/__idf_console.dir/argtable3/arg_int.c.obj

[974/1865] Building C object esp-idf/console/CMakeFiles/__idf_console.dir/argtable3/arg_str.c.obj

[975/1865] Building C object esp-idf/console/CMakeFiles/__idf_console.dir/linenoise/linenoise.c.obj

[976/1865] Building C object esp-idf/console/CMakeFiles/__idf_console.dir/argtable3/arg_utils.c.obj

[977/1865] Building C object esp-idf/console/CMakeFiles/__idf_console.dir/argtable3/arg_rex.c.obj

[978/1865] Linking C static library esp-idf\echopal_board\libechopal_board.a

[979/1865] Building C object esp-idf/esp_eth/CMakeFiles/__idf_esp_eth.dir/src/esp_eth_netif_glue.c.obj

[980/1865] Building C object esp-idf/console/CMakeFiles/__idf_console.dir/argtable3/argtable3.c.obj

[981/1865] Linking C static library esp-idf\esp_lcd_st77916\libesp_lcd_st77916.a

[982/1865] Building C object esp-idf/esp_eth/CMakeFiles/__idf_esp_eth.dir/src/esp_eth.c.obj

[983/1865] Building C object esp-idf/lvgl/CMakeFiles/__idf_lvgl.dir/src/core/lv_group.c.obj

[984/1865] Building C object esp-idf/lvgl/CMakeFiles/__idf_lvgl.dir/src/core/lv_obj_class.c.obj

[985/1865] Building C object esp-idf/esp_eth/CMakeFiles/__idf_esp_eth.dir/src/phy/esp_eth_phy_802_3.c.obj

[986/1865] Building C object esp-idf/lvgl/CMakeFiles/__idf_lvgl.dir/src/core/lv_obj.c.obj

[987/1865] Building C object esp-idf/lvgl/CMakeFiles/__idf_lvgl.dir/src/core/lv_obj_id_builtin.c.obj

[988/1865] Building C object esp-idf/lvgl/CMakeFiles/__idf_lvgl.dir/src/core/lv_obj_property.c.obj

[989/1865] Building C object esp-idf/lvgl/CMakeFiles/__idf_lvgl.dir/src/core/lv_obj_draw.c.obj

[990/1865] Building C object esp-idf/lvgl/CMakeFiles/__idf_lvgl.dir/src/core/lv_obj_event.c.obj

[991/1865] Building C object esp-idf/lvgl/CMakeFiles/__idf_lvgl.dir/src/core/lv_obj_tree.c.obj

[992/1865] Building C object esp-idf/lvgl/CMakeFiles/__idf_lvgl.dir/src/core/lv_obj_style_gen.c.obj

[993/1865] Building C object esp-idf/lvgl/CMakeFiles/__idf_lvgl.dir/src/core/lv_obj_scroll.c.obj

[994/1865] Building C object esp-idf/lvgl/CMakeFiles/__idf_lvgl.dir/src/draw/lv_draw.c.obj

[995/1865] Building C object esp-idf/lvgl/CMakeFiles/__idf_lvgl.dir/src/draw/lv_draw_arc.c.obj

[996/1865] Building C object esp-idf/lvgl/CMakeFiles/__idf_lvgl.dir/src/core/lv_obj_style.c.obj

[997/1865] Building C object esp-idf/lvgl/CMakeFiles/__idf_lvgl.dir/src/core/lv_obj_pos.c.obj

[998/1865] Building C object esp-idf/lvgl/CMakeFiles/__idf_lvgl.dir/src/core/lv_refr.c.obj

[999/1865] Building C object esp-idf/lvgl/CMakeFiles/__idf_lvgl.dir/src/draw/lv_draw_mask.c.obj

[1000/1865] Building C object esp-idf/nghttp/CMakeFiles/__idf_nghttp.dir/nghttp2/lib/nghttp2_session.c.obj

[1001/1865] Building C object esp-idf/lvgl/CMakeFiles/__idf_lvgl.dir/src/display/lv_display.c.obj

[1002/1865] Building C object esp-idf/lvgl/CMakeFiles/__idf_lvgl.dir/src/draw/lv_draw_buf.c.obj

[1003/1865] Building C object esp-idf/lvgl/CMakeFiles/__idf_lvgl.dir/src/draw/lv_draw_image.c.obj

[1004/1865] Building C object esp-idf/lvgl/CMakeFiles/__idf_lvgl.dir/src/draw/lv_draw_line.c.obj

[1005/1865] Building C object esp-idf/lvgl/CMakeFiles/__idf_lvgl.dir/src/draw/nxp/pxp/lv_draw_buf_pxp.c.obj

[1006/1865] Building C object esp-idf/lvgl/CMakeFiles/__idf_lvgl.dir/src/draw/lv_draw_vector.c.obj

[1007/1865] Building C object esp-idf/lvgl/CMakeFiles/__idf_lvgl.dir/src/draw/lv_draw_label.c.obj

[1008/1865] Building C object esp-idf/lvgl/CMakeFiles/__idf_lvgl.dir/src/draw/nxp/pxp/lv_draw_pxp.c.obj

[1009/1865] Building C object esp-idf/lvgl/CMakeFiles/__idf_lvgl.dir/src/draw/nxp/pxp/lv_draw_pxp_img.c.obj

[1010/1865] Building C object esp-idf/lvgl/CMakeFiles/__idf_lvgl.dir/src/draw/lv_draw_rect.c.obj

[1011/1865] Building C object esp-idf/lvgl/CMakeFiles/__idf_lvgl.dir/src/draw/nxp/pxp/lv_draw_pxp_fill.c.obj

[1012/1865] Building C object esp-idf/lvgl/CMakeFiles/__idf_lvgl.dir/src/draw/nxp/pxp/lv_draw_pxp_layer.c.obj

[1013/1865] Building C object esp-idf/lvgl/CMakeFiles/__idf_lvgl.dir/src/draw/nxp/pxp/lv_pxp_osa.c.obj

[1014/1865] Building C object esp-idf/lvgl/CMakeFiles/__idf_lvgl.dir/src/draw/lv_draw_triangle.c.obj

[1015/1865] Building C object esp-idf/lvgl/CMakeFiles/__idf_lvgl.dir/src/draw/nxp/pxp/lv_pxp_cfg.c.obj

[1016/1865] Building C object esp-idf/lvgl/CMakeFiles/__idf_lvgl.dir/src/draw/nxp/pxp/lv_pxp_utils.c.obj

[1017/1865] Building C object esp-idf/lvgl/CMakeFiles/__idf_lvgl.dir/src/draw/lv_image_decoder.c.obj

[1018/1865] Building C object esp-idf/lvgl/CMakeFiles/__idf_lvgl.dir/src/draw/nxp/vglite/lv_draw_buf_vglite.c.obj

[1019/1865] Building C object esp-idf/lvgl/CMakeFiles/__idf_lvgl.dir/src/draw/nxp/vglite/lv_draw_vglite.c.obj

[1020/1865] Building C object esp-idf/lvgl/CMakeFiles/__idf_lvgl.dir/src/draw/nxp/vglite/lv_draw_vglite_img.c.obj

[1021/1865] Building C object esp-idf/lvgl/CMakeFiles/__idf_lvgl.dir/src/draw/nxp/vglite/lv_draw_vglite_label.c.obj

[1022/1865] Building C object esp-idf/lvgl/CMakeFiles/__idf_lvgl.dir/src/draw/nxp/vglite/lv_draw_vglite_fill.c.obj

[1023/1865] Building C object esp-idf/lvgl/CMakeFiles/__idf_lvgl.dir/src/draw/nxp/vglite/lv_draw_vglite_arc.c.obj

[1024/1865] Building C object esp-idf/lvgl/CMakeFiles/__idf_lvgl.dir/src/draw/nxp/vglite/lv_draw_vglite_border.c.obj

[1025/1865] Building C object esp-idf/lvgl/CMakeFiles/__idf_lvgl.dir/src/draw/nxp/vglite/lv_draw_vglite_triangle.c.obj

[1026/1865] Building C object esp-idf/lvgl/CMakeFiles/__idf_lvgl.dir/src/draw/nxp/vglite/lv_draw_vglite_layer.c.obj

[1027/1865] Building C object esp-idf/lvgl/CMakeFiles/__idf_lvgl.dir/src/draw/nxp/vglite/lv_vglite_matrix.c.obj

[1028/1865] Building C object esp-idf/lvgl/CMakeFiles/__idf_lvgl.dir/src/draw/nxp/vglite/lv_vglite_buf.c.obj

[1029/1865] Building C object esp-idf/lvgl/CMakeFiles/__idf_lvgl.dir/src/draw/nxp/vglite/lv_vglite_path.c.obj

[1030/1865] Building C object esp-idf/lvgl/CMakeFiles/__idf_lvgl.dir/src/draw/nxp/vglite/lv_draw_vglite_line.c.obj

[1031/1865] Building C object esp-idf/lvgl/CMakeFiles/__idf_lvgl.dir/src/draw/nxp/vglite/lv_vglite_utils.c.obj

[1032/1865] Building C object esp-idf/lvgl/CMakeFiles/__idf_lvgl.dir/src/draw/renesas/dave2d/lv_draw_dave2d_arc.c.obj

[1033/1865] Building C object esp-idf/lvgl/CMakeFiles/__idf_lvgl.dir/src/draw/renesas/dave2d/lv_draw_dave2d_border.c.obj

[1034/1865] Building C object esp-idf/lvgl/CMakeFiles/__idf_lvgl.dir/src/draw/renesas/dave2d/lv_draw_dave2d.c.obj

[1035/1865] Building C object esp-idf/lvgl/CMakeFiles/__idf_lvgl.dir/src/draw/renesas/dave2d/lv_draw_dave2d_fill.c.obj

[1036/1865] Building C object esp-idf/lvgl/CMakeFiles/__idf_lvgl.dir/src/draw/renesas/dave2d/lv_draw_dave2d_image.c.obj

[1037/1865] Building C object esp-idf/lvgl/CMakeFiles/__idf_lvgl.dir/src/draw/renesas/dave2d/lv_draw_dave2d_label.c.obj

[1038/1865] Building C object esp-idf/lvgl/CMakeFiles/__idf_lvgl.dir/src/draw/renesas/dave2d/lv_draw_dave2d_line.c.obj

[1039/1865] Building C object esp-idf/lvgl/CMakeFiles/__idf_lvgl.dir/src/draw/renesas/dave2d/lv_draw_dave2d_mask_rectangle.c.obj

[1040/1865] Building C object esp-idf/lvgl/CMakeFiles/__idf_lvgl.dir/src/draw/renesas/dave2d/lv_draw_dave2d_triangle.c.obj

[1041/1865] Building C object esp-idf/lvgl/CMakeFiles/__idf_lvgl.dir/src/draw/renesas/dave2d/lv_draw_dave2d_utils.c.obj

[1042/1865] Building C object esp-idf/lvgl/CMakeFiles/__idf_lvgl.dir/src/draw/sdl/lv_draw_sdl.c.obj

[1043/1865] Building C object esp-idf/tft_display/CMakeFiles/__idf_tft_display.dir/tft_display.c.obj

[1044/1865] Building C object esp-idf/lvgl/CMakeFiles/__idf_lvgl.dir/src/draw/sw/blend/lv_draw_sw_blend.c.obj

[1045/1865] Building C object esp-idf/lvgl/CMakeFiles/__idf_lvgl.dir/src/draw/sw/lv_draw_sw_border.c.obj

[1046/1865] Building C object esp-idf/lvgl/CMakeFiles/__idf_lvgl.dir/src/draw/sw/lv_draw_sw_arc.c.obj

[1047/1865] Building C object esp-idf/lvgl/CMakeFiles/__idf_lvgl.dir/src/draw/sw/lv_draw_sw_gradient.c.obj

[1048/1865] Building C object esp-idf/lvgl/CMakeFiles/__idf_lvgl.dir/src/draw/sw/lv_draw_sw.c.obj

[1049/1865] Building C object esp-idf/lvgl/CMakeFiles/__idf_lvgl.dir/src/draw/sw/lv_draw_sw_fill.c.obj

[1050/1865] Building C object esp-idf/lvgl/CMakeFiles/__idf_lvgl.dir/src/draw/sw/blend/lv_draw_sw_blend_to_al88.c.obj

[1051/1865] Building C object esp-idf/lvgl/CMakeFiles/__idf_lvgl.dir/src/draw/sw/blend/lv_draw_sw_blend_to_i1.c.obj

[1052/1865] Building C object esp-idf/lvgl/CMakeFiles/__idf_lvgl.dir/src/draw/sw/blend/lv_draw_sw_blend_to_argb8888.c.obj

[1053/1865] Building C object esp-idf/lvgl/CMakeFiles/__idf_lvgl.dir/src/draw/sw/blend/lv_draw_sw_blend_to_l8.c.obj

[1054/1865] Building C object esp-idf/lvgl/CMakeFiles/__idf_lvgl.dir/src/draw/sw/lv_draw_sw_box_shadow.c.obj

[1055/1865] Building C object esp-idf/lvgl/CMakeFiles/__idf_lvgl.dir/src/draw/sw/blend/lv_draw_sw_blend_to_rgb888.c.obj

[1056/1865] Building C object esp-idf/lvgl/CMakeFiles/__idf_lvgl.dir/src/draw/sw/lv_draw_sw_letter.c.obj

[1057/1865] Building C object esp-idf/lvgl/CMakeFiles/__idf_lvgl.dir/src/draw/sw/lv_draw_sw_mask_rect.c.obj

[1058/1865] Building C object esp-idf/lvgl/CMakeFiles/__idf_lvgl.dir/src/draw/sw/lv_draw_sw_img.c.obj

[1059/1865] Building C object esp-idf/lvgl/CMakeFiles/__idf_lvgl.dir/src/draw/sw/blend/lv_draw_sw_blend_to_rgb565.c.obj

[1060/1865] Building C object esp-idf/lvgl/CMakeFiles/__idf_lvgl.dir/src/draw/vg_lite/lv_draw_buf_vg_lite.c.obj

[1061/1865] Building C object esp-idf/lvgl/CMakeFiles/__idf_lvgl.dir/src/draw/vg_lite/lv_draw_vg_lite.c.obj

[1062/1865] Building C object esp-idf/lvgl/CMakeFiles/__idf_lvgl.dir/src/draw/sw/lv_draw_sw_line.c.obj

[1063/1865] Building C object esp-idf/lvgl/CMakeFiles/__idf_lvgl.dir/src/draw/sw/lv_draw_sw_vector.c.obj

[1064/1865] Building C object esp-idf/lvgl/CMakeFiles/__idf_lvgl.dir/src/draw/vg_lite/lv_draw_vg_lite_arc.c.obj

[1065/1865] Building C object esp-idf/lvgl/CMakeFiles/__idf_lvgl.dir/src/draw/sw/lv_draw_sw_triangle.c.obj

[1066/1865] Building C object esp-idf/lvgl/CMakeFiles/__idf_lvgl.dir/src/draw/vg_lite/lv_draw_vg_lite_border.c.obj

[1067/1865] Building C object esp-idf/lvgl/CMakeFiles/__idf_lvgl.dir/src/draw/vg_lite/lv_draw_vg_lite_fill.c.obj

[1068/1865] Building C object esp-idf/lvgl/CMakeFiles/__idf_lvgl.dir/src/draw/vg_lite/lv_draw_vg_lite_box_shadow.c.obj

[1069/1865] Building C object esp-idf/lvgl/CMakeFiles/__idf_lvgl.dir/src/draw/vg_lite/lv_draw_vg_lite_layer.c.obj

[1070/1865] Building C object esp-idf/lvgl/CMakeFiles/__idf_lvgl.dir/src/draw/vg_lite/lv_draw_vg_lite_img.c.obj

[1071/1865] Building C object esp-idf/lvgl/CMakeFiles/__idf_lvgl.dir/src/draw/vg_lite/lv_draw_vg_lite_triangle.c.obj

[1072/1865] Building C object esp-idf/lvgl/CMakeFiles/__idf_lvgl.dir/src/draw/vg_lite/lv_draw_vg_lite_mask_rect.c.obj

[1073/1865] Building C object esp-idf/lvgl/CMakeFiles/__idf_lvgl.dir/src/draw/vg_lite/lv_draw_vg_lite_line.c.obj

[1074/1865] Building C object esp-idf/lvgl/CMakeFiles/__idf_lvgl.dir/src/draw/vg_lite/lv_draw_vg_lite_vector.c.obj

[1075/1865] Building C object esp-idf/lvgl/CMakeFiles/__idf_lvgl.dir/src/draw/vg_lite/lv_draw_vg_lite_label.c.obj

[1076/1865] Building C object esp-idf/lvgl/CMakeFiles/__idf_lvgl.dir/src/draw/vg_lite/lv_vg_lite_decoder.c.obj

[1077/1865] Building C object esp-idf/lvgl/CMakeFiles/__idf_lvgl.dir/src/draw/vg_lite/lv_vg_lite_math.c.obj

[1078/1865] Building C object esp-idf/lvgl/CMakeFiles/__idf_lvgl.dir/src/draw/sw/lv_draw_sw_transform.c.obj

[1079/1865] Building C object esp-idf/lvgl/CMakeFiles/__idf_lvgl.dir/src/draw/sw/lv_draw_sw_mask.c.obj

[1080/1865] Building C object esp-idf/lvgl/CMakeFiles/__idf_lvgl.dir/src/drivers/display/ili9341/lv_ili9341.c.obj

[1081/1865] Building C object esp-idf/lvgl/CMakeFiles/__idf_lvgl.dir/src/draw/vg_lite/lv_vg_lite_grad.c.obj

[1082/1865] Building C object esp-idf/lvgl/CMakeFiles/__idf_lvgl.dir/src/draw/vg_lite/lv_vg_lite_path.c.obj

[1083/1865] Building C object esp-idf/lvgl/CMakeFiles/__idf_lvgl.dir/src/draw/vg_lite/lv_vg_lite_pending.c.obj

[1084/1865] Building C object esp-idf/lvgl/CMakeFiles/__idf_lvgl.dir/src/drivers/display/lcd/lv_lcd_generic_mipi.c.obj

[1085/1865] Building C object esp-idf/lvgl/CMakeFiles/__idf_lvgl.dir/src/drivers/display/drm/lv_linux_drm.c.obj

[1086/1865] Building C object esp-idf/lvgl/CMakeFiles/__idf_lvgl.dir/src/drivers/display/fb/lv_linux_fbdev.c.obj

[1087/1865] Building C object esp-idf/lvgl/CMakeFiles/__idf_lvgl.dir/src/draw/vg_lite/lv_vg_lite_stroke.c.obj

[1088/1865] Building C object esp-idf/lvgl/CMakeFiles/__idf_lvgl.dir/src/drivers/display/st7735/lv_st7735.c.obj

[1089/1865] Building C object esp-idf/lvgl/CMakeFiles/__idf_lvgl.dir/src/draw/vg_lite/lv_vg_lite_utils.c.obj

[1090/1865] Building C object esp-idf/lvgl/CMakeFiles/__idf_lvgl.dir/src/drivers/display/st7789/lv_st7789.c.obj

[1091/1865] Building C object esp-idf/lvgl/CMakeFiles/__idf_lvgl.dir/src/drivers/display/renesas_glcdc/lv_renesas_glcdc.c.obj

[1092/1865] Building C object esp-idf/lvgl/CMakeFiles/__idf_lvgl.dir/src/drivers/display/st7796/lv_st7796.c.obj

[1093/1865] Building C object esp-idf/lvgl/CMakeFiles/__idf_lvgl.dir/src/drivers/glfw/lv_glfw_window.c.obj

[1094/1865] Building C object esp-idf/lvgl/CMakeFiles/__idf_lvgl.dir/src/drivers/evdev/lv_evdev.c.obj

[1095/1865] Building C object esp-idf/lvgl/CMakeFiles/__idf_lvgl.dir/src/drivers/glfw/lv_opengles_debug.c.obj

[1096/1865] Building C object esp-idf/lvgl/CMakeFiles/__idf_lvgl.dir/src/drivers/libinput/lv_xkb.c.obj

[1097/1865] Building C object esp-idf/lvgl/CMakeFiles/__idf_lvgl.dir/src/drivers/glfw/lv_opengles_texture.c.obj

[1098/1865] Building C object esp-idf/lvgl/CMakeFiles/__idf_lvgl.dir/src/drivers/libinput/lv_libinput.c.obj

[1099/1865] Building C object esp-idf/lvgl/CMakeFiles/__idf_lvgl.dir/src/drivers/glfw/lv_opengles_driver.c.obj

[1100/1865] Building CXX object esp-idf/lvgl/CMakeFiles/__idf_lvgl.dir/src/drivers/display/tft_espi/lv_tft_espi.cpp.obj

[1101/1865] Building C object esp-idf/lvgl/CMakeFiles/__idf_lvgl.dir/src/drivers/nuttx/lv_nuttx_entry.c.obj

[1102/1865] Building C object esp-idf/lvgl/CMakeFiles/__idf_lvgl.dir/src/drivers/nuttx/lv_nuttx_lcd.c.obj

[1103/1865] Building C object esp-idf/lvgl/CMakeFiles/__idf_lvgl.dir/src/drivers/nuttx/lv_nuttx_fbdev.c.obj

[1104/1865] Building C object esp-idf/lvgl/CMakeFiles/__idf_lvgl.dir/src/drivers/nuttx/lv_nuttx_image_cache.c.obj

[1105/1865] Building C object esp-idf/lvgl/CMakeFiles/__idf_lvgl.dir/src/drivers/nuttx/lv_nuttx_touchscreen.c.obj

[1106/1865] Building C object esp-idf/lvgl/CMakeFiles/__idf_lvgl.dir/src/drivers/nuttx/lv_nuttx_cache.c.obj

[1107/1865] Building C object esp-idf/lvgl/CMakeFiles/__idf_lvgl.dir/src/drivers/sdl/lv_sdl_keyboard.c.obj

[1108/1865] Building C object esp-idf/lvgl/CMakeFiles/__idf_lvgl.dir/src/drivers/qnx/lv_qnx.c.obj

[1109/1865] Building C object esp-idf/lvgl/CMakeFiles/__idf_lvgl.dir/src/drivers/wayland/lv_wayland.c.obj

[1110/1865] Building C object esp-idf/lvgl/CMakeFiles/__idf_lvgl.dir/src/drivers/sdl/lv_sdl_window.c.obj

[1111/1865] Building C object esp-idf/lvgl/CMakeFiles/__idf_lvgl.dir/src/drivers/sdl/lv_sdl_mousewheel.c.obj

[1112/1865] Building C object esp-idf/lvgl/CMakeFiles/__idf_lvgl.dir/src/drivers/sdl/lv_sdl_mouse.c.obj

[1113/1865] Building C object esp-idf/lvgl/CMakeFiles/__idf_lvgl.dir/src/drivers/nuttx/lv_nuttx_profiler.c.obj

[1114/1865] Building C object esp-idf/lvgl/CMakeFiles/__idf_lvgl.dir/src/drivers/windows/lv_windows_context.c.obj

[1115/1865] Building C object esp-idf/lvgl/CMakeFiles/__idf_lvgl.dir/src/drivers/wayland/lv_wayland_smm.c.obj

[1116/1865] Building C object esp-idf/lvgl/CMakeFiles/__idf_lvgl.dir/src/drivers/nuttx/lv_nuttx_libuv.c.obj

[1117/1865] Building C object esp-idf/lvgl/CMakeFiles/__idf_lvgl.dir/src/drivers/windows/lv_windows_display.c.obj

[1118/1865] Building C object esp-idf/lvgl/CMakeFiles/__idf_lvgl.dir/src/drivers/x11/lv_x11_input.c.obj

[1119/1865] Building C object esp-idf/lvgl/CMakeFiles/__idf_lvgl.dir/src/drivers/windows/lv_windows_input.c.obj

[1120/1865] Building C object esp-idf/lvgl/CMakeFiles/__idf_lvgl.dir/src/drivers/x11/lv_x11_display.c.obj

[1121/1865] Building C object esp-idf/lvgl/CMakeFiles/__idf_lvgl.dir/src/font/lv_font.c.obj

[1122/1865] Building C object esp-idf/lvgl/CMakeFiles/__idf_lvgl.dir/src/font/lv_font_montserrat_18.c.obj

[1123/1865] Building C object esp-idf/lvgl/CMakeFiles/__idf_lvgl.dir/src/font/lv_font_dejavu_16_persian_hebrew.c.obj

[1124/1865] Building C object esp-idf/lvgl/CMakeFiles/__idf_lvgl.dir/src/font/lv_font_montserrat_12.c.obj

[1125/1865] Building C object esp-idf/lvgl/CMakeFiles/__idf_lvgl.dir/src/font/lv_font_montserrat_10.c.obj

[1126/1865] Building C object esp-idf/lvgl/CMakeFiles/__idf_lvgl.dir/src/font/lv_font_montserrat_16.c.obj

[1127/1865] Building C object esp-idf/lvgl/CMakeFiles/__idf_lvgl.dir/src/font/lv_font_montserrat_14.c.obj

[1128/1865] Building C object esp-idf/lvgl/CMakeFiles/__idf_lvgl.dir/src/font/lv_font_fmt_txt.c.obj

[1129/1865] Building C object esp-idf/lvgl/CMakeFiles/__idf_lvgl.dir/src/font/lv_font_montserrat_22.c.obj

[1130/1865] Building C object esp-idf/lvgl/CMakeFiles/__idf_lvgl.dir/src/font/lv_font_montserrat_20.c.obj

[1131/1865] Building C object esp-idf/lvgl/CMakeFiles/__idf_lvgl.dir/src/font/lv_font_montserrat_24.c.obj

[1132/1865] Building C object esp-idf/lvgl/CMakeFiles/__idf_lvgl.dir/src/font/lv_binfont_loader.c.obj

[1133/1865] Building C object esp-idf/lvgl/CMakeFiles/__idf_lvgl.dir/src/font/lv_font_montserrat_26.c.obj

[1134/1865] Building C object esp-idf/lvgl/CMakeFiles/__idf_lvgl.dir/src/font/lv_font_montserrat_28.c.obj

[1135/1865] Building C object esp-idf/lvgl/CMakeFiles/__idf_lvgl.dir/src/font/lv_font_montserrat_28_compressed.c.obj

[1136/1865] Building C object esp-idf/lvgl/CMakeFiles/__idf_lvgl.dir/src/font/lv_font_montserrat_30.c.obj

[1137/1865] Building C object esp-idf/lvgl/CMakeFiles/__idf_lvgl.dir/src/font/lv_font_montserrat_32.c.obj

[1138/1865] Building C object esp-idf/lvgl/CMakeFiles/__idf_lvgl.dir/src/font/lv_font_montserrat_36.c.obj

[1139/1865] Building C object esp-idf/lvgl/CMakeFiles/__idf_lvgl.dir/src/font/lv_font_montserrat_46.c.obj

[1140/1865] Building C object esp-idf/lvgl/CMakeFiles/__idf_lvgl.dir/src/font/lv_font_montserrat_38.c.obj

[1141/1865] Building C object esp-idf/lvgl/CMakeFiles/__idf_lvgl.dir/src/font/lv_font_montserrat_42.c.obj

[1142/1865] Building C object esp-idf/lvgl/CMakeFiles/__idf_lvgl.dir/src/font/lv_font_montserrat_44.c.obj

[1143/1865] Building C object esp-idf/lvgl/CMakeFiles/__idf_lvgl.dir/src/font/lv_font_montserrat_34.c.obj

[1144/1865] Building C object esp-idf/lvgl/CMakeFiles/__idf_lvgl.dir/src/font/lv_font_montserrat_40.c.obj

[1145/1865] Building C object esp-idf/lvgl/CMakeFiles/__idf_lvgl.dir/src/font/lv_font_unscii_16.c.obj

[1146/1865] Building C object esp-idf/lvgl/CMakeFiles/__idf_lvgl.dir/src/font/lv_font_unscii_8.c.obj

[1147/1865] Building C object esp-idf/lvgl/CMakeFiles/__idf_lvgl.dir/src/font/lv_font_montserrat_8.c.obj

[1148/1865] Building C object esp-idf/lvgl/CMakeFiles/__idf_lvgl.dir/src/font/lv_font_montserrat_48.c.obj

[1149/1865] Building C object esp-idf/lvgl/CMakeFiles/__idf_lvgl.dir/src/font/lv_font_simsun_14_cjk.c.obj

[1150/1865] Building C object esp-idf/lvgl/CMakeFiles/__idf_lvgl.dir/src/layouts/lv_layout.c.obj

[1151/1865] Building C object esp-idf/lvgl/CMakeFiles/__idf_lvgl.dir/src/libs/barcode/code128.c.obj

[1152/1865] Building C object esp-idf/lvgl/CMakeFiles/__idf_lvgl.dir/src/layouts/flex/lv_flex.c.obj

[1153/1865] Building C object esp-idf/lvgl/CMakeFiles/__idf_lvgl.dir/src/libs/barcode/lv_barcode.c.obj

[1154/1865] Building C object esp-idf/lvgl/CMakeFiles/__idf_lvgl.dir/src/libs/ffmpeg/lv_ffmpeg.c.obj

[1155/1865] Building C object esp-idf/lvgl/CMakeFiles/__idf_lvgl.dir/src/libs/freetype/lv_freetype.c.obj

[1156/1865] Building C object esp-idf/lvgl/CMakeFiles/__idf_lvgl.dir/src/layouts/grid/lv_grid.c.obj

[1157/1865] Building C object esp-idf/lvgl/CMakeFiles/__idf_lvgl.dir/src/indev/lv_indev_scroll.c.obj

[1158/1865] Building C object esp-idf/lvgl/CMakeFiles/__idf_lvgl.dir/src/font/lv_font_simsun_16_cjk.c.obj

[1159/1865] Building C object esp-idf/lvgl/CMakeFiles/__idf_lvgl.dir/src/libs/bmp/lv_bmp.c.obj

[1160/1865] Building C object esp-idf/lvgl/CMakeFiles/__idf_lvgl.dir/src/libs/freetype/lv_freetype_image.c.obj

[1161/1865] Building C object esp-idf/lvgl/CMakeFiles/__idf_lvgl.dir/src/indev/lv_indev.c.obj

[1162/1865] Building C object esp-idf/lvgl/CMakeFiles/__idf_lvgl.dir/src/libs/freetype/lv_freetype_outline.c.obj

[1163/1865] Building C object esp-idf/lvgl/CMakeFiles/__idf_lvgl.dir/src/libs/bin_decoder/lv_bin_decoder.c.obj

[1164/1865] Building C object esp-idf/lvgl/CMakeFiles/__idf_lvgl.dir/src/libs/fsdrv/lv_fs_cbfs.c.obj

[1165/1865] Building C object esp-idf/lvgl/CMakeFiles/__idf_lvgl.dir/src/libs/freetype/lv_freetype_glyph.c.obj

[1166/1865] Building C object esp-idf/lvgl/CMakeFiles/__idf_lvgl.dir/src/libs/fsdrv/lv_fs_littlefs.c.obj

[1167/1865] Building C object esp-idf/lvgl/CMakeFiles/__idf_lvgl.dir/src/libs/freetype/lv_ftsystem.c.obj

[1168/1865] Building C object esp-idf/lvgl/CMakeFiles/__idf_lvgl.dir/src/libs/fsdrv/lv_fs_fatfs.c.obj

[1169/1865] Building CXX object esp-idf/lvgl/CMakeFiles/__idf_lvgl.dir/src/libs/fsdrv/lv_fs_arduino_sd.cpp.obj

[1170/1865] Building CXX object esp-idf/lvgl/CMakeFiles/__idf_lvgl.dir/src/libs/fsdrv/lv_fs_arduino_esp_littlefs.cpp.obj

[1171/1865] Building C object esp-idf/lvgl/CMakeFiles/__idf_lvgl.dir/src/libs/gif/lv_gif.c.obj

[1172/1865] Building C object esp-idf/lvgl/CMakeFiles/__idf_lvgl.dir/src/libs/gif/gifdec.c.obj

[1173/1865] Building C object esp-idf/lvgl/CMakeFiles/__idf_lvgl.dir/src/libs/fsdrv/lv_fs_posix.c.obj

[1174/1865] Building C object esp-idf/lvgl/CMakeFiles/__idf_lvgl.dir/src/libs/fsdrv/lv_fs_memfs.c.obj

[1175/1865] Building C object esp-idf/lvgl/CMakeFiles/__idf_lvgl.dir/src/libs/fsdrv/lv_fs_win32.c.obj

[1176/1865] Building C object esp-idf/lvgl/CMakeFiles/__idf_lvgl.dir/src/libs/fsdrv/lv_fs_stdio.c.obj

[1177/1865] Building C object esp-idf/lvgl/CMakeFiles/__idf_lvgl.dir/src/libs/lz4/lz4.c.obj

[1178/1865] Building C object esp-idf/lvgl/CMakeFiles/__idf_lvgl.dir/src/libs/libjpeg_turbo/lv_libjpeg_turbo.c.obj

[1179/1865] Building C object esp-idf/lvgl/CMakeFiles/__idf_lvgl.dir/src/libs/libpng/lv_libpng.c.obj

[1180/1865] Building CXX object esp-idf/lvgl/CMakeFiles/__idf_lvgl.dir/src/libs/thorvg/tvgAccessor.cpp.obj

[1181/1865] Building C object esp-idf/lvgl/CMakeFiles/__idf_lvgl.dir/src/libs/rle/lv_rle.c.obj

[1182/1865] Building CXX object esp-idf/lvgl/CMakeFiles/__idf_lvgl.dir/src/libs/thorvg/tvgCanvas.cpp.obj

[1183/1865] Building CXX object esp-idf/lvgl/CMakeFiles/__idf_lvgl.dir/src/libs/thorvg/tvgAnimation.cpp.obj

[1184/1865] Building C object esp-idf/lvgl/CMakeFiles/__idf_lvgl.dir/src/libs/rlottie/lv_rlottie.c.obj

[1185/1865] Building CXX object esp-idf/lvgl/CMakeFiles/__idf_lvgl.dir/src/libs/thorvg/tvgCapi.cpp.obj

[1186/1865] Building CXX object esp-idf/lvgl/CMakeFiles/__idf_lvgl.dir/src/libs/thorvg/tvgCompressor.cpp.obj

[1187/1865] Building CXX object esp-idf/lvgl/CMakeFiles/__idf_lvgl.dir/src/libs/thorvg/tvgFill.cpp.obj

[1188/1865] Building C object esp-idf/lvgl/CMakeFiles/__idf_lvgl.dir/src/libs/lodepng/lv_lodepng.c.obj

[1189/1865] Building CXX object esp-idf/lvgl/CMakeFiles/__idf_lvgl.dir/src/libs/thorvg/tvgGlCanvas.cpp.obj

[1190/1865] Building CXX object esp-idf/lvgl/CMakeFiles/__idf_lvgl.dir/src/libs/thorvg/tvgLines.cpp.obj

[1191/1865] Building CXX object esp-idf/lvgl/CMakeFiles/__idf_lvgl.dir/src/libs/thorvg/tvgInitializer.cpp.obj

[1192/1865] Building CXX object esp-idf/lvgl/CMakeFiles/__idf_lvgl.dir/src/libs/thorvg/tvgLottieAnimation.cpp.obj

[1193/1865] Building CXX object esp-idf/lvgl/CMakeFiles/__idf_lvgl.dir/src/libs/thorvg/tvgLoader.cpp.obj

[1194/1865] Building C object esp-idf/lvgl/CMakeFiles/__idf_lvgl.dir/src/libs/qrcode/lv_qrcode.c.obj

[1195/1865] Building CXX object esp-idf/lvgl/CMakeFiles/__idf_lvgl.dir/src/libs/thorvg/tvgLottieExpressions.cpp.obj

[1196/1865] Building CXX object esp-idf/lvgl/CMakeFiles/__idf_lvgl.dir/src/libs/thorvg/tvgLottieBuilder.cpp.obj

[1197/1865] Building CXX object esp-idf/lvgl/CMakeFiles/__idf_lvgl.dir/src/libs/thorvg/tvgLottieLoader.cpp.obj

[1198/1865] Building CXX object esp-idf/lvgl/CMakeFiles/__idf_lvgl.dir/src/libs/thorvg/tvgLottieInterpolator.cpp.obj

[1199/1865] Building CXX object esp-idf/lvgl/CMakeFiles/__idf_lvgl.dir/src/libs/thorvg/tvgLottieModel.cpp.obj

[1200/1865] Building CXX object esp-idf/lvgl/CMakeFiles/__idf_lvgl.dir/src/libs/thorvg/tvgLottieParser.cpp.obj

[1201/1865] Building CXX object esp-idf/lvgl/CMakeFiles/__idf_lvgl.dir/src/libs/thorvg/tvgLottieParserHandler.cpp.obj

[1202/1865] Building CXX object esp-idf/lvgl/CMakeFiles/__idf_lvgl.dir/src/libs/thorvg/tvgMath.cpp.obj

[1203/1865] Building CXX object esp-idf/lvgl/CMakeFiles/__idf_lvgl.dir/src/libs/thorvg/tvgPaint.cpp.obj

[1204/1865] Building CXX object esp-idf/lvgl/CMakeFiles/__idf_lvgl.dir/src/libs/thorvg/tvgPicture.cpp.obj

[1205/1865] Building CXX object esp-idf/lvgl/CMakeFiles/__idf_lvgl.dir/src/libs/thorvg/tvgRawLoader.cpp.obj

[1206/1865] Building CXX object esp-idf/lvgl/CMakeFiles/__idf_lvgl.dir/src/libs/thorvg/tvgRender.cpp.obj

[1207/1865] Building CXX object esp-idf/lvgl/CMakeFiles/__idf_lvgl.dir/src/libs/thorvg/tvgSaver.cpp.obj

[1208/1865] Building CXX object esp-idf/lvgl/CMakeFiles/__idf_lvgl.dir/src/libs/thorvg/tvgShape.cpp.obj

[1209/1865] Building CXX object esp-idf/lvgl/CMakeFiles/__idf_lvgl.dir/src/libs/thorvg/tvgStr.cpp.obj

[1210/1865] Building CXX object esp-idf/lvgl/CMakeFiles/__idf_lvgl.dir/src/libs/thorvg/tvgScene.cpp.obj

[1211/1865] Building CXX object esp-idf/lvgl/CMakeFiles/__idf_lvgl.dir/src/libs/thorvg/tvgSvgCssStyle.cpp.obj

[1212/1865] Building CXX object esp-idf/lvgl/CMakeFiles/__idf_lvgl.dir/src/libs/thorvg/tvgSvgLoader.cpp.obj

[1213/1865] Building CXX object esp-idf/lvgl/CMakeFiles/__idf_lvgl.dir/src/libs/thorvg/tvgSvgPath.cpp.obj

[1214/1865] Building CXX object esp-idf/lvgl/CMakeFiles/__idf_lvgl.dir/src/libs/thorvg/tvgSvgSceneBuilder.cpp.obj

[1215/1865] Building CXX object esp-idf/lvgl/CMakeFiles/__idf_lvgl.dir/src/libs/thorvg/tvgSwCanvas.cpp.obj

[1216/1865] Building CXX object esp-idf/lvgl/CMakeFiles/__idf_lvgl.dir/src/libs/thorvg/tvgSvgUtil.cpp.obj

[1217/1865] Building CXX object esp-idf/lvgl/CMakeFiles/__idf_lvgl.dir/src/libs/thorvg/tvgSwImage.cpp.obj

[1218/1865] Building CXX object esp-idf/lvgl/CMakeFiles/__idf_lvgl.dir/src/libs/thorvg/tvgSwMath.cpp.obj

[1219/1865] Building CXX object esp-idf/lvgl/CMakeFiles/__idf_lvgl.dir/src/libs/thorvg/tvgSwFill.cpp.obj

[1220/1865] Building CXX object esp-idf/lvgl/CMakeFiles/__idf_lvgl.dir/src/libs/thorvg/tvgSwShape.cpp.obj

[1221/1865] Building CXX object esp-idf/lvgl/CMakeFiles/__idf_lvgl.dir/src/libs/thorvg/tvgSwRenderer.cpp.obj

[1222/1865] Building CXX object esp-idf/lvgl/CMakeFiles/__idf_lvgl.dir/src/libs/thorvg/tvgSwMemPool.cpp.obj

[1223/1865] Building CXX object esp-idf/lvgl/CMakeFiles/__idf_lvgl.dir/src/libs/thorvg/tvgSwRle.cpp.obj

[1224/1865] Building CXX object esp-idf/lvgl/CMakeFiles/__idf_lvgl.dir/src/libs/thorvg/tvgSwStroke.cpp.obj

[1225/1865] Building CXX object esp-idf/lvgl/CMakeFiles/__idf_lvgl.dir/src/libs/thorvg/tvgSwRaster.cpp.obj

[1226/1865] Building CXX object esp-idf/lvgl/CMakeFiles/__idf_lvgl.dir/src/libs/thorvg/tvgText.cpp.obj

[1227/1865] Building CXX object esp-idf/lvgl/CMakeFiles/__idf_lvgl.dir/src/libs/thorvg/tvgWgCanvas.cpp.obj

[1228/1865] Building CXX object esp-idf/lvgl/CMakeFiles/__idf_lvgl.dir/src/libs/thorvg/tvgTaskScheduler.cpp.obj

[1229/1865] Building CXX object esp-idf/lvgl/CMakeFiles/__idf_lvgl.dir/src/libs/thorvg/tvgXmlParser.cpp.obj

[1230/1865] Building C object esp-idf/lvgl/CMakeFiles/__idf_lvgl.dir/src/libs/qrcode/qrcodegen.c.obj

[1231/1865] Building C object esp-idf/lvgl/CMakeFiles/__idf_lvgl.dir/src/libs/tjpgd/tjpgd.c.obj

[1232/1865] Building C object esp-idf/lvgl/CMakeFiles/__idf_lvgl.dir/src/libs/tiny_ttf/lv_tiny_ttf.c.obj

[1233/1865] Building C object esp-idf/lvgl/CMakeFiles/__idf_lvgl.dir/src/lv_init.c.obj

[1234/1865] Building C object esp-idf/lvgl/CMakeFiles/__idf_lvgl.dir/src/misc/cache/lv_cache.c.obj

[1235/1865] Building C object esp-idf/lvgl/CMakeFiles/__idf_lvgl.dir/src/misc/cache/lv_cache_entry.c.obj

[1236/1865] Building C object esp-idf/lvgl/CMakeFiles/__idf_lvgl.dir/src/libs/tjpgd/lv_tjpgd.c.obj

[1237/1865] Building C object esp-idf/lvgl/CMakeFiles/__idf_lvgl.dir/src/misc/cache/lv_image_header_cache.c.obj

[1238/1865] Building C object esp-idf/lvgl/CMakeFiles/__idf_lvgl.dir/src/misc/cache/lv_image_cache.c.obj

[1239/1865] Building C object esp-idf/lvgl/CMakeFiles/__idf_lvgl.dir/src/misc/cache/lv_cache_lru_rb.c.obj

[1240/1865] Building C object esp-idf/lvgl/CMakeFiles/__idf_lvgl.dir/src/misc/lv_bidi.c.obj

[1241/1865] Building C object esp-idf/lvgl/CMakeFiles/__idf_lvgl.dir/src/misc/lv_anim_timeline.c.obj

[1242/1865] Building C object esp-idf/lvgl/CMakeFiles/__idf_lvgl.dir/src/misc/lv_array.c.obj

[1243/1865] Building C object esp-idf/lvgl/CMakeFiles/__idf_lvgl.dir/src/misc/lv_async.c.obj

[1244/1865] Building C object esp-idf/lvgl/CMakeFiles/__idf_lvgl.dir/src/misc/lv_anim.c.obj

[1245/1865] Building C object esp-idf/lvgl/CMakeFiles/__idf_lvgl.dir/src/misc/lv_log.c.obj

[1246/1865] Building C object esp-idf/lvgl/CMakeFiles/__idf_lvgl.dir/src/misc/lv_area.c.obj

[1247/1865] Building C object esp-idf/lvgl/CMakeFiles/__idf_lvgl.dir/src/misc/lv_ll.c.obj

[1248/1865] Building C object esp-idf/lvgl/CMakeFiles/__idf_lvgl.dir/src/misc/lv_color_op.c.obj

[1249/1865] Building C object esp-idf/lvgl/CMakeFiles/__idf_lvgl.dir/src/misc/lv_color.c.obj

[1250/1865] Building C object esp-idf/lvgl/CMakeFiles/__idf_lvgl.dir/src/misc/lv_event.c.obj

[1251/1865] Building C object esp-idf/lvgl/CMakeFiles/__idf_lvgl.dir/src/misc/lv_matrix.c.obj

[1252/1865] Building C object esp-idf/lvgl/CMakeFiles/__idf_lvgl.dir/src/misc/lv_lru.c.obj

[1253/1865] Building C object esp-idf/lvgl/CMakeFiles/__idf_lvgl.dir/src/misc/lv_palette.c.obj

[1254/1865] Building C object esp-idf/lvgl/CMakeFiles/__idf_lvgl.dir/src/misc/lv_fs.c.obj

[1255/1865] Building C object esp-idf/lvgl/CMakeFiles/__idf_lvgl.dir/src/misc/lv_profiler_builtin.c.obj

[1256/1865] Building C object esp-idf/lvgl/CMakeFiles/__idf_lvgl.dir/src/misc/lv_templ.c.obj

[1257/1865] Building C object esp-idf/lvgl/CMakeFiles/__idf_lvgl.dir/src/misc/lv_text_ap.c.obj

[1258/1865] Building C object esp-idf/lvgl/CMakeFiles/__idf_lvgl.dir/src/misc/lv_math.c.obj

[1259/1865] Building C object esp-idf/lvgl/CMakeFiles/__idf_lvgl.dir/src/misc/lv_rb.c.obj

[1260/1865] Building C object esp-idf/lvgl/CMakeFiles/__idf_lvgl.dir/src/misc/lv_style.c.obj

[1261/1865] Building C object esp-idf/lvgl/CMakeFiles/__idf_lvgl.dir/src/osal/lv_freertos.c.obj

[1262/1865] Building C object esp-idf/lvgl/CMakeFiles/__idf_lvgl.dir/src/osal/lv_cmsis_rtos2.c.obj

[1263/1865] Building C object esp-idf/lvgl/CMakeFiles/__idf_lvgl.dir/src/misc/lv_text.c.obj

[1264/1865] Building C object esp-idf/lvgl/CMakeFiles/__idf_lvgl.dir/src/osal/lv_mqx.c.obj

[1265/1865] Building C object esp-idf/lvgl/CMakeFiles/__idf_lvgl.dir/src/misc/lv_timer.c.obj

[1266/1865] Building C object esp-idf/lvgl/CMakeFiles/__idf_lvgl.dir/src/misc/lv_utils.c.obj

[1267/1865] Building C object esp-idf/lvgl/CMakeFiles/__idf_lvgl.dir/src/osal/lv_pthread.c.obj

[1268/1865] Building C object esp-idf/lvgl/CMakeFiles/__idf_lvgl.dir/src/osal/lv_os_none.c.obj

[1269/1865] Building C object esp-idf/lvgl/CMakeFiles/__idf_lvgl.dir/src/misc/lv_style_gen.c.obj

[1270/1865] Building C object esp-idf/lvgl/CMakeFiles/__idf_lvgl.dir/src/osal/lv_os.c.obj

[1271/1865] Building C object esp-idf/lvgl/CMakeFiles/__idf_lvgl.dir/src/osal/lv_windows.c.obj

[1272/1865] Building C object esp-idf/lvgl/CMakeFiles/__idf_lvgl.dir/src/osal/lv_rtthread.c.obj

[1273/1865] Building C object esp-idf/lvgl/CMakeFiles/__idf_lvgl.dir/src/others/fragment/lv_fragment_manager.c.obj

[1274/1865] Building C object esp-idf/lvgl/CMakeFiles/__idf_lvgl.dir/src/others/fragment/lv_fragment.c.obj

[1275/1865] Building C object esp-idf/lvgl/CMakeFiles/__idf_lvgl.dir/src/others/file_explorer/lv_file_explorer.c.obj

[1276/1865] Building C object esp-idf/lvgl/CMakeFiles/__idf_lvgl.dir/src/others/monkey/lv_monkey.c.obj

[1277/1865] Building C object esp-idf/lvgl/CMakeFiles/__idf_lvgl.dir/src/others/gridnav/lv_gridnav.c.obj

[1278/1865] Building C object esp-idf/lvgl/CMakeFiles/__idf_lvgl.dir/src/others/ime/lv_ime_pinyin.c.obj

[1279/1865] Building C object esp-idf/lvgl/CMakeFiles/__idf_lvgl.dir/src/others/snapshot/lv_snapshot.c.obj

[1280/1865] Building C object esp-idf/lvgl/CMakeFiles/__idf_lvgl.dir/src/others/sysmon/lv_sysmon.c.obj

[1281/1865] Building C object esp-idf/lvgl/CMakeFiles/__idf_lvgl.dir/src/others/vg_lite_tvg/vg_lite_matrix.c.obj

[1282/1865] Building CXX object esp-idf/lvgl/CMakeFiles/__idf_lvgl.dir/src/others/vg_lite_tvg/vg_lite_tvg.cpp.obj

[1283/1865] Building C object esp-idf/lvgl/CMakeFiles/__idf_lvgl.dir/src/others/imgfont/lv_imgfont.c.obj

[1284/1865] Building C object esp-idf/lvgl/CMakeFiles/__idf_lvgl.dir/src/stdlib/clib/lv_sprintf_clib.c.obj

[1285/1865] Building C object esp-idf/lvgl/CMakeFiles/__idf_lvgl.dir/src/stdlib/clib/lv_mem_core_clib.c.obj

[1286/1865] Building C object esp-idf/lvgl/CMakeFiles/__idf_lvgl.dir/src/stdlib/clib/lv_string_clib.c.obj

[1287/1865] Building C object esp-idf/lvgl/CMakeFiles/__idf_lvgl.dir/src/stdlib/micropython/lv_mem_core_micropython.c.obj

[1288/1865] Building C object esp-idf/lvgl/CMakeFiles/__idf_lvgl.dir/src/stdlib/rtthread/lv_sprintf_rtthread.c.obj

[1289/1865] Building C object esp-idf/lvgl/CMakeFiles/__idf_lvgl.dir/src/stdlib/rtthread/lv_string_rtthread.c.obj

[1290/1865] Building C object esp-idf/lvgl/CMakeFiles/__idf_lvgl.dir/src/stdlib/builtin/lv_mem_core_builtin.c.obj

[1291/1865] Building C object esp-idf/lvgl/CMakeFiles/__idf_lvgl.dir/src/stdlib/rtthread/lv_mem_core_rtthread.c.obj

[1292/1865] Building C object esp-idf/lvgl/CMakeFiles/__idf_lvgl.dir/src/stdlib/builtin/lv_string_builtin.c.obj

[1293/1865] Building C object esp-idf/lvgl/CMakeFiles/__idf_lvgl.dir/src/others/observer/lv_observer.c.obj

[1294/1865] Building C object esp-idf/lvgl/CMakeFiles/__idf_lvgl.dir/src/stdlib/lv_mem.c.obj

[1295/1865] Building C object esp-idf/lvgl/CMakeFiles/__idf_lvgl.dir/src/stdlib/builtin/lv_sprintf_builtin.c.obj

[1296/1865] Building C object esp-idf/lvgl/CMakeFiles/__idf_lvgl.dir/src/stdlib/builtin/lv_tlsf.c.obj

[1297/1865] Building C object esp-idf/lvgl/CMakeFiles/__idf_lvgl.dir/src/themes/mono/lv_theme_mono.c.obj

[1298/1865] Building C object esp-idf/lvgl/CMakeFiles/__idf_lvgl.dir/src/widgets/button/lv_button.c.obj

[1299/1865] Building C object esp-idf/lvgl/CMakeFiles/__idf_lvgl.dir/src/widgets/animimage/lv_animimage.c.obj

[1300/1865] Building C object esp-idf/lvgl/CMakeFiles/__idf_lvgl.dir/src/themes/lv_theme.c.obj

[1301/1865] Building C object esp-idf/lvgl/CMakeFiles/__idf_lvgl.dir/src/tick/lv_tick.c.obj

[1302/1865] Building C object esp-idf/lvgl/CMakeFiles/__idf_lvgl.dir/src/widgets/bar/lv_bar.c.obj

[1303/1865] Building C object esp-idf/lvgl/CMakeFiles/__idf_lvgl.dir/src/themes/simple/lv_theme_simple.c.obj

[1304/1865] Building C object esp-idf/lvgl/CMakeFiles/__idf_lvgl.dir/src/widgets/arc/lv_arc.c.obj

[1305/1865] Building C object esp-idf/lvgl/CMakeFiles/__idf_lvgl.dir/src/widgets/calendar/lv_calendar_chinese.c.obj

[1306/1865] Building C object esp-idf/lvgl/CMakeFiles/__idf_lvgl.dir/src/widgets/calendar/lv_calendar_header_arrow.c.obj

[1307/1865] Building C object esp-idf/lvgl/CMakeFiles/__idf_lvgl.dir/src/widgets/calendar/lv_calendar.c.obj

[1308/1865] Building C object esp-idf/lvgl/CMakeFiles/__idf_lvgl.dir/src/widgets/buttonmatrix/lv_buttonmatrix.c.obj

[1309/1865] Building C object esp-idf/lvgl/CMakeFiles/__idf_lvgl.dir/src/widgets/checkbox/lv_checkbox.c.obj

[1310/1865] Building C object esp-idf/lvgl/CMakeFiles/__idf_lvgl.dir/src/widgets/calendar/lv_calendar_header_dropdown.c.obj

[1311/1865] Building C object esp-idf/lvgl/CMakeFiles/__idf_lvgl.dir/src/widgets/canvas/lv_canvas.c.obj

[1312/1865] Building C object esp-idf/lvgl/CMakeFiles/__idf_lvgl.dir/src/themes/default/lv_theme_default.c.obj

[1313/1865] Building C object esp-idf/lvgl/CMakeFiles/__idf_lvgl.dir/src/widgets/lottie/lv_lottie.c.obj

[1314/1865] Building C object esp-idf/lvgl/CMakeFiles/__idf_lvgl.dir/src/widgets/image/lv_image.c.obj

[1315/1865] Building C object esp-idf/lvgl/CMakeFiles/__idf_lvgl.dir/src/widgets/keyboard/lv_keyboard.c.obj

[1316/1865] Building C object esp-idf/lvgl/CMakeFiles/__idf_lvgl.dir/src/widgets/imagebutton/lv_imagebutton.c.obj

[1317/1865] Building C object esp-idf/lvgl/CMakeFiles/__idf_lvgl.dir/src/widgets/line/lv_line.c.obj

[1318/1865] Building C object esp-idf/lvgl/CMakeFiles/__idf_lvgl.dir/src/widgets/led/lv_led.c.obj

[1319/1865] Building C object esp-idf/lvgl/CMakeFiles/__idf_lvgl.dir/src/widgets/chart/lv_chart.c.obj

[1320/1865] Building C object esp-idf/lvgl/CMakeFiles/__idf_lvgl.dir/src/widgets/dropdown/lv_dropdown.c.obj

[1321/1865] Building C object esp-idf/lvgl/CMakeFiles/__idf_lvgl.dir/src/widgets/msgbox/lv_msgbox.c.obj

[1322/1865] Building C object esp-idf/lvgl/CMakeFiles/__idf_lvgl.dir/src/widgets/list/lv_list.c.obj

[1323/1865] Building C object esp-idf/lvgl/CMakeFiles/__idf_lvgl.dir/src/libs/lodepng/lodepng.c.obj

[1324/1865] Building C object esp-idf/lvgl/CMakeFiles/__idf_lvgl.dir/src/widgets/objx_templ/lv_objx_templ.c.obj

[1325/1865] Building C object esp-idf/lvgl/CMakeFiles/__idf_lvgl.dir/src/widgets/property/lv_dropdown_properties.c.obj

[1326/1865] Building C object esp-idf/lvgl/CMakeFiles/__idf_lvgl.dir/src/widgets/property/lv_keyboard_properties.c.obj

[1327/1865] Building C object esp-idf/lvgl/CMakeFiles/__idf_lvgl.dir/src/widgets/property/lv_image_properties.c.obj

[1328/1865] Building C object esp-idf/lvgl/CMakeFiles/__idf_lvgl.dir/src/widgets/label/lv_label.c.obj

[1329/1865] Building C object esp-idf/lvgl/CMakeFiles/__idf_lvgl.dir/src/widgets/menu/lv_menu.c.obj

[1330/1865] Building C object esp-idf/lvgl/CMakeFiles/__idf_lvgl.dir/src/widgets/property/lv_label_properties.c.obj

[1331/1865] Building C object esp-idf/lvgl/CMakeFiles/__idf_lvgl.dir/src/widgets/property/lv_style_properties.c.obj

[1332/1865] Building C object esp-idf/lvgl/CMakeFiles/__idf_lvgl.dir/src/widgets/property/lv_obj_properties.c.obj

[1333/1865] Building C object esp-idf/lvgl/CMakeFiles/__idf_lvgl.dir/src/widgets/property/lv_roller_properties.c.obj

[1334/1865] Building C object esp-idf/lvgl/CMakeFiles/__idf_lvgl.dir/src/widgets/property/lv_textarea_properties.c.obj

[1335/1865] Building C object esp-idf/lvgl/CMakeFiles/__idf_lvgl.dir/src/widgets/switch/lv_switch.c.obj

[1336/1865] Building C object esp-idf/lvgl/CMakeFiles/__idf_lvgl.dir/src/widgets/spinbox/lv_spinbox.c.obj

[1337/1865] Building C object esp-idf/lvgl/CMakeFiles/__idf_lvgl.dir/src/widgets/spinner/lv_spinner.c.obj

[1338/1865] Building C object esp-idf/lvgl/CMakeFiles/__idf_lvgl.dir/src/widgets/slider/lv_slider.c.obj

[1339/1865] Building C object esp-idf/lvgl/CMakeFiles/__idf_lvgl.dir/src/widgets/roller/lv_roller.c.obj

[1340/1865] Building C object esp-idf/lvgl/CMakeFiles/__idf_lvgl.dir/src/widgets/tileview/lv_tileview.c.obj

[1341/1865] Building C object esp-idf/lvgl/CMakeFiles/__idf_lvgl.dir/src/widgets/tabview/lv_tabview.c.obj

[1342/1865] Building C object esp-idf/lvgl/CMakeFiles/__idf_lvgl.dir/src/widgets/span/lv_span.c.obj

[1343/1865] Building C object esp-idf/lvgl/CMakeFiles/__idf_lvgl.dir/src/widgets/win/lv_win.c.obj

[1344/1865] Building C object esp-idf/lvgl/CMakeFiles/__idf_lvgl.dir/src/widgets/scale/lv_scale.c.obj

[1345/1865] Building C object esp-idf/lvgl/CMakeFiles/__idf_lvgl.dir/src/widgets/table/lv_table.c.obj

[1346/1865] Building C object esp-idf/lvgl/CMakeFiles/__idf_lvgl.dir/examples/anim/lv_example_anim_2.c.obj

[1347/1865] Building C object esp-idf/lvgl/CMakeFiles/__idf_lvgl.dir/examples/anim/lv_example_anim_1.c.obj

[1348/1865] Building C object esp-idf/lvgl/CMakeFiles/__idf_lvgl.dir/examples/anim/lv_example_anim_3.c.obj

[1349/1865] Building C object esp-idf/lvgl/CMakeFiles/__idf_lvgl.dir/examples/anim/lv_example_anim_timeline_1.c.obj

[1350/1865] Building C object esp-idf/lvgl/CMakeFiles/__idf_lvgl.dir/src/widgets/textarea/lv_textarea.c.obj

[1351/1865] Building C object esp-idf/lvgl/CMakeFiles/__idf_lvgl.dir/examples/assets/animimg002.c.obj

[1352/1865] Building C object esp-idf/lvgl/CMakeFiles/__idf_lvgl.dir/examples/assets/animimg001.c.obj

[1353/1865] Building C object esp-idf/lvgl/CMakeFiles/__idf_lvgl.dir/examples/assets/img_caret_down.c.obj

[1354/1865] Building C object esp-idf/lvgl/CMakeFiles/__idf_lvgl.dir/examples/assets/img_cogwheel_argb.c.obj

[1355/1865] Building C object esp-idf/lvgl/CMakeFiles/__idf_lvgl.dir/examples/assets/emoji/img_emoji_F617.c.obj

[1356/1865] Building C object esp-idf/lvgl/CMakeFiles/__idf_lvgl.dir/examples/assets/animimg003.c.obj

[1357/1865] Building C object esp-idf/lvgl/CMakeFiles/__idf_lvgl.dir/examples/assets/img_cogwheel_rgb.c.obj

[1358/1865] Building C object esp-idf/lvgl/CMakeFiles/__idf_lvgl.dir/examples/assets/img_skew_strip.c.obj

[1359/1865] Building C object esp-idf/lvgl/CMakeFiles/__idf_lvgl.dir/examples/assets/img_cogwheel_indexed16.c.obj

[1360/1865] Building C object esp-idf/lvgl/CMakeFiles/__idf_lvgl.dir/examples/assets/img_hand.c.obj

[1361/1865] Building C object esp-idf/lvgl/CMakeFiles/__idf_lvgl.dir/examples/assets/img_star.c.obj

[1362/1865] Building C object esp-idf/lvgl/CMakeFiles/__idf_lvgl.dir/examples/assets/imgbtn_left.c.obj

[1363/1865] Building C object esp-idf/lvgl/CMakeFiles/__idf_lvgl.dir/examples/assets/imgbtn_mid.c.obj

[1364/1865] Building C object esp-idf/lvgl/CMakeFiles/__idf_lvgl.dir/examples/assets/imgbtn_right.c.obj

[1365/1865] Building C object esp-idf/lvgl/CMakeFiles/__idf_lvgl.dir/examples/event/lv_example_event_2.c.obj

[1366/1865] Building C object esp-idf/lvgl/CMakeFiles/__idf_lvgl.dir/examples/event/lv_example_event_1.c.obj

[1367/1865] Building C object esp-idf/lvgl/CMakeFiles/__idf_lvgl.dir/examples/get_started/lv_example_get_started_2.c.obj

[1368/1865] Building C object esp-idf/lvgl/CMakeFiles/__idf_lvgl.dir/examples/event/lv_example_event_4.c.obj

[1369/1865] Building C object esp-idf/lvgl/CMakeFiles/__idf_lvgl.dir/examples/get_started/lv_example_get_started_1.c.obj

[1370/1865] Building C object esp-idf/lvgl/CMakeFiles/__idf_lvgl.dir/examples/get_started/lv_example_get_started_3.c.obj

[1371/1865] Building C object esp-idf/lvgl/CMakeFiles/__idf_lvgl.dir/examples/event/lv_example_event_3.c.obj

[1372/1865] Building C object esp-idf/lvgl/CMakeFiles/__idf_lvgl.dir/examples/get_started/lv_example_get_started_4.c.obj

[1373/1865] Building C object esp-idf/lvgl/CMakeFiles/__idf_lvgl.dir/examples/layouts/flex/lv_example_flex_1.c.obj

[1374/1865] Building C object esp-idf/lvgl/CMakeFiles/__idf_lvgl.dir/examples/layouts/flex/lv_example_flex_3.c.obj

[1375/1865] Building C object esp-idf/lvgl/CMakeFiles/__idf_lvgl.dir/examples/layouts/flex/lv_example_flex_4.c.obj

[1376/1865] Building C object esp-idf/lvgl/CMakeFiles/__idf_lvgl.dir/examples/layouts/grid/lv_example_grid_1.c.obj

[1377/1865] Building C object esp-idf/lvgl/CMakeFiles/__idf_lvgl.dir/examples/layouts/flex/lv_example_flex_6.c.obj

[1378/1865] Building C object esp-idf/lvgl/CMakeFiles/__idf_lvgl.dir/examples/layouts/flex/lv_example_flex_2.c.obj

[1379/1865] Building C object esp-idf/lvgl/CMakeFiles/__idf_lvgl.dir/examples/layouts/flex/lv_example_flex_5.c.obj

[1380/1865] Building C object esp-idf/lvgl/CMakeFiles/__idf_lvgl.dir/examples/layouts/grid/lv_example_grid_2.c.obj

[1381/1865] Building C object esp-idf/lvgl/CMakeFiles/__idf_lvgl.dir/examples/libs/barcode/lv_example_barcode_1.c.obj

[1382/1865] Building C object esp-idf/lvgl/CMakeFiles/__idf_lvgl.dir/examples/layouts/grid/lv_example_grid_3.c.obj

[1383/1865] Building C object esp-idf/lvgl/CMakeFiles/__idf_lvgl.dir/examples/layouts/grid/lv_example_grid_4.c.obj

[1384/1865] Building C object esp-idf/lvgl/CMakeFiles/__idf_lvgl.dir/examples/layouts/grid/lv_example_grid_6.c.obj

[1385/1865] Building C object esp-idf/lvgl/CMakeFiles/__idf_lvgl.dir/examples/layouts/grid/lv_example_grid_5.c.obj

[1386/1865] Building C object esp-idf/lvgl/CMakeFiles/__idf_lvgl.dir/examples/libs/bmp/lv_example_bmp_1.c.obj

[1387/1865] Building C object esp-idf/lvgl/CMakeFiles/__idf_lvgl.dir/examples/libs/ffmpeg/lv_example_ffmpeg_1.c.obj

[1388/1865] Building C object esp-idf/lvgl/CMakeFiles/__idf_lvgl.dir/examples/libs/ffmpeg/lv_example_ffmpeg_2.c.obj

[1389/1865] Building C object esp-idf/lvgl/CMakeFiles/__idf_lvgl.dir/examples/libs/gif/img_bulb_gif.c.obj

[1390/1865] Building C object esp-idf/lvgl/CMakeFiles/__idf_lvgl.dir/examples/libs/freetype/lv_example_freetype_1.c.obj

[1391/1865] Building C object esp-idf/lvgl/CMakeFiles/__idf_lvgl.dir/examples/libs/libpng/lv_example_libpng_1.c.obj

[1392/1865] Building C object esp-idf/lvgl/CMakeFiles/__idf_lvgl.dir/examples/libs/libjpeg_turbo/lv_example_libjpeg_turbo_1.c.obj

[1393/1865] Building C object esp-idf/lvgl/CMakeFiles/__idf_lvgl.dir/examples/libs/gif/lv_example_gif_1.c.obj

[1394/1865] Building C object esp-idf/lvgl/CMakeFiles/__idf_lvgl.dir/examples/libs/lodepng/lv_example_lodepng_1.c.obj

[1395/1865] Building C object esp-idf/lvgl/CMakeFiles/__idf_lvgl.dir/examples/libs/lodepng/img_wink_png.c.obj

[1396/1865] Building C object esp-idf/lvgl/CMakeFiles/__idf_lvgl.dir/examples/libs/libpng/img_png_demo.c.obj

[1397/1865] Building C object esp-idf/lvgl/CMakeFiles/__idf_lvgl.dir/examples/libs/qrcode/lv_example_qrcode_1.c.obj

[1398/1865] Building C object esp-idf/lvgl/CMakeFiles/__idf_lvgl.dir/examples/libs/rlottie/lv_example_rlottie_1.c.obj

[1399/1865] Building C object esp-idf/lvgl/CMakeFiles/__idf_lvgl.dir/examples/libs/rlottie/lv_example_rlottie_2.c.obj

[1400/1865] Building C object esp-idf/lvgl/CMakeFiles/__idf_lvgl.dir/examples/libs/tiny_ttf/lv_example_tiny_ttf_1.c.obj

[1401/1865] Building C object esp-idf/lvgl/CMakeFiles/__idf_lvgl.dir/examples/libs/tiny_ttf/lv_example_tiny_ttf_2.c.obj

[1402/1865] Building C object esp-idf/lvgl/CMakeFiles/__idf_lvgl.dir/examples/libs/tjpgd/lv_example_tjpgd_1.c.obj

[1403/1865] Building C object esp-idf/lvgl/CMakeFiles/__idf_lvgl.dir/examples/libs/rlottie/lv_example_rlottie_approve.c.obj

[1404/1865] Building C object esp-idf/lvgl/CMakeFiles/__idf_lvgl.dir/examples/others/file_explorer/lv_example_file_explorer_1.c.obj

[1405/1865] Building C object esp-idf/lvgl/CMakeFiles/__idf_lvgl.dir/examples/libs/tiny_ttf/lv_example_tiny_ttf_3.c.obj

[1406/1865] Building C object esp-idf/lvgl/CMakeFiles/__idf_lvgl.dir/examples/others/file_explorer/lv_example_file_explorer_2.c.obj

[1407/1865] Building C object esp-idf/lvgl/CMakeFiles/__idf_lvgl.dir/examples/libs/tiny_ttf/ubuntu_font.c.obj

[1408/1865] Building C object esp-idf/lvgl/CMakeFiles/__idf_lvgl.dir/examples/others/file_explorer/lv_example_file_explorer_3.c.obj

[1409/1865] Building C object esp-idf/lvgl/CMakeFiles/__idf_lvgl.dir/examples/others/fragment/lv_example_fragment_1.c.obj

[1410/1865] Building C object esp-idf/lvgl/CMakeFiles/__idf_lvgl.dir/examples/others/gridnav/lv_example_gridnav_2.c.obj

[1411/1865] Building C object esp-idf/lvgl/CMakeFiles/__idf_lvgl.dir/examples/others/fragment/lv_example_fragment_2.c.obj

[1412/1865] Building C object esp-idf/lvgl/CMakeFiles/__idf_lvgl.dir/examples/others/gridnav/lv_example_gridnav_1.c.obj

[1413/1865] Building C object esp-idf/lvgl/CMakeFiles/__idf_lvgl.dir/examples/others/gridnav/lv_example_gridnav_3.c.obj

[1414/1865] Building C object esp-idf/lvgl/CMakeFiles/__idf_lvgl.dir/examples/others/ime/lv_example_ime_pinyin_1.c.obj

[1415/1865] Building C object esp-idf/lvgl/CMakeFiles/__idf_lvgl.dir/examples/others/imgfont/lv_example_imgfont_1.c.obj

[1416/1865] Building C object esp-idf/lvgl/CMakeFiles/__idf_lvgl.dir/examples/others/gridnav/lv_example_gridnav_4.c.obj

[1417/1865] Building C object esp-idf/lvgl/CMakeFiles/__idf_lvgl.dir/examples/others/gridnav/lv_example_gridnav_5.c.obj

[1418/1865] Building C object esp-idf/lvgl/CMakeFiles/__idf_lvgl.dir/examples/others/ime/lv_example_ime_pinyin_2.c.obj

[1419/1865] Building C object esp-idf/lvgl/CMakeFiles/__idf_lvgl.dir/examples/others/monkey/lv_example_monkey_2.c.obj

[1420/1865] Building C object esp-idf/lvgl/CMakeFiles/__idf_lvgl.dir/examples/others/monkey/lv_example_monkey_1.c.obj

[1421/1865] Building C object esp-idf/lvgl/CMakeFiles/__idf_lvgl.dir/examples/others/monkey/lv_example_monkey_3.c.obj

[1422/1865] Building C object esp-idf/lvgl/CMakeFiles/__idf_lvgl.dir/examples/porting/lv_port_disp_template.c.obj

[1423/1865] Building C object esp-idf/lvgl/CMakeFiles/__idf_lvgl.dir/examples/others/observer/lv_example_observer_3.c.obj

[1424/1865] Building C object esp-idf/lvgl/CMakeFiles/__idf_lvgl.dir/examples/others/observer/lv_example_observer_1.c.obj

[1425/1865] Building C object esp-idf/lvgl/CMakeFiles/__idf_lvgl.dir/examples/porting/lv_port_indev_template.c.obj

[1426/1865] Building C object esp-idf/lvgl/CMakeFiles/__idf_lvgl.dir/examples/porting/lv_port_fs_template.c.obj

[1427/1865] Building C object esp-idf/lvgl/CMakeFiles/__idf_lvgl.dir/examples/others/observer/lv_example_observer_4.c.obj

[1428/1865] Building C object esp-idf/lvgl/CMakeFiles/__idf_lvgl.dir/examples/others/observer/lv_example_observer_2.c.obj

[1429/1865] Building C object esp-idf/lvgl/CMakeFiles/__idf_lvgl.dir/examples/porting/lv_port_lcd_stm32_template.c.obj

[1430/1865] Building C object esp-idf/lvgl/CMakeFiles/__idf_lvgl.dir/examples/others/snapshot/lv_example_snapshot_1.c.obj

[1431/1865] Building C object esp-idf/lvgl/CMakeFiles/__idf_lvgl.dir/examples/others/observer/lv_example_observer_5.c.obj

[1432/1865] Building C object esp-idf/lvgl/CMakeFiles/__idf_lvgl.dir/examples/others/observer/lv_example_observer_6.c.obj

[1433/1865] Building C object esp-idf/lvgl/CMakeFiles/__idf_lvgl.dir/examples/porting/osal/lv_example_osal.c.obj

[1434/1865] Building C object esp-idf/lvgl/CMakeFiles/__idf_lvgl.dir/examples/scroll/lv_example_scroll_1.c.obj

[1435/1865] Building C object esp-idf/lvgl/CMakeFiles/__idf_lvgl.dir/examples/scroll/lv_example_scroll_4.c.obj

[1436/1865] Building C object esp-idf/lvgl/CMakeFiles/__idf_lvgl.dir/examples/scroll/lv_example_scroll_5.c.obj

[1437/1865] Building C object esp-idf/lvgl/CMakeFiles/__idf_lvgl.dir/examples/scroll/lv_example_scroll_3.c.obj

[1438/1865] Building C object esp-idf/lvgl/CMakeFiles/__idf_lvgl.dir/examples/styles/lv_example_style_1.c.obj

[1439/1865] Building C object esp-idf/lvgl/CMakeFiles/__idf_lvgl.dir/examples/styles/lv_example_style_11.c.obj

[1440/1865] Building C object esp-idf/lvgl/CMakeFiles/__idf_lvgl.dir/examples/scroll/lv_example_scroll_2.c.obj

[1441/1865] Building C object esp-idf/lvgl/CMakeFiles/__idf_lvgl.dir/examples/styles/lv_example_style_10.c.obj

[1442/1865] Building C object esp-idf/lvgl/CMakeFiles/__idf_lvgl.dir/examples/styles/lv_example_style_12.c.obj

[1443/1865] Building C object esp-idf/lvgl/CMakeFiles/__idf_lvgl.dir/examples/scroll/lv_example_scroll_6.c.obj

[1444/1865] Building C object esp-idf/lvgl/CMakeFiles/__idf_lvgl.dir/examples/styles/lv_example_style_13.c.obj

[1445/1865] Building C object esp-idf/lvgl/CMakeFiles/__idf_lvgl.dir/examples/styles/lv_example_style_15.c.obj

[1446/1865] Building C object esp-idf/lvgl/CMakeFiles/__idf_lvgl.dir/examples/styles/lv_example_style_14.c.obj

[1447/1865] Building C object esp-idf/lvgl/CMakeFiles/__idf_lvgl.dir/examples/styles/lv_example_style_18.c.obj

[1448/1865] Building C object esp-idf/lvgl/CMakeFiles/__idf_lvgl.dir/examples/styles/lv_example_style_2.c.obj

[1449/1865] Building C object esp-idf/lvgl/CMakeFiles/__idf_lvgl.dir/examples/styles/lv_example_style_16.c.obj

[1450/1865] Building C object esp-idf/lvgl/CMakeFiles/__idf_lvgl.dir/examples/styles/lv_example_style_17.c.obj

[1451/1865] Building C object esp-idf/lvgl/CMakeFiles/__idf_lvgl.dir/examples/styles/lv_example_style_5.c.obj

[1452/1865] Building C object esp-idf/lvgl/CMakeFiles/__idf_lvgl.dir/examples/styles/lv_example_style_4.c.obj

[1453/1865] Building C object esp-idf/lvgl/CMakeFiles/__idf_lvgl.dir/examples/styles/lv_example_style_3.c.obj

[1454/1865] Building C object esp-idf/lvgl/CMakeFiles/__idf_lvgl.dir/examples/styles/lv_example_style_6.c.obj

[1455/1865] Building C object esp-idf/lvgl/CMakeFiles/__idf_lvgl.dir/examples/styles/lv_example_style_7.c.obj

[1456/1865] Building C object esp-idf/lvgl/CMakeFiles/__idf_lvgl.dir/examples/styles/lv_example_style_8.c.obj

[1457/1865] Building C object esp-idf/lvgl/CMakeFiles/__idf_lvgl.dir/examples/widgets/animimg/lv_example_animimg_1.c.obj

[1458/1865] Building C object esp-idf/lvgl/CMakeFiles/__idf_lvgl.dir/examples/styles/lv_example_style_9.c.obj

[1459/1865] Building C object esp-idf/lvgl/CMakeFiles/__idf_lvgl.dir/examples/widgets/arc/lv_example_arc_2.c.obj

[1460/1865] Building C object esp-idf/lvgl/CMakeFiles/__idf_lvgl.dir/examples/widgets/bar/lv_example_bar_3.c.obj

[1461/1865] Building C object esp-idf/lvgl/CMakeFiles/__idf_lvgl.dir/examples/widgets/arc/lv_example_arc_1.c.obj

[1462/1865] Building C object esp-idf/lvgl/CMakeFiles/__idf_lvgl.dir/examples/widgets/bar/lv_example_bar_2.c.obj

[1463/1865] Building C object esp-idf/lvgl/CMakeFiles/__idf_lvgl.dir/examples/widgets/bar/lv_example_bar_1.c.obj

[1464/1865] Building C object esp-idf/lvgl/CMakeFiles/__idf_lvgl.dir/examples/widgets/bar/lv_example_bar_4.c.obj

[1465/1865] Building C object esp-idf/lvgl/CMakeFiles/__idf_lvgl.dir/examples/widgets/bar/lv_example_bar_6.c.obj

[1466/1865] Building C object esp-idf/lvgl/CMakeFiles/__idf_lvgl.dir/examples/widgets/bar/lv_example_bar_5.c.obj

[1467/1865] Building C object esp-idf/lvgl/CMakeFiles/__idf_lvgl.dir/examples/widgets/bar/lv_example_bar_7.c.obj

[1468/1865] Building C object esp-idf/lvgl/CMakeFiles/__idf_lvgl.dir/examples/widgets/button/lv_example_button_2.c.obj

[1469/1865] Building C object esp-idf/lvgl/CMakeFiles/__idf_lvgl.dir/examples/widgets/buttonmatrix/lv_example_buttonmatrix_1.c.obj

[1470/1865] Building C object esp-idf/lvgl/CMakeFiles/__idf_lvgl.dir/examples/widgets/button/lv_example_button_1.c.obj

[1471/1865] Building C object esp-idf/lvgl/CMakeFiles/__idf_lvgl.dir/examples/widgets/calendar/lv_example_calendar_1.c.obj

[1472/1865] Building C object esp-idf/lvgl/CMakeFiles/__idf_lvgl.dir/examples/widgets/button/lv_example_button_3.c.obj

[1473/1865] Building C object esp-idf/lvgl/CMakeFiles/__idf_lvgl.dir/examples/widgets/buttonmatrix/lv_example_buttonmatrix_2.c.obj

[1474/1865] Building C object esp-idf/lvgl/CMakeFiles/__idf_lvgl.dir/examples/widgets/buttonmatrix/lv_example_buttonmatrix_3.c.obj

[1475/1865] Building C object esp-idf/lvgl/CMakeFiles/__idf_lvgl.dir/examples/widgets/calendar/lv_example_calendar_2.c.obj

[1476/1865] Building C object esp-idf/lvgl/CMakeFiles/__idf_lvgl.dir/examples/widgets/canvas/lv_example_canvas_1.c.obj

[1477/1865] Building C object esp-idf/lvgl/CMakeFiles/__idf_lvgl.dir/examples/widgets/canvas/lv_example_canvas_2.c.obj

[1478/1865] Building C object esp-idf/lvgl/CMakeFiles/__idf_lvgl.dir/examples/widgets/canvas/lv_example_canvas_3.c.obj

[1479/1865] Building C object esp-idf/lvgl/CMakeFiles/__idf_lvgl.dir/examples/widgets/canvas/lv_example_canvas_5.c.obj

[1480/1865] Building C object esp-idf/lvgl/CMakeFiles/__idf_lvgl.dir/examples/widgets/canvas/lv_example_canvas_4.c.obj

[1481/1865] Building C object esp-idf/lvgl/CMakeFiles/__idf_lvgl.dir/examples/widgets/canvas/lv_example_canvas_7.c.obj

[1482/1865] Building C object esp-idf/lvgl/CMakeFiles/__idf_lvgl.dir/examples/widgets/canvas/lv_example_canvas_8.c.obj

[1483/1865] Building C object esp-idf/lvgl/CMakeFiles/__idf_lvgl.dir/examples/widgets/canvas/lv_example_canvas_6.c.obj

[1484/1865] Building C object esp-idf/lvgl/CMakeFiles/__idf_lvgl.dir/examples/widgets/chart/lv_example_chart_1.c.obj

[1485/1865] Building C object esp-idf/lvgl/CMakeFiles/__idf_lvgl.dir/examples/widgets/chart/lv_example_chart_3.c.obj

[1486/1865] Building C object esp-idf/lvgl/CMakeFiles/__idf_lvgl.dir/examples/widgets/chart/lv_example_chart_2.c.obj

[1487/1865] Building C object esp-idf/lvgl/CMakeFiles/__idf_lvgl.dir/examples/widgets/chart/lv_example_chart_4.c.obj

[1488/1865] Building C object esp-idf/lvgl/CMakeFiles/__idf_lvgl.dir/examples/widgets/chart/lv_example_chart_5.c.obj

[1489/1865] Building C object esp-idf/lvgl/CMakeFiles/__idf_lvgl.dir/examples/widgets/chart/lv_example_chart_6.c.obj

[1490/1865] Building C object esp-idf/lvgl/CMakeFiles/__idf_lvgl.dir/examples/widgets/chart/lv_example_chart_8.c.obj

[1491/1865] Building C object esp-idf/lvgl/CMakeFiles/__idf_lvgl.dir/examples/widgets/chart/lv_example_chart_7.c.obj

[1492/1865] Building C object esp-idf/lvgl/CMakeFiles/__idf_lvgl.dir/examples/widgets/checkbox/lv_example_checkbox_1.c.obj

[1493/1865] Building C object esp-idf/lvgl/CMakeFiles/__idf_lvgl.dir/examples/widgets/dropdown/lv_example_dropdown_2.c.obj

[1494/1865] Building C object esp-idf/lvgl/CMakeFiles/__idf_lvgl.dir/examples/widgets/checkbox/lv_example_checkbox_2.c.obj

[1495/1865] Building C object esp-idf/lvgl/CMakeFiles/__idf_lvgl.dir/examples/widgets/dropdown/lv_example_dropdown_1.c.obj

[1496/1865] Building C object esp-idf/lvgl/CMakeFiles/__idf_lvgl.dir/examples/widgets/image/lv_example_image_3.c.obj

[1497/1865] Building C object esp-idf/lvgl/CMakeFiles/__idf_lvgl.dir/examples/widgets/dropdown/lv_example_dropdown_3.c.obj

[1498/1865] Building C object esp-idf/lvgl/CMakeFiles/__idf_lvgl.dir/examples/widgets/image/lv_example_image_1.c.obj

[1499/1865] Building C object esp-idf/lvgl/CMakeFiles/__idf_lvgl.dir/examples/widgets/image/lv_example_image_2.c.obj

[1500/1865] Building C object esp-idf/lvgl/CMakeFiles/__idf_lvgl.dir/examples/widgets/image/lv_example_image_4.c.obj

[1501/1865] Building C object esp-idf/lvgl/CMakeFiles/__idf_lvgl.dir/examples/widgets/imagebutton/lv_example_imagebutton_1.c.obj

[1502/1865] Building C object esp-idf/lvgl/CMakeFiles/__idf_lvgl.dir/examples/widgets/keyboard/lv_example_keyboard_1.c.obj

[1503/1865] Building C object esp-idf/lvgl/CMakeFiles/__idf_lvgl.dir/examples/widgets/keyboard/lv_example_keyboard_2.c.obj

[1504/1865] Building C object esp-idf/lvgl/CMakeFiles/__idf_lvgl.dir/examples/widgets/label/lv_example_label_2.c.obj

[1505/1865] Building C object esp-idf/lvgl/CMakeFiles/__idf_lvgl.dir/examples/widgets/label/lv_example_label_3.c.obj

[1506/1865] Building C object esp-idf/lvgl/CMakeFiles/__idf_lvgl.dir/examples/widgets/label/lv_example_label_1.c.obj

[1507/1865] Building C object esp-idf/lvgl/CMakeFiles/__idf_lvgl.dir/examples/widgets/label/lv_example_label_5.c.obj

[1508/1865] Building C object esp-idf/lvgl/CMakeFiles/__idf_lvgl.dir/examples/widgets/label/lv_example_label_4.c.obj

[1509/1865] Building C object esp-idf/lvgl/CMakeFiles/__idf_lvgl.dir/examples/widgets/list/lv_example_list_1.c.obj

[1510/1865] Building C object esp-idf/lvgl/CMakeFiles/__idf_lvgl.dir/examples/widgets/led/lv_example_led_1.c.obj

[1511/1865] Building C object esp-idf/lvgl/CMakeFiles/__idf_lvgl.dir/examples/widgets/line/lv_example_line_1.c.obj

[1512/1865] Building C object esp-idf/lvgl/CMakeFiles/__idf_lvgl.dir/examples/widgets/lottie/lv_example_lottie_2.c.obj

[1513/1865] Building C object esp-idf/lvgl/CMakeFiles/__idf_lvgl.dir/examples/widgets/list/lv_example_list_2.c.obj

[1514/1865] Building C object esp-idf/lvgl/CMakeFiles/__idf_lvgl.dir/examples/widgets/lottie/lv_example_lottie_1.c.obj

[1515/1865] Building C object esp-idf/lvgl/CMakeFiles/__idf_lvgl.dir/examples/widgets/lottie/lv_example_lottie_approve.c.obj

[1516/1865] Building C object esp-idf/lvgl/CMakeFiles/__idf_lvgl.dir/examples/widgets/obj/lv_example_obj_1.c.obj

[1517/1865] Building C object esp-idf/lvgl/CMakeFiles/__idf_lvgl.dir/examples/widgets/menu/lv_example_menu_1.c.obj

[1518/1865] Building C object esp-idf/lvgl/CMakeFiles/__idf_lvgl.dir/examples/widgets/obj/lv_example_obj_2.c.obj

[1519/1865] Building C object esp-idf/lvgl/CMakeFiles/__idf_lvgl.dir/examples/widgets/msgbox/lv_example_msgbox_1.c.obj

[1520/1865] Building C object esp-idf/lvgl/CMakeFiles/__idf_lvgl.dir/examples/widgets/roller/lv_example_roller_1.c.obj

[1521/1865] Building C object esp-idf/lvgl/CMakeFiles/__idf_lvgl.dir/examples/widgets/menu/lv_example_menu_4.c.obj

[1522/1865] Building C object esp-idf/lvgl/CMakeFiles/__idf_lvgl.dir/examples/widgets/msgbox/lv_example_msgbox_2.c.obj

[1523/1865] Building C object esp-idf/lvgl/CMakeFiles/__idf_lvgl.dir/examples/widgets/menu/lv_example_menu_2.c.obj

[1524/1865] Building C object esp-idf/lvgl/CMakeFiles/__idf_lvgl.dir/examples/widgets/menu/lv_example_menu_3.c.obj

[1525/1865] Building C object esp-idf/lvgl/CMakeFiles/__idf_lvgl.dir/examples/widgets/roller/lv_example_roller_2.c.obj

[1526/1865] Building C object esp-idf/lvgl/CMakeFiles/__idf_lvgl.dir/examples/widgets/menu/lv_example_menu_5.c.obj

[1527/1865] Building C object esp-idf/lvgl/CMakeFiles/__idf_lvgl.dir/examples/widgets/roller/lv_example_roller_3.c.obj

[1528/1865] Building C object esp-idf/lvgl/CMakeFiles/__idf_lvgl.dir/examples/widgets/scale/lv_example_scale_3.c.obj

[1529/1865] Building C object esp-idf/lvgl/CMakeFiles/__idf_lvgl.dir/examples/widgets/scale/lv_example_scale_1.c.obj

[1530/1865] Building C object esp-idf/lvgl/CMakeFiles/__idf_lvgl.dir/examples/widgets/scale/lv_example_scale_4.c.obj

[1531/1865] Building C object esp-idf/lvgl/CMakeFiles/__idf_lvgl.dir/examples/widgets/scale/lv_example_scale_2.c.obj

[1532/1865] Building C object esp-idf/lvgl/CMakeFiles/__idf_lvgl.dir/examples/widgets/scale/lv_example_scale_6.c.obj

[1533/1865] Building C object esp-idf/lvgl/CMakeFiles/__idf_lvgl.dir/examples/widgets/slider/lv_example_slider_1.c.obj

[1534/1865] Building C object esp-idf/lvgl/CMakeFiles/__idf_lvgl.dir/examples/widgets/slider/lv_example_slider_3.c.obj

[1535/1865] Building C object esp-idf/lvgl/CMakeFiles/__idf_lvgl.dir/examples/widgets/slider/lv_example_slider_2.c.obj

[1536/1865] Building C object esp-idf/lvgl/CMakeFiles/__idf_lvgl.dir/examples/widgets/scale/lv_example_scale_7.c.obj

[1537/1865] Building C object esp-idf/lvgl/CMakeFiles/__idf_lvgl.dir/examples/widgets/scale/lv_example_scale_5.c.obj

[1538/1865] Building C object esp-idf/lvgl/CMakeFiles/__idf_lvgl.dir/examples/widgets/span/lv_example_span_1.c.obj

[1539/1865] Building C object esp-idf/lvgl/CMakeFiles/__idf_lvgl.dir/examples/widgets/slider/lv_example_slider_4.c.obj

[1540/1865] Building C object esp-idf/lvgl/CMakeFiles/__idf_lvgl.dir/examples/widgets/switch/lv_example_switch_1.c.obj

[1541/1865] Building C object esp-idf/lvgl/CMakeFiles/__idf_lvgl.dir/examples/widgets/tabview/lv_example_tabview_1.c.obj

[1542/1865] Building C object esp-idf/lvgl/CMakeFiles/__idf_lvgl.dir/examples/widgets/table/lv_example_table_1.c.obj

[1543/1865] Building C object esp-idf/lvgl/CMakeFiles/__idf_lvgl.dir/examples/widgets/spinbox/lv_example_spinbox_1.c.obj

[1544/1865] Building C object esp-idf/lvgl/CMakeFiles/__idf_lvgl.dir/examples/widgets/tabview/lv_example_tabview_2.c.obj

[1545/1865] Building C object esp-idf/lvgl/CMakeFiles/__idf_lvgl.dir/examples/widgets/spinner/lv_example_spinner_1.c.obj

[1546/1865] Building C object esp-idf/lvgl/CMakeFiles/__idf_lvgl.dir/examples/widgets/textarea/lv_example_textarea_1.c.obj

[1547/1865] Building C object esp-idf/lvgl/CMakeFiles/__idf_lvgl.dir/examples/widgets/table/lv_example_table_2.c.obj

[1548/1865] Building C object esp-idf/lvgl/CMakeFiles/__idf_lvgl.dir/examples/widgets/tileview/lv_example_tileview_1.c.obj

[1549/1865] Building C object esp-idf/lvgl/CMakeFiles/__idf_lvgl.dir/examples/widgets/textarea/lv_example_textarea_2.c.obj

[1550/1865] Building C object esp-idf/lvgl/CMakeFiles/__idf_lvgl.dir/examples/widgets/textarea/lv_example_textarea_3.c.obj

[1551/1865] Building C object esp-idf/lvgl/CMakeFiles/__idf_lvgl.dir/examples/widgets/win/lv_example_win_1.c.obj

[1552/1865] Building C object esp-idf/gmf_core/CMakeFiles/__idf_gmf_core.dir/src/esp_gmf_event.c.obj

[1553/1865] Building C object esp-idf/bat_monitor/CMakeFiles/__idf_bat_monitor.dir/bat_monitor.c.obj

[1554/1865] Building C object esp-idf/i2s_pa/CMakeFiles/__idf_i2s_pa.dir/board.c.obj

[1555/1865] Linking C static library esp-idf\esp_codec_dev\libesp_codec_dev.a

[1556/1865] Building C object esp-idf/gmf_core/CMakeFiles/__idf_gmf_core.dir/src/esp_gmf_audio_element.c.obj

[1557/1865] Building C object esp-idf/gmf_core/CMakeFiles/__idf_gmf_core.dir/src/esp_gmf_cap.c.obj

[1558/1865] Building C object esp-idf/gmf_core/CMakeFiles/__idf_gmf_core.dir/src/esp_gmf_node.c.obj

[1559/1865] Building C object esp-idf/gmf_core/CMakeFiles/__idf_gmf_core.dir/src/esp_gmf_payload.c.obj

[1560/1865] Building C object esp-idf/gmf_core/CMakeFiles/__idf_gmf_core.dir/src/esp_gmf_obj.c.obj

[1561/1865] Building C object esp-idf/wifi_provision/CMakeFiles/__idf_wifi_provision.dir/wifi_provision.c.obj

[1562/1865] Building C object esp-idf/gmf_core/CMakeFiles/__idf_gmf_core.dir/src/esp_gmf_pic_element.c.obj

[1563/1865] Building C object esp-idf/gmf_core/CMakeFiles/__idf_gmf_core.dir/oal/esp_gmf_oal_mutex.c.obj

[1564/1865] Building C object esp-idf/gmf_core/CMakeFiles/__idf_gmf_core.dir/src/esp_gmf_element.c.obj

[1565/1865] Building C object esp-idf/gmf_core/CMakeFiles/__idf_gmf_core.dir/oal/esp_gmf_oal_mem.c.obj

[1566/1865] Building C object esp-idf/gmf_core/CMakeFiles/__idf_gmf_core.dir/src/esp_gmf_pool.c.obj

[1567/1865] Building C object esp-idf/gmf_core/CMakeFiles/__idf_gmf_core.dir/src/esp_gmf_video_element.c.obj

[1568/1865] Building C object esp-idf/gmf_core/CMakeFiles/__idf_gmf_core.dir/src/esp_gmf_port.c.obj

[1569/1865] Building C object esp-idf/gmf_core/CMakeFiles/__idf_gmf_core.dir/src/esp_gmf_io.c.obj

[1570/1865] Building C object esp-idf/gmf_core/CMakeFiles/__idf_gmf_core.dir/oal/esp_gmf_oal_sys.c.obj

[1571/1865] Building C object esp-idf/gmf_core/CMakeFiles/__idf_gmf_core.dir/data_bus/esp_gmf_data_bus.c.obj

[1572/1865] Building C object esp-idf/gmf_core/CMakeFiles/__idf_gmf_core.dir/oal/esp_gmf_oal_thread.c.obj

[1573/1865] Building C object esp-idf/gmf_core/CMakeFiles/__idf_gmf_core.dir/src/esp_gmf_pipeline.c.obj

[1574/1865] Building C object esp-idf/gmf_core/CMakeFiles/__idf_gmf_core.dir/src/esp_gmf_task.c.obj

[1575/1865] Building C object esp-idf/gmf_core/CMakeFiles/__idf_gmf_core.dir/data_bus/esp_gmf_new_databus.c.obj

[1576/1865] Building C object esp-idf/gmf_core/CMakeFiles/__idf_gmf_core.dir/helpers/esp_gmf_uri_parser.c.obj

[1577/1865] Building C object esp-idf/gmf_core/CMakeFiles/__idf_gmf_core.dir/data_bus/esp_gmf_block.c.obj

[1578/1865] Building C object esp-idf/gmf_core/CMakeFiles/__idf_gmf_core.dir/data_bus/esp_gmf_pbuf.c.obj

[1579/1865] Building C object esp-idf/esp-adf-libs/CMakeFiles/__idf_esp-adf-libs.dir/media_lib_sal/media_lib_common.c.obj

[1580/1865] Building C object esp-idf/gmf_core/CMakeFiles/__idf_gmf_core.dir/data_bus/esp_gmf_ringbuffer.c.obj

[1581/1865] Building C object esp-idf/gmf_core/CMakeFiles/__idf_gmf_core.dir/data_bus/esp_gmf_fifo.c.obj

[1582/1865] Building C object esp-idf/gmf_core/CMakeFiles/__idf_gmf_core.dir/data_bus/esp_gmf_data_queue.c.obj

E:/ESP/esp-miply-1.85touch/esp_miplay-1.85c/components/gmf_core/data_bus/esp_gmf_data_queue.c:145:13: warning: 'data_queue_have_data_from_last' defined but not used [-Wunused-function]

  145 | static bool data_queue_have_data_from_last(esp_gmf_data_queue_t *queue)

      |             ^~~~~~~~~~~~~~~~~~~~~~~~~~~~~~

[1583/1865] Building C object esp-idf/esp-adf-libs/CMakeFiles/__idf_esp-adf-libs.dir/media_lib_sal/media_lib_os.c.obj

[1584/1865] Linking C static library esp-idf\nghttp\libnghttp.a

[1585/1865] Building C object esp-idf/esp-adf-libs/CMakeFiles/__idf_esp-adf-libs.dir/esp_audio_codec/src/audio_decoder_reg.c.obj

[1586/1865] Building C object esp-idf/esp-adf-libs/CMakeFiles/__idf_esp-adf-libs.dir/media_lib_sal/media_lib_adapter.c.obj

[1587/1865] Building C object esp-idf/esp-adf-libs/CMakeFiles/__idf_esp-adf-libs.dir/media_lib_sal/mem_trace/media_lib_mem_his.c.obj

[1588/1865] Building C object esp-idf/esp-adf-libs/CMakeFiles/__idf_esp-adf-libs.dir/esp_audio_codec/src/simple_decoder_reg.c.obj

[1589/1865] Building C object esp-idf/esp-adf-libs/CMakeFiles/__idf_esp-adf-libs.dir/media_lib_sal/port/media_lib_os_freertos.c.obj

[1590/1865] Linking C static library esp-idf\tft_display\libtft_display.a

[1591/1865] Linking C static library esp-idf\esp_eth\libesp_eth.a

[1592/1865] Linking C static library esp-idf\console\libconsole.a

[1593/1865] Linking C static library esp-idf\wifi_provision\libwifi_provision.a

[1594/1865] Building C object esp-idf/esp-adf-libs/CMakeFiles/__idf_esp-adf-libs.dir/media_lib_sal/mem_trace/media_lib_mem_trace.c.obj

[1595/1865] Linking C static library esp-idf\bat_monitor\libbat_monitor.a

[1596/1865] Building C object esp-idf/lvgl_port/CMakeFiles/__idf_lvgl_port.dir/ui_ref/ui_img_bofang1_png.c.obj

[1597/1865] Building C object esp-idf/lvgl_port/CMakeFiles/__idf_lvgl_port.dir/lvgl_port_disp.c.obj

[1598/1865] Building C object esp-idf/lvgl_port/CMakeFiles/__idf_lvgl_port.dir/ui_ref/ui_img_haibao_png.c.obj

[1599/1865] Building C object esp-idf/lvgl_port/CMakeFiles/__idf_lvgl_port.dir/lvgl_port_touch.c.obj

[1600/1865] Building C object esp-idf/lvgl_port/CMakeFiles/__idf_lvgl_port.dir/ui_ref/ui_img_shangyi1_png.c.obj

[1601/1865] Building C object esp-idf/lvgl_port/CMakeFiles/__idf_lvgl_port.dir/ui_ref/ui_img_zanting1_png.c.obj

[1602/1865] Building C object esp-idf/lvgl_port/CMakeFiles/__idf_lvgl_port.dir/ui_ref/ui_img_xiyi1_png.c.obj

[1603/1865] Building C object esp-idf/lvgl_port/CMakeFiles/__idf_lvgl_port.dir/ui_ref/ui_img_citou_png.c.obj

[1604/1865] Building C object esp-idf/lvgl_port/CMakeFiles/__idf_lvgl_port.dir/ui_ref/ui_img_bg_gradient.c.obj

[1605/1865] Building C object esp-idf/lvgl_port/CMakeFiles/__idf_lvgl_port.dir/ui_brookesia/esp_brookesia_font_maison_neue_book_12.c.obj

[1606/1865] Building C object esp-idf/lvgl_port/CMakeFiles/__idf_lvgl_port.dir/ui_brookesia/esp_brookesia_font_maison_neue_book_16.c.obj

[1607/1865] Building C object esp-idf/lvgl_port/CMakeFiles/__idf_lvgl_port.dir/ui_brookesia/esp_brookesia_font_maison_neue_book_24.c.obj

[1608/1865] Building C object esp-idf/lvgl_port/CMakeFiles/__idf_lvgl_port.dir/ui_brookesia/esp_brookesia_font_maison_neue_book_22.c.obj

[1609/1865] Building C object esp-idf/lvgl_port/CMakeFiles/__idf_lvgl_port.dir/ui_brookesia/esp_brookesia_font_maison_neue_book_20.c.obj

[1610/1865] Building C object esp-idf/lvgl_port/CMakeFiles/__idf_lvgl_port.dir/ui_ref/ui_img_jiaopian_png.c.obj

[1611/1865] Building C object esp-idf/lvgl_port/CMakeFiles/__idf_lvgl_port.dir/ui_ref/lv_font_simsun_16_ipa.c.obj

[1612/1865] Building C object esp-idf/lvgl_port/CMakeFiles/__idf_lvgl_port.dir/ui_brookesia/speaker_image_middle_quick_settings_wifi_close_20_20.c.obj

[1613/1865] Building C object esp-idf/lvgl_port/CMakeFiles/__idf_lvgl_port.dir/ui_brookesia/speaker_image_middle_quick_settings_wifi_48_48.c.obj

[1614/1865] Building C object esp-idf/lvgl_port/CMakeFiles/__idf_lvgl_port.dir/ui_brookesia/esp_brookesia_font_maison_neue_book_30.c.obj

[1615/1865] Building C object esp-idf/lvgl_port/CMakeFiles/__idf_lvgl_port.dir/ui_brookesia/speaker_image_middle_quick_settings_wifi_level1_20_20.c.obj

[1616/1865] Building C object esp-idf/lvgl_port/CMakeFiles/__idf_lvgl_port.dir/ui_brookesia/speaker_image_middle_quick_settings_wifi_level2_20_20.c.obj

[1617/1865] Building C object esp-idf/lvgl_port/CMakeFiles/__idf_lvgl_port.dir/lvgl_port_ui.c.obj

E:/ESP/esp-miply-1.85touch/esp_miplay-1.85c/components/lvgl_port/lvgl_port_ui.c: In function '_update_system_status':
E:/ESP/esp-miply-1.85touch/esp_miplay-1.85c/components/lvgl_port/lvgl_port_ui.c:1850:10: warning: unused variable 'wlan_on' [-Wunused-variable]
 1850 |     bool wlan_on = esp_wifi_get_mode(&wifi_mode) == ESP_OK && wifi_mode != WIFI_MODE_NULL;
      |          ^~~~~~~
E:/ESP/esp-miply-1.85touch/esp_miplay-1.85c/components/lvgl_port/lvgl_port_ui.c: At top level:
E:/ESP/esp-miply-1.85touch/esp_miplay-1.85c/components/lvgl_port/lvgl_port_ui.c:3207:13: warning: '_scale_rgb565_to_cover_buf' defined but not used [-Wunused-function]
 3207 | static void _scale_rgb565_to_cover_buf(const uint16_t *src, int src_w, int src_h,
      |             ^~~~~~~~~~~~~~~~~~~~~~~~~~
E:/ESP/esp-miply-1.85touch/esp_miplay-1.85c/components/lvgl_port/lvgl_port_ui.c:371:18: warning: 's_softap_ssid_label' defined but not used [-Wunused-variable]
  371 | static lv_obj_t *s_softap_ssid_label;
      |                  ^~~~~~~~~~~~~~~~~~~

E:/ESP/esp-miply-1.85touch/esp_miplay-1.85c/components/lvgl_port/lvgl_port_ui.c:368:18: warning: 's_wlan_provisioning_group' defined but not used [-Wunused-variable]

  368 | static lv_obj_t *s_wlan_provisioning_group;

      |                  ^~~~~~~~~~~~~~~~~~~~~~~~~

[1618/1865] Linking C static library esp-idf\lvgl\liblvgl.a

[1619/1865] Building C object esp-idf/lvgl_port/CMakeFiles/__idf_lvgl_port.dir/ui_brookesia/speaker_image_middle_quick_settings_battery_level3_20_20.c.obj

[1620/1865] Building C object esp-idf/lvgl_port/CMakeFiles/__idf_lvgl_port.dir/ui_brookesia/speaker_image_middle_quick_settings_battery_level1_20_20.c.obj

[1621/1865] Building C object esp-idf/lvgl_port/CMakeFiles/__idf_lvgl_port.dir/ui_brookesia/speaker_image_middle_quick_settings_wifi_level3_20_20.c.obj

[1622/1865] Building C object esp-idf/lvgl_port/CMakeFiles/__idf_lvgl_port.dir/ui_brookesia/speaker_image_middle_quick_settings_battery_level2_20_20.c.obj

[1623/1865] Building C object esp-idf/lvgl_port/CMakeFiles/__idf_lvgl_port.dir/ui_brookesia/speaker_image_middle_quick_settings_battery_charge_20_20.c.obj

[1624/1865] Building C object esp-idf/lvgl_port/CMakeFiles/__idf_lvgl_port.dir/ui_brookesia/speaker_image_middle_quick_settings_volume_high_48_48.c.obj

[1625/1865] Building C object esp-idf/lvgl_port/CMakeFiles/__idf_lvgl_port.dir/ui_brookesia/speaker_image_middle_quick_settings_battery_level4_20_20.c.obj

[1626/1865] Building C object esp-idf/lvgl_port/CMakeFiles/__idf_lvgl_port.dir/ui_brookesia/speaker_image_middle_quick_settings_brightness_high_48_48.c.obj

[1627/1865] Building C object esp-idf/lvgl_port/CMakeFiles/__idf_lvgl_port.dir/ui_brookesia/capsule_bri_32_32.c.obj

[1628/1865] Building C object esp-idf/lvgl_port/CMakeFiles/__idf_lvgl_port.dir/ui_brookesia/esp_brookesia_app_icon_arrow_left_48_48.c.obj

[1629/1865] Building C object esp-idf/lvgl_port/CMakeFiles/__idf_lvgl_port.dir/ui_brookesia/capsule_vol_32_32.c.obj

[1630/1865] Building C object esp-idf/lvgl_port/CMakeFiles/__idf_lvgl_port.dir/ui_brookesia/esp_brookesia_app_icon_arrow_right_48_48.c.obj

[1631/1865] Building C object esp-idf/lvgl_port/CMakeFiles/__idf_lvgl_port.dir/ui_brookesia/esp_brookesia_app_icon_wireless_wlan_48_48.c.obj

[1632/1865] Building C object esp-idf/lvgl_port/CMakeFiles/__idf_lvgl_port.dir/ui_brookesia/esp_brookesia_app_icon_media_sound_48_48.c.obj

[1633/1865] Building C object esp-idf/lvgl_port/CMakeFiles/__idf_lvgl_port.dir/ui_brookesia/esp_brookesia_app_icon_more_about_48_48.c.obj

[1634/1865] Building C object esp-idf/lvgl_port/CMakeFiles/__idf_lvgl_port.dir/ui_brookesia/esp_brookesia_app_icon_media_display_48_48.c.obj

[1635/1865] Building C object esp-idf/lvgl_port/CMakeFiles/__idf_lvgl_port.dir/ui_brookesia/esp_brookesia_app_icon_wlan_level2_36_36.c.obj

[1636/1865] Building C object esp-idf/lvgl_port/CMakeFiles/__idf_lvgl_port.dir/ui_brookesia/esp_brookesia_app_icon_wlan_level1_36_36.c.obj

[1637/1865] Building C object esp-idf/lvgl_port/CMakeFiles/__idf_lvgl_port.dir/ui_brookesia/esp_brookesia_app_icon_more_developer_mode_48_48.c.obj

[1638/1865] Building C object esp-idf/lvgl_port/CMakeFiles/__idf_lvgl_port.dir/ui_brookesia/esp_brookesia_app_icon_input_touch_48_48.c.obj

[1639/1865] Building C object esp-idf/lvgl_port/CMakeFiles/__idf_lvgl_port.dir/ui_brookesia/esp_brookesia_app_icon_wlan_level3_36_36.c.obj

[1640/1865] Building C object esp-idf/lvgl_port/CMakeFiles/__idf_lvgl_port.dir/ui_brookesia/esp_brookesia_app_icon_more_restart_48_48.c.obj

[1641/1865] Generating ../../device.xml.S

[1642/1865] Building C object esp-idf/jsmn/CMakeFiles/__idf_jsmn.dir/jsmn.c.obj

[1643/1865] Generating ../../avtransport.xml.S

[1644/1865] Generating ../../renderingcontrol.xml.S

[1645/1865] Generating ../../connectionmanager.xml.S

[1646/1865] Linking C static library esp-idf\i2s_pa\libi2s_pa.a

[1647/1865] Building C object esp-idf/lvgl_port/CMakeFiles/__idf_lvgl_port.dir/ui_brookesia/esp_brookesia_app_icon_wlan_lock_48_48.c.obj

[1648/1865] Linking C static library esp-idf\esp-adf-libs\libesp-adf-libs.a

[1649/1865] Building C object esp-idf/gmf_io/CMakeFiles/__idf_gmf_io.dir/esp_gmf_io_file.c.obj

[1650/1865] Building C object esp-idf/gmf_io/CMakeFiles/__idf_gmf_io.dir/esp_gmf_io_i2s_pdm.c.obj

[1651/1865] Building C object esp-idf/gmf_io/CMakeFiles/__idf_gmf_io.dir/esp_gmf_io_embed_flash.c.obj

[1652/1865] Building C object esp-idf/gmf_io/CMakeFiles/__idf_gmf_io.dir/miplay_io/esp_gmf_io_miplay.c.obj

[1653/1865] Linking C static library esp-idf\gmf_core\libgmf_core.a

[1654/1865] Building C object esp-idf/gmf_io/CMakeFiles/__idf_gmf_io.dir/http_lib/gzip/gzip_miniz.c.obj

[1655/1865] Building C object esp-idf/gmf_io/CMakeFiles/__idf_gmf_io.dir/codec_dev_io/esp_gmf_io_codec_dev.c.obj

E:/ESP/esp-miply-1.85touch/esp_miplay-1.85c/components/gmf_io/codec_dev_io/esp_gmf_io_codec_dev.c:79:16: warning: 's_sync_adjust_bytes' defined but not used [-Wunused-variable]

   79 | static int32_t s_sync_adjust_bytes = 0;

      |                ^~~~~~~~~~~~~~~~~~~

[1656/1865] Building C object esp-idf/lvgl_port/CMakeFiles/__idf_lvgl_port.dir/ui_ref/lv_font_simsun_16_supplement.c.obj

[1657/1865] Building C object esp-idf/gmf_audio/CMakeFiles/__idf_gmf_audio.dir/esp_gmf_audio_helper.c.obj

[1658/1865] Building C object esp-idf/gmf_audio/CMakeFiles/__idf_gmf_audio.dir/esp_gmf_audio_param.c.obj

[1659/1865] Building C object esp-idf/gmf_audio/CMakeFiles/__idf_gmf_audio.dir/esp_gmf_alc.c.obj

[1660/1865] Building C object esp-idf/gmf_audio/CMakeFiles/__idf_gmf_audio.dir/esp_gmf_rate_cvt.c.obj

[1661/1865] Building C object esp-idf/gmf_audio/CMakeFiles/__idf_gmf_audio.dir/esp_gmf_audio_dec.c.obj

[1662/1865] Building C object esp-idf/gmf_audio/CMakeFiles/__idf_gmf_audio.dir/esp_gmf_sonic.c.obj

[1663/1865] Building C object esp-idf/espressif__mdns/CMakeFiles/__idf_espressif__mdns.dir/mdns_utils.c.obj

[1664/1865] Building C object esp-idf/gmf_io/CMakeFiles/__idf_gmf_io.dir/esp_gmf_io_http.c.obj

[1665/1865] Building C object esp-idf/espressif__mdns/CMakeFiles/__idf_espressif__mdns.dir/mdns_debug.c.obj

[1666/1865] Building C object esp-idf/espressif__mdns/CMakeFiles/__idf_espressif__mdns.dir/mdns_responder.c.obj

[1667/1865] Building C object esp-idf/espressif__mdns/CMakeFiles/__idf_espressif__mdns.dir/mdns_service.c.obj

[1668/1865] Building C object esp-idf/espressif__mdns/CMakeFiles/__idf_espressif__mdns.dir/mdns_pcb.c.obj

[1669/1865] Building C object esp-idf/espressif__mdns/CMakeFiles/__idf_espressif__mdns.dir/mdns_mem_caps.c.obj

[1670/1865] Building C object esp-idf/espressif__mdns/CMakeFiles/__idf_espressif__mdns.dir/mdns_netif.c.obj

[1671/1865] Building C object esp-idf/espressif__mdns/CMakeFiles/__idf_espressif__mdns.dir/mdns_send.c.obj

[1672/1865] Building C object esp-idf/espressif__mdns/CMakeFiles/__idf_espressif__mdns.dir/mdns_querier.c.obj

[1673/1865] Building C object esp-idf/espressif__mdns/CMakeFiles/__idf_espressif__mdns.dir/mdns_browser.c.obj

[1674/1865] Building C object esp-idf/espressif__mdns/CMakeFiles/__idf_espressif__mdns.dir/mdns_receive.c.obj

[1675/1865] Building ASM object esp-idf/custom_dlna/CMakeFiles/__idf_custom_dlna.dir/__/__/device.xml.S.obj

[1676/1865] Linking C static library esp-idf\jsmn\libjsmn.a

[1677/1865] Building ASM object esp-idf/custom_dlna/CMakeFiles/__idf_custom_dlna.dir/__/__/avtransport.xml.S.obj

[1678/1865] Building ASM object esp-idf/custom_dlna/CMakeFiles/__idf_custom_dlna.dir/__/__/renderingcontrol.xml.S.obj

[1679/1865] Building ASM object esp-idf/custom_dlna/CMakeFiles/__idf_custom_dlna.dir/__/__/connectionmanager.xml.S.obj

[1680/1865] Building C object esp-idf/espressif__mdns/CMakeFiles/__idf_espressif__mdns.dir/mdns_networking_lwip.c.obj

[1681/1865] Building C object esp-idf/espressif__mdns/CMakeFiles/__idf_espressif__mdns.dir/mdns_cache.c.obj

[1682/1865] Linking C static library esp-idf\gmf_io\libgmf_io.a

[1683/1865] Linking C static library esp-idf\gmf_audio\libgmf_audio.a

[1684/1865] Building C object esp-idf/gmf_loader/CMakeFiles/__idf_gmf_loader.dir/src/gmf_loader_setup_audio_codec.c.obj

[1685/1865] Building C object esp-idf/libwebp/CMakeFiles/__idf_libwebp.dir/src/dec/alpha_dec.c.obj

[1686/1865] Building C object esp-idf/espressif__mdns/CMakeFiles/__idf_espressif__mdns.dir/mdns_console.c.obj

[1687/1865] Building C object esp-idf/chime/CMakeFiles/__idf_chime.dir/chime.c.obj

[1688/1865] Building C object esp-idf/libwebp/CMakeFiles/__idf_libwebp.dir/src/dec/buffer_dec.c.obj

[1689/1865] Building C object esp-idf/gmf_loader/CMakeFiles/__idf_gmf_loader.dir/src/gmf_loader_setup_audio_effects.c.obj

[1690/1865] Building C object esp-idf/gmf_loader/CMakeFiles/__idf_gmf_loader.dir/src/gmf_loader_setup_io.c.obj

[1691/1865] Building C object esp-idf/custom_dlna/CMakeFiles/__idf_custom_dlna.dir/custom_dlna.c.obj

E:/ESP/esp-miply-1.85touch/esp_miplay-1.85c/components/custom_dlna/custom_dlna.c:1190:13: warning: 'ssdp_send_byebye' defined but not used [-Wunused-function]
 1190 | static void ssdp_send_byebye(void)
      |             ^~~~~~~~~~~~~~~~
E:/ESP/esp-miply-1.85touch/esp_miplay-1.85c/components/custom_dlna/custom_dlna.c:841:13: warning: 'soap_ok_stub' defined but not used [-Wunused-function]
  841 | static void soap_ok_stub(httpd_req_t *req, const char *service, const char *action)
      |             ^~~~~~~~~~~~

E:/ESP/esp-miply-1.85touch/esp_miplay-1.85c/components/custom_dlna/custom_dlna.c:270:13: warning: 'fmt_time_ms' defined but not used [-Wunused-function]

  270 | static void fmt_time_ms(int ms, char *buf, int len)

      |             ^~~~~~~~~~~

[1692/1865] Building C object esp-idf/libwebp/CMakeFiles/__idf_libwebp.dir/src/dec/io_dec.c.obj

[1693/1865] Building C object esp-idf/libwebp/CMakeFiles/__idf_libwebp.dir/src/dec/frame_dec.c.obj

[1694/1865] Building C object esp-idf/libwebp/CMakeFiles/__idf_libwebp.dir/src/dec/quant_dec.c.obj

[1695/1865] Building C object esp-idf/libwebp/CMakeFiles/__idf_libwebp.dir/src/dec/idec_dec.c.obj

[1696/1865] Building C object esp-idf/libwebp/CMakeFiles/__idf_libwebp.dir/src/dec/tree_dec.c.obj

[1697/1865] Building C object esp-idf/lyrics_fetch/CMakeFiles/__idf_lyrics_fetch.dir/lyrics_fetch.c.obj

E:/ESP/esp-miply-1.85touch/esp_miplay-1.85c/components/lyrics_fetch/lyrics_fetch.c: In function 'strip_title_suffix':
E:/ESP/esp-miply-1.85touch/esp_miplay-1.85c/components/lyrics_fetch/lyrics_fetch.c:370:38: warning: multi-character character constant [-Wmultichar]
  370 |         if (in[i] == '(' || in[i] == '锛?) break;
      |                                      ^~~~
E:/ESP/esp-miply-1.85touch/esp_miplay-1.85c/components/lyrics_fetch/lyrics_fetch.c:370:35: warning: comparison is always false due to limited range of data type [-Wtype-limits]

  370 |         if (in[i] == '(' || in[i] == '锛?) break;

      |                                   ^~

[1698/1865] Linking C static library esp-idf\espressif__mdns\libespressif__mdns.a

[1699/1865] Building C object esp-idf/libwebp/CMakeFiles/__idf_libwebp.dir/src/dsp/cpu.c.obj

[1700/1865] Building C object esp-idf/libwebp/CMakeFiles/__idf_libwebp.dir/src/dec/vp8_dec.c.obj

[1701/1865] Building C object esp-idf/libwebp/CMakeFiles/__idf_libwebp.dir/src/dec/webp_dec.c.obj

[1702/1865] Building C object esp-idf/libwebp/CMakeFiles/__idf_libwebp.dir/src/demux/anim_decode.c.obj

[1703/1865] Building C object esp-idf/libwebp/CMakeFiles/__idf_libwebp.dir/src/dsp/alpha_processing.c.obj

[1704/1865] Building C object esp-idf/libwebp/CMakeFiles/__idf_libwebp.dir/src/dsp/dec_clip_tables.c.obj

[1705/1865] Building C object esp-idf/libwebp/CMakeFiles/__idf_libwebp.dir/src/demux/demux.c.obj

[1706/1865] Building C object esp-idf/libwebp/CMakeFiles/__idf_libwebp.dir/src/dsp/filters.c.obj

[1707/1865] Building C object esp-idf/libwebp/CMakeFiles/__idf_libwebp.dir/src/utils/color_cache_utils.c.obj

[1708/1865] Building C object esp-idf/libwebp/CMakeFiles/__idf_libwebp.dir/src/dsp/rescaler.c.obj

[1709/1865] Building C object esp-idf/libwebp/CMakeFiles/__idf_libwebp.dir/src/dec/vp8l_dec.c.obj

[1710/1865] Building C object esp-idf/libwebp/CMakeFiles/__idf_libwebp.dir/src/utils/filters_utils.c.obj

[1711/1865] Building C object esp-idf/libwebp/CMakeFiles/__idf_libwebp.dir/src/dsp/dec.c.obj

[1712/1865] Building C object esp-idf/libwebp/CMakeFiles/__idf_libwebp.dir/src/utils/bit_reader_utils.c.obj

[1713/1865] Building C object esp-idf/libwebp/CMakeFiles/__idf_libwebp.dir/src/utils/huffman_utils.c.obj

[1714/1865] Building C object esp-idf/libwebp/CMakeFiles/__idf_libwebp.dir/src/dsp/lossless.c.obj

[1715/1865] Building C object esp-idf/libwebp/CMakeFiles/__idf_libwebp.dir/src/dsp/yuv.c.obj

[1716/1865] Building C object esp-idf/libwebp/CMakeFiles/__idf_libwebp.dir/src/dsp/upsampling.c.obj

[1717/1865] Building C object esp-idf/libwebp/CMakeFiles/__idf_libwebp.dir/src/utils/palette.c.obj

[1718/1865] Building C object esp-idf/libwebp/CMakeFiles/__idf_libwebp.dir/src/utils/random_utils.c.obj

[1719/1865] Building C object esp-idf/libwebp/CMakeFiles/__idf_libwebp.dir/src/utils/rescaler_utils.c.obj

[1720/1865] Building C object esp-idf/libwebp/CMakeFiles/__idf_libwebp.dir/src/utils/quant_levels_dec_utils.c.obj

[1721/1865] Building C object esp-idf/libwebp/CMakeFiles/__idf_libwebp.dir/src/utils/thread_utils.c.obj

[1722/1865] Building C object esp-idf/libwebp/CMakeFiles/__idf_libwebp.dir/src/utils/utils.c.obj

[1723/1865] Linking C static library esp-idf\lyrics_fetch\liblyrics_fetch.a

[1724/1865] Linking C static library esp-idf\custom_dlna\libcustom_dlna.a

[1725/1865] Building C object esp-idf/unity/CMakeFiles/__idf_unity.dir/unity_compat.c.obj

[1726/1865] Linking C static library esp-idf\chime\libchime.a

[1727/1865] Linking C static library esp-idf\gmf_loader\libgmf_loader.a

[1728/1865] Building C object esp-idf/unity/CMakeFiles/__idf_unity.dir/unity_utils_freertos.c.obj

[1729/1865] Building C object esp-idf/unity/CMakeFiles/__idf_unity.dir/unity_runner.c.obj

[1730/1865] Performing configure step for 'bootloader'

-- Found Git: D:/Git/mingw64/bin/git.exe (found version "2.54.0.windows.1")
-- Minimal build - OFF
-- The C compiler identification is GNU 14.2.0
-- The CXX compiler identification is GNU 14.2.0
-- The ASM compiler identification is GNU
-- Found assembler: E:/ESP/.espressif/tools/xtensa-esp-elf/esp-14.2.0_20260121/xtensa-esp-elf/bin/xtensa-esp32s3-elf-gcc.exe
-- Detecting C compiler ABI info
-- Detecting C compiler ABI info - done
-- Check for working C compiler: E:/ESP/.espressif/tools/xtensa-esp-elf/esp-14.2.0_20260121/xtensa-esp-elf/bin/xtensa-esp32s3-elf-gcc.exe - skipped
-- Detecting C compile features
-- Detecting C compile features - done
-- Detecting CXX compiler ABI info
-- Detecting CXX compiler ABI info - done
-- Check for working CXX compiler: E:/ESP/.espressif/tools/xtensa-esp-elf/esp-14.2.0_20260121/xtensa-esp-elf/bin/xtensa-esp32s3-elf-g++.exe - skipped
-- Detecting CXX compile features
-- Detecting CXX compile features - done
-- Building ESP-IDF components for target esp32s3
-- ESP-TEE is currently supported only on the esp32c6;esp32h2;esp32c5 SoCs
-- Project sdkconfig file E:/ESP/esp-miply-1.85touch/esp_miplay-1.85c/sdkconfig
-- Compiler supported targets: xtensa-esp-elf
-- Detecting C compiler ABI info
-- Detecting C compiler ABI info - done
-- Detecting CXX compiler ABI info
-- Detecting CXX compiler ABI info - done
-- Detecting C compiler ABI info
-- Detecting C compiler ABI info - done
-- Detecting CXX compiler ABI info
-- Detecting CXX compiler ABI info - done
-- Adding linker script E:/ESP/.espressif/v5.5.4/esp-idf/components/soc/esp32s3/ld/esp32s3.peripherals.ld
-- Bootloader project name: "bootloader" version: 1
-- Adding linker script E:/ESP/.espressif/v5.5.4/esp-idf/components/esp_rom/esp32s3/ld/esp32s3.rom.ld
-- Adding linker script E:/ESP/.espressif/v5.5.4/esp-idf/components/esp_rom/esp32s3/ld/esp32s3.rom.api.ld
-- Adding linker script E:/ESP/.espressif/v5.5.4/esp-idf/components/esp_rom/esp32s3/ld/esp32s3.rom.bt_funcs.ld
-- Adding linker script E:/ESP/.espressif/v5.5.4/esp-idf/components/esp_rom/esp32s3/ld/esp32s3.rom.libgcc.ld
-- Adding linker script E:/ESP/.espressif/v5.5.4/esp-idf/components/esp_rom/esp32s3/ld/esp32s3.rom.wdt.ld
-- Adding linker script E:/ESP/.espressif/v5.5.4/esp-idf/components/esp_rom/esp32s3/ld/esp32s3.rom.version.ld
-- Adding linker script E:/ESP/.espressif/v5.5.4/esp-idf/components/esp_rom/esp32s3/ld/esp32s3.rom.libc.ld
-- Adding linker script E:/ESP/.espressif/v5.5.4/esp-idf/components/esp_rom/esp32s3/ld/esp32s3.rom.newlib.ld
-- Adding linker script E:/ESP/.espressif/v5.5.4/esp-idf/components/bootloader/subproject/main/ld/esp32s3/bootloader.rom.ld
-- Components: bootloader bootloader_support efuse esp_app_format esp_bootloader_format esp_common esp_hw_support esp_rom esp_security esp_system esptool_py freertos hal log main micro-ecc newlib partition_table soc spi_flash xtensa
-- Component paths: E:/ESP/.espressif/v5.5.4/esp-idf/components/bootloader E:/ESP/.espressif/v5.5.4/esp-idf/components/bootloader_support E:/ESP/.espressif/v5.5.4/esp-idf/components/efuse E:/ESP/.espressif/v5.5.4/esp-idf/components/esp_app_format E:/ESP/.espressif/v5.5.4/esp-idf/components/esp_bootloader_format E:/ESP/.espressif/v5.5.4/esp-idf/components/esp_common E:/ESP/.espressif/v5.5.4/esp-idf/components/esp_hw_support E:/ESP/.espressif/v5.5.4/esp-idf/components/esp_rom E:/ESP/.espressif/v5.5.4/esp-idf/components/esp_security E:/ESP/.espressif/v5.5.4/esp-idf/components/esp_system E:/ESP/.espressif/v5.5.4/esp-idf/components/esptool_py E:/ESP/.espressif/v5.5.4/esp-idf/components/freertos E:/ESP/.espressif/v5.5.4/esp-idf/components/hal E:/ESP/.espressif/v5.5.4/esp-idf/components/log E:/ESP/.espressif/v5.5.4/esp-idf/components/bootloader/subproject/main E:/ESP/.espressif/v5.5.4/esp-idf/components/bootloader/subproject/components/micro-ecc E:/ESP/.espressif/v5.5.4/esp-idf/components/newlib E:/ESP/.espressif/v5.5.4/esp-idf/components/partition_table E:/ESP/.espressif/v5.5.4/esp-idf/components/soc E:/ESP/.espressif/v5.5.4/esp-idf/components/spi_flash E:/ESP/.espressif/v5.5.4/esp-idf/components/xtensa

-- Adding linker script E:/ESP/.espressif/v5.5.4/esp-idf/components/bootloader/subproject/main/ld/esp32s3/bootloader.ld

-- Configuring done (50.4s)

-- Generating done (0.4s)

-- Build files have been written to: E:/ESP/esp-miply-1.85touch/esp_miplay-1.85c/build/bootloader

[1731/1865] Building C object esp-idf/unity/CMakeFiles/__idf_unity.dir/unity_utils_cache.c.obj

[1732/1865] Building C object esp-idf/unity/CMakeFiles/__idf_unity.dir/unity_utils_memory.c.obj

[1733/1865] Building C object esp-idf/unity/CMakeFiles/__idf_unity.dir/port/esp/unity_utils_memory_esp.c.obj

[1734/1865] Building C object esp-idf/unity/CMakeFiles/__idf_unity.dir/unity_port_esp32.c.obj

[1735/1865] Building C object esp-idf/protocomm/CMakeFiles/__idf_protocomm.dir/proto-c/constants.pb-c.c.obj

[1736/1865] Linking C static library esp-idf\libwebp\liblibwebp.a

[1737/1865] Building C object esp-idf/protocomm/CMakeFiles/__idf_protocomm.dir/proto-c/sec0.pb-c.c.obj

[1738/1865] Building C object esp-idf/protocomm/CMakeFiles/__idf_protocomm.dir/proto-c/sec1.pb-c.c.obj

[1739/1865] Building C object esp-idf/protocomm/CMakeFiles/__idf_protocomm.dir/src/common/protocomm.c.obj

[1740/1865] Building C object esp-idf/unity/CMakeFiles/__idf_unity.dir/unity/src/unity.c.obj

[1741/1865] Building C object esp-idf/protocomm/CMakeFiles/__idf_protocomm.dir/proto-c/sec2.pb-c.c.obj

[1742/1865] Building C object esp-idf/protocomm/CMakeFiles/__idf_protocomm.dir/proto-c/session.pb-c.c.obj

[1743/1865] Building C object esp-idf/esp_https_server/CMakeFiles/__idf_esp_https_server.dir/src/https_server.c.obj

[1744/1865] Building C object esp-idf/protobuf-c/CMakeFiles/__idf_protobuf-c.dir/protobuf-c/protobuf-c/protobuf-c.c.obj

[1745/1865] Building C object esp-idf/protocomm/CMakeFiles/__idf_protocomm.dir/src/security/security0.c.obj

[1746/1865] Building C object esp-idf/protocomm/CMakeFiles/__idf_protocomm.dir/src/transports/protocomm_console.c.obj

[1747/1865] Building C object esp-idf/protocomm/CMakeFiles/__idf_protocomm.dir/src/transports/protocomm_httpd.c.obj

[1748/1865] Building C object esp-idf/protocomm/CMakeFiles/__idf_protocomm.dir/src/crypto/srp6a/esp_srp_mpi.c.obj

[1749/1865] Building CXX object esp-idf/wear_levelling/CMakeFiles/__idf_wear_levelling.dir/WL_Ext_Perf.cpp.obj

[1750/1865] Building CXX object esp-idf/wear_levelling/CMakeFiles/__idf_wear_levelling.dir/SPI_Flash.cpp.obj

[1751/1865] Building CXX object esp-idf/wear_levelling/CMakeFiles/__idf_wear_levelling.dir/Partition.cpp.obj

[1752/1865] Building C object esp-idf/protocomm/CMakeFiles/__idf_protocomm.dir/src/crypto/srp6a/esp_srp.c.obj

[1753/1865] Building CXX object esp-idf/wear_levelling/CMakeFiles/__idf_wear_levelling.dir/crc32.cpp.obj

[1754/1865] Building CXX object esp-idf/wear_levelling/CMakeFiles/__idf_wear_levelling.dir/WL_Ext_Safe.cpp.obj

[1755/1865] Linking C static library esp-idf\protobuf-c\libprotobuf-c.a

[1756/1865] Building C object esp-idf/protocomm/CMakeFiles/__idf_protocomm.dir/src/security/security1.c.obj

[1757/1865] Building C object esp-idf/protocomm/CMakeFiles/__idf_protocomm.dir/src/security/security2.c.obj

[1758/1865] Building CXX object esp-idf/wear_levelling/CMakeFiles/__idf_wear_levelling.dir/wear_levelling.cpp.obj

[1759/1865] Building C object esp-idf/app_trace/CMakeFiles/__idf_app_trace.dir/port/port_uart.c.obj

[1760/1865] Building C object esp-idf/cmock/CMakeFiles/__idf_cmock.dir/CMock/src/cmock.c.obj

[1761/1865] Building C object esp-idf/app_trace/CMakeFiles/__idf_app_trace.dir/host_file_io.c.obj

[1762/1865] Building C object esp-idf/app_trace/CMakeFiles/__idf_app_trace.dir/app_trace_util.c.obj

[1763/1865] Building C object esp-idf/app_trace/CMakeFiles/__idf_app_trace.dir/app_trace.c.obj

[1764/1865] Building C object esp-idf/miplay/CMakeFiles/__idf_miplay.dir/miplay.c.obj

[1765/1865] Linking C static library esp-idf\unity\libunity.a

[1766/1865] Building C object esp-idf/esp_driver_cam/CMakeFiles/__idf_esp_driver_cam.dir/dvp_share_ctrl.c.obj

[1767/1865] Building C object esp-idf/json/CMakeFiles/__idf_json.dir/cJSON/cJSON_Utils.c.obj

[1768/1865] Building CXX object esp-idf/wear_levelling/CMakeFiles/__idf_wear_levelling.dir/WL_Flash.cpp.obj

[1769/1865] Building C object esp-idf/esp_driver_cam/CMakeFiles/__idf_esp_driver_cam.dir/esp_cam_ctlr.c.obj

[1770/1865] Building C object esp-idf/esp_driver_cam/CMakeFiles/__idf_esp_driver_cam.dir/dvp/src/esp_cam_ctlr_dvp_gdma.c.obj

[1771/1865] Building C object esp-idf/lvgl_port/CMakeFiles/__idf_lvgl_port.dir/ui_ref/lv_font_simsun_16_cjk.c.obj

[1772/1865] Building C object esp-idf/esp_hid/CMakeFiles/__idf_esp_hid.dir/src/esp_hidd.c.obj

[1773/1865] Linking C static library esp-idf\esp_https_server\libesp_https_server.a

[1774/1865] Building C object esp-idf/json/CMakeFiles/__idf_json.dir/cJSON/cJSON.c.obj

[1775/1865] Building C object esp-idf/esp_hid/CMakeFiles/__idf_esp_hid.dir/src/esp_hidh.c.obj

[1776/1865] Building C object esp-idf/esp_driver_touch_sens/CMakeFiles/__idf_esp_driver_touch_sens.dir/common/touch_sens_common.c.obj

[1777/1865] Building C object esp-idf/esp_hid/CMakeFiles/__idf_esp_hid.dir/src/esp_hid_common.c.obj

[1778/1865] Linking C static library esp-idf\protocomm\libprotocomm.a

[1779/1865] Building C object esp-idf/esp_driver_cam/CMakeFiles/__idf_esp_driver_cam.dir/dvp/src/esp_cam_ctlr_dvp_cam.c.obj

[1780/1865] Building C object esp-idf/esp_local_ctrl/CMakeFiles/__idf_esp_local_ctrl.dir/src/esp_local_ctrl.c.obj

[1781/1865] Building C object esp-idf/esp_driver_touch_sens/CMakeFiles/__idf_esp_driver_touch_sens.dir/hw_ver2/touch_version_specific.c.obj

[1782/1865] Building C object esp-idf/esp_local_ctrl/CMakeFiles/__idf_esp_local_ctrl.dir/proto-c/esp_local_ctrl.pb-c.c.obj

[1783/1865] Linking C static library esp-idf\wear_levelling\libwear_levelling.a

[1784/1865] Building C object esp-idf/esp_local_ctrl/CMakeFiles/__idf_esp_local_ctrl.dir/src/esp_local_ctrl_handler.c.obj

[1785/1865] Building C object esp-idf/fatfs/CMakeFiles/__idf_fatfs.dir/diskio/diskio.c.obj

[1786/1865] Building C object esp-idf/esp_local_ctrl/CMakeFiles/__idf_esp_local_ctrl.dir/src/esp_local_ctrl_transport_httpd.c.obj

[1787/1865] Linking C static library esp-idf\lvgl_port\liblvgl_port.a

[1788/1865] Building C object esp-idf/fatfs/CMakeFiles/__idf_fatfs.dir/port/freertos/ffsystem.c.obj

[1789/1865] Building C object esp-idf/fatfs/CMakeFiles/__idf_fatfs.dir/src/ffunicode.c.obj

[1790/1865] Building C object esp-idf/fatfs/CMakeFiles/__idf_fatfs.dir/diskio/diskio_rawflash.c.obj

[1791/1865] Building C object esp-idf/fatfs/CMakeFiles/__idf_fatfs.dir/diskio/diskio_wl.c.obj

[1792/1865] Building C object esp-idf/fatfs/CMakeFiles/__idf_fatfs.dir/diskio/diskio_sdmmc.c.obj

[1793/1865] Linking C static library esp-idf\json\libjson.a

[1794/1865] Building C object esp-idf/perfmon/CMakeFiles/__idf_perfmon.dir/xtensa_perfmon_access.c.obj

[1795/1865] Building C object esp-idf/nvs_sec_provider/CMakeFiles/__idf_nvs_sec_provider.dir/nvs_sec_provider.c.obj

[1796/1865] Building C object esp-idf/mqtt/CMakeFiles/__idf_mqtt.dir/esp-mqtt/lib/platform_esp32_idf.c.obj

[1797/1865] Building C object esp-idf/fatfs/CMakeFiles/__idf_fatfs.dir/vfs/vfs_fat_spiflash.c.obj

[1798/1865] Linking C static library esp-idf\miplay\libmiplay.a

[1799/1865] Building C object esp-idf/mqtt/CMakeFiles/__idf_mqtt.dir/esp-mqtt/lib/mqtt_outbox.c.obj

[1800/1865] Building C object esp-idf/perfmon/CMakeFiles/__idf_perfmon.dir/xtensa_perfmon_apis.c.obj

[1801/1865] Building C object esp-idf/fatfs/CMakeFiles/__idf_fatfs.dir/vfs/vfs_fat_sdmmc.c.obj

[1802/1865] Building C object esp-idf/perfmon/CMakeFiles/__idf_perfmon.dir/xtensa_perfmon_masks.c.obj

[1803/1865] Building C object esp-idf/mqtt/CMakeFiles/__idf_mqtt.dir/esp-mqtt/lib/mqtt_msg.c.obj

[1804/1865] Generating ../../logo.png.S

[1805/1865] Building C object esp-idf/fatfs/CMakeFiles/__idf_fatfs.dir/vfs/vfs_fat.c.obj

[1806/1865] Building C object esp-idf/rt/CMakeFiles/__idf_rt.dir/FreeRTOS_POSIX_utils.c.obj

[1807/1865] Building C object esp-idf/spiffs/CMakeFiles/__idf_spiffs.dir/spiffs_api.c.obj

[1808/1865] Building C object esp-idf/rt/CMakeFiles/__idf_rt.dir/FreeRTOS_POSIX_mqueue.c.obj

[1809/1865] Building C object esp-idf/spiffs/CMakeFiles/__idf_spiffs.dir/spiffs/src/spiffs_cache.c.obj

[1810/1865] Building C object esp-idf/spiffs/CMakeFiles/__idf_spiffs.dir/spiffs/src/spiffs_check.c.obj

[1811/1865] Building C object esp-idf/fatfs/CMakeFiles/__idf_fatfs.dir/src/ff.c.obj

[1812/1865] Building C object esp-idf/mqtt/CMakeFiles/__idf_mqtt.dir/esp-mqtt/mqtt_client.c.obj

[1813/1865] Building C object esp-idf/spiffs/CMakeFiles/__idf_spiffs.dir/spiffs/src/spiffs_gc.c.obj

[1814/1865] Building C object esp-idf/spiffs/CMakeFiles/__idf_spiffs.dir/esp_spiffs.c.obj

[1815/1865] Building C object esp-idf/spiffs/CMakeFiles/__idf_spiffs.dir/spiffs/src/spiffs_hydrogen.c.obj

[1816/1865] Building C object esp-idf/touch_element/CMakeFiles/__idf_touch_element.dir/touch_button.c.obj

[1817/1865] Building C object esp-idf/touch_element/CMakeFiles/__idf_touch_element.dir/touch_element.c.obj

[1818/1865] Building C object esp-idf/touch_element/CMakeFiles/__idf_touch_element.dir/touch_slider.c.obj

[1819/1865] Building C object esp-idf/usb/CMakeFiles/__idf_usb.dir/hub.c.obj

[1820/1865] Building C object esp-idf/usb/CMakeFiles/__idf_usb.dir/usb_private.c.obj

[1821/1865] Building C object esp-idf/touch_element/CMakeFiles/__idf_touch_element.dir/touch_matrix.c.obj

[1822/1865] Building C object esp-idf/usb/CMakeFiles/__idf_usb.dir/enum.c.obj

[1823/1865] Building C object esp-idf/usb/CMakeFiles/__idf_usb.dir/usb_helpers.c.obj

[1824/1865] Building C object esp-idf/spiffs/CMakeFiles/__idf_spiffs.dir/spiffs/src/spiffs_nucleus.c.obj

[1825/1865] Building C object esp-idf/wifi_provisioning/CMakeFiles/__idf_wifi_provisioning.dir/src/wifi_config.c.obj

[1826/1865] Building C object esp-idf/wifi_provisioning/CMakeFiles/__idf_wifi_provisioning.dir/src/wifi_ctrl.c.obj

[1827/1865] Building C object esp-idf/wifi_provisioning/CMakeFiles/__idf_wifi_provisioning.dir/src/wifi_scan.c.obj

[1828/1865] Building C object esp-idf/usb/CMakeFiles/__idf_usb.dir/hcd_dwc.c.obj

[1829/1865] Building C object esp-idf/wifi_provisioning/CMakeFiles/__idf_wifi_provisioning.dir/proto-c/wifi_constants.pb-c.c.obj

[1830/1865] Building C object esp-idf/usb/CMakeFiles/__idf_usb.dir/usb_phy.c.obj

[1831/1865] Building C object esp-idf/wifi_provisioning/CMakeFiles/__idf_wifi_provisioning.dir/src/handlers.c.obj

[1832/1865] Building C object esp-idf/wifi_provisioning/CMakeFiles/__idf_wifi_provisioning.dir/proto-c/wifi_ctrl.pb-c.c.obj

[1833/1865] Building C object esp-idf/usb/CMakeFiles/__idf_usb.dir/usbh.c.obj

[1834/1865] Building C object esp-idf/wifi_provisioning/CMakeFiles/__idf_wifi_provisioning.dir/proto-c/wifi_config.pb-c.c.obj

[1835/1865] Building C object esp-idf/wifi_provisioning/CMakeFiles/__idf_wifi_provisioning.dir/src/scheme_console.c.obj

[1836/1865] Building C object esp-idf/wifi_provisioning/CMakeFiles/__idf_wifi_provisioning.dir/proto-c/wifi_scan.pb-c.c.obj

[1837/1865] Building C object esp-idf/wifi_provisioning/CMakeFiles/__idf_wifi_provisioning.dir/src/scheme_softap.c.obj

[1838/1865] Building C object esp-idf/usb/CMakeFiles/__idf_usb.dir/usb_host.c.obj

[1839/1865] Building ASM object esp-idf/main/CMakeFiles/__idf_main.dir/__/__/logo.png.S.obj

[1840/1865] Building C object esp-idf/wifi_provisioning/CMakeFiles/__idf_wifi_provisioning.dir/src/manager.c.obj

[1841/1865] Linking C static library esp-idf\app_trace\libapp_trace.a

[1842/1865] Linking C static library esp-idf\esp_hid\libesp_hid.a

[1843/1865] Linking C static library esp-idf\cmock\libcmock.a

[1844/1865] Linking C static library esp-idf\esp_driver_touch_sens\libesp_driver_touch_sens.a

[1845/1865] Linking C static library esp-idf\esp_local_ctrl\libesp_local_ctrl.a

[1846/1865] Linking C static library esp-idf\esp_driver_cam\libesp_driver_cam.a

[1847/1865] Linking C static library esp-idf\mqtt\libmqtt.a

[1848/1865] Linking C static library esp-idf\nvs_sec_provider\libnvs_sec_provider.a

[1849/1865] Linking C static library esp-idf\fatfs\libfatfs.a

[1850/1865] Linking C static library esp-idf\rt\librt.a

[1851/1865] Linking C static library esp-idf\perfmon\libperfmon.a

[1852/1865] Linking C static library esp-idf\spiffs\libspiffs.a

[1853/1865] Linking C static library esp-idf\touch_element\libtouch_element.a

[1854/1865] Linking C static library esp-idf\wifi_provisioning\libwifi_provisioning.a

[1855/1865] Linking C static library esp-idf\usb\libusb.a

[1856/1865] Building C object esp-idf/main/CMakeFiles/__idf_main.dir/dlna.c.obj

E:/ESP/esp-miply-1.85touch/esp_miplay-1.85c/main/dlna.c:626:18: warning: '_my_vol_get' defined but not used [-Wunused-function]

  626 | static esp_err_t _my_vol_get(void *handle, int *volume)

      |                  ^~~~~~~~~~~

[1857/1865] Linking C static library esp-idf\main\libmain.a

[1858/1865] Performing build step for 'bootloader'

[1/123] Building C object esp-idf/log/CMakeFiles/__idf_log.dir/src/noos/util.c.obj

[2/123] Building C object esp-idf/log/CMakeFiles/__idf_log.dir/src/util.c.obj

[3/123] Building C object esp-idf/log/CMakeFiles/__idf_log.dir/src/noos/log_lock.c.obj

[4/123] Building C object esp-idf/esp_rom/CMakeFiles/__idf_esp_rom.dir/patches/esp_rom_crc.c.obj

[5/123] Building C object esp-idf/log/CMakeFiles/__idf_log.dir/src/log_format_text.c.obj

[6/123] Building C object esp-idf/log/CMakeFiles/__idf_log.dir/src/noos/log_timestamp.c.obj

[7/123] Building C object esp-idf/log/CMakeFiles/__idf_log.dir/src/log.c.obj

[8/123] Building C object esp-idf/log/CMakeFiles/__idf_log.dir/src/log_print.c.obj

[9/123] Building C object esp-idf/esp_rom/CMakeFiles/__idf_esp_rom.dir/patches/esp_rom_uart.c.obj

[10/123] Building C object esp-idf/log/CMakeFiles/__idf_log.dir/src/log_timestamp_common.c.obj

[11/123] Building C object esp-idf/esp_rom/CMakeFiles/__idf_esp_rom.dir/patches/esp_rom_efuse.c.obj

[12/123] Building ASM object esp-idf/esp_rom/CMakeFiles/__idf_esp_rom.dir/patches/esp_rom_longjmp.S.obj

[13/123] Building C object esp-idf/log/CMakeFiles/__idf_log.dir/src/buffer/log_buffers.c.obj

[14/123] Building C object esp-idf/esp_rom/CMakeFiles/__idf_esp_rom.dir/patches/esp_rom_sys.c.obj

[15/123] Building C object esp-idf/esp_rom/CMakeFiles/__idf_esp_rom.dir/patches/esp_rom_gpio.c.obj

[16/123] Building C object esp-idf/esp_rom/CMakeFiles/__idf_esp_rom.dir/patches/esp_rom_spiflash.c.obj

[17/123] Building ASM object esp-idf/esp_rom/CMakeFiles/__idf_esp_rom.dir/patches/esp_rom_cache_writeback_esp32s3.S.obj

[18/123] Building C object esp-idf/esp_rom/CMakeFiles/__idf_esp_rom.dir/patches/esp_rom_print.c.obj

[19/123] Building C object esp-idf/esp_rom/CMakeFiles/__idf_esp_rom.dir/patches/esp_rom_systimer.c.obj

[20/123] Building C object esp-idf/esp_rom/CMakeFiles/__idf_esp_rom.dir/patches/esp_rom_cache_esp32s2_esp32s3.c.obj

[21/123] Building C object esp-idf/esp_rom/CMakeFiles/__idf_esp_rom.dir/patches/esp_rom_wdt.c.obj

[22/123] Linking C static library esp-idf\log\liblog.a

[23/123] Building C object esp-idf/esp_hw_support/CMakeFiles/__idf_esp_hw_support.dir/port/esp32s3/esp_cpu_intr.c.obj

[24/123] Building C object esp-idf/esp_hw_support/CMakeFiles/__idf_esp_hw_support.dir/port/esp32s3/cpu_region_protect.c.obj

[25/123] Building C object esp-idf/esp_common/CMakeFiles/__idf_esp_common.dir/src/esp_err_to_name.c.obj

[26/123] Building C object esp-idf/esp_hw_support/CMakeFiles/__idf_esp_hw_support.dir/esp_memory_utils.c.obj

[27/123] Building C object esp-idf/esp_hw_support/CMakeFiles/__idf_esp_hw_support.dir/port/esp32s3/chip_info.c.obj

[28/123] Building C object esp-idf/esp_hw_support/CMakeFiles/__idf_esp_hw_support.dir/cpu.c.obj

[29/123] Building C object esp-idf/esp_hw_support/CMakeFiles/__idf_esp_hw_support.dir/port/esp32s3/rtc_sleep.c.obj

[30/123] Building C object esp-idf/esp_hw_support/CMakeFiles/__idf_esp_hw_support.dir/port/esp32s3/rtc_clk_init.c.obj

[31/123] Building C object esp-idf/esp_system/CMakeFiles/__idf_esp_system.dir/esp_err.c.obj

[32/123] Building C object esp-idf/esp_hw_support/CMakeFiles/__idf_esp_hw_support.dir/port/esp32s3/rtc_init.c.obj

[33/123] Building C object esp-idf/efuse/CMakeFiles/__idf_efuse.dir/esp32s3/esp_efuse_fields.c.obj

[34/123] Building C object esp-idf/efuse/CMakeFiles/__idf_efuse.dir/esp32s3/esp_efuse_table.c.obj

[35/123] Building C object esp-idf/esp_hw_support/CMakeFiles/__idf_esp_hw_support.dir/port/esp32s3/rtc_time.c.obj

[36/123] Building C object esp-idf/efuse/CMakeFiles/__idf_efuse.dir/esp32s3/esp_efuse_rtc_calib.c.obj

[37/123] Building C object esp-idf/esp_hw_support/CMakeFiles/__idf_esp_hw_support.dir/port/esp32s3/rtc_clk.c.obj

[38/123] Linking C static library esp-idf\esp_rom\libesp_rom.a

[39/123] Building C object esp-idf/bootloader_support/CMakeFiles/__idf_bootloader_support.dir/src/bootloader_mem.c.obj

[40/123] Building C object esp-idf/efuse/CMakeFiles/__idf_efuse.dir/esp32s3/esp_efuse_utility.c.obj

[41/123] Building C object esp-idf/bootloader_support/CMakeFiles/__idf_bootloader_support.dir/src/bootloader_clock_init.c.obj

[42/123] Building C object esp-idf/efuse/CMakeFiles/__idf_efuse.dir/src/esp_efuse_fields.c.obj

[43/123] Building C object esp-idf/efuse/CMakeFiles/__idf_efuse.dir/src/esp_efuse_api.c.obj

[44/123] Building C object esp-idf/bootloader_support/CMakeFiles/__idf_bootloader_support.dir/src/bootloader_common.c.obj

[45/123] Building C object esp-idf/bootloader_support/CMakeFiles/__idf_bootloader_support.dir/src/bootloader_efuse.c.obj

[46/123] Building C object esp-idf/bootloader_support/CMakeFiles/__idf_bootloader_support.dir/src/bootloader_random.c.obj

[47/123] Building C object esp-idf/bootloader_support/CMakeFiles/__idf_bootloader_support.dir/src/bootloader_common_loader.c.obj

[48/123] Building C object esp-idf/efuse/CMakeFiles/__idf_efuse.dir/src/esp_efuse_utility.c.obj

[49/123] Building C object esp-idf/bootloader_support/CMakeFiles/__idf_bootloader_support.dir/src/secure_boot.c.obj

[50/123] Building C object esp-idf/bootloader_support/CMakeFiles/__idf_bootloader_support.dir/src/flash_encrypt.c.obj

[51/123] Building C object esp-idf/efuse/CMakeFiles/__idf_efuse.dir/src/efuse_controller/keys/with_key_purposes/esp_efuse_api_key.c.obj

[52/123] Building C object esp-idf/bootloader_support/CMakeFiles/__idf_bootloader_support.dir/src/bootloader_random_esp32s3.c.obj

[53/123] Building C object esp-idf/bootloader_support/CMakeFiles/__idf_bootloader_support.dir/src/bootloader_clock_loader.c.obj

[54/123] Linking C static library esp-idf\esp_common\libesp_common.a

[55/123] Building C object esp-idf/bootloader_support/CMakeFiles/__idf_bootloader_support.dir/src/flash_partitions.c.obj

[56/123] Building C object esp-idf/bootloader_support/CMakeFiles/__idf_bootloader_support.dir/bootloader_flash/src/flash_qio_mode.c.obj

[57/123] Building C object esp-idf/bootloader_support/CMakeFiles/__idf_bootloader_support.dir/src/bootloader_sha.c.obj

[58/123] Building C object esp-idf/bootloader_support/CMakeFiles/__idf_bootloader_support.dir/src/bootloader_console.c.obj

[59/123] Building C object esp-idf/bootloader_support/CMakeFiles/__idf_bootloader_support.dir/bootloader_flash/src/bootloader_flash_config_esp32s3.c.obj

[60/123] Building C object esp-idf/bootloader_support/CMakeFiles/__idf_bootloader_support.dir/src/bootloader_init.c.obj

[61/123] Building C object esp-idf/bootloader_support/CMakeFiles/__idf_bootloader_support.dir/src/bootloader_console_loader.c.obj

[62/123] Building C object esp-idf/bootloader_support/CMakeFiles/__idf_bootloader_support.dir/src/esp32s3/bootloader_soc.c.obj

[63/123] Building C object esp-idf/esp_bootloader_format/CMakeFiles/__idf_esp_bootloader_format.dir/esp_bootloader_desc.c.obj

[64/123] Building C object esp-idf/bootloader_support/CMakeFiles/__idf_bootloader_support.dir/bootloader_flash/src/bootloader_flash.c.obj

[65/123] Building C object esp-idf/bootloader_support/CMakeFiles/__idf_bootloader_support.dir/src/bootloader_panic.c.obj

[66/123] Building C object esp-idf/bootloader_support/CMakeFiles/__idf_bootloader_support.dir/src/esp_image_format.c.obj

[67/123] Building C object esp-idf/spi_flash/CMakeFiles/__idf_spi_flash.dir/spi_flash_wrap.c.obj

[68/123] Building C object esp-idf/bootloader_support/CMakeFiles/__idf_bootloader_support.dir/src/esp32s3/bootloader_esp32s3.c.obj

[69/123] Building C object esp-idf/bootloader_support/CMakeFiles/__idf_bootloader_support.dir/src/bootloader_utility.c.obj

[70/123] Building C object esp-idf/hal/CMakeFiles/__idf_hal.dir/efuse_hal.c.obj

[71/123] Building C object esp-idf/hal/CMakeFiles/__idf_hal.dir/mpu_hal.c.obj

[72/123] Building C object esp-idf/hal/CMakeFiles/__idf_hal.dir/esp32s3/efuse_hal.c.obj

[73/123] Building C object esp-idf/hal/CMakeFiles/__idf_hal.dir/hal_utils.c.obj

[74/123] Linking C static library esp-idf\esp_hw_support\libesp_hw_support.a

[75/123] Building C object esp-idf/soc/CMakeFiles/__idf_soc.dir/dport_access_common.c.obj

[76/123] Building C object esp-idf/soc/CMakeFiles/__idf_soc.dir/esp32s3/interrupts.c.obj

[77/123] Building C object esp-idf/soc/CMakeFiles/__idf_soc.dir/esp32s3/gdma_periph.c.obj

[78/123] Building C object esp-idf/soc/CMakeFiles/__idf_soc.dir/esp32s3/uart_periph.c.obj

[79/123] Building C object esp-idf/soc/CMakeFiles/__idf_soc.dir/esp32s3/spi_periph.c.obj

[80/123] Building C object esp-idf/soc/CMakeFiles/__idf_soc.dir/esp32s3/adc_periph.c.obj

[81/123] Building C object esp-idf/soc/CMakeFiles/__idf_soc.dir/esp32s3/gpio_periph.c.obj

[82/123] Building C object esp-idf/soc/CMakeFiles/__idf_soc.dir/esp32s3/dedic_gpio_periph.c.obj

[83/123] Building C object esp-idf/soc/CMakeFiles/__idf_soc.dir/esp32s3/ledc_periph.c.obj

[84/123] Building C object esp-idf/hal/CMakeFiles/__idf_hal.dir/mmu_hal.c.obj

[85/123] Building C object esp-idf/hal/CMakeFiles/__idf_hal.dir/cache_hal.c.obj

[86/123] Building C object esp-idf/soc/CMakeFiles/__idf_soc.dir/lldesc.c.obj

[87/123] Building C object esp-idf/soc/CMakeFiles/__idf_soc.dir/esp32s3/pcnt_periph.c.obj

[88/123] Linking C static library esp-idf\esp_system\libesp_system.a

[89/123] Building C object esp-idf/soc/CMakeFiles/__idf_soc.dir/esp32s3/rmt_periph.c.obj

[90/123] Building C object esp-idf/soc/CMakeFiles/__idf_soc.dir/esp32s3/sdm_periph.c.obj

[91/123] Building C object esp-idf/soc/CMakeFiles/__idf_soc.dir/esp32s3/i2s_periph.c.obj

[92/123] Building C object esp-idf/soc/CMakeFiles/__idf_soc.dir/esp32s3/lcd_periph.c.obj

[93/123] Building C object esp-idf/soc/CMakeFiles/__idf_soc.dir/esp32s3/temperature_sensor_periph.c.obj

[94/123] Building C object esp-idf/soc/CMakeFiles/__idf_soc.dir/esp32s3/sdmmc_periph.c.obj

[95/123] Building C object esp-idf/soc/CMakeFiles/__idf_soc.dir/esp32s3/touch_sensor_periph.c.obj

[96/123] Building C object esp-idf/soc/CMakeFiles/__idf_soc.dir/esp32s3/i2c_periph.c.obj

[97/123] Building C object esp-idf/soc/CMakeFiles/__idf_soc.dir/esp32s3/twai_periph.c.obj

[98/123] Building C object esp-idf/soc/CMakeFiles/__idf_soc.dir/esp32s3/mpi_periph.c.obj

[99/123] Building C object esp-idf/soc/CMakeFiles/__idf_soc.dir/esp32s3/timer_periph.c.obj

[100/123] Building C object esp-idf/soc/CMakeFiles/__idf_soc.dir/esp32s3/mcpwm_periph.c.obj

[101/123] Building C object esp-idf/soc/CMakeFiles/__idf_soc.dir/esp32s3/wdt_periph.c.obj

[102/123] Building C object esp-idf/soc/CMakeFiles/__idf_soc.dir/esp32s3/rtc_io_periph.c.obj

[103/123] Building C object esp-idf/soc/CMakeFiles/__idf_soc.dir/esp32s3/usb_dwc_periph.c.obj

[104/123] Building C object esp-idf/soc/CMakeFiles/__idf_soc.dir/esp32s3/cam_periph.c.obj

[105/123] Generating project_elf_src_esp32s3.c

[106/123] Building C object esp-idf/xtensa/CMakeFiles/__idf_xtensa.dir/eri.c.obj

[107/123] Building C object esp-idf/soc/CMakeFiles/__idf_soc.dir/esp32s3/power_supply_periph.c.obj

[108/123] Linking C static library esp-idf\efuse\libefuse.a

[109/123] Building C object esp-idf/xtensa/CMakeFiles/__idf_xtensa.dir/xt_trax.c.obj

[110/123] Building C object CMakeFiles/bootloader.elf.dir/project_elf_src_esp32s3.c.obj

[111/123] Building C object esp-idf/main/CMakeFiles/__idf_main.dir/bootloader_start.c.obj

[112/123] Building C object esp-idf/micro-ecc/CMakeFiles/__idf_micro-ecc.dir/uECC_verify_antifault.c.obj

[113/123] Linking C static library esp-idf\bootloader_support\libbootloader_support.a

[114/123] Linking C static library esp-idf\esp_bootloader_format\libesp_bootloader_format.a

[115/123] Linking C static library esp-idf\spi_flash\libspi_flash.a

[116/123] Linking C static library esp-idf\hal\libhal.a

[117/123] Linking C static library esp-idf\micro-ecc\libmicro-ecc.a

[118/123] Linking C static library esp-idf\soc\libsoc.a

[119/123] Linking C static library esp-idf\xtensa\libxtensa.a

[120/123] Linking C static library esp-idf\main\libmain.a

[121/123] Linking C executable bootloader.elf

[122/123] Generating binary image from built executable

esptool.py v4.12.dev3


Creating esp32s3 image...


Merged 2 ELF sections


Successfully created esp32s3 image.


Generated E:/ESP/esp-miply-1.85touch/esp_miplay-1.85c/build/bootloader/bootloader.bin

[123/123] C:\WINDOWS\system32\cmd.exe /C "cd /D E:\ESP\esp-miply-1.85touch\esp_miplay-1.85c\build\bootloader\esp-idf\esptool_py && E:\ESP\.espressif\tools\python_env\idf5.5_py3.14_env\Scripts\python.exe E:/ESP/.espressif/v5.5.4/esp-idf/components/partition_table/check_sizes.py --offset 0x8000 bootloader 0x0 E:/ESP/esp-miply-1.85touch/esp_miplay-1.85c/build/bootloader/bootloader.bin"


Bootloader binary size 0x5700 bytes. 0x2900 bytes (32%) free.



[1859/1865] No install step for 'bootloader'

[1860/1865] Completed 'bootloader'

[1861/1865] Generating esp-idf/esp_system/ld/sections.ld

[1862/1865] Building C object CMakeFiles/dlna.elf.dir/project_elf_src_esp32s3.c.obj

[1863/1865] Linking CXX executable dlna.elf

[1864/1865] Generating binary image from built executable

esptool.py v4.12.dev3


Creating esp32s3 image...


Merged 2 ELF sections


Successfully created esp32s3 image.


Generated E:/ESP/esp-miply-1.85touch/esp_miplay-1.85c/build/dlna.bin

[1865/1865] C:\WINDOWS\system32\cmd.exe /C "cd /D E:\ESP\esp-miply-1.85touch\esp_miplay-1.85c\build\esp-idf\esptool_py && E:\ESP\.espressif\tools\python_env\idf5.5_py3.14_env\Scripts\python.exe E:/ESP/.espressif/v5.5.4/esp-idf/components/partition_table/check_sizes.py --offset 0x8000 partition --type app E:/ESP/esp-miply-1.85touch/esp_miplay-1.85c/build/partition_table/partition-table.bin E:/ESP/esp-miply-1.85touch/esp_miplay-1.85c/build/dlna.bin"

dlna.bin binary size 0x76c7f0 bytes. Smallest app partition is 0x800000 bytes. 0x93810 bytes (7%) free.




Project build complete. To flash, run:
 idf.py flash
or
 idf.py -p PORT flash
or
 python -m esptool --chip esp32s3 -b 460800 --before default_reset --after hard_reset write_flash --flash_mode dio --flash_size 16MB --flash_freq 80m 0x0 build\bootloader\bootloader.bin 0x8000 build\partition_table\partition-table.bin 0x10000 build\dlna.bin
or from the "E:\ESP\esp-miply-1.85touch\esp_miplay-1.85c\build" directory
 python -m esptool --chip esp32s3 -b 460800 --before default_reset --after hard_reset write_flash "@flash_args"
